station_id,station_name,latitude,longitude,aspect_degree,aspect_x_slope,aspect,elevation,rough,slope,waterdist,hk_ndvi,water25,water50,water100,water200,water400,relelev60,relelev120,relelev240,relelev480,relelev960,urbanicity_gauss10,urbanicity_gauss50,urbanicity_gauss100,avars_annual_range,avars_dewp_mean,avars_humid_mean,avars_max_tmax,avars_min_tmin,avars_press_mean,avars_tmean_mean,avars_windsp_mean,biovars_t_1,biovars_t_2,biovars_t_3,biovars_t_4,biovars_t_5,biovars_t_6,biovars_t_7,biovars_t_8,biovars_t_9,biovars_t_10,biovars_t_12,biovars_t_13,biovars_t_14,biovars_t_15,biovars_t_16,biovars_t_17,biovars_t_18,biovars_t_19,tmin_12_Dec,humid_11_Nov,humid_2_Feb,tmin_5_May,humid_3_Mar,dewp_6_Jun,mtmax_10_Oct,dewp_11_Nov,mtmin_9_Sep,prec_3_Mar,tmean_9_Sep,windsp_2_Feb,tmin_6_Jun,press_4_Apr,mtmax_7_Jul,dewp_5_May,mtmin_8_Aug,tmean_8_Aug,windsp_11_Nov,prec_2_Feb,windsp_3_Mar,dewp_7_Jul,mtmax_5_May,press_1_Jan,tmean_12_Dec,prec_12_Dec,tmax_8_Aug,mtmin_12_Dec,tmin_7_Jul,mtmax_6_Jun,tmax_9_Sep,tmax_10_Oct,press_8_Aug,humid_7_Jul,tmean_4_Apr,mtmin_4_Apr,press_9_Sep,tmax_11_Nov,windsp_7_Jul,mtmax_2_Feb,prec_7_Jul,mtmax_3_Mar,tmax_1_Jan,prec_5_May,press_12_Dec,tmax_4_Apr,mtmax_11_Nov,dewp_2_Feb,dewp_10_Oct,dewp_3_Mar,humid_6_Jun,humid_10_Oct,windsp_5_May,tmin_3_Mar,prec_6_Jun,mtmin_1_Jan,tmean_1_Jan,windsp_10_Oct,tmin_2_Feb,windsp_6_Jun,humid_5_May,tmax_12_Dec,press_6_Jun,tmin_4_Apr,mtmin_10_Oct,tmax_3_Mar,tmean_10_Oct,mtmax_1_Jan,press_5_May,prec_10_Oct,dewp_4_Apr,tmax_2_Feb,humid_9_Sep,dewp_1_Jan,mtmax_4_Apr,press_7_Jul,humid_8_Aug,press_11_Nov,prec_8_Aug,windsp_9_Sep,tmean_2_Feb,mtmin_2_Feb,mtmax_12_Dec,tmin_10_Oct,tmean_3_Mar,mtmin_3_Mar,prec_9_Sep,tmin_1_Jan,windsp_8_Aug,dewp_9_Sep,humid_1_Jan,dewp_8_Aug,mtmin_5_May,tmean_5_May,windsp_12_Dec,humid_12_Dec,tmin_11_Nov,windsp_1_Jan,tmin_8_Aug,mtmin_6_Jun,tmean_6_Jun,tmax_7_Jul,tmin_9_Sep,prec_1_Jan,press_10_Oct,dewp_12_Dec,mtmin_11_Nov,tmax_5_May,press_3_Mar,prec_4_Apr,press_2_Feb,windsp_4_Apr,mtmax_9_Sep,mtmin_7_Jul,tmean_7_Jul,tmax_6_Jun,mtmax_8_Aug,tmean_11_Nov,prec_11_Nov,humid_4_Apr
1005,Hon Wah College,22.264817,114.249942,164.48614376969817,2.1368330403789457,0.1913935138476335,13.483839765712759,9.57905900798077,6.042631008089655,302.4043556778875,0.12353661,0.757699275362338,0.583347881508572,0.5350980803375825,0.6179597316717418,0.43990994551362306,4.887010109851916,7.233743380669314,9.074716305303522,10.785169109197806,11.483839765712759,45.826054,36.762154,25.375227,26.268658,19.161386,78.02066,35.374752,9.106093,1012.6197,23.389648,12.4095,23.74032,4.606777,26.159864,497.44757,31.926418,14.323549,17.602869,29.064077,17.253141,29.06416,1998.2079,396.08386,26.741394,81.54543,1028.1125,87.09509,1027.2681,87.09509,9.961183,73.15662,77.36311,20.250395,79.64994,24.95941,28.501852,16.713392,26.133701,71.12077,28.120907,13.1031065,23.545105,1012.8048,31.791372,23.15694,26.610662,28.891289,13.882409,27.674374,12.607242,25.473665,28.49785,1020.06995,17.91763,26.762993,35.36682,15.859138,24.025787,30.923885,34.293118,32.148464,1005.32043,83.27521,22.665644,20.842682,1008.4161,29.509756,10.796204,19.300508,310.3076,21.33321,24.60698,294.19504,1019.6551,30.442858,24.834497,13.041863,20.223555,15.340965,83.137146,72.17091,11.092695,12.096725,396.08386,14.323549,16.154142,14.296031,9.880361,10.683434,83.20976,26.117477,1005.8271,16.412378,24.012533,27.602358,25.817854,18.737421,1008.99115,95.054306,19.815592,25.629538,77.29905,11.08328,25.129854,1005.48175,82.37427,1016.6724,321.72113,12.296249,16.747293,14.737009,20.56123,20.356024,18.831894,16.97019,238.16158,9.106093,11.937454,23.517542,72.527054,25.278017,24.179157,26.088531,13.569719,68.48428,15.226902,13.13305,24.009,26.448769,28.347544,34.98757,23.662975,32.657738,1013.5273,11.332421,20.435858,32.625645,1016.24445,138.55038,1018.4257,11.516405,30.992983,26.689936,28.884266,34.191902,31.91984,22.208773,45.918224,83.60072
1006,Ho Koon Education Center,22.38384169,114.1079789,193.10145997041332,-11.966979871215974,-0.6536715441369924,132.95765927592265,27.934879191249433,18.798224175442908,1370.1529847273189,0.323442,1.0000000000000426,0.9900063734864288,0.9393418237395905,0.9041702526045685,0.7994779887662495,18.47645183819735,35.85988052820324,64.27324516517321,103.64477343056504,127.90917650100458,7.0187564,7.508147,8.855561,28.725918,18.156666,79.12605,34.727962,6.002041,1012.7608,22.384726,9.988105,22.820217,6.3109627,32.15964,488.4302,31.313112,11.69153,19.621584,27.236725,16.327951,28.025454,2222.7373,464.3386,30.525307,83.889435,1157.0059,105.77888,1046.8317,105.77888,6.3617535,73.165344,79.07081,18.8871,80.8122,24.49203,28.269487,15.597113,24.524755,73.05315,27.247637,9.686692,22.157597,1012.4084,31.231018,22.182657,25.102879,27.806631,9.843184,30.525307,11.286484,24.641779,28.461262,1020.0194,16.426975,33.490963,34.66981,13.19614,23.11986,30.187225,33.892807,31.690838,1005.209,83.05231,22.0227,19.465717,1008.7176,29.6342,10.356515,19.88896,351.66626,21.993074,25.053545,340.9716,1020.2555,30.163366,24.72197,11.511025,19.346678,14.647691,86.0647,74.24974,10.939231,9.520567,464.3386,11.69153,14.82058,10.144553,7.639114,10.298574,85.16206,26.309612,1005.99,14.3476,21.71426,28.006618,24.495813,18.90338,1009.1488,97.7121,18.633028,26.255865,80.28645,9.412518,25.345694,1005.6595,83.27768,1017.2992,334.4841,9.562288,16.081604,13.479028,20.808676,17.590775,18.475475,15.827914,264.55453,6.0718303,7.7555313,22.909042,73.484276,24.43603,22.897503,25.240368,9.600735,67.87763,12.06686,9.409372,22.925856,24.935534,27.247444,34.727936,22.098776,41.762608,1013.9906,10.070404,17.841099,32.06856,1015.803,149.80988,1018.6289,10.9741,30.584534,25.300482,27.93097,33.3784,31.313112,20.820503,40.368027,83.009544
1009,Baptist Wing Lung Secondary School,22.39879101,113.971028,157.91078882517743,-0.31157165383615976,0.06643750482860657,12.245687074789886,4.009720476639394,2.763430183216944,2025.640722102128,0.07461562,1.0000000000000426,1.000000000000135,0.9999520122266798,0.8358172835175314,0.5317552994745758,2.5733560538704876,4.402054596349072,6.27900628071928,8.385167158763773,9.877721782707265,74.53273,68.867256,57.136063,28.46605,18.386036,73.59165,35.76212,7.2960696,1012.6288,23.727043,9.0103035,24.191004,6.2977824,32.123264,493.98026,32.5978,12.993712,19.604088,29.384478,17.533197,29.384481,1903.8997,364.00192,33.206055,79.098076,947.4758,110.92735,947.255,110.92735,8.294173,69.73444,73.030594,20.415257,74.89364,24.526701,29.871946,15.458135,25.494122,68.41666,28.197546,7.618475,23.466267,1012.6025,32.548225,22.340929,26.442215,29.000826,6.4923086,33.206055,11.605216,24.783775,30.148947,1020.3336,17.824211,36.71582,35.76212,14.639076,24.238432,31.755829,34.92833,33.205868,1005.1041,78.61889,23.43679,20.86429,1008.565,31.192663,11.124619,21.184923,261.71335,23.502834,26.447006,287.5034,1019.9759,31.455362,26.032438,12.68424,19.564344,15.03406,79.50555,68.727325,11.306941,11.478253,364.00192,12.993712,16.054676,6.6818843,8.665862,11.035082,78.10134,27.690725,1005.6622,16.019129,23.235994,29.463913,26.056684,20.007671,1008.9576,65.20245,18.683197,27.616762,74.38214,9.513261,26.856441,1005.3584,78.03436,1017.101,321.7605,7.8505936,17.483534,14.923473,21.450323,19.273563,20.022253,17.331354,227.75035,7.2960696,8.755002,23.019709,66.70896,24.719183,24.29094,26.698,6.38951,64.499626,13.097285,7.075707,23.900005,26.272997,28.559973,35.364742,22.972189,41.00549,1013.7583,10.304898,19.327372,33.328094,1016.139,153.33473,1017.9882,12.188306,32.121365,26.68981,29.15685,34.633,32.5978,22.233196,43.289005,76.862976
1010,San Wui Commercial Society Secondary School,22.4082,113.96319,132.31476405374298,-6.711403898882111,-0.3761026335640265,48.21832249634242,16.37938165901213,11.108218018035608,2812.1177962474735,0.22096936,1.0000000000000426,1.000000000000135,0.9991557819668724,0.8046199393359209,0.4975046174427045,9.908573814165921,17.812228484045576,28.362581041471003,35.0303595843764,39.73274414760836,21.615236,19.889042,18.835363,28.888966,18.257732,75.37126,35.526424,6.63746,1012.6108,23.212484,9.965136,23.783844,6.798922,33.62819,493.8712,32.36972,12.153245,20.216473,28.959713,17.126898,28.962963,1875.9078,360.6262,34.29641,78.57331,928.3288,111.09325,910.3523,111.09325,7.4425135,70.515526,75.3782,19.837635,77.12079,24.531116,29.67375,15.331899,24.984291,69.069786,27.815556,8.42258,22.904776,1012.4537,32.258804,22.172506,25.834585,28.503456,7.358778,34.29641,12.755175,24.639765,30.002312,1020.1498,17.233889,36.8279,35.526424,13.834633,23.776035,31.523663,34.935886,33.031216,1005.1213,79.194084,22.927269,20.226265,1008.5391,31.078184,12.492578,21.117613,256.2051,23.443571,26.4155,281.6904,1020.0265,31.334896,25.826452,12.196795,19.42455,14.934763,81.578735,70.70839,12.463997,10.566496,360.6262,12.153245,15.452709,7.457002,8.143995,12.54795,80.31193,27.584265,1005.7358,15.235435,22.513245,29.405281,25.510315,19.85047,1008.9522,62.35268,18.57141,27.59175,77.01797,9.372871,26.774788,1005.4244,79.778656,1017.1475,311.49744,8.951945,16.960613,14.358447,21.446972,18.563768,19.539894,16.723507,225.35645,6.6685734,8.609464,23.145536,69.27021,24.578432,23.69567,26.175293,7.262891,65.0236,12.443157,7.840418,23.444075,25.680613,28.091919,35.204224,22.500439,39.96895,1013.837,10.1931505,18.517216,33.052113,1015.9522,153.7376,1017.9898,13.418857,31.911556,26.090893,28.695919,34.32551,32.36972,21.642984,44.278793,78.55707
1011,Pui Ching Middle School (Hong Kong),22.31746,114.17755,216.88405017671874,1.3231453175413546,0.15849438294680843,28.485943005413137,13.65900471920115,8.078314219194331,1505.9959378147605,0.10136975,1.0000000000000426,0.9979878138943344,0.7991044829345159,0.7853689756464535,0.6931562703959497,7.494294172246719,11.40901460642248,15.702692885370293,20.21540221360977,23.427513164648914,59.658775,56.796043,56.08403,27.78267,18.827646,77.140045,35.653736,7.871071,1012.6798,23.438341,8.994048,23.854706,5.455457,29.28491,494.383,32.276695,13.64841,18.628284,29.151403,17.327728,29.152618,2288.837,449.0345,30.255844,82.325424,1177.5974,101.51606,1168.4666,101.51606,8.716907,72.02293,76.819,20.145306,79.10204,24.813356,29.011875,16.192396,25.702744,71.86571,28.083956,8.62235,23.475254,1012.7464,32.073708,22.778048,26.528774,28.97385,8.580357,30.255844,10.517179,25.231682,29.07254,1020.2136,17.742445,33.11189,35.653736,15.069294,24.077766,31.10754,34.60954,32.4652,1005.2436,81.91725,22.882406,20.665838,1008.5408,30.19752,9.040825,20.192043,355.8309,22.231754,25.565577,340.69556,1019.8964,30.85652,25.39011,12.766577,19.986591,15.237885,82.94216,71.709724,9.909272,11.645029,449.0345,13.64841,16.090393,9.120822,9.036853,8.792621,82.552376,26.81927,1005.8629,16.16548,23.421928,28.551678,25.728268,19.405306,1009.0526,115.07765,19.373629,26.690027,76.89697,10.316015,25.832684,1005.4329,81.19315,1016.9409,372.7319,8.566891,16.94366,14.691844,20.959473,19.39915,19.210318,16.965412,284.7681,7.8774414,8.482375,23.27021,70.9832,25.02861,24.12907,26.218006,8.23328,67.35237,13.923478,8.296025,23.885786,26.30037,28.303162,35.207687,23.216879,38.14834,1013.6558,10.936783,19.778727,32.68158,1016.1714,148.34666,1018.4002,9.766574,31.435469,26.621313,28.951462,34.11715,32.276695,22.132177,48.96963,82.18928
1012,Ho Dao College (Sponsored by Sik Sik Yuen),22.43391857,113.9996687,222.18462299337503,0.8196903029856903,0.3399558002495758,15.681092236288247,3.691954460979179,2.415349537176993,3543.2751531225413,0.14571604,1.0000000000000426,1.000000000000135,1.0000000000004956,0.8908490116304627,0.6656009836559625,2.102325748747826,3.6944681266208965,6.029052248886471,9.19671660569321,11.30692613905399,50.775833,48.52528,46.55404,29.478,18.403715,75.031136,35.906654,6.4286575,1012.6645,23.449545,7.82936,23.995209,6.8243065,33.730324,497.3436,32.68405,12.452439,20.231611,29.232775,17.278086,29.232775,1907.45,363.25394,33.27545,79.54677,959.7944,107.3457,959.7944,107.3457,7.4541454,71.18764,74.018684,20.013266,75.765465,24.584,29.937431,15.597717,25.073385,66.826126,27.946331,6.821967,23.168219,1012.6248,32.62228,22.359884,26.07405,28.783424,5.990672,33.27545,9.866555,24.916248,30.183315,1020.5163,17.37052,35.08181,35.906654,13.97165,24.018415,31.74514,35.105267,33.346775,1005.1471,80.12106,23.254604,20.495466,1008.5266,31.300247,9.348126,21.332521,269.82144,23.62711,26.675785,283.1417,1020.0672,31.648619,26.060331,12.489571,19.639816,14.918925,80.9635,70.54102,9.6694355,10.853843,363.25394,12.452439,15.707832,6.1817164,7.9469514,9.226661,79.37806,27.862484,1005.6609,15.48925,22.688686,29.662079,25.71241,20.064476,1008.9402,69.0033,18.775084,27.888487,76.18636,9.364872,27.026276,1005.3022,79.787315,1017.1048,326.7189,6.8675485,17.20552,14.4073515,21.440079,18.659897,19.764757,16.92556,227.343,6.4286575,7.4088235,23.203346,68.41816,24.819407,23.931559,26.48065,5.9753366,65.821175,12.266892,6.4008255,23.721127,25.931845,28.35781,35.49817,22.54551,38.98843,1013.7061,10.175715,18.705435,33.333786,1016.183,151.85313,1018.1948,10.194661,32.16535,26.339262,28.966003,34.60165,32.68405,21.844694,42.142776,78.185196
1013,Tak Sun Secondary School,22.41019536,114.2219192,211.19324780075058,0.36934926472557156,0.11159328066857303,11.63646734227544,8.802833765278594,4.670385138621672,230.54743942627692,0.1318819,0.7592960990786362,0.8102133954865258,0.8309901827361177,0.7763562170392445,0.8372863591352984,4.587979882680771,6.288931689921886,7.886418084543214,9.5252948005558,9.636467342275438,43.767895,34.373333,25.49187,28.249855,18.731524,77.723015,35.6542,7.404347,1012.7199,23.226183,8.643575,23.482403,5.34186,28.263874,506.6593,32.09636,13.201754,18.894606,28.815046,16.813894,28.95077,2229.5151,459.441,28.821663,84.181206,1168.9775,101.12669,1166.931,101.12669,8.081758,73.49803,77.168396,19.845352,79.35201,24.676113,28.475613,16.243744,25.59356,68.81284,27.944637,9.028217,23.231752,1012.67847,32.094826,22.794136,26.221838,28.8126,9.933108,28.821663,7.9782495,25.101923,28.741774,1020.22565,17.309383,30.834997,35.533585,14.599761,23.993639,31.017635,34.177887,32.00433,1005.1755,82.030945,22.765411,20.544674,1008.52466,29.368824,7.4680204,19.582832,356.4093,21.598745,24.736765,342.55475,1019.9911,30.882107,24.749325,12.427638,19.878492,14.980252,82.52996,72.942245,7.829635,11.028507,459.441,13.201754,15.741472,10.357795,8.636189,6.9872894,82.24336,26.173868,1005.7697,15.606058,23.19307,28.059263,25.5342,18.763496,1009.00995,106.99789,19.359991,26.07841,77.58013,10.46894,25.389797,1005.513,81.291176,1017.0295,352.05945,8.947954,16.691975,14.180657,20.55487,19.18019,18.8918,16.622242,252.22237,7.411791,8.393905,23.25739,73.13627,24.957657,23.906849,26.126316,9.930601,68.78248,13.516939,9.285485,23.879744,26.008976,28.232874,35.621716,23.055525,41.47003,1013.7606,10.632002,19.303019,33.176586,1016.2543,146.74931,1018.7063,7.5826364,30.871174,26.361252,28.894636,34.584385,31.999882,21.768885,43.1415,82.1212
1016,T.W.G.Hs Chen Zao Men COLLEGE,22.36433919,114.1289216,177.50323430471616,-1.7931244735716827,-0.10120735405447878,56.62365970127671,59.11764053190987,24.512924091849897,1652.4055908556768,0.13502768,1.0000000000000426,0.9997001912047239,0.921850891493006,0.8554273749903932,0.7610715233927897,24.049913741951304,32.54429904817502,42.522811381726186,51.31752088547959,53.820690173444824,47.27699,51.665092,52.653088,28.355938,18.50854,76.6768,35.45851,7.102575,1012.7252,23.260357,8.853195,23.674807,5.7772717,30.483126,490.1203,32.063984,13.113753,18.950233,28.89581,17.163551,28.916868,2253.2087,452.8077,29.985252,83.36554,1162.5483,103.73954,1101.7452,103.73954,7.929707,71.85736,76.148384,19.922062,78.11496,24.615229,28.987474,15.903075,25.387718,70.892494,27.9063,8.220828,23.172092,1012.6292,31.896088,22.51544,26.197544,28.6843,8.2227955,29.985252,10.349942,24.974995,29.05355,1020.2312,17.467306,33.332066,35.45851,14.517515,23.911152,30.88229,34.430664,32.396988,1005.23,81.83821,22.814892,20.471235,1008.6586,30.283094,9.234489,20.3534,349.3859,22.416367,25.637772,347.03632,1020.0555,30.769884,25.4047,12.428625,19.685215,14.965245,83.07184,71.49321,10.010292,11.1355715,452.8077,13.113753,15.850659,8.716631,8.5990715,9.015831,82.14806,26.928988,1005.8543,15.744021,22.94425,28.592615,25.484674,19.452215,1009.0963,103.948006,18.968607,26.838552,76.706535,9.767949,25.863718,1005.4942,80.87549,1017.1137,360.35474,8.369986,16.906961,14.484632,21.059797,18.846403,19.248146,16.827438,273.097,7.281292,8.242805,23.009737,69.93448,24.772566,23.914045,26.084513,7.983675,66.90606,13.283231,7.9697905,23.656446,25.984787,28.061106,35.068996,22.900816,40.422222,1013.7912,10.495778,19.240965,32.558357,1016.0918,148.85773,1018.4575,9.901277,31.327715,26.350159,28.73405,33.949852,32.063984,21.881365,43.08925,81.027115
1017,Queen's College Old Boy's Association Secondary School,22.36134524,114.0994924,171.8107066064944,5.576534341676564,0.46089374980873643,31.91828414493251,16.792617572782614,11.565916689775644,286.5208467355758,0.1968773,0.7411974435279144,0.7361595888492861,0.7817664208236592,0.709480306545592,0.7156082645267359,10.897973840684887,18.447035829520104,26.227510208082414,29.48891874365655,29.91828414493251,38.644375,32.776386,27.064495,27.565845,18.769178,76.571236,35.180416,7.614573,1012.7421,23.37577,11.243421,23.693462,5.185582,28.512896,486.97513,31.806686,13.622522,18.184164,28.578485,17.221401,28.859947,2047.9843,426.2391,27.327496,84.29391,1072.937,94.48828,1042.7252,94.48828,8.779919,71.11284,76.17108,20.115047,78.06438,24.782661,28.749254,16.295082,25.568153,69.651375,27.851675,11.637119,23.282001,1012.8207,31.763643,22.85427,26.295399,28.753271,11.888344,27.327496,11.627148,25.052126,28.821808,1020.4116,17.727295,28.488224,35.09844,15.1819515,24.001316,30.752745,34.03204,32.10346,1005.1824,81.30805,22.902622,20.813168,1008.5719,29.822218,10.343312,19.953178,323.9596,22.06661,24.855736,318.046,1019.91455,30.37369,25.192533,12.89522,19.744455,15.138799,83.26974,71.00928,11.12343,11.334256,426.2391,13.622522,16.003946,12.395989,8.994022,10.22249,82.334785,26.461975,1005.7833,15.92369,23.546041,27.9667,25.715607,19.129738,1009.01794,91.78571,19.259502,26.046429,76.87487,10.4126625,25.52821,1005.59753,80.77922,1017.0165,319.8707,11.236738,17.056166,14.752075,20.68895,19.675667,19.20051,16.999891,229.03084,7.6182857,10.229639,23.252836,71.09201,24.851208,24.040949,26.176092,11.475093,66.12114,13.908865,11.4421425,23.913939,26.091614,28.158033,35.0939,23.020887,38.67256,1013.73865,10.691307,19.831705,32.599625,1016.3244,140.34329,1018.52625,11.299583,31.023525,26.464592,28.845083,34.015594,31.764862,22.118954,34.56933,80.71732
3000,Personal Weather Station at Sha Pa Village (Courtesy of Mr. Daniel Van Hoy),22.449627,114.135849,182.9924328012538,0.6166987603336628,0.29627462927017467,46.541869191322114,6.166019605498188,4.059918673335624,4328.140308429601,0.26606932,1.0000000000000426,1.000000000000135,1.0000000000004956,0.9876401525336355,0.941637292888171,3.8887328743913137,7.209688159403645,11.471121861290886,16.03285410038649,23.109646210762026,18.316643,15.324104,11.342541,30.907112,18.377586,78.24812,35.83379,4.9266768,1012.7938,22.767794,5.916155,23.296257,7.1551228,34.27982,504.417,32.397236,11.52634,20.870895,28.687056,16.551565,28.687056,2222.3232,450.78485,31.548183,83.71133,1165.7322,106.21015,1165.7322,106.21015,5.819761,73.25552,77.68215,19.071259,79.49757,24.631979,29.242144,15.759313,24.4413,67.00534,27.507359,6.2419243,22.469542,1012.6699,32.3893,22.371063,25.31517,28.323744,6.321905,31.548183,6.392097,24.905046,29.468437,1020.5582,16.498709,34.724792,35.815872,12.943325,23.474644,31.279797,34.993935,32.778244,1005.1876,82.156334,22.591703,19.713127,1008.5572,30.538912,5.53405,20.73998,358.23746,22.839716,26.200802,328.48224,1020.3094,31.492373,25.453688,11.886191,19.62401,14.702966,84.0024,73.64078,6.343242,9.485343,450.78485,11.52634,14.989965,6.698306,6.806264,5.0897765,83.17691,27.248306,1005.7554,14.391487,21.780043,29.271284,24.911081,19.625278,1008.992,98.87381,18.889284,27.516882,79.43338,9.530479,26.394812,1005.4024,82.566765,1017.2678,356.70984,5.5241838,16.35989,13.383204,21.091269,17.414223,18.8471,15.955355,262.4709,4.9266768,4.382513,23.31087,73.42127,24.78094,23.168,25.805403,6.26434,68.58245,10.924479,6.0961156,23.289364,25.18958,27.848112,35.805748,21.796507,39.937187,1013.8081,10.138903,17.657637,33.250057,1016.248,153.40326,1018.7707,6.1053996,31.56415,25.551268,28.508379,34.472683,32.397236,21.022087,40.145245,81.56201
3001,Personal Weather Station at Lei Cheng Uk (Courtesy of Oscar),22.337324,114.164241,202.0275665307859,-4.995718172118398,-0.41406578060308674,43.15829442631531,18.626463493447307,11.58204490944432,1938.6818875315269,0.13899866,1.0000000000000426,1.000000000000135,0.9549978604181643,0.7834438576233521,0.7338189409041617,11.431301932698318,20.27793917105458,29.855519577188407,35.74472962805014,38.05491343799211,52.514538,53.59902,53.48656,27.890087,18.650248,77.062225,35.66592,7.775837,1012.6464,23.366104,8.654939,23.792355,5.6542115,29.929874,493.5483,32.254414,13.363972,18.89044,29.07265,17.27231,29.07953,2315.2444,453.8294,30.6041,82.336624,1184.0348,105.13297,1150.4814,105.13297,8.306428,72.060005,76.78414,20.065025,78.96321,24.722729,29.035255,15.992289,25.642378,71.376625,28.102922,7.7213626,23.36526,1012.5498,32.00957,22.605808,26.418625,28.863947,7.6281185,30.6041,10.612211,25.114735,29.10003,1020.0236,17.624744,34.332195,35.66592,14.744255,24.012108,31.046532,34.624836,32.488014,1005.208,81.891045,22.81947,20.517046,1008.5924,30.308157,9.363128,20.293976,355.58618,22.32347,25.70552,351.13565,1019.9514,30.896532,25.431969,12.453369,19.857807,15.13238,83.09283,71.79539,10.174645,11.4575205,453.8294,13.363972,15.994057,8.154197,8.986443,9.133044,82.5381,26.931532,1005.8734,16.015532,23.141052,28.667091,25.620623,19.457676,1009.0799,113.335434,19.149029,26.866653,76.95408,9.968224,25.875092,1005.438,81.112885,1017.0076,374.6192,8.164873,16.902052,14.61127,21.162714,19.046206,19.2397,16.894163,290.59656,7.8337307,8.141748,23.12005,70.35935,24.91345,24.04578,26.141575,7.377828,67.26692,13.766897,7.411236,23.726582,26.185741,28.193129,35.146996,23.199675,40.19667,1013.722,10.773095,19.497677,32.619114,1015.9662,150.2135,1018.3439,9.97688,31.442812,26.521023,28.855913,34.0384,32.254414,22.035116,49.418835,81.928764
3002,Personal Weather Station at Tai O (Courtesy of Mr. Jacek Piwowarczyk),22.24686241,113.872879,154.49195683315511,-2.4810573842011516,-0.10598390057391109,93.54172250234748,37.41122999327357,24.067516026349345,823.0219026854946,0.28939688,1.0000000000000426,0.9764360484386231,0.7963965359146449,0.5161667051449226,0.2705255033658187,23.910594285274833,43.19873355978818,68.92061381924958,86.4792291809419,91.33745659815169,0.8530998,0.7216272,1.0958779,28.617687,18.689154,78.931435,34.50558,5.88789,1012.6496,22.541435,15.038395,23.108587,6.6530046,33.88135,479.0383,31.26,11.6276045,19.632397,28.059956,16.627615,28.063948,1850.7244,355.93756,32.31246,76.59716,902.4414,113.141975,886.7824,113.141975,6.66505,72.90693,81.50611,19.408752,83.206635,24.710375,28.960007,15.708853,24.271338,61.175514,27.0791,14.058038,22.324404,1012.7029,31.087997,22.172916,25.080606,27.72953,13.327415,32.31246,16.43188,24.684921,29.220997,1020.1319,16.667265,37.043983,34.327187,13.266144,23.095022,30.640413,34.455162,32.190826,1005.0322,80.709854,22.308723,19.651312,1008.5588,30.263428,18.269764,20.662994,255.527,22.812534,25.5219,261.3633,1019.9638,30.741156,25.233866,12.6179905,19.791985,15.583047,84.316925,74.49172,16.9373,9.382611,355.93756,11.6276045,14.843266,13.36754,7.508089,18.955935,83.53704,26.710737,1005.8337,14.442147,21.980278,28.594109,24.824114,19.248034,1008.8846,67.663925,19.173168,26.758913,80.40174,10.678047,26.20519,1005.5959,82.781,1017.1622,290.9769,14.093787,16.514557,14.004253,20.956669,18.022734,18.871851,16.12854,238.4718,5.9853187,11.544968,23.242384,74.47852,24.626558,23.085962,25.501234,12.59459,67.025665,11.703811,13.080819,22.797956,24.990074,27.337822,34.474518,21.45758,43.785534,1013.9063,11.279588,17.998287,32.624577,1016.1161,153.66693,1017.9065,17.798704,30.932375,25.30063,27.78406,33.463696,31.26,21.035694,52.799423,81.815025
3003,Personal Weather Station at Mui Wo (Courtesy of Mr. Jacek Piwowarczyk),22.264019,114.001671,123.21881952356212,9.006755812069365,0.49302618828735056,34.771461450670266,23.301624955968112,15.393125854140788,156.3171796982643,0.23455362,0.7226124536561557,0.767430964028933,0.7164761125787404,0.5952962952506445,0.35466604393395906,14.336034099946342,23.82619314097466,31.353595531825412,32.771461450670266,32.771461450670266,21.838377,15.398623,10.093787,27.221209,19.02252,77.75501,34.630093,7.408881,1012.7219,23.279675,14.140279,23.566145,5.1136622,28.54148,478.1108,31.371626,13.456842,17.914783,28.57777,17.17764,28.580484,1872.6793,381.28986,26.845804,82.71492,973.18555,93.97559,959.8967,93.97559,8.836937,72.09361,78.18192,20.232498,80.16665,24.94915,28.643805,16.33151,25.295843,61.844166,27.630077,14.522581,23.181911,1013.0181,31.354734,22.914246,26.069567,28.47473,14.308392,26.845804,15.071481,25.195217,28.748585,1020.4394,17.776196,28.774681,34.430614,15.163847,23.835613,30.555294,33.867786,31.927216,1005.0938,82.484695,22.859892,20.735987,1008.5796,29.621801,14.06198,19.933325,287.47238,22.048294,24.575792,280.62057,1019.74615,30.068172,25.054413,13.380293,19.966547,15.56143,84.306694,71.51674,14.448814,11.1125,381.28986,13.456842,15.917764,14.47596,8.832139,14.359625,83.29657,26.156633,1005.7853,15.834008,23.503746,27.70602,25.674131,19.019335,1008.9839,69.98143,19.434723,25.69245,78.28379,10.89943,25.449078,1005.6707,82.09971,1016.9421,304.42325,13.399171,17.09142,14.933874,20.558622,19.688536,19.266527,17.007195,212.89476,7.411712,12.082849,23.318583,72.00455,25.039143,23.973358,26.103462,13.738756,66.93721,13.630641,14.040707,23.709564,25.913242,27.934563,34.626675,22.590933,38.355114,1013.7752,11.279964,19.797335,32.54434,1016.4679,140.49261,1018.1606,15.173046,30.797344,26.260912,28.537918,33.68863,31.312876,22.089407,39.68461,81.687996
6001,The Hong Kong Polytechnic University (PolyU) ,22.3046,114.1796,176.45262511364828,-0.598695815272008,-0.06461210551937713,11.335924217892778,7.2498660967660316,4.253739357432876,643.8931563918438,0.08673831,0.9727196721311874,0.8142976163161969,0.6654688232298065,0.7820988416613757,0.6561698823777778,3.6239821883256287,5.042943237576654,6.63505656660265,8.25660937438265,9.314269381693046,61.99479,61.616276,58.03881,27.024963,18.991894,77.0492,35.497715,8.47275,1012.6471,23.544006,9.893561,23.90761,5.0946507,28.084663,493.6286,32.156303,14.020924,18.13538,29.177143,17.41235,29.177935,2212.2905,439.6924,28.847195,82.769684,1150.6832,95.92425,1137.1986,95.92425,9.229815,71.78047,76.61385,20.25233,78.93589,24.902458,28.877525,16.461092,26.04693,71.6459,28.257557,10.388622,23.58803,1012.6683,32.065876,23.004074,26.630938,29.0729,10.5309515,28.847195,10.558211,25.33441,28.934246,1020.104,17.886715,30.541706,35.497677,15.500628,24.161423,31.069988,34.404964,32.316193,1005.2604,81.84026,22.976528,20.901922,1008.4964,29.918312,8.85084,19.955156,352.31247,22.01676,25.1505,325.47086,1019.8421,30.67417,25.2559,12.786202,20.084284,15.332803,82.76419,71.39454,9.788665,11.832208,439.6924,14.020924,16.20694,11.0921955,9.597948,8.5961,82.43004,26.546225,1005.8334,16.319586,23.804766,28.219631,25.863943,19.226126,1009.0187,113.45995,19.626312,26.260843,76.68676,10.76025,25.656342,1005.4654,81.14229,1016.8838,358.67825,9.652993,17.032118,14.809319,20.961943,19.887938,19.178175,17.076628,266.17514,8.47275,9.37298,23.407553,71.66833,25.127708,24.233921,26.317606,10.064455,67.21535,14.656481,10.092281,24.099314,26.411625,28.416744,35.269978,23.601141,36.53535,1013.5969,11.075587,20.15694,32.741005,1016.0788,143.93503,1018.5172,9.734435,31.283794,26.728872,29.055374,34.20032,32.155567,22.263475,44.99626,82.118484
6002,Hong Kong Sea School,22.21835718,114.214232,152.573734093928,1.1097661115246726,0.08665886396771436,23.46646233909888,14.944507327309783,9.725323650386338,128.1693950826151,0.16489802,0.634358461339881,0.5678856586521237,0.4378489757360241,0.4130367195591838,0.3420288723936801,9.316097081795073,15.523590865368785,21.013213055682264,21.46646233909888,21.46646233909888,35.779488,26.959795,19.180216,25.404722,19.251757,78.38728,34.68555,9.280828,1012.5797,23.329096,14.4862,23.624678,4.3634486,25.618471,487.93967,31.439905,14.4096,17.030302,28.817318,17.24803,28.8183,1840.0331,359.25552,23.813534,81.73763,948.4542,81.74942,941.3948,81.74942,10.1543,72.876114,77.63752,20.352425,79.93299,25.072763,28.292103,16.775764,26.068443,64.67586,27.989807,15.077305,23.482267,1012.7861,31.380114,23.228552,26.492064,28.629225,15.744368,24.040344,15.261265,25.585056,28.249056,1019.9918,17.983986,24.277039,34.67882,15.963593,23.945036,30.62825,33.84563,31.89647,1005.2393,84.240814,22.620811,20.855064,1008.4311,29.240456,13.042701,19.140144,284.7586,21.196463,24.1551,267.7173,1019.5764,30.036535,24.687521,13.136239,20.25588,15.510455,84.311775,72.0185,13.359419,12.0620575,359.25552,14.4096,16.198381,16.20576,10.010126,13.183173,84.07732,25.806911,1005.8481,16.406757,24.00143,27.147366,25.765236,18.603985,1008.98254,77.67173,19.918774,25.168795,77.73513,11.172915,24.932768,1005.50806,83.481186,1016.61304,304.44003,13.951648,16.779322,14.852803,20.51805,20.511082,18.882353,17.03694,225.2744,9.286742,13.776672,23.43628,72.16183,25.364033,24.161043,25.98907,15.279641,68.30825,15.408513,14.887057,23.874447,26.379354,28.200802,34.401302,23.543184,33.432037,1013.5017,11.564368,20.493275,32.300846,1016.16583,132.82948,1018.3133,14.065392,30.626009,26.601795,28.673193,33.892582,31.422329,22.236963,41.6609,83.86594
6003,Po Leung Kuk Wu Chung College,22.41633979,114.2271951,208.8524636655447,2.065568481439735,0.15358918205477945,13.0363763747926,7.7448659417316055,4.563169478097577,454.53405037772245,0.14641848,0.848200000000028,0.7122237348630074,0.7390188996435557,0.7341294631834219,0.839448870712214,3.44575740576689,5.3351576885365315,7.327713110109686,9.01752681521694,11.036376374792601,49.688244,41.93154,31.163637,28.138788,18.754957,77.62529,35.720074,7.5812874,1012.7468,23.26249,9.077613,23.627268,5.420138,28.7671,504.2322,32.19893,13.366075,18.832853,29.05066,16.979055,29.05066,2215.0237,454.162,29.72437,84.62569,1169.057,98.01722,1169.057,98.01722,8.2985,73.74136,76.91736,19.948883,79.09486,24.62711,28.684082,16.272758,25.659452,68.59799,27.919607,9.350985,23.299295,1012.7357,32.15926,22.8049,26.304388,28.819574,10.341455,29.759018,8.365668,25.088915,28.9316,1020.2642,17.387306,30.340475,35.711803,14.758625,24.03503,31.14785,34.3958,32.211376,1005.34,82.184265,22.795383,20.642061,1008.5434,29.6483,7.9093986,19.846521,351.635,21.846975,25.128971,339.62714,1019.966,31.090965,24.934183,12.555083,19.864523,14.993507,82.30759,72.930916,8.216786,11.190699,454.162,13.366075,15.817544,10.7556925,8.7521925,7.4561133,81.97116,26.454487,1005.7692,15.727578,23.322668,28.384472,25.588358,18.976229,1009.0219,103.88538,19.372688,26.470612,77.378525,10.511402,25.608738,1005.5322,81.235214,1017.0128,363.2599,9.481122,16.754826,14.275489,20.651405,19.34531,18.93326,16.716646,246.83015,7.5812874,9.088605,23.357803,72.78321,24.9485,23.981833,26.151934,10.320428,68.97578,13.70555,9.634812,23.921343,26.08052,28.242506,35.50355,23.107895,37.917717,1013.7709,10.662298,19.464071,33.147564,1016.3257,146.11935,1018.6801,8.010291,31.083832,26.434566,28.896494,34.555077,32.17738,21.843077,42.88932,81.983284
6004,Ho Dao College (Sponsored by Sik Sik Yuen),22.43391857,113.9996687,222.18462299337503,0.8196903029856903,0.3399558002495758,15.681092236288247,3.691954460979179,2.415349537176993,3543.2751531225413,0.14571604,1.0000000000000426,1.000000000000135,1.0000000000004956,0.8908490116304627,0.6656009836559625,2.102325748747826,3.6944681266208965,6.029052248886471,9.19671660569321,11.30692613905399,50.775833,48.52528,46.55404,29.478,18.403715,75.031136,35.906654,6.4286575,1012.6645,23.449545,7.82936,23.995209,6.8243065,33.730324,497.3436,32.68405,12.452439,20.231611,29.232775,17.278086,29.232775,1907.45,363.25394,33.27545,79.54677,959.7944,107.3457,959.7944,107.3457,7.4541454,71.18764,74.018684,20.013266,75.765465,24.584,29.937431,15.597717,25.073385,66.826126,27.946331,6.821967,23.168219,1012.6248,32.62228,22.359884,26.07405,28.783424,5.990672,33.27545,9.866555,24.916248,30.183315,1020.5163,17.37052,35.08181,35.906654,13.97165,24.018415,31.74514,35.105267,33.346775,1005.1471,80.12106,23.254604,20.495466,1008.5266,31.300247,9.348126,21.332521,269.82144,23.62711,26.675785,283.1417,1020.0672,31.648619,26.060331,12.489571,19.639816,14.918925,80.9635,70.54102,9.6694355,10.853843,363.25394,12.452439,15.707832,6.1817164,7.9469514,9.226661,79.37806,27.862484,1005.6609,15.48925,22.688686,29.662079,25.71241,20.064476,1008.9402,69.0033,18.775084,27.888487,76.18636,9.364872,27.026276,1005.3022,79.787315,1017.1048,326.7189,6.8675485,17.20552,14.4073515,21.440079,18.659897,19.764757,16.92556,227.343,6.4286575,7.4088235,23.203346,68.41816,24.819407,23.931559,26.48065,5.9753366,65.821175,12.266892,6.4008255,23.721127,25.931845,28.35781,35.49817,22.54551,38.98843,1013.7061,10.175715,18.705435,33.333786,1016.183,151.85313,1018.1948,10.194661,32.16535,26.339262,28.966003,34.60165,32.68405,21.844694,42.142776,78.185196
6005,Pui Ying Secondary School,22.25320499,114.1353241,218.34377838519268,-5.030384351327146,-0.3873501446835688,52.272498010965506,18.868868731198095,12.09074895546449,278.15899910557147,0.1610356,0.7137193376326092,0.5510495163648507,0.5203849337747063,0.39979262248460695,0.3690821862663429,12.504223166754342,22.661993827488043,36.19146165384148,48.13249349781516,50.272498010965506,38.075577,29.454939,20.079472,25.23216,19.081749,78.40708,34.424862,9.1927,1012.6104,23.2379,14.854179,23.593857,4.540024,26.567915,476.2117,31.265482,14.180378,17.085104,28.603584,17.331003,28.630379,1953.5216,387.1873,25.665516,83.32428,1023.9721,85.08732,903.4367,85.08732,9.842743,72.49565,77.8057,20.231031,80.03334,24.932823,28.284073,16.604755,26.032862,67.3548,27.89517,15.116726,23.337378,1012.60675,31.150671,23.09664,26.311213,28.460808,15.554865,25.866627,15.99595,25.359722,28.300272,1019.8279,17.888266,25.845224,34.401463,15.793238,23.865593,30.336103,33.63835,31.64606,1005.35693,83.995735,22.61337,20.819458,1008.57733,29.25545,13.787156,19.515844,313.13196,21.583124,24.31737,292.9957,1019.6534,29.798222,24.756975,12.874803,19.980888,15.5062685,85.1486,72.2194,14.606377,11.784091,387.1873,14.180378,16.096794,15.921318,10.191657,14.099607,84.429565,25.895779,1005.91473,16.241886,23.83434,27.335785,25.60116,18.77194,1009.0664,85.37481,19.726503,25.389254,78.34138,11.008112,25.064774,1005.6566,83.30928,1016.77124,323.65286,14.613013,16.898209,14.927073,20.797543,20.22374,18.973085,17.045334,224.53258,9.221241,13.744574,23.385853,71.989494,25.108114,24.027359,25.894323,14.877709,67.68549,15.517786,14.762096,23.827608,26.123018,27.889523,34.164284,23.63399,33.375473,1013.66174,11.396514,20.34664,31.913761,1015.93774,134.11346,1018.2944,15.170766,30.549822,26.445227,28.492228,33.35325,31.255281,22.151873,40.090866,83.43133
6006,Fanling Public School,22.49675999,114.1375852,177.5378078256397,-0.05367598359636713,0.005872859627120494,15.118812060137714,2.8100761675643775,1.8573878249538034,6739.8040885585115,0.15515801,1.0000000000000426,1.000000000000135,1.0000000000004956,0.9999999999992115,0.9527346459371038,1.599095661050615,2.448985820292828,3.4747544613528705,4.825310357937132,10.300433049366907,46.374752,44.925426,40.324574,30.879732,18.414597,77.221634,36.196087,5.316351,1012.7798,23.101362,5.135293,23.657612,7.1882358,34.357338,508.17,32.822758,11.901055,20.9217,29.068096,16.845743,29.068096,2133.3174,420.2852,31.514063,83.273155,1130.5435,103.17926,1130.5435,103.17926,5.9650693,73.7876,75.75035,19.46669,77.62457,24.516237,29.708431,15.837063,24.842083,62.743286,27.827644,5.53769,22.833593,1012.6514,32.822758,22.431759,25.676252,28.634682,5.209507,31.514063,5.5916095,24.987343,29.880266,1020.5928,16.718481,33.05554,36.196087,13.119985,23.767418,31.699219,35.298874,33.3141,1005.2951,82.1864,23.008207,20.124578,1008.5622,31.002375,4.624489,21.089285,346.5468,23.175362,26.686296,304.4064,1020.2946,31.926628,25.783697,12.0028925,19.681149,14.713449,82.46051,72.94639,5.577925,9.872068,420.2852,11.901055,15.291226,5.5353246,7.170704,4.1774735,81.1433,27.745588,1005.6696,14.821394,22.142895,29.749178,25.269669,19.883085,1008.9812,95.247925,18.966955,27.996506,78.18911,9.5094795,26.799587,1005.3415,82.0379,1017.2086,363.7114,4.8489237,16.750198,13.677512,21.403534,17.690306,19.21706,16.328648,245.1324,5.316351,4.6383123,23.335526,71.50485,24.921944,23.514906,26.195257,5.2160273,68.86296,11.278504,5.2503266,23.60047,25.520382,28.156788,36.02201,22.152452,38.60967,1013.7536,10.071385,18.021631,33.72564,1016.2728,151.90448,1018.7336,5.415908,31.977543,25.891987,28.79617,34.896152,32.797974,21.350962,40.160343,80.16559
6007,Elegantia College,22.4929288,114.1242787,169.59660004527186,0.3181630286637148,0.15585227215160413,16.022211948411616,4.125413573792256,2.619899168029191,7476.693293984872,0.23814231,1.0000000000000426,1.000000000000135,1.0000000000004956,0.9999999999992115,0.9610087669361005,2.170566826703268,3.4044441552791542,5.229476950336564,7.354412963169683,10.288805280049807,20.592295,19.614159,18.732794,31.493015,18.427147,77.94719,36.211544,4.718526,1012.7687,22.908268,5.0645924,23.514193,7.561325,35.33705,509.3585,32.840664,11.444086,21.396578,28.930063,16.680012,28.930063,2106.1675,417.95474,31.638426,83.04932,1112.6284,102.64871,1112.6284,102.64871,5.5301194,73.59816,76.883125,19.170074,78.68856,24.647264,29.760153,15.838964,24.509762,62.97906,27.664803,5.651096,22.575806,1012.6588,32.840664,22.434566,25.367487,28.4753,5.304264,31.638426,5.516957,24.994013,29.93097,1020.6368,16.476353,32.9833,36.203674,12.729644,23.57857,31.708088,35.472385,33.365204,1005.2218,82.08563,22.819244,19.819271,1008.4916,31.077782,4.543457,21.150537,342.85754,23.254484,26.7483,300.817,1020.3016,31.939693,25.834581,11.8857355,19.68283,14.708356,83.52481,73.57507,5.4960546,9.37535,417.95474,11.444086,15.017933,5.6166134,6.725593,4.108639,82.31389,27.802402,1005.6604,14.404541,21.806871,29.796244,25.075079,19.93151,1008.9318,94.00582,18.961222,28.053957,79.44934,9.503422,26.861416,1005.3381,82.71064,1017.2107,351.816,4.757416,16.525845,13.40205,21.42225,17.359602,19.018562,16.024063,242.3232,4.718526,3.766114,23.49796,73.02951,24.918217,23.237793,26.017569,5.3104706,68.66763,10.714892,5.358985,23.431189,25.242693,28.021946,36.171608,21.814625,38.02699,1013.7388,10.053212,17.609241,33.72573,1016.2794,151.40903,1018.7546,5.345047,32.031563,25.609396,28.676844,34.883015,32.812042,21.10976,39.356556,80.83981
6008,Sha Tau Kok Central Primary School,22.54661,114.22338,163.96139561081867,-1.0158459543219271,-0.2162430878488515,7.051768322156742,3.475997145652654,2.3327770961994068,308.54534526866126,0.18671252,0.8114619827472481,0.6736209626020515,0.7760975989271237,0.8466870228638542,0.7956442337274221,2.1513738864200613,3.03901276523126,3.9346413297961673,4.832838380612811,5.051768322156742,38.210457,31.292639,20.012829,28.76974,18.550728,78.24123,35.625343,6.855601,1012.75433,23.21944,7.360138,23.51918,5.7084527,29.371725,508.74384,32.319633,12.893375,19.426262,28.992836,16.753647,28.992836,1964.7175,390.10114,27.270893,82.48126,1034.3124,97.39586,1034.3124,97.39586,7.374499,75.81131,76.083046,19.898481,78.17795,24.3604,28.784843,16.216026,25.50128,61.279137,27.846434,7.870589,23.139023,1012.66815,32.319633,22.690567,26.183346,28.764456,7.7808475,27.292135,6.936632,24.957685,28.973093,1020.2956,17.002087,28.181757,35.434658,13.984086,24.020788,31.21369,34.06579,32.349537,1005.34106,83.46788,23.00564,20.635904,1008.54205,29.674934,6.1088934,19.947794,321.30338,21.984184,24.974905,288.617,1020.0855,30.962147,24.891287,12.174527,19.629494,14.764257,82.72155,74.362114,6.9764295,10.569295,390.10114,12.893375,15.617221,8.076215,8.374456,5.819009,81.57399,26.501165,1005.71814,15.561946,23.056376,28.28331,25.54754,18.892925,1008.9961,91.59844,19.264038,26.257786,79.11824,10.143446,25.75509,1005.5288,83.0865,1017.05554,322.90784,8.942865,16.844013,14.101111,20.702581,18.804495,19.105532,16.686949,207.87651,6.858393,7.4999433,23.289118,72.786934,24.937366,23.7906,26.135923,7.7129173,70.416374,12.982772,7.6371007,24.01129,25.861963,28.194798,35.62116,22.81271,41.92197,1013.83795,10.1818075,19.009926,33.4561,1016.31323,147.06442,1018.67,6.960213,30.911901,26.274529,28.833475,34.83214,32.10385,21.736172,36.573795,81.288826
6009,Sing Yin Secondary School,22.30888241,114.2380527,251.41419547791224,0.6414720963150589,-0.0019926582903455684,116.77083069431035,21.36732555711692,13.937071089437046,1214.4678647843857,0.14194453,1.0000000000000426,0.9860796940727882,0.7671139072849579,0.7661637404361796,0.6328633676625894,14.31012018220934,27.106778866538896,49.47921070684328,83.31742533942365,110.824974217588,38.899414,34.489376,31.027712,27.467,18.53848,79.2158,34.991673,7.5246744,1012.8214,22.699656,11.196533,23.097084,5.14294,28.022938,496.37094,31.491419,13.140195,18.351221,28.456703,16.582859,28.458591,2293.2102,460.3473,32.317646,82.065636,1181.9044,101.76858,1170.8494,101.76858,8.228362,74.82714,78.737686,19.494965,80.91821,24.457771,27.983812,15.972717,25.170486,76.379265,27.381237,10.869375,22.870216,1012.9035,31.243063,22.4623,25.952196,28.283756,11.355273,32.420803,12.231279,24.947598,28.144043,1020.2518,17.02028,32.684536,34.991673,14.531817,23.485155,30.31838,33.894882,31.620813,1005.4534,84.1955,22.108793,20.02433,1008.6934,29.2855,11.118881,19.23504,354.87476,21.230267,24.762405,336.6651,1019.9849,30.194813,24.376913,12.459194,19.720095,14.857821,84.37639,74.26494,11.323623,11.000672,460.3473,13.140195,15.406478,11.597154,8.486987,11.059579,84.22544,25.93717,1006.0582,15.48683,22.774254,27.678352,24.920216,18.48622,1009.2199,113.26901,19.12083,25.864843,78.82133,10.107398,24.897886,1005.6214,83.07064,1017.0006,366.6823,10.874179,16.21014,14.008782,20.0951,18.821112,18.421406,16.29096,280.40457,7.555472,10.594521,22.960775,72.87993,24.748116,23.49061,25.4748,11.179929,69.67188,13.531047,10.7516985,23.34932,25.73667,27.616375,34.509747,22.70248,36.66323,1013.849,10.647165,19.188576,32.091465,1016.311,149.40646,1018.5104,11.402909,30.520512,25.9985,28.211647,33.510864,31.491419,21.34074,53.412937,84.60044
6010,Kowloon Bay St. John The Baptist Catholic Primary School,22.32805028,114.2118126,191.7058845516542,-2.1370499514346535,-0.15250548289211888,17.262507871685205,10.015900652568066,6.164686527746648,1255.5243637320855,0.100615725,1.0000000000000426,0.9764900956024216,0.8684081507899304,0.8811335185605974,0.7380515447210243,5.421202217115041,8.328586195127814,11.790577368059768,15.157955615772204,15.262507871685207,65.338425,65.614655,62.73505,28.14407,18.778128,77.22128,35.93333,7.789262,1012.6599,23.423697,7.5977125,23.802013,5.5463295,29.283766,503.4311,32.432537,13.49367,18.93887,29.231855,17.185543,29.233782,2335.0928,461.2404,31.164587,82.1108,1199.3156,104.17721,1187.8604,104.17721,8.404646,72.55791,76.70792,20.004988,79.03656,24.796387,28.968607,16.157766,25.755344,72.25912,28.22075,7.611279,23.469778,1012.6328,32.296783,22.77234,26.51094,29.08231,7.711909,31.164587,8.45426,25.268972,29.057997,1020.1298,17.585888,33.816784,35.93333,14.855406,24.101318,31.254816,34.7194,32.525593,1005.2086,82.03115,22.8771,20.584026,1008.5154,30.159319,7.222339,20.028152,364.1002,22.053202,25.548515,346.9221,1019.9462,31.046776,25.3031,12.475478,20.03729,15.084072,82.45345,71.95314,7.9691463,11.506427,461.2404,13.49367,15.997634,8.219687,8.910194,6.7744455,82.22161,26.787746,1005.8364,16.036821,23.310312,28.56878,25.6875,19.30854,1009.0494,121.88967,19.361244,26.715275,76.765816,10.271112,25.762236,1005.3859,81.055786,1016.9566,373.9749,7.172807,16.822529,14.4522,20.975288,19.203125,19.095568,16.816687,289.1517,7.8270717,7.3170834,23.248043,71.532,25.083332,24.08069,26.258924,7.580803,67.95226,13.783962,7.4801283,23.921783,26.30271,28.403591,35.61381,23.296629,39.19584,1013.639,10.781488,19.590828,33.037365,1016.09,150.51932,1018.528,7.6586633,31.46085,26.593344,29.039825,34.472347,32.432537,22.012743,50.85822,82.38779
6011,FDBWA Szeto Ho Secondary School,22.306413,114.235116,216.31898336181314,-1.3511433300391569,-0.09388119002666809,69.77295238795358,18.67680450613734,11.735527281775186,864.5018403865965,0.14494416,0.9980360655738129,0.9085885022308243,0.7356250636781922,0.7824097953198925,0.6300823945140812,12.50857556557316,24.1629733143898,41.5118647875036,60.15124741274547,67.03732364670857,38.635433,39.716488,38.96895,27.335062,18.725986,78.51694,35.309513,7.974453,1012.728,23.01899,10.410605,23.399439,5.129197,27.9463,498.7418,31.817575,13.464743,18.352835,28.773882,16.865757,28.777472,2255.132,450.4869,31.362919,81.938156,1161.2068,99.63052,1146.6378,99.63052,8.616943,73.92441,78.01063,19.755215,80.25545,24.647604,28.317194,16.182728,25.556812,74.996346,27.77805,10.439679,23.156878,1012.7648,31.628181,22.692259,26.223326,28.619621,10.878223,31.385988,11.145867,25.13222,28.432056,1020.1264,17.332909,31.825712,35.309513,14.881297,23.746214,30.67585,34.174465,31.929247,1005.3654,83.41342,22.408148,20.326025,1008.5885,29.519726,9.896735,19.422705,351.13004,21.43356,24.894241,331.91614,1019.9112,30.450546,24.684868,12.513258,19.901714,15.010223,83.65115,73.32673,10.260761,11.333924,450.4869,13.464743,15.693663,11.225485,8.953424,9.715032,83.55443,26.163132,1005.9567,15.798233,23.163704,27.865057,25.28754,18.722963,1009.1298,113.58077,19.336353,26.00317,78.07665,10.375727,25.143297,1005.537,82.41734,1016.9262,359.5898,10.148907,16.461803,14.251981,20.45086,19.225426,18.653559,16.544142,274.4284,8.019978,9.904466,23.163073,72.65509,24.937479,23.765789,25.793316,10.673867,69.01559,14.027351,10.347793,23.643103,26.017889,27.962826,34.91928,23.114819,36.41882,1013.7309,10.819182,19.541893,32.449963,1016.1841,147.83325,1018.5144,10.290452,30.83934,26.280478,28.561663,33.89822,31.817575,21.674774,51.539772,83.90238
6012,Tak Oi Secondary School,22.3472949,114.2046189,202.74152404490567,-6.257604756870893,-0.4514841415425337,100.14612722589192,15.779451286579022,10.00446308201061,2845.91151686058,0.14742403,1.0000000000000426,1.000000000000135,0.9977153846158769,0.9306062812962981,0.7662712846419738,9.743128187477764,18.108737352223894,32.70202278077131,57.6439823951997,88.03481398562998,44.415558,37.764656,30.597612,28.560043,18.376604,78.563065,35.452244,6.8922,1012.7833,22.794691,8.625767,23.243116,5.861936,30.385166,499.6198,31.92462,12.63338,19.291237,28.627443,16.658155,28.631006,2419.9543,487.7301,32.901215,83.04835,1253.56,107.94165,1229.1805,107.94165,7.3001533,73.92858,78.21425,19.382635,80.39908,24.475927,28.473537,15.737556,25.107546,73.508514,27.631369,8.319559,22.822952,1012.622,31.709837,22.34108,25.86282,28.431538,8.531098,32.901215,9.706784,24.902895,28.659105,1020.125,16.863115,35.392124,35.452244,13.955042,23.577913,30.6713,34.350895,32.06758,1005.3706,83.17975,22.322882,19.937315,1008.6964,29.862787,8.734158,19.85199,377.8261,21.855307,25.480879,358.78784,1020.1445,30.711798,24.845966,11.951216,19.668795,14.752323,84.035385,73.71914,9.302901,10.574581,487.7301,12.63338,15.345078,8.870099,8.126451,8.435395,83.637024,26.51874,1006.0042,15.224867,22.427813,28.420334,24.939056,18.998951,1009.1955,123.04835,18.936457,26.669182,78.39545,9.749194,25.458664,1005.5491,82.25202,1017.1534,388.00372,8.118015,16.302502,13.846709,20.662855,18.24348,18.619328,16.225391,298.6951,6.9568095,7.86405,22.950863,72.58626,24.711756,23.466722,25.655085,8.482235,68.9187,12.847664,8.154261,23.343973,25.640928,27.746069,35.07135,22.653955,39.64832,1013.8722,10.341197,18.686947,32.493122,1016.0399,152.82938,1018.6268,8.990641,30.976862,25.955156,28.398375,33.860355,31.92462,21.281885,51.583714,83.49109
6013,Hong Kong Institute of Vocational Education (Chai Wan),22.27210995,114.23989,128.5510278396442,-0.48783729835599743,-0.025721198750034317,26.867792922028233,15.546629156589944,10.171728337848432,292.8807901919474,0.14892252,0.8385492092915754,0.7101610938073952,0.6449570476969092,0.6803788593716543,0.4877574839405199,9.039917075381247,15.929192988408094,22.32040762794082,24.394139980523857,24.867792922028233,50.774406,44.334557,35.867622,26.280373,19.038675,77.9558,35.241028,8.960657,1012.62445,23.341618,11.732051,23.637775,4.617847,26.129541,497.38034,31.807642,14.142637,17.665005,28.965216,17.148655,28.97583,2072.1782,410.4239,27.889973,81.37742,1062.2054,91.96943,1043.0944,91.96943,9.662084,73.17577,77.27861,20.165798,79.568535,24.87572,28.362816,16.56023,26.069094,72.42673,28.11412,12.174617,23.489113,1012.7372,31.698298,23.034952,26.554354,28.853409,12.772854,28.038324,12.241242,25.393599,28.394762,1020.0221,17.820082,28.44446,35.230484,15.648715,23.981003,30.78869,34.10878,31.977394,1005.267,83.25272,22.647963,20.748098,1008.4708,29.369747,10.509721,19.236555,323.58304,21.277216,24.48216,305.7287,1019.72174,30.323793,24.717821,12.864717,20.139013,15.277323,83.153305,72.2514,10.888077,11.977961,410.4239,14.142637,16.084917,13.188011,9.779749,10.384418,83.12311,25.998308,1005.8615,16.322453,23.822876,27.51224,25.71976,18.647848,1009.0315,100.40342,19.694029,25.529074,77.2799,10.877019,25.043104,1005.48456,82.263695,1016.73987,328.19092,11.512059,16.728912,14.669332,20.546837,20.08415,18.857647,16.921644,250.52438,8.969963,11.338078,23.33682,72.16729,25.193607,24.115927,26.052034,12.450238,68.47942,15.046661,12.115932,23.93657,26.375921,28.273478,34.945244,23.629837,35.48664,1013.574,11.217099,20.24865,32.552624,1016.1554,141.17712,1018.427,11.209366,30.84953,26.628977,28.827374,34.08281,31.79691,22.119715,47.750675,83.47592
6014,Cheung Chau Sacred Heart School,22.2098177,114.0301225,189.03473533603258,1.339219541676807,0.04309224160947971,11.910485598649407,10.073659874444017,6.4729398069276645,96.49131128798294,0.11385273,0.5778117384802857,0.3802159233803362,0.14699807502993667,0.15675973140587596,0.22927190883185503,5.728686752629044,8.705546437814808,9.90162257874834,9.910485598649407,9.910485598649407,65.99946,39.00272,22.668192,25.099207,19.424633,78.34652,34.319225,9.2200165,1012.59955,23.537115,16.429192,23.88078,4.4929304,26.941584,467.08435,31.236223,14.561668,16.674553,28.736826,17.686487,28.744118,1741.4755,346.87433,23.407417,83.55143,918.0399,81.84592,859.8481,81.84592,10.094713,72.83014,77.661,20.769445,79.96298,25.177256,28.71043,16.851051,26.08943,57.072926,27.952122,16.706684,23.5922,1012.7325,31.20368,23.337511,26.496407,28.553684,17.460482,24.386314,16.365253,25.659998,28.61822,1019.9998,18.26427,23.451385,34.30028,16.122192,24.117691,30.5158,33.791565,32.020752,1005.2877,84.954704,23.011534,21.230108,1008.5773,29.608398,15.827411,19.912018,264.25684,21.928228,24.51158,254.91963,1019.5318,30.152533,25.178772,13.548528,20.312418,15.884584,85.064995,71.81451,15.771722,12.023357,346.87433,14.561668,16.475708,17.894413,10.143595,16.17774,83.67332,26.150486,1005.8005,16.542805,24.213366,27.495977,25.960867,19.138744,1008.98376,63.21427,19.983389,25.61486,78.09099,11.490567,25.38893,1005.6406,83.68462,1016.74133,306.90872,16.089472,17.392218,15.363024,21.02128,20.630962,19.424578,17.500376,197.60405,9.222796,15.418106,23.536238,71.47434,25.44582,24.368853,26.252142,16.733881,68.18804,15.406808,16.512518,24.004831,26.330425,28.069761,34.1463,23.544287,34.008217,1013.6102,11.868222,20.669285,32.47317,1016.09753,131.62978,1018.1917,16.19261,30.702826,26.66664,28.583654,33.603336,31.208014,22.504858,37.149044,82.75863
6015,T.W.G.Hs Chen Zao Men COLLEGE,22.36433919,114.1289216,177.50323430471616,-1.7931244735716827,-0.10120735405447878,56.62365970127671,59.11764053190987,24.512924091849897,1652.4055908556768,0.13502768,1.0000000000000426,0.9997001912047239,0.921850891493006,0.8554273749903932,0.7610715233927897,24.049913741951304,32.54429904817502,42.522811381726186,51.31752088547959,53.820690173444824,47.27699,51.665092,52.653088,28.355938,18.50854,76.6768,35.45851,7.102575,1012.7252,23.260357,8.853195,23.674807,5.7772717,30.483126,490.1203,32.063984,13.113753,18.950233,28.89581,17.163551,28.916868,2253.2087,452.8077,29.985252,83.36554,1162.5483,103.73954,1101.7452,103.73954,7.929707,71.85736,76.148384,19.922062,78.11496,24.615229,28.987474,15.903075,25.387718,70.892494,27.9063,8.220828,23.172092,1012.6292,31.896088,22.51544,26.197544,28.6843,8.2227955,29.985252,10.349942,24.974995,29.05355,1020.2312,17.467306,33.332066,35.45851,14.517515,23.911152,30.88229,34.430664,32.396988,1005.23,81.83821,22.814892,20.471235,1008.6586,30.283094,9.234489,20.3534,349.3859,22.416367,25.637772,347.03632,1020.0555,30.769884,25.4047,12.428625,19.685215,14.965245,83.07184,71.49321,10.010292,11.1355715,452.8077,13.113753,15.850659,8.716631,8.5990715,9.015831,82.14806,26.928988,1005.8543,15.744021,22.94425,28.592615,25.484674,19.452215,1009.0963,103.948006,18.968607,26.838552,76.706535,9.767949,25.863718,1005.4942,80.87549,1017.1137,360.35474,8.369986,16.906961,14.484632,21.059797,18.846403,19.248146,16.827438,273.097,7.281292,8.242805,23.009737,69.93448,24.772566,23.914045,26.084513,7.983675,66.90606,13.283231,7.9697905,23.656446,25.984787,28.061106,35.068996,22.900816,40.422222,1013.7912,10.495778,19.240965,32.558357,1016.0918,148.85773,1018.4575,9.901277,31.327715,26.350159,28.73405,33.949852,32.063984,21.881365,43.08925,81.027115
6016,German Swiss International School,22.26543542,114.1604429,158.57752598591657,-12.76413598936002,-0.5536678089608157,297.9460803284565,33.09816536277784,21.376344137370264,1872.2210986017205,0.33395287,1.0000000000000426,1.000000000000135,0.8985160468674025,0.5568113111109219,0.4587866649697469,22.482858542109526,43.97602684987371,82.30837467069475,140.96456930677405,228.91808672985368,8.345321,7.881459,7.7679195,26.01774,17.973135,82.198006,32.85074,6.832994,1012.9433,21.50474,17.291985,21.941946,4.995386,28.237694,467.9553,29.664038,11.99966,17.66438,26.91041,15.763921,26.952337,2247.0664,455.34485,31.272219,83.16475,1171.5938,100.85544,1043.6614,100.85544,7.1774063,76.68601,82.06121,18.571898,83.97368,23.992092,26.588238,15.391622,24.227297,77.19224,26.228115,15.883489,21.665531,1012.761,29.294613,21.812462,24.709585,26.732466,16.2587,31.299994,20.282978,24.364147,26.847044,1019.8872,16.016632,32.544792,32.85074,13.497158,22.375376,28.533325,32.328964,30.08235,1005.6954,87.454895,20.981333,18.961006,1009.072,28.081532,18.625511,18.584112,355.40244,20.604,23.709291,327.56686,1020.1452,28.502625,23.1833,11.684712,19.022448,14.64296,89.176506,77.26198,18.800068,9.635165,455.34485,11.99966,14.367765,16.173735,8.102456,19.4247,88.38833,24.763027,1006.4601,14.286906,21.434263,26.460659,23.536522,17.579876,1009.5086,95.36572,18.555565,24.70836,82.63952,9.446877,23.864447,1006.0284,86.766075,1017.2204,360.8464,16.5592,15.407014,13.36216,19.560556,17.60918,17.662481,15.462214,277.3767,7.0673594,15.15766,22.314817,73.99939,24.086681,22.372988,24.160187,15.649406,70.71901,13.098545,15.211016,22.183193,24.473621,26.086056,32.373486,21.868374,37.01065,1014.2572,10.3632345,18.043795,30.115719,1015.9234,145.30388,1018.3606,19.477354,28.972107,24.787285,26.682787,31.42655,29.664038,20.195534,51.811993,87.249435
6017,Hong Kong Taoist Association Tang Hin Memorial Secondary School,22.49933719,114.1291818,188.39554293791056,0.2934235152126771,0.19817507512926064,11.260886898039962,1.8177235957039368,1.0084813151855783,7559.75245544,0.14662342,1.0000000000000426,1.000000000000135,1.0000000000004956,0.9999999999992115,0.9609765037371569,0.792615317164552,1.2394475204839521,2.1934125085261273,4.128453879298398,7.468977218615411,43.534836,42.53632,38.800037,31.066544,18.423695,77.20522,36.249725,5.18318,1012.7784,23.097912,4.983275,23.674358,7.3077297,34.693882,508.66806,32.892326,11.828967,21.063356,29.082424,16.84895,29.082424,2111.2532,415.51306,31.568066,83.18176,1119.7268,102.50221,1119.7268,102.50221,5.877293,73.69347,75.7202,19.43279,77.57497,24.542894,29.80132,15.848144,24.795725,62.41749,27.824738,5.50197,22.808592,1012.6582,32.892326,22.443233,25.635054,28.636333,5.1052647,31.568066,5.3991017,25.00327,29.964638,1020.6315,16.68464,32.839626,36.249725,13.048686,23.756023,31.758492,35.39365,33.411488,1005.2881,82.102615,23.023165,20.10275,1008.5436,31.110281,4.4049835,21.173079,343.1761,23.269293,26.784925,299.5921,1020.2988,31.985025,25.862106,11.995997,19.690453,14.7100935,82.50733,72.92859,5.385382,9.78553,415.51306,11.828967,15.258681,5.4181447,7.082161,3.962507,81.12979,27.844557,1005.6537,14.762006,22.101118,29.834597,25.265062,19.950916,1008.9653,94.40469,18.97506,28.090431,78.28521,9.505014,26.890738,1005.3308,82.07112,1017.204,361.03772,4.671907,16.750137,13.641499,21.450563,17.644398,19.218971,16.297716,241.5984,5.18318,4.3988423,23.384079,71.62855,24.93817,23.486979,26.209816,5.121329,68.73919,11.154337,5.1939216,23.602402,25.487934,28.166431,36.096752,22.102549,38.09452,1013.7364,10.047927,17.95838,33.78173,1016.2846,151.42722,1018.7458,5.2359486,32.06555,25.861105,28.808369,34.94167,32.859646,21.328588,39.58432,80.081665
6018,China Holiness Church Living Spirit College,22.45684946,114.173854,188.36734713311367,-1.0859511271023505,-0.2310783427081442,14.288112604503825,5.394891735429193,3.735748893004634,982.4582970889941,0.16123845,0.9970672131147963,0.9397108986616826,0.9050260825271155,0.8869455700528975,0.9121585974226211,3.3028132931711633,5.428518028694722,7.886150073471475,9.95610983382177,12.02553077793692,36.839092,35.60311,32.80772,29.437738,18.547493,77.415855,35.804157,6.3664203,1012.7151,23.190382,6.5697093,23.558012,6.2510076,31.39374,505.85596,32.387386,12.477289,19.9101,28.99335,16.835423,28.99335,2207.4316,441.99066,29.7507,83.37779,1153.148,105.7377,1153.148,105.7377,6.960333,73.44163,76.61327,19.717867,78.55355,24.606913,29.043232,15.968368,25.207438,65.71935,27.917416,6.425773,23.05342,1012.591,32.387386,22.554218,25.969715,28.70383,6.728461,29.7507,6.9768267,25.0142,29.284916,1020.3329,17.08475,33.282658,35.80294,13.828969,23.8957,31.327763,34.663578,32.586514,1005.1336,81.94015,22.904282,20.30524,1008.5526,30.108791,6.28939,20.34961,353.79935,22.41451,25.64017,331.31314,1020.1517,31.433125,25.239578,12.197579,19.766897,14.900352,82.523186,72.8634,6.9541264,10.516024,441.99066,12.477289,15.555114,7.1967053,7.924067,5.7920036,81.806244,26.886038,1005.7027,15.233705,22.60587,28.907862,25.431017,19.330816,1008.9878,98.4163,19.096966,27.003344,77.92984,9.861426,26.098679,1005.3883,81.66095,1017.1452,357.35794,6.5297623,16.744204,13.98869,21.037163,18.344137,19.161154,16.532516,258.4068,6.3696685,6.1591644,23.225685,71.84754,24.91911,23.737522,26.146334,6.6642804,68.832016,12.351902,6.3900723,23.676521,25.787365,28.194426,35.7442,22.589552,42.704327,1013.7648,10.458206,18.600538,33.415474,1016.197,152.50662,1018.6342,6.729947,31.349628,26.148947,28.838894,34.69097,32.338905,21.603184,42.183758,80.9785
6019,SKH Kei Fook Primary School,22.33644,114.154653,168.73228546209427,-0.18093968529256016,-0.14194792261994654,6.286471559991222,0.9862083537522496,0.4989408639938254,1263.913623050696,0.08334437,1.0000000000000426,0.9788390057362656,0.9125107488541756,0.7602159173952097,0.7279721393697451,0.3490030535291572,0.5900749056805151,0.962871132425141,1.7855089758299454,3.0792814120600362,77.177635,74.13397,67.36164,27.818113,18.80779,76.214424,35.848576,8.030465,1012.6223,23.668962,8.267869,24.052631,5.5147977,29.473856,494.1017,32.456314,13.746897,18.709417,29.337112,17.516996,29.337112,2268.3203,441.62134,29.501043,82.202965,1157.1935,103.572266,1157.1935,103.572266,8.76405,71.26705,75.824776,20.37915,78.02439,24.843193,29.283606,16.154577,25.859312,70.03739,28.310625,7.442208,23.661634,1012.6374,32.262447,22.779526,26.7115,29.148554,7.2897735,29.501043,10.156649,25.251694,29.303537,1020.1475,17.970795,33.53461,35.848576,15.139981,24.26991,31.286806,34.75288,32.699005,1005.1279,81.25213,23.113953,20.849075,1008.5312,30.466225,8.767677,20.42595,348.26666,22.468836,25.74421,347.06934,1019.8756,31.033306,25.672682,12.798485,19.984594,15.265409,82.27773,70.75387,9.705047,11.8752575,441.62134,13.746897,16.31145,7.8855267,9.20418,8.482806,81.67263,27.08264,1005.7878,16.389366,23.537178,28.750275,25.978683,19.623053,1009.0185,110.82775,19.291506,26.91095,75.97721,10.141108,26.0374,1005.375,80.360466,1016.9412,367.30545,7.7985992,17.195513,14.928,21.238096,19.467472,19.51894,17.208704,283.36914,8.030465,7.9961877,23.211235,69.49331,25.051556,24.35197,26.445263,7.011009,66.61094,14.022855,7.150103,23.993004,26.482212,28.487915,35.368847,23.379,40.5366,1013.6336,10.920609,19.904547,32.850464,1016.0938,148.64494,1018.298,9.528836,31.66163,26.823406,29.152494,34.297913,32.456314,22.39336,47.6062,81.058586
6020,KCBC Hay Nien (Yan Ping) Primary School,22.36886844,114.1821072,184.3431437773305,2.1536487807867983,0.19319479998827346,20.91112376285052,14.515075332728442,8.834835022765118,5413.575492160322,0.18799818,1.0000000000000426,1.000000000000135,1.0000000000004956,0.993011440080103,0.7859995798018483,7.644471899914611,11.492220243563585,14.27656517683953,16.282262828658947,18.88357938917389,38.79775,38.764668,35.608257,29.822226,18.623571,77.32397,36.275963,6.453736,1012.7382,23.23599,6.367284,23.782757,6.468691,32.288757,503.0138,32.76161,12.728812,20.032793,29.186537,17.111315,29.187435,2380.3147,474.38754,32.12456,83.3867,1231.904,105.293,1221.8885,105.293,7.3554187,72.18938,77.06771,19.68352,79.249016,24.783566,29.439262,15.934284,25.164545,70.20953,27.952631,6.235936,23.147018,1012.7272,32.541206,22.598822,26.12722,28.884687,6.309319,32.12456,7.313479,25.13484,29.529987,1020.3936,17.241884,35.102886,36.275963,14.08435,23.943779,31.4788,35.27812,32.957287,1005.2626,81.57211,22.803602,20.259243,1008.5258,30.784657,6.2997108,20.71752,372.21494,22.73834,26.39433,360.13492,1020.0898,31.519728,25.745407,12.354033,19.889812,14.942762,83.007416,72.19108,7.1216717,10.798688,474.38754,12.728812,15.689348,6.831547,7.896607,5.766434,82.59061,27.4435,1005.8048,15.479719,22.714582,29.337519,25.461226,19.829693,1009.0223,119.5887,19.12224,27.636675,77.39956,9.890635,26.330044,1005.3745,81.11969,1017.1002,385.3015,5.8785596,16.681507,14.109044,21.19847,18.476341,19.073746,16.535803,293.122,6.4601364,5.5288157,23.370031,71.964615,24.958773,23.805292,26.142237,6.2900424,67.59434,12.418628,6.140385,23.695478,25.934183,28.254204,35.83925,22.606148,38.06555,1013.7128,10.50305,18.841627,33.128654,1016.2482,152.50706,1018.5965,6.691503,31.89486,26.276207,28.932087,34.53087,32.76161,21.714737,47.555737,81.942085
6021,Hong Kong Taoist Association Ching Chung Secondary School,22.31412064,114.2326909,223.70580434766902,-3.248883184416683,-0.2003304958744492,53.94141674046923,20.601930394825892,12.357901892296402,1278.2392252903808,0.14462735,1.0000000000000426,0.9863062842576193,0.8305333672952296,0.7844840722542354,0.6651570980653692,12.175196382150489,21.527312576389917,33.94847149685485,45.42209037178444,50.319995179570974,44.65158,46.773144,47.79567,27.655338,18.711538,78.12741,35.587574,7.9322352,1012.6788,23.149662,9.222636,23.545124,5.3358016,28.590397,500.7636,32.079975,13.41825,18.661724,28.949396,16.981491,28.95357,2297.068,452.46774,31.868826,81.54719,1173.3164,102.94288,1150.0183,102.94288,8.504315,73.630585,77.63797,19.850063,79.90975,24.683979,28.578932,16.10778,25.61256,74.3635,27.940874,8.814979,23.270044,1012.6756,31.857494,22.663734,26.333944,28.758974,9.08118,31.868826,10.442588,25.172531,28.682243,1020.0526,17.425787,33.348663,35.587574,14.800221,23.862425,30.905243,34.439266,32.184105,1005.2987,83.04705,22.537027,20.359186,1008.5662,29.809793,9.238686,19.676502,352.8554,21.683815,25.229912,341.2814,1019.9054,30.713806,24.927298,12.465443,19.944006,15.034775,83.249916,72.98328,9.665137,11.436666,452.46774,13.41825,15.799124,9.459455,8.948306,8.984514,83.13884,26.446112,1005.9206,15.904525,23.135704,28.188269,25.416773,18.96264,1009.108,115.60749,19.284544,26.360062,77.695335,10.213926,25.395744,1005.4614,82.01283,1016.9229,367.99326,8.840418,16.567316,14.330092,20.701242,19.126497,18.836163,16.63804,285.4449,8.019061,8.858055,23.158678,71.908066,24.982056,23.876297,25.927935,8.952162,68.79871,13.9379,8.7196,23.685465,26.127008,28.093756,35.101326,23.184572,37.725395,1013.7048,10.826986,19.502682,32.620617,1016.103,150.37865,1018.4265,9.614857,31.10518,26.39271,28.702309,34.07204,32.079975,21.789923,53.7328,83.51661
6022,Lok Sin Tong Ku Chiu Man Secondary School,22.36069286,114.1238227,188.53598379282985,-4.530536265987904,-0.3311131836236008,42.704689079331246,28.837695961074292,14.779266882984215,1017.349664614328,0.1351856,0.9999254098361081,0.944336112173475,0.8920179826799256,0.7962435773931055,0.7475649513774705,14.185219437692096,23.367290467466137,34.207235542314294,39.60912797448738,40.70365873478991,55.743683,55.686424,55.748207,27.753475,18.581915,76.390915,35.438255,7.6847796,1012.6647,23.397888,9.202871,23.77435,5.5762205,29.825119,489.1991,32.057255,13.36245,18.694807,28.97739,17.286453,28.99205,2211.292,443.4833,29.206238,83.174866,1137.5876,102.62138,1077.7296,102.62138,8.284924,71.52765,75.87296,20.095778,77.84342,24.673618,28.997032,16.000126,25.6426,70.36271,28.083788,8.536451,23.31557,1012.5236,31.914019,22.608505,26.34934,28.790756,8.527398,29.206238,10.74483,25.031912,29.047644,1020.082,17.659557,32.59135,35.438255,14.786032,24.019321,30.912457,34.37734,32.389378,1005.1794,81.5931,22.91575,20.638021,1008.6296,30.227753,9.560082,20.294096,341.62646,22.363943,25.488482,342.7847,1019.9883,30.720325,25.420582,12.455031,19.73655,15.055186,82.84708,71.09536,10.351697,11.384195,443.4833,13.36245,16.010805,9.04606,9.031451,9.364533,81.91876,26.8685,1005.824,15.959063,23.184484,28.4815,25.654364,19.422287,1009.071,101.20974,19.048374,26.684843,76.394936,9.894758,25.824636,1005.4856,80.628174,1017.0618,352.478,8.7885275,17.03715,14.679097,21.17475,19.135618,19.353607,16.989079,266.95975,7.7817717,8.667222,23.040125,69.600784,24.828512,24.061977,26.191807,8.253617,66.595665,13.79355,8.2849,23.76944,26.13229,28.166906,35.081776,23.192223,40.823788,1013.7554,10.610286,19.51051,32.596127,1015.9755,147.3558,1018.4002,10.309137,31.320812,26.498981,28.842075,34.00575,32.057255,22.068071,42.410233,80.77311
6023,St Paul's College,22.28445786,114.1386983,188.76599363739714,10.574965644221637,0.7656088672553426,59.087735632370695,20.054437457395547,13.260313088611182,577.0855407295734,0.098842576,0.9142073770492145,0.713851676226934,0.5242647987772618,0.474704705797771,0.511250252281334,12.973046219927486,23.427758360178508,38.66749995202513,53.49829759568026,57.026935632370694,37.96627,36.31213,30.544897,26.624838,18.995403,77.961075,34.756996,8.132158,1012.7788,23.236347,13.792841,23.644745,4.785807,27.353622,480.06076,31.544956,14.051362,17.493593,28.732382,17.284193,28.733791,2071.048,411.76584,27.837132,83.439285,1084.3077,89.70326,1069.9279,89.70326,9.577636,72.333115,77.58654,20.209362,79.7555,24.817783,28.49166,16.455832,25.583876,70.14237,27.586437,13.775872,23.347862,1013.094,31.345034,22.944061,26.371574,28.563576,14.021944,27.858395,15.287139,25.214376,28.540106,1020.4533,17.841354,28.116405,34.756996,15.633808,23.89385,30.49933,33.90815,31.8543,1005.4046,83.13144,22.65218,20.782494,1008.6056,29.556303,13.086408,19.773886,329.06644,21.842981,24.768082,311.56586,1019.7403,30.066875,24.940897,13.364206,19.892948,15.407604,84.50137,72.094826,14.041926,11.757984,411.76584,14.051362,16.068079,14.373453,9.301973,13.323952,83.856316,26.19115,1005.9238,16.22415,23.739183,27.773613,25.604233,18.96506,1009.0902,94.72046,19.543787,25.844084,77.91705,10.765091,25.314066,1005.6458,82.462166,1016.851,343.47546,13.563025,16.916573,14.909912,20.37113,20.010046,19.021788,17.034538,240.55365,8.132158,12.771413,23.351046,71.574326,24.97775,24.04501,25.93625,13.386789,67.40471,14.489195,13.377222,23.82111,26.147942,27.932068,34.34143,23.033237,33.728466,1013.7104,11.210359,20.236942,31.984224,1016.5124,138.05196,1018.3148,14.504959,30.822697,26.485456,28.573944,33.4302,31.544943,22.13969,42.002514,82.915535
6024,Caritas Wu Cheng-Chung Secondary School,22.26759742,114.1293293,230.0114249936761,-4.323274019188524,-0.23714281847305588,98.30217375368969,27.546035446011363,18.38511834406732,518.4627566877632,0.2127115,0.8811737704918345,0.7294478521351612,0.5077843606723103,0.36588275867540937,0.41603119359564916,19.228274947574594,38.290875142174464,68.4845550118696,90.80437470405113,96.2582432854617,23.034895,22.112373,18.840809,25.545738,18.869032,78.996826,34.242294,8.696555,1012.6946,22.939213,15.44999,23.358423,4.715752,27.259216,473.80634,31.079878,13.783808,17.29607,28.344318,17.107887,28.375,2023.097,403.67245,27.357857,83.56912,1061.0253,88.28953,933.6446,88.28953,9.368771,73.17136,78.629234,19.969635,80.75037,24.742514,28.10237,16.366697,25.653149,69.54067,27.544338,15.237153,23.048225,1012.6966,30.861431,22.834852,26.047855,28.16125,15.592494,27.56859,17.17209,25.131166,28.1678,1019.9156,17.581837,27.424204,34.241096,15.389108,23.611368,30.073719,33.533974,31.466894,1005.4578,84.34107,22.331047,20.499384,1008.6779,29.203121,14.97917,19.509527,321.48587,21.569263,24.423162,304.4173,1019.7415,29.662476,24.591404,12.77095,19.775846,15.359588,85.83914,73.0936,15.779165,11.416565,403.67245,13.783808,15.799178,15.834494,9.738176,15.43074,85.0876,25.846819,1006.0088,15.911953,23.420202,27.383076,25.256878,18.678078,1009.15,87.21904,19.45429,25.485998,79.128685,10.676828,24.980806,1005.7413,83.71259,1016.8675,335.86694,15.15405,16.664274,14.706995,20.579805,19.754145,18.773645,16.792679,233.93057,8.713672,14.072787,23.239338,72.19594,24.880312,23.753113,25.589466,14.931728,68.06325,14.984697,14.811189,23.52889,25.835241,27.553318,33.838192,23.243418,33.296726,1013.794,11.195992,19.957102,31.57017,1016.0154,136.58328,1018.2685,16.404829,30.40165,26.167929,28.178734,32.979374,31.079731,21.836596,42.091312,83.94905
6025,HKSKH Lady MacLehose Centre,22.36525448,114.136523,204.7534572137197,2.4202054087414195,0.09502278846483259,66.21334470533964,66.81679913067377,27.901760307829477,2393.7453805225887,0.07384682,1.0000000000000426,1.000000000000135,0.972018288334641,0.8967542142002957,0.7698933866045334,30.336724452752865,37.231614965776906,46.283467629358896,56.05587422226939,61.27724087378876,67.2757,59.76358,47.934883,28.725788,18.47317,76.76942,35.491238,6.7654486,1012.7939,23.193363,8.656567,23.632076,5.8483815,30.715006,490.91714,32.08159,13.042599,19.03899,28.871231,17.100372,28.891106,2292.0916,461.0819,30.614687,83.59679,1187.8218,104.18704,1130.709,104.18704,7.7790256,72.12977,76.17536,19.848577,78.16195,24.554613,28.977581,15.851232,25.223125,71.2675,27.765957,8.112539,23.122015,1012.779,31.892694,22.4618,26.150534,28.648912,8.142471,30.614687,10.019487,24.941315,29.0555,1020.4184,17.370487,33.774464,35.491238,14.420058,23.869896,30.868534,34.457623,32.405827,1005.2946,82.02144,22.777084,20.415718,1008.6898,30.319818,8.9505,20.385147,356.86438,22.437464,25.74901,350.14084,1020.1022,30.81605,25.389158,12.5138235,19.6584,14.903866,83.02414,71.6659,9.719988,11.049773,461.0819,13.042599,15.78474,8.621304,8.282099,8.708312,82.10402,26.96898,1005.8796,15.6677065,22.853907,28.677784,25.39743,19.467285,1009.1242,107.27405,18.934519,26.951565,76.68915,9.717273,25.886143,1005.5044,80.91808,1017.1476,369.8756,8.128831,16.849215,14.3896265,20.897514,18.72277,19.18885,16.759937,277.96255,6.9287314,8.142697,22.978275,70.031784,24.740185,23.860334,26.04506,7.925757,67.17423,12.941066,7.8645563,23.618206,25.935263,28.01715,35.050102,22.69003,39.797886,1013.8142,10.42273,19.144772,32.53994,1016.2576,149.7381,1018.5157,9.542353,31.3366,26.29876,28.685888,33.91965,32.08159,21.789576,43.6998,81.137215
6026,Shak Chung Shan Memorial Catholic Primary School,22.36363474,114.1134533,197.10283516444989,1.3474952878339352,0.12250132874624364,9.165918590515155,6.038240040913991,3.7397984033267484,230.63853777355587,0.10422621,0.7895313613685184,0.814511042757852,0.8867888823676195,0.7842982285192817,0.7441124990601423,3.3724097264415382,5.253127835246605,6.7839275970005195,7.157042923154981,7.165918590515156,59.79234,55.193413,49.79071,27.534073,18.775526,75.98748,35.413498,7.879422,1012.6674,23.579792,9.592945,23.820135,5.1709075,28.264887,491.2356,32.003307,13.710955,18.292353,28.61297,17.309013,29.05131,2107.8108,431.93948,26.912453,83.56092,1094.8024,98.85375,1088.2275,98.85375,8.754894,70.86116,75.409546,20.257893,77.38387,24.817553,28.860403,16.276962,25.808157,69.294655,28.169588,9.778107,23.479406,1012.6486,31.996378,22.86895,26.49423,28.986208,9.939244,26.912453,10.15711,25.147692,28.9195,1020.2583,17.866322,29.912357,35.299892,15.202992,24.181679,30.927946,34.10754,32.225517,1005.0496,81.01298,23.10656,20.929977,1008.5477,29.878893,8.897561,19.980919,332.6627,22.087193,24.885538,328.22958,1019.92664,30.538105,25.28932,12.760076,19.846298,15.159242,82.45337,70.47824,9.765945,11.565006,431.93948,13.710955,16.183884,10.518405,9.19901,8.634959,81.53281,26.529507,1005.74115,16.128931,23.612713,28.041187,25.901964,19.198376,1008.997,97.71403,19.285587,26.098219,76.03179,10.320329,25.610207,1005.49225,80.21999,1017.0076,325.28226,9.451889,17.204334,14.839508,20.921335,19.65744,19.411219,17.149559,243.86719,7.879422,9.007363,23.15538,70.17697,24.94908,24.225882,26.39265,9.5989,66.06173,14.062062,9.608317,24.043627,26.291227,28.3848,35.358593,23.307083,42.02895,1013.6786,10.719166,19.889206,32.84733,1016.15,143.04599,1018.51105,9.757544,31.139372,26.661758,29.06535,34.275806,31.936108,22.284626,36.921074,80.227264
6027,Baptist Wing Lung Secondary School,22.39879101,113.971028,157.91078882517743,-0.31157165383615976,0.06643750482860657,12.245687074789886,4.009720476639394,2.763430183216944,2025.640722102128,0.07461562,1.0000000000000426,1.000000000000135,0.9999520122266798,0.8358172835175314,0.5317552994745758,2.5733560538704876,4.402054596349072,6.27900628071928,8.385167158763773,9.877721782707265,74.53273,68.867256,57.136063,28.46605,18.386036,73.59165,35.76212,7.2960696,1012.6288,23.727043,9.0103035,24.191004,6.2977824,32.123264,493.98026,32.5978,12.993712,19.604088,29.384478,17.533197,29.384481,1903.8997,364.00192,33.206055,79.098076,947.4758,110.92735,947.255,110.92735,8.294173,69.73444,73.030594,20.415257,74.89364,24.526701,29.871946,15.458135,25.494122,68.41666,28.197546,7.618475,23.466267,1012.6025,32.548225,22.340929,26.442215,29.000826,6.4923086,33.206055,11.605216,24.783775,30.148947,1020.3336,17.824211,36.71582,35.76212,14.639076,24.238432,31.755829,34.92833,33.205868,1005.1041,78.61889,23.43679,20.86429,1008.565,31.192663,11.124619,21.184923,261.71335,23.502834,26.447006,287.5034,1019.9759,31.455362,26.032438,12.68424,19.564344,15.03406,79.50555,68.727325,11.306941,11.478253,364.00192,12.993712,16.054676,6.6818843,8.665862,11.035082,78.10134,27.690725,1005.6622,16.019129,23.235994,29.463913,26.056684,20.007671,1008.9576,65.20245,18.683197,27.616762,74.38214,9.513261,26.856441,1005.3584,78.03436,1017.101,321.7605,7.8505936,17.483534,14.923473,21.450323,19.273563,20.022253,17.331354,227.75035,7.2960696,8.755002,23.019709,66.70896,24.719183,24.29094,26.698,6.38951,64.499626,13.097285,7.075707,23.900005,26.272997,28.559973,35.364742,22.972189,41.00549,1013.7583,10.304898,19.327372,33.328094,1016.139,153.33473,1017.9882,12.188306,32.121365,26.68981,29.15685,34.633,32.5978,22.233196,43.289005,76.862976
6028,Ho Koon Education Center,22.38384169,114.1079789,193.10145997041332,-11.966979871215974,-0.6536715441369924,132.95765927592265,27.934879191249433,18.798224175442908,1370.1529847273189,0.323442,1.0000000000000426,0.9900063734864288,0.9393418237395905,0.9041702526045685,0.7994779887662495,18.47645183819735,35.85988052820324,64.27324516517321,103.64477343056504,127.90917650100458,7.0187564,7.508147,8.855561,28.725918,18.156666,79.12605,34.727962,6.002041,1012.7608,22.384726,9.988105,22.820217,6.3109627,32.15964,488.4302,31.313112,11.69153,19.621584,27.236725,16.327951,28.025454,2222.7373,464.3386,30.525307,83.889435,1157.0059,105.77888,1046.8317,105.77888,6.3617535,73.165344,79.07081,18.8871,80.8122,24.49203,28.269487,15.597113,24.524755,73.05315,27.247637,9.686692,22.157597,1012.4084,31.231018,22.182657,25.102879,27.806631,9.843184,30.525307,11.286484,24.641779,28.461262,1020.0194,16.426975,33.490963,34.66981,13.19614,23.11986,30.187225,33.892807,31.690838,1005.209,83.05231,22.0227,19.465717,1008.7176,29.6342,10.356515,19.88896,351.66626,21.993074,25.053545,340.9716,1020.2555,30.163366,24.72197,11.511025,19.346678,14.647691,86.0647,74.24974,10.939231,9.520567,464.3386,11.69153,14.82058,10.144553,7.639114,10.298574,85.16206,26.309612,1005.99,14.3476,21.71426,28.006618,24.495813,18.90338,1009.1488,97.7121,18.633028,26.255865,80.28645,9.412518,25.345694,1005.6595,83.27768,1017.2992,334.4841,9.562288,16.081604,13.479028,20.808676,17.590775,18.475475,15.827914,264.55453,6.0718303,7.7555313,22.909042,73.484276,24.43603,22.897503,25.240368,9.600735,67.87763,12.06686,9.409372,22.925856,24.935534,27.247444,34.727936,22.098776,41.762608,1013.9906,10.070404,17.841099,32.06856,1015.803,149.80988,1018.6289,10.9741,30.584534,25.300482,27.93097,33.3784,31.313112,20.820503,40.368027,83.009544
6029,Lingnan Hang Yee Memorial Secondary School,22.26343722,114.2511955,184.20818804643227,4.785358399741641,0.2857620657074364,24.585431373395355,15.249425470517364,10.00539306757084,325.0051606123513,0.16593085,0.7619780322137076,0.5612917675059071,0.5212375182126832,0.6040669988309793,0.4325197246335528,9.211668760640396,15.527800397395259,19.781814051218326,21.712721085168585,22.585431373395355,34.805096,28.80881,20.601347,26.516783,19.142456,78.43646,35.300182,8.7834,1012.6579,23.258028,12.788963,23.633669,4.682218,26.469637,496.96924,31.849548,14.166915,17.682634,28.949919,17.144821,28.955126,1992.0796,396.455,26.600214,81.65286,1026.1588,86.49756,1024.6191,86.49756,9.807045,73.37506,77.89322,20.123201,80.15506,24.950851,28.433754,16.689562,25.926264,71.27469,27.93725,13.495264,23.413803,1012.9065,31.696835,23.120699,26.474064,28.766134,14.319483,27.853611,12.992435,25.435759,28.435732,1020.17523,17.790045,26.602688,35.292915,15.714604,23.914824,30.843473,34.27615,32.089756,1005.345,83.48887,22.536983,20.707281,1008.4199,29.469036,11.193191,19.264624,309.54776,21.293468,24.591469,292.8533,1019.6663,30.386036,24.771065,13.084674,20.186417,15.312336,83.62515,72.595474,11.442649,11.905709,396.455,14.166915,16.022127,14.707839,9.603901,11.118734,83.73857,26.07527,1005.8505,16.245232,23.869003,27.56618,25.68566,18.690668,1008.9986,94.1644,19.785355,25.606468,77.84719,11.062098,25.07967,1005.5093,82.7747,1016.6836,320.14127,12.700677,16.62365,14.61757,20.41455,20.221455,18.706982,16.835981,237.0354,8.7834,12.072429,23.53767,73.084816,25.238941,24.046188,25.957987,14.003037,68.643524,14.927748,13.524353,23.90288,26.316086,28.228855,34.911736,23.421417,32.04125,1013.552,11.305094,20.282782,32.531914,1016.3522,138.2891,1018.4353,11.897474,30.927677,26.553988,28.76547,34.09521,31.845823,22.075174,45.821003,84.01583
6030,MKMCF Ma Chan Duen Hey Memorial College,22.31996411,114.2572922,146.5896732184563,1.5688554865903495,0.06611312384029543,23.897142318857906,10.835810097711173,6.729767131722058,1409.3764440796472,0.15624538,1.0000000000000426,0.9988737794775089,0.8607327559860487,0.6629415958788745,0.6360978846696332,6.2166930751797675,10.590205471617384,15.525035062278072,16.97653236161485,17.899272874995443,40.370758,36.85688,31.041737,28.008469,18.820719,78.11752,35.959938,7.951469,1012.6331,23.263098,8.63745,23.691185,5.464411,28.871422,505.0394,32.39562,13.469551,18.92607,29.162683,17.075226,29.162691,2255.793,436.3586,32.429558,80.64113,1133.1595,103.38082,1132.8998,103.38082,8.705839,73.75147,77.71362,19.987812,79.99534,24.802713,28.848562,16.167126,25.56591,73.66776,27.961452,7.610522,23.407919,1012.7898,32.105743,22.729652,26.463121,28.86779,7.984048,32.429558,10.2988,25.28788,28.916069,1020.1286,17.595356,33.571064,35.959938,14.848587,23.983826,31.210579,34.826668,32.479855,1005.22,82.924965,22.571579,20.386768,1008.4682,30.059975,9.187228,19.821619,334.61578,21.793148,25.488398,344.14584,1019.7784,31.017931,25.148027,12.775969,20.065573,15.115557,82.99129,73.00243,9.443898,11.678948,436.3586,13.469551,15.927455,8.322094,8.832061,8.899329,83.10908,26.69333,1005.8489,16.081303,23.20795,28.410769,25.608397,19.130697,1009.0384,109.65564,19.31668,26.639269,77.73124,10.193686,25.5713,1005.3722,81.94507,1016.8104,362.1853,8.328309,16.616274,14.447613,20.733284,19.240345,18.94648,16.726696,283.3333,7.9556084,8.340103,23.30225,71.60842,25.103683,24.009985,26.018972,8.033147,68.90704,13.80735,7.721085,23.74074,26.271387,28.243479,35.28356,23.09995,37.380207,1013.6393,10.987839,19.580515,32.82703,1016.2808,151.5733,1018.2226,9.480842,31.406044,26.529669,28.844269,34.325363,32.39562,21.95566,56.876663,83.73028
6031,CUHK FAA Thomas Cheung School,22.36098805,114.1725639,212.0118081197502,5.712885432803265,0.4390359097423525,49.46202230298095,19.881148663500944,11.82483167858263,4564.803554779423,0.20529795,1.0000000000000426,1.000000000000135,1.0000000000004956,0.9715286081625365,0.7871704776642411,11.228751572906036,18.99415940087699,29.387426231602266,37.452166800032636,40.632239139668876,25.36938,23.649776,19.064503,29.956188,18.560791,78.000465,35.935642,5.979452,1012.8046,22.995735,7.304892,23.535381,6.4524736,32.32121,500.2358,32.45236,12.489238,19.96312,28.909344,16.889408,28.90975,2370.1562,476.465,31.969578,83.43554,1227.4047,105.0509,1220.564,105.0509,7.114909,72.42486,77.94883,19.463223,80.06678,24.745762,29.178759,15.881033,24.822477,71.169716,27.627527,7.205886,22.904024,1012.8821,32.232464,22.516006,25.881874,28.641226,7.275561,31.969578,8.338903,25.037556,29.274113,1020.5485,17.02775,34.792053,35.935642,13.869718,23.724512,31.176588,35.020836,32.6812,1005.2672,81.9586,22.569107,20.028915,1008.558,30.554094,7.3094907,20.52384,373.11044,22.545538,26.129015,357.4337,1020.1212,31.203897,25.531994,12.396288,19.78594,14.892111,83.99888,72.8401,8.118707,10.467936,476.465,12.489238,15.462284,7.7701335,7.5062704,6.8889728,83.57716,27.202381,1005.8694,15.198628,22.472427,29.05101,25.205023,19.62915,1009.0544,118.9516,19.04714,27.343266,78.3221,9.833898,26.091341,1005.4465,81.81574,1017.1356,377.82928,6.8354845,16.488483,13.938572,20.885931,18.246988,18.860395,16.318874,291.56384,5.9799695,5.996346,23.308971,72.77179,24.849937,23.560392,25.893013,7.1710873,67.66485,12.000025,7.0269046,23.495384,25.687517,28.002972,35.603386,22.223032,38.28926,1013.7696,10.4348345,18.614492,32.849125,1016.3875,151.6939,1018.6154,7.7212267,31.617355,26.025248,28.684393,34.232555,32.45236,21.486637,46.887825,82.615875
6032,Ju Ching Chu Secondary School (Tuen Mun),22.38895807,113.9659506,128.999815695721,-1.7256514973099317,-0.2316919330979128,23.737005056641372,9.664779744581965,6.641024128185379,1195.1654018434178,0.20273326,1.0000000000000426,1.000000000000135,0.9742157412128915,0.7426667537073328,0.5250354369950174,5.669419941746801,9.983934321967233,15.42860088881927,19.4669741369068,21.717102188043267,25.599327,26.243782,29.047625,28.58525,18.372057,74.56805,35.514206,6.9289546,1012.6051,23.479475,9.7930565,23.923859,6.382186,32.256,494.4114,32.364132,12.583181,19.780947,29.127213,17.272123,29.127213,1884.4642,364.84256,32.78477,78.61218,928.9046,112.01813,928.9046,112.01813,7.9801006,69.64389,74.683495,20.128372,76.52267,24.61474,29.621319,15.413903,25.208925,68.91689,27.99465,8.358746,23.179785,1012.5834,32.338367,22.309721,26.133171,28.770884,7.2170672,32.78477,12.610582,24.708456,29.929762,1020.2412,17.600414,36.8082,35.51316,14.320462,24.004087,31.570778,34.812637,32.94636,1004.993,78.49496,23.144913,20.539639,1008.5149,30.902344,12.1505165,20.928097,259.48416,23.2501,26.093132,287.6209,1019.9515,31.202257,25.807964,12.5412035,19.504463,15.059372,80.79674,69.53582,12.248136,11.011833,364.84256,12.583181,15.767909,7.382903,8.402616,12.121795,79.66649,27.393019,1005.6893,15.63705,22.947079,29.155794,25.832056,19.78345,1008.9287,63.49069,18.649797,27.25118,75.9244,9.575705,26.600409,1005.4138,78.821335,1017.1057,304.5778,8.732163,17.19562,14.703053,21.314497,19.002972,19.746778,17.0158,226.6286,6.9289546,8.579338,23.084806,68.46511,24.649193,23.994286,26.416212,7.072042,64.40425,12.758728,7.7796516,23.67096,25.974754,28.3405,35.352695,22.671434,42.425163,1013.8015,10.353307,18.989153,33.199688,1016.1014,153.19936,1017.9375,13.263742,31.87217,26.383684,28.953247,34.506405,32.36251,21.990519,43.68506,77.85751
6033,S.T.F.A. Ho Yat Tung Primary School (A.M.),22.38958,113.97395,187.1668702922828,-0.03406025589335023,-0.048298217349298796,6.749185139472803,2.7595988125738966,1.8934667157241067,946.7983198554564,0.11568048,1.0000000000000426,1.000000000000135,0.9728367294961295,0.7865458025167105,0.5449716809667101,1.4718903308766118,2.0554193852074976,2.8863406477111266,4.280894163433721,4.749185139472805,48.595337,51.28184,51.64927,28.294424,18.427988,73.74538,35.607525,7.3130984,1012.6058,23.7309,9.195883,24.11003,6.1091905,31.389593,494.57846,32.466774,13.006143,19.46063,29.32418,17.459217,29.32418,1897.8518,366.18835,32.068474,78.88925,939.0728,111.68255,939.0728,111.68255,8.3731785,69.46091,73.43474,20.409935,75.31839,24.601572,29.684488,15.497423,25.498402,68.46376,28.208462,7.8546185,23.459364,1012.6092,32.465137,22.396282,26.434113,29.010647,6.7282133,32.068474,11.847478,24.799263,29.965195,1020.2976,17.872988,36.47704,35.607525,14.699385,24.233606,31.651917,34.7525,33.00615,1004.9836,78.44108,23.402401,20.855827,1008.5348,30.91633,11.268855,20.929028,262.93793,23.246237,26.062593,290.0883,1019.9378,31.24296,25.875593,12.7200575,19.582737,15.090088,79.81196,68.678154,11.491512,11.466143,366.18835,13.006143,16.064835,6.9406514,8.712886,11.167606,78.548935,27.414577,1005.6542,16.022118,23.285843,29.144257,26.086151,19.824627,1008.9376,65.32683,18.713863,27.22342,74.64369,9.613764,26.616425,1005.3738,78.082504,1017.0817,309.94656,8.080531,17.457035,14.9602,21.335917,19.333933,19.986153,17.3152,227.51096,7.3130984,8.6420555,23.002102,67.136955,24.732845,24.285444,26.674747,6.593953,64.31425,13.148492,7.3152704,23.900528,26.267519,28.564154,35.41517,22.965212,43.13704,1013.7561,10.385843,19.376925,33.323967,1016.1409,152.72023,1017.962,12.419855,31.934748,26.680212,29.173475,34.64464,32.446186,22.26976,42.98635,77.07301
6034,Fung Kai Liu Man Shek Tong Secondary School,22.5082108,114.1270629,182.56159748668688,0.10466205728116702,0.0653330135679264,8.889596133264629,1.7048949027414955,1.0991995858675654,8396.875904852694,0.15427388,1.0000000000000426,1.000000000000135,1.0000000000004956,0.9999999999992115,0.9655474748165048,1.057079998658597,1.8105290150833155,2.7643145090823964,4.606873858105848,6.889596133264629,48.919525,46.862762,41.31764,31.125769,18.414778,77.13428,36.287,5.161227,1012.7806,23.115114,4.886618,23.70402,7.3573775,34.836376,509.19876,32.945656,11.826313,21.119343,29.112494,16.865961,29.112494,2091.1443,409.3318,31.623869,83.066315,1110.8141,101.91031,1110.8141,101.91031,5.8230076,73.808,75.51011,19.448244,77.37221,24.51895,29.869144,15.84643,24.809206,61.729713,27.8396,5.4474897,22.820866,1012.6567,32.945656,22.438597,25.64724,28.65349,4.949613,31.623869,5.3077774,25.00345,30.025969,1020.6439,16.67119,32.5564,36.287,13.00944,23.77002,31.808403,35.43435,33.486706,1005.3113,82.1404,23.062296,20.129757,1008.5438,31.189594,4.285636,21.23438,340.35754,23.332,26.867125,294.2374,1020.3054,32.034122,25.909231,11.984847,19.683355,14.694664,82.3923,72.92421,5.2952046,9.771443,409.3318,11.826313,15.262957,5.2402205,7.0746937,3.860075,80.92217,27.927275,1005.6475,14.777657,22.105024,29.903587,25.282024,19.989315,1008.9644,93.869965,18.976656,28.16703,78.25292,9.482493,26.959572,1005.3265,82.09624,1017.2013,361.12476,4.6122217,16.78056,13.64665,21.489664,17.628023,19.247375,16.315529,238.05083,5.161227,4.3878627,23.393473,71.47964,24.94873,23.497587,26.239134,4.982036,68.77366,11.125136,5.100221,23.626854,25.494234,28.183275,36.12194,22.105768,37.73004,1013.7341,10.005705,17.951897,33.829037,1016.2871,151.1066,1018.7455,5.171054,32.12081,25.871078,28.823137,34.9835,32.908344,21.336329,39.425293,79.939384
6035,T.W.G.Hs Sun Hoi Directors' College,22.37518582,113.9654437,159.40340418682422,-0.22234925979410664,-0.09056095737458435,6.027910400539371,0.69910504372046,0.47927543655305116,245.61412119187437,0.105991036,0.9911939914224057,0.9245083036325579,0.7904757813002257,0.6222664373851284,0.5358527625817098,0.5472463462965673,1.0760442837925106,2.312281571245201,3.831978272070045,4.027910400539371,52.334656,42.70287,31.273808,27.48672,18.52475,73.711685,35.341175,7.8544545,1012.59863,23.76801,10.932657,24.023996,5.5106792,29.215515,492.7619,32.213554,13.355304,18.858252,29.137478,17.418049,29.214443,1830.9817,361.83734,30.438791,79.06902,911.065,109.2622,910.3778,109.2622,8.93364,69.12057,73.68898,20.515427,75.593376,24.617563,29.26746,15.637717,25.733658,68.293526,28.229471,10.090534,23.516993,1012.61273,32.213554,22.52512,26.509007,29.021229,9.114638,30.438791,12.974135,24.762737,29.600174,1020.20996,18.019901,34.569332,35.214848,15.146215,24.259678,31.408943,34.268852,32.576694,1004.93524,78.04571,23.407465,21.056116,1008.5282,30.342243,12.406193,20.420507,256.75034,22.756418,25.283438,279.79605,1019.8685,30.821636,25.493292,12.839304,19.568033,15.195044,79.75173,68.39782,12.536505,11.624548,361.83734,13.355304,16.149025,9.328656,9.206497,12.357164,78.61098,26.835184,1005.6549,16.173647,23.66101,28.520828,26.177391,19.398134,1008.9307,62.399944,18.860435,26.437662,74.60914,10.051578,26.168072,1005.4776,77.82576,1017.0556,291.79007,10.078967,17.496325,15.136247,21.051888,19.825537,19.898655,17.399677,211.37076,7.8544545,10.233685,22.987843,67.84405,24.705866,24.364683,26.67758,8.8664465,64.04661,13.818814,9.555087,24.007286,26.336143,28.56851,35.313633,23.190454,44.254066,1013.7756,10.545768,19.778421,33.264427,1016.1366,149.27135,1017.9987,13.649875,31.501936,26.747383,29.181917,34.59284,32.071636,22.388645,40.210163,77.00549
6036,Tung Wah Group of Hospitals Mrs Wu York Yu Memorial College,22.37101147,114.1405061,210.34529007653094,-1.5756197473059312,-0.04905554192375216,101.11615711077945,64.60270157615292,27.501637572410523,3007.0745609446876,0.16005608,1.0000000000000426,1.000000000000135,0.9995359653596392,0.9392488364865199,0.7849405574070099,27.101747023026743,37.3991539811215,51.16458221577398,70.9501515124318,91.32214881879965,43.185673,38.97956,31.432825,28.8742,18.330807,77.719,35.251507,6.3773084,1012.8362,22.847006,9.169805,23.326044,6.0248504,31.300669,490.31,31.832262,12.587087,19.245173,28.552979,16.805534,28.576557,2316.556,473.7545,31.311672,84.188446,1210.575,103.976524,1134.9987,103.976524,7.219237,72.84412,77.24933,19.452988,79.1856,24.4547,28.700369,15.742988,24.952166,72.32285,27.516026,8.924656,22.752762,1012.7062,31.643425,22.32811,25.764252,28.326406,9.105759,31.311672,10.166593,24.798603,28.82925,1020.3446,16.950743,33.72659,35.251507,13.973597,23.572832,30.604382,34.28732,32.154305,1005.3814,82.605034,22.467228,20.064873,1008.7404,30.103294,9.214714,20.224913,365.4964,22.272516,25.622738,350.35254,1020.2027,30.640213,25.122387,12.138251,19.52126,14.748981,83.99616,72.762634,9.897346,10.469525,473.7545,12.587087,15.395572,9.515064,7.971495,9.009803,83.115616,26.769438,1005.9528,15.162963,22.430696,28.532019,24.99303,19.270239,1009.1712,108.976326,18.827318,26.82958,77.863884,9.632054,25.70021,1005.5894,81.76437,1017.234,371.324,8.697998,16.517565,13.987579,20.789793,18.280054,18.840794,16.374252,277.44046,6.5609736,8.226829,22.945248,71.48516,24.597538,23.485693,25.719288,8.894618,67.76934,12.581233,8.687308,23.36139,25.556116,27.700712,34.89668,22.443771,38.938263,1013.9042,10.234619,18.669666,32.337276,1016.1563,150.0203,1018.6513,9.696961,31.071884,25.917446,28.371176,33.684536,31.832262,21.36555,42.89184,81.986725
6037,HKBU Affiliated School Wong Kam Fai Secondary and Primary School,22.38349,114.21061,215.91606945028292,-0.03270033460077307,0.012659962752270713,21.095229724565414,13.56333650055065,7.956745464097636,2696.522121760247,0.14755115,1.0000000000000426,1.000000000000135,0.9941825267452661,0.9478625279625765,0.7887298231685743,7.764701447948742,11.932852767883269,16.136082151380357,19.0002335655478,19.095229724565417,46.189632,44.887054,38.453346,29.420181,18.585728,77.428955,36.151314,6.7311335,1012.7168,23.222372,6.4314866,23.675552,6.187403,31.210026,506.84354,32.595783,12.771362,19.82442,29.14829,16.97694,29.148745,2385.7031,474.744,31.955359,83.125885,1229.8068,107.739075,1223.1194,107.739075,7.4425263,72.98704,77.02891,19.727,79.2544,24.69415,29.140194,15.897312,25.272722,69.94752,27.97341,5.95766,23.189,1012.6782,32.43437,22.557785,26.180758,28.859457,6.233456,31.955359,7.3621116,25.116096,29.312428,1020.2834,17.229412,35.454395,36.151314,14.095606,23.968603,31.37752,35.013035,32.69594,1005.2202,81.89755,22.769587,20.27434,1008.5459,30.3724,6.5710273,20.379156,369.53265,22.38354,26.000889,364.5665,1020.0624,31.419634,25.408363,12.308678,19.886395,14.911903,82.5927,72.56148,7.149665,10.917398,474.744,12.771362,15.692478,6.6650805,8.046529,6.03695,82.264915,27.0894,1005.8059,15.541544,22.726498,29.041618,25.457497,19.497112,1009.0411,117.3416,19.097734,27.2906,77.2825,9.86585,26.064344,1005.3787,81.080864,1017.078,385.5301,6.0274944,16.651178,14.097909,21.020496,18.515968,19.058105,16.550535,292.58685,6.752155,6.010268,23.227697,71.752266,24.953722,23.852226,26.13107,6.354082,68.330986,12.636875,6.0188923,23.69154,25.978281,28.241463,35.749992,22.738781,40.32932,1013.7442,10.5114355,18.858936,33.15994,1016.2183,153.4905,1018.5463,6.79115,31.617731,26.32302,28.910618,34.57058,32.595783,21.694185,50.224358,82.11385
6038,Shatin Pui Ying College,22.389409,114.194479,152.90706355328717,-4.332439919977238,-0.3779289897105652,23.11393821722796,13.129496695158917,8.132589097880933,3093.1649361180366,0.1674321,1.0000000000000426,1.000000000000135,0.9992717778914777,0.9404352293979676,0.8105212949881808,7.333545938616923,11.968584555113685,16.778720410619904,19.866921114359,21.11393821722796,44.07453,41.31207,39.14444,29.264956,18.558863,77.31458,36.121502,6.8565435,1012.6827,23.22976,6.472366,23.703375,6.2737584,31.571215,504.18646,32.592228,12.720759,19.87147,29.127338,17.03568,29.12873,2372.078,472.23096,31.663055,83.283394,1224.0964,107.32319,1207.8728,107.32319,7.377326,72.710304,76.953,19.72964,79.11848,24.693037,29.205112,15.881628,25.342325,69.73898,28.046473,5.9346366,23.156557,1012.5282,32.41792,22.54019,26.14187,28.823578,6.163694,31.663055,7.496715,25.083048,29.369621,1020.1408,17.236069,35.342068,36.121502,14.064006,23.950594,31.373522,35.0319,32.736412,1005.2188,81.727234,22.792679,20.27288,1008.5559,30.455738,6.713855,20.495047,368.23557,22.514803,26.08334,362.7636,1020.0846,31.440744,25.482737,12.152119,19.849884,14.9273815,82.67945,72.429924,7.322252,10.864376,472.23096,12.720759,15.689859,6.6318507,8.210608,6.2030635,82.258125,27.173256,1005.7974,15.505509,22.691504,29.121675,25.45341,19.58774,1009.0342,114.66105,19.072756,27.37386,77.32431,9.828637,26.156895,1005.3816,81.06546,1017.104,383.62988,6.075843,16.680555,14.111519,21.235014,18.477924,19.102903,16.564552,291.23145,6.8961205,5.9770103,23.238401,71.58806,24.923147,23.835503,26.125257,6.228496,68.10946,12.7682705,5.9408236,23.667112,25.94274,28.218134,35.70072,22.843494,40.31806,1013.7529,10.516102,18.814552,33.114788,1016.0485,153.59822,1018.5452,6.9801445,31.652431,26.295753,28.891056,34.514065,32.592228,21.697132,48.665157,81.811165
6039,United Christian College (Kowloon East),22.32961,114.17059,182.18993250605777,-0.8864238027650791,-0.22904463346259826,22.27708627869125,13.37265883423264,8.576285935580088,1848.450733650341,0.15610452,1.0000000000000426,0.9999997960485736,0.942320173204699,0.77922143761237,0.721437652604451,7.802400689009597,12.195125943707897,14.236778032313548,15.669908893633918,17.46445809529946,48.04713,54.781124,63.09807,28.083782,18.763374,76.91516,35.82407,7.7402906,1012.6387,23.485907,8.179457,23.905447,5.6596556,29.89275,495.6706,32.420063,13.488019,18.932043,29.220837,17.35679,29.22368,2311.382,449.4947,30.428469,81.98988,1177.8337,104.922424,1162.492,104.922424,8.485107,71.79813,76.66805,20.168457,78.91324,24.82329,29.177221,16.079586,25.664896,71.141174,28.162468,7.2911243,23.493006,1012.6546,32.185814,22.703648,26.541962,29.013063,7.134823,30.428469,10.191501,25.218634,29.22485,1020.1384,17.75841,34.382366,35.82407,14.879748,24.116144,31.222181,34.78147,32.627388,1005.1594,81.65006,22.924498,20.611137,1008.5338,30.4049,8.845072,20.363113,354.45435,22.395725,25.782581,349.74933,1019.9033,31.020546,25.553854,12.671151,19.96794,15.221325,82.85215,71.54669,9.71801,11.6202345,449.4947,13.488019,16.112038,7.696744,8.939583,8.564706,82.40494,27.021597,1005.8373,16.159855,23.287394,28.75768,25.772726,19.557596,1009.0388,114.54333,19.258577,26.933294,76.78801,10.084768,25.982159,1005.3842,80.975136,1016.9556,373.88474,7.6718984,16.981886,14.705753,21.146513,19.19907,19.327303,16.984552,292.51566,7.765209,7.6821733,23.218952,70.36361,25.019302,24.155447,26.262682,6.8742642,67.12921,13.716875,6.976571,23.837517,26.313334,28.3431,35.319355,23.186258,40.11158,1013.6594,10.893325,19.633509,32.771465,1016.0905,150.35634,1018.3097,9.506587,31.594196,26.641676,29.002806,34.20522,32.420063,22.169909,50.319992,81.8928
6040,South Island School,22.25387,114.18316,204.5524739226962,-10.080821340058232,-0.4271041750756159,121.80436129018187,30.23389216968812,19.5603926994498,955.2641320028588,0.3064468,0.9974409836065995,0.9374961886553083,0.8656687722876344,0.6381919035748801,0.45061998503908174,19.90533174561542,37.00117618673266,63.337455804053086,98.18237271799275,117.17919135972538,7.154478,7.907971,8.845492,26.902262,18.620266,80.43105,34.304268,7.4020047,1012.6364,22.47635,12.884272,22.88907,5.4711123,29.568674,483.883,31.073807,12.576909,18.496893,28.052382,16.527563,28.072693,2136.9006,416.0275,28.616232,81.2589,1083.3661,97.97023,1004.565,97.97023,7.9226227,73.852425,80.467384,19.255733,82.61485,24.775368,27.95295,15.976783,24.957075,72.12581,27.337,12.021996,22.511381,1012.5732,30.842138,22.52045,25.473265,27.839848,12.153561,28.616232,15.578128,25.075882,28.023916,1019.7815,16.914845,31.626797,34.304268,14.12101,23.176712,30.021378,33.76567,31.444176,1005.2315,84.8929,21.847813,19.626884,1008.6025,29.18075,13.651781,19.364964,334.842,21.409021,24.505,318.5474,1019.8606,29.704788,24.41844,12.092436,19.725288,15.126956,87.2127,74.707924,14.148041,10.483067,416.0275,12.576909,15.17631,12.436389,8.656965,13.920548,86.939186,25.818407,1006.0777,15.095725,22.305672,27.3659,24.703175,18.56336,1009.134,95.28256,19.206957,25.53641,81.015724,10.072161,24.884808,1005.6053,85.168236,1016.9108,332.4966,12.165731,16.035595,13.930686,20.608444,18.463568,18.390757,16.07372,274.34875,7.5248103,10.698239,23.080507,73.755035,24.823439,23.145952,25.144384,11.668801,68.8014,13.521156,11.545731,22.986097,25.311666,27.281397,34.064137,22.555927,37.727207,1013.8017,10.966959,18.727291,31.54033,1015.8465,144.07675,1018.2117,14.622311,30.332296,25.592043,27.868462,32.99017,31.073807,21.176624,51.183,85.74479
6041,POH Chan Kai Memorial College,22.36595,114.17822,192.20292537993566,4.558324870810978,0.3946322199001933,31.00770705269839,15.021812675891171,8.780244130219753,5264.609786421739,0.18111552,1.0000000000000426,1.000000000000135,1.0000000000004956,0.9882020651049861,0.7865936237638436,8.18468778110899,13.61009989989739,19.694391367698856,23.666212331935117,26.93151221353977,37.883915,36.484245,31.87033,29.874662,18.603712,77.451485,36.163754,6.289093,1012.7745,23.173225,6.694603,23.716356,6.4341345,32.228195,501.8213,32.660645,12.696925,19.963718,29.107912,17.053822,29.107994,2378.6675,475.3504,32.09825,83.444626,1232.3658,105.109924,1230.5966,105.109924,7.3199196,72.25779,77.21412,19.63747,79.37649,24.75695,29.358013,15.916463,25.051176,70.56153,27.833324,6.5856876,23.089775,1012.8176,32.438457,22.570646,26.073454,28.819157,6.654839,32.09825,7.649282,25.100937,29.448215,1020.4924,17.193434,34.982864,36.163754,14.056036,23.888147,31.377457,35.181465,32.87015,1005.2771,81.70299,22.747782,20.215452,1008.5456,30.718443,6.6260343,20.661371,372.8018,22.682594,26.317715,359.09442,1020.1028,31.415207,25.681204,12.4234,19.853312,14.923508,83.22241,72.31371,7.4501657,10.734752,475.3504,12.696925,15.640203,7.169321,7.753172,6.130431,82.77853,27.37201,1005.8277,15.424716,22.668293,29.249678,25.39289,19.770628,1009.0392,119.52408,19.096556,27.549088,77.5512,9.871837,26.255875,1005.4,81.263885,1017.114,384.21365,6.2012954,16.643312,14.079125,21.058838,18.434986,19.023476,16.494438,292.58005,6.289181,5.780343,23.334625,72.06364,24.92048,23.750204,26.07962,6.602992,67.605995,12.274887,6.458121,23.64715,25.878115,28.183441,35.74389,22.468859,38.02881,1013.7321,10.47583,18.808907,33.032017,1016.3377,152.1973,1018.6077,7.026721,31.807787,26.219337,28.860912,34.427032,32.660645,21.661163,47.23458,82.067085
6042,HKFYG Lee Shau Kee College,22.46292,114.00462,147.7306950509237,0.05985532045283676,0.04241953686791362,7.833152614331676,0.8845426144955508,0.5294591422159085,2017.3285394082934,0.1338228,1.0000000000000426,1.000000000000135,0.8856357106473143,0.7034946811977969,0.7864774189474422,0.7503474286063088,1.7902731060373138,3.671606439477028,5.41453819552861,5.833152614331677,55.957718,53.324276,45.798588,29.23644,18.48489,75.4313,35.860706,6.6242642,1012.6399,23.447393,8.191261,23.971884,6.7065406,33.39146,498.9224,32.618233,12.535203,20.083029,29.225245,17.230862,29.225245,1826.1353,339.10107,32.49524,78.81024,918.3405,104.555084,918.3405,104.555084,7.5430455,72.01695,74.08874,20.069864,75.774445,24.579824,29.863985,15.755325,25.151329,64.642426,27.927652,7.1502705,23.216293,1012.5884,32.591927,22.426563,26.100883,28.756433,6.4482293,32.495564,9.977452,24.997028,30.126537,1020.52,17.342163,33.06828,35.860706,13.977938,24.035,31.724718,34.98912,33.3335,1005.1365,80.68719,23.287554,20.550194,1008.4979,31.147213,9.571523,21.21857,257.25925,23.520176,26.463938,266.50845,1020.0304,31.670055,25.928421,12.541448,19.701942,14.969022,81.14313,71.26527,9.8072605,10.895038,339.10107,12.535203,15.713493,6.618104,8.083948,9.523714,79.34094,27.748756,1005.6291,15.531502,22.739372,29.55251,25.729359,19.892338,1008.918,65.74922,18.929277,27.715837,76.779976,9.47047,27.010778,1005.2849,80.446335,1017.0394,321.9801,7.524322,17.2274,14.400386,21.360735,18.770319,19.754103,16.940098,214.35104,6.6242642,8.132123,23.275942,68.70438,24.907541,23.947287,26.485716,6.471823,66.4929,12.477789,6.762236,23.760141,25.95395,28.342657,35.449554,22.633186,38.991257,1013.6552,10.264293,18.76498,33.377617,1016.1732,149.71974,1018.2054,10.30808,32.045437,26.36175,28.946566,34.621708,32.618233,21.85563,42.2689,78.4353
6043,CUHKFAA Chan Chun Ha Secondary School,22.4232,114.22769,188.95844441933582,0.217069312765174,0.14124381069848368,8.201285378558085,4.0487051386633865,2.0887969045794397,296.5159445055282,0.11544959,0.6885424828230602,0.5418206144790453,0.6161702900722099,0.716075396988412,0.8390119622116035,1.6633413018331942,2.582577601038931,3.9536945749311476,5.470867563256611,6.201285378558084,54.13219,45.75648,33.157772,27.607115,18.822115,77.5256,35.66409,8.0569725,1012.7408,23.323946,9.911365,23.673508,5.16152,27.90607,502.86603,32.143,13.649941,18.49306,29.064436,17.053566,29.064514,2159.7256,448.545,28.339714,85.41313,1153.5873,93.89696,1151.2052,93.89696,8.649456,73.79913,76.65885,20.05228,78.829636,24.614954,28.593285,16.426682,25.918257,68.1299,28.008776,10.669855,23.377258,1012.6691,32.122585,22.919617,26.388866,28.862398,11.864688,29.092194,8.487762,25.097569,28.849606,1020.1768,17.475304,28.372313,35.61871,15.064195,24.09407,31.11168,34.233677,32.116245,1005.4083,82.18553,22.857292,20.828157,1008.5439,29.48953,8.055472,19.720947,347.68152,21.725744,24.91035,329.18066,1019.94403,31.014957,24.842264,12.544261,19.87203,15.02147,82.08368,72.82338,8.352798,11.328955,448.545,13.649941,15.9010725,12.297888,9.176185,7.603565,81.70595,26.308874,1005.7538,15.838781,23.601994,28.225416,25.670212,18.863874,1009.0172,101.352,19.496162,26.259813,77.1897,10.777594,25.506437,1005.58344,81.14353,1016.99585,357.36075,10.570174,16.830738,14.367545,20.654898,19.696272,18.91112,16.811768,230.88121,8.059746,10.097043,23.429153,73.08272,24.963146,24.062134,26.207293,11.770603,69.03651,14.27319,10.999022,24.055399,26.158426,28.290426,35.476604,23.389404,36.432453,1013.76495,10.702759,19.747522,33.181072,1016.25977,143.19707,1018.7715,8.167505,30.968979,26.514153,28.939137,34.588158,32.090908,21.933586,39.500774,81.768585
6044,Queen's College,22.28036,114.19191,216.22037868642244,1.2779881933885429,0.09422558854024664,33.22324257279778,21.42860601998522,13.512646608187547,621.345046745004,0.14342076,0.9884827868852873,0.8737162523901497,0.774478604177479,0.7835779605283525,0.5723450427381314,12.1101879528273,20.43191614668489,27.785132267553063,29.629763536251133,31.129888473957237,36.72151,33.91457,30.162745,27.302567,18.926044,78.00565,35.213573,7.911007,1012.6532,23.263857,10.243441,23.598406,5.2027955,28.389862,493.8265,31.88828,13.564421,18.323862,28.893969,17.102047,28.897682,2186.8535,427.4871,28.443937,81.60835,1119.0236,97.69277,1101.2332,97.69277,8.8445215,72.367226,77.649864,19.954704,79.94571,24.916416,28.61031,16.329506,25.628744,72.36899,27.972475,10.297167,23.312883,1012.78,31.78358,22.888264,26.319262,28.776588,10.369949,28.443937,11.706221,25.328047,28.651918,1020.167,17.631521,31.321087,35.20723,15.0687065,23.896103,30.819176,34.263058,32.08533,1005.173,82.789505,22.665962,20.504377,1008.4926,29.6672,9.807967,19.717031,347.54224,21.781557,24.889359,323.9008,1019.8258,30.393118,24.996485,12.755173,20.0424,15.286394,83.94856,72.26094,10.624385,11.497462,427.4871,13.564421,15.922069,10.845297,9.0986,9.669234,83.71675,26.293737,1005.8865,15.9960375,23.348783,27.9081,25.57036,18.998713,1009.0312,108.4658,19.535885,25.962013,77.87255,10.537447,25.396393,1005.4519,82.372986,1016.8556,343.99423,9.735946,16.735828,14.539056,20.724346,19.433716,18.982851,16.785034,272.4341,7.9301124,9.23358,23.294897,72.13958,25.107353,23.93365,26.012615,9.9165535,67.73095,14.058997,9.951089,23.79378,26.130215,28.157646,35.046444,23.155752,37.92775,1013.6149,11.090746,19.71707,32.47204,1016.1738,144.43068,1018.3855,10.763897,31.031357,26.424793,28.766594,33.95008,31.886793,21.971775,48.53677,83.273155
6045,Jockey Club HSBC WWF Hong Kong Hoi Ha Marine Life Centre,22.46327,114.33345,214.1869177386889,10.938813573666275,0.6164994809955644,40.83276801587884,25.71047669751896,18.12163245479073,127.0875009209441,0.29809827,0.6951914923685831,0.6745825366475708,0.5239450304775026,0.5389776702509109,0.44217629912098205,16.05738569696246,27.58411694889766,38.12909113621028,38.83276801587884,38.83276801587884,0.0,0.0,0.0,29.597973,18.699263,82.220116,35.372566,5.7745953,1012.7587,22.372492,9.783484,22.762224,5.9933796,30.303139,510.0314,31.698307,11.920637,19.777668,27.345852,16.049126,28.296589,1979.2421,414.35788,28.550156,83.101616,1040.4789,96.62038,1006.79675,96.62038,7.211941,77.678444,81.59435,18.98419,83.673195,24.736784,28.20729,16.374384,24.345884,69.475975,26.907965,9.536034,22.313498,1013.13666,31.693716,22.752287,25.322392,27.984379,10.754951,29.74837,9.578171,25.01939,28.303953,1020.39667,16.506033,28.5984,35.130947,13.384207,23.321997,30.672844,34.132645,31.694706,1005.18427,85.41352,21.735603,19.444817,1008.3183,29.054956,9.172444,19.246696,299.22336,21.109943,24.47332,326.89752,1019.767,30.37782,24.480347,12.439979,19.734568,14.760286,86.88705,78.06626,9.391492,9.694011,414.35788,11.920637,14.875959,10.709195,7.1352496,8.95626,87.08921,25.905006,1005.84674,14.436906,22.205566,27.538227,24.834826,18.439621,1008.92804,79.68961,19.237776,25.608252,83.4135,10.396713,24.85424,1005.6491,85.89331,1016.8302,293.2154,11.343693,15.79589,13.3190365,19.984556,18.289297,18.0358,15.619726,209.60107,5.7745953,7.7875834,23.636856,78.42138,24.85275,22.930628,25.172081,10.804433,71.77121,12.093671,10.037783,23.291777,25.056015,27.448471,35.3724,21.710075,38.273613,1013.8784,10.449374,18.21954,32.752674,1016.7998,145.76787,1018.36993,9.329768,30.49715,25.417963,28.1352,34.22907,31.616608,21.037699,44.392822,86.739975
6046,Sai Kung Sung Tsun Catholic School (Secondary Section),22.38317,114.26966,133.09652829229884,-0.6733208090355641,-0.1568919014627031,20.956209981413426,10.56103692928887,6.638951393820374,429.7807148326367,0.17613398,0.9072605885298949,0.761696986837063,0.7139000774784856,0.7512228394803233,0.7074523200750703,5.770145140869554,9.688297178726025,14.451658400091974,17.785371757793534,18.956209981413426,36.766006,33.06553,25.406033,27.878725,18.73449,78.22983,35.707245,7.828521,1012.6982,23.135382,9.16156,23.496279,5.336355,28.35164,508.13144,32.136143,13.324913,18.811226,28.969036,16.839277,28.981712,2223.754,452.29623,30.803406,83.51226,1156.5846,99.02404,1153.9481,99.02404,8.384582,74.561,77.49538,19.784243,79.781,24.65324,28.515753,16.26917,25.648123,71.04464,27.905516,9.271164,23.225325,1012.70416,32.075336,22.780506,26.24577,28.750607,10.423405,31.094057,8.641639,25.169046,28.729778,1020.0995,17.281042,30.973265,35.701004,14.68424,23.938295,31.053469,34.371513,32.06704,1005.32086,83.02012,22.545666,20.44506,1008.5036,29.506481,8.079226,19.554556,343.63113,21.492857,24.946009,347.04852,1019.8759,30.86954,24.781847,12.436472,19.932486,14.90582,82.61498,73.48641,8.276021,11.209115,452.29623,13.324913,15.712357,10.659804,8.823446,7.671632,82.61886,26.26532,1005.81934,15.699884,23.194,28.060324,25.458994,18.767939,1009.0422,107.67612,19.338717,26.249052,77.6174,10.439801,25.312063,1005.5188,81.623604,1016.91437,360.6162,9.4355135,16.561386,14.158743,20.545267,19.249578,18.71977,16.547812,248.3933,7.841855,9.024008,23.293022,73.16457,24.986315,23.887314,26.01387,10.591016,69.40519,13.867248,9.778146,23.837242,26.03695,28.161118,35.459225,23.189213,36.95671,1013.74115,10.609276,19.410122,33.029728,1016.2595,145.62546,1018.578,8.087139,31.021498,26.354162,28.794891,34.481525,32.1231,21.71937,48.398506,83.36937
6047,Pooi To Middle School,22.32925,114.18545,156.48967784982614,-1.1338370463496057,-0.29109584095134633,19.5048585661705,5.731603149573614,3.6540931987968923,1439.6520065803122,0.09904457,1.0000000000000426,0.9937764181008341,0.9329482934288331,0.8265675458353308,0.7338274627180317,3.1430542650715734,5.440302511658705,8.433332722353446,11.593947865829504,16.025012252506844,70.02826,68.921844,65.55091,28.021093,18.764973,76.86778,35.850346,7.82925,1012.6477,23.504234,7.793238,23.882301,5.553401,29.434557,498.78354,32.412586,13.546398,18.866188,29.248175,17.305721,29.248175,2331.697,455.5051,30.540312,81.959755,1190.6932,105.5969,1190.6932,105.5969,8.499889,72.02766,76.47106,20.155447,78.76651,24.799767,29.07815,16.096008,25.736553,71.547905,28.215525,7.1936946,23.53,1012.6512,32.231728,22.723661,26.58353,29.081268,7.103057,30.540312,9.404718,25.24045,29.147976,1020.1468,17.734108,34.435543,35.850346,14.917812,24.14753,31.229,34.706833,32.566055,1005.1575,81.733696,22.953741,20.645853,1008.5358,30.27848,8.123556,20.213673,359.69687,22.245394,25.651207,349.85812,1019.9254,31.018803,25.43988,12.621368,20.000072,15.177281,82.50308,71.55765,8.967143,11.650798,455.5051,13.546398,16.117693,7.6619625,8.95907,7.7665267,82.1095,26.899672,1005.8371,16.178967,23.339005,28.660107,25.779016,19.446423,1009.0484,118.30298,19.29649,26.808243,76.54741,10.142329,25.884329,1005.376,80.8494,1016.9604,375.49106,7.2910047,16.968538,14.652564,21.057457,19.23626,19.289658,16.972065,294.01434,7.8292775,7.513278,23.1812,70.52494,25.046757,24.175236,26.304977,6.88675,67.41207,13.769062,6.928868,23.896713,26.357231,28.401735,35.433453,23.262978,40.621048,1013.649,10.854289,19.665987,32.892387,1016.0938,150.83994,1018.3904,8.678301,31.521421,26.674969,29.05203,34.321358,32.412586,22.152521,50.843594,81.910416
6048,Maryknoll Secondary School,22.3252,114.21672,212.31297073333283,-3.3234247442148988,-0.20215201130407076,33.011336585660814,18.76729655465182,11.370312432004667,1174.6777806059406,0.11218702,1.0000000000000426,0.972328463989928,0.8460435048398245,0.8619366393064102,0.729398764865164,10.363458208872547,16.890280939990024,24.168806554000444,28.444759394839355,30.976136585660814,60.739338,58.133907,56.28858,27.993912,18.738106,77.59441,35.771442,7.777529,1012.6726,23.29951,8.181667,23.677816,5.477896,29.064457,502.53406,32.26961,13.423537,18.846071,29.097382,17.079603,29.101362,2328.5952,461.7645,31.341145,82.115364,1197.1614,103.72521,1180.0917,103.72521,8.359547,72.93015,77.10424,19.90479,79.41181,24.7477,28.789663,16.135653,25.6953,72.96853,28.114416,8.1957855,23.362762,1012.6253,32.124775,22.729246,26.408606,28.951271,8.366844,31.341145,9.00792,25.217876,28.894938,1020.0908,17.478498,33.561928,35.771442,14.792163,23.994638,31.097565,34.571613,32.360756,1005.2439,82.37319,22.743834,20.484333,1008.5402,29.991184,7.7993164,19.874956,363.3114,21.89668,25.388538,345.0739,1019.9541,30.896774,25.134245,12.402427,19.987396,15.045463,82.81072,72.37524,8.4602785,11.396994,461.7645,13.423537,15.887108,8.832746,8.903233,7.4086447,82.606316,26.62435,1005.8723,15.926083,23.218235,28.4014,25.55325,19.154999,1009.075,121.0078,19.331007,26.547287,77.169624,10.263052,25.604353,1005.427,81.41418,1016.965,372.0855,7.79262,16.70905,14.362092,20.869867,19.134531,18.966757,16.713154,287.25732,7.8531127,7.8119555,23.210379,71.90089,25.030287,23.971027,26.12436,8.226525,68.239975,13.812453,8.069775,23.830019,26.200113,28.272135,35.453236,23.251732,38.822136,1013.6727,10.756782,19.51424,32.89265,1016.0675,150.24403,1018.538,8.207595,31.289509,26.483612,28.903143,34.32537,32.26961,21.890285,51.15713,82.79671
6049,Lee Kau Yan Memorial School,22.33193,114.19466,154.89252693336738,-0.1405926365381647,-0.08716476943796363,7.9783646163869415,2.354931768376907,1.15950433765441,1255.5197835711817,0.08584323,1.0000000000000426,0.9839473804972615,0.9213709628124147,0.855034479463728,0.7447358906233146,1.3327702082623276,2.3391608118191853,3.752150494828284,5.027960598955787,5.978364616386942,62.426086,62.275593,62.91376,28.286474,18.80019,76.93987,35.9783,7.6918263,1012.645,23.51539,7.333314,23.886518,5.617863,29.550768,502.0834,32.507317,13.497417,19.009897,29.29965,17.271955,29.29965,2333.4749,457.4055,30.588198,81.93081,1191.5835,105.57562,1191.5835,105.57562,8.423392,72.02546,76.55854,20.111185,78.8761,24.850353,29.115181,16.135565,25.715662,71.35977,28.242706,6.977369,23.534624,1012.6676,32.359413,22.772747,26.574644,29.141447,6.938775,30.588198,8.650195,25.284037,29.188494,1020.1855,17.70211,34.319344,35.9783,14.867469,24.168648,31.329607,34.80187,32.62821,1005.1286,81.6294,22.967648,20.630922,1008.4973,30.294495,7.400793,20.19193,361.38794,22.223541,25.656534,350.0475,1019.9254,31.112343,25.459118,12.611365,20.047213,15.163341,82.4473,71.616165,8.241995,11.5857935,457.4055,13.497417,16.095284,7.5048532,8.843372,6.9655595,82.14237,26.917578,1005.812,16.128168,23.335726,28.688997,25.798162,19.45253,1009.0234,120.27591,19.343275,26.82737,76.64298,10.204652,25.901459,1005.354,80.84655,1016.9516,372.79004,6.875984,16.934553,14.580225,21.04217,19.216719,19.249971,16.920929,292.9976,7.6918263,6.9887595,23.249897,71.01053,25.096191,24.161846,26.33595,6.7747936,67.47528,13.640055,6.777158,23.935965,26.35871,28.46522,35.64442,23.227743,40.668076,1013.624,10.843642,19.619255,33.056168,1016.1323,150.89552,1018.4386,7.903538,31.574654,26.668232,29.116032,34.49031,32.507317,22.1356,50.739365,82.00774
6050,Hon Wah College,22.264817,114.249942,164.48614376969817,2.1368330403789457,0.1913935138476335,13.483839765712759,9.57905900798077,6.042631008089655,302.4043556778875,0.12353661,0.757699275362338,0.583347881508572,0.5350980803375825,0.6179597316717418,0.43990994551362306,4.887010109851916,7.233743380669314,9.074716305303522,10.785169109197806,11.483839765712759,45.826054,36.762154,25.375227,26.268658,19.161386,78.02066,35.374752,9.106093,1012.6197,23.389648,12.4095,23.74032,4.606777,26.159864,497.44757,31.926418,14.323549,17.602869,29.064077,17.253141,29.06416,1998.2079,396.08386,26.741394,81.54543,1028.1125,87.09509,1027.2681,87.09509,9.961183,73.15662,77.36311,20.250395,79.64994,24.95941,28.501852,16.713392,26.133701,71.12077,28.120907,13.1031065,23.545105,1012.8048,31.791372,23.15694,26.610662,28.891289,13.882409,27.674374,12.607242,25.473665,28.49785,1020.06995,17.91763,26.762993,35.36682,15.859138,24.025787,30.923885,34.293118,32.148464,1005.32043,83.27521,22.665644,20.842682,1008.4161,29.509756,10.796204,19.300508,310.3076,21.33321,24.60698,294.19504,1019.6551,30.442858,24.834497,13.041863,20.223555,15.340965,83.137146,72.17091,11.092695,12.096725,396.08386,14.323549,16.154142,14.296031,9.880361,10.683434,83.20976,26.117477,1005.8271,16.412378,24.012533,27.602358,25.817854,18.737421,1008.99115,95.054306,19.815592,25.629538,77.29905,11.08328,25.129854,1005.48175,82.37427,1016.6724,321.72113,12.296249,16.747293,14.737009,20.56123,20.356024,18.831894,16.97019,238.16158,9.106093,11.937454,23.517542,72.527054,25.278017,24.179157,26.088531,13.569719,68.48428,15.226902,13.13305,24.009,26.448769,28.347544,34.98757,23.662975,32.657738,1013.5273,11.332421,20.435858,32.625645,1016.24445,138.55038,1018.4257,11.516405,30.992983,26.689936,28.884266,34.191902,31.91984,22.208773,45.918224,83.60072
6051,The Chinese Foundation Secondary School,22.26431,114.24947,155.23914431153383,2.9527421308033515,0.23158659701163536,15.656726062308186,10.668134612084462,6.578389686870869,335.462591918286,0.12150513,0.7869589321805744,0.6038932833931411,0.5402328566492753,0.6193342558010523,0.44026255657867985,5.016252747101009,8.162525123372138,10.861240424388825,12.783101829301836,13.656726062308186,47.01607,37.608494,26.241028,26.339186,19.150532,78.01239,35.381252,9.04207,1012.62994,23.381872,12.374443,23.741041,4.632211,26.268393,497.19894,31.934765,14.307524,17.627237,29.06346,17.25302,29.063538,2004.6792,396.58832,26.952852,81.52923,1031.0776,87.3718,1030.2793,87.3718,9.937453,73.18447,77.34526,20.24789,79.63083,24.947258,28.517786,16.69166,26.0967,71.17303,28.093067,12.998941,23.54029,1012.83356,31.787455,23.138067,26.607292,28.881435,13.757928,27.825092,12.655042,25.465569,28.512709,1020.10315,17.911528,26.96603,35.376144,15.838421,24.020054,30.925272,34.31123,32.16423,1005.33026,83.30804,22.661016,20.831099,1008.4238,29.541113,10.845272,19.331272,310.71436,21.362793,24.655766,295.1379,1019.6595,30.45731,24.850044,13.069402,20.214905,15.334847,83.13503,72.177345,11.1398735,12.096025,396.58832,14.307524,16.150291,14.167803,9.82074,10.738295,83.19471,26.14787,1005.832,16.410862,23.98934,27.638996,25.80742,18.760275,1008.997,95.08884,19.796791,25.677446,77.281494,11.048801,25.152023,1005.4803,82.37599,1016.6767,323.77484,12.233803,16.745676,14.735445,20.545185,20.326704,18.839428,16.969706,239.71208,9.04207,11.923617,23.505247,72.41729,25.269419,24.175705,26.081774,13.448287,68.50377,15.156829,13.019533,23.994207,26.44437,28.336546,34.96324,23.617321,32.58068,1013.53253,11.324406,20.41763,32.60757,1016.27545,138.85857,1018.4152,11.564925,31.010588,26.685995,28.872692,34.17218,31.93037,22.201591,46.259357,83.594376
6053,Po Leung Kuk Lee Shing Pik College,22.37663,114.11018,174.45712759277552,-3.327057461449189,-0.31867816341252025,22.124512867270735,12.461920191712716,8.256886506096379,737.2516026001423,0.15702769,0.9824877049180737,0.9030773231358574,0.9216823229754307,0.8677356473550629,0.7790371560031099,6.999805308536203,11.605687244081489,16.10771460730674,17.83195657695786,19.807712867270737,48.73549,44.645092,37.413567,28.231771,18.609272,76.3257,35.516506,7.284736,1012.6509,23.404518,8.200429,23.75355,5.8256125,30.55132,492.4804,32.151993,13.090797,19.061197,28.50188,17.209835,29.000494,2166.5437,439.2648,28.611826,83.21072,1115.5168,102.83551,1082.5658,102.83551,7.968614,71.17381,75.75259,19.968359,77.68762,24.776688,29.10141,16.03168,25.504831,69.840965,28.102175,7.9726562,23.230862,1012.5085,32.12355,22.672752,26.211065,28.818287,7.966917,28.611826,9.326865,25.077034,29.170237,1020.1655,17.566654,32.32381,35.51546,14.566247,24.01681,31.061966,34.462097,32.47653,1005.068,81.24371,22.980398,20.575335,1008.5626,30.265757,8.153081,20.36018,337.9268,22.474075,25.468828,337.444,1020.0256,30.824594,25.495544,12.385509,19.779205,15.035841,82.847786,71.04126,9.012982,11.105916,439.2648,13.090797,15.918713,8.498295,8.714063,7.8432508,81.88732,26.915094,1005.7554,15.733344,23.062212,28.5188,25.664196,19.495043,1009.0042,97.847,19.074303,26.690912,76.65498,9.914244,25.937084,1005.4382,80.62042,1017.0852,336.28586,7.795028,17.018597,14.515916,21.230825,18.994938,19.370127,16.89038,258.15106,7.305017,7.3599834,23.140371,70.21626,24.882286,23.976397,26.249418,7.7302275,66.38262,13.34354,7.783858,23.80826,26.031466,28.246931,35.421764,23.033329,41.899883,1013.7178,10.541364,19.260626,32.86616,1015.997,147.62686,1018.4824,8.962003,31.399607,26.403662,28.924343,34.26363,32.146774,21.99439,39.32087,80.40005
6054,PLK Ngan Po Ling College,22.31271,114.18988,141.7715828062211,-0.10392995463642359,-0.023871930932140583,7.411384845148058,2.6035234821088187,1.6087587499589808,287.5451442277549,0.05758964,0.8250744239705949,0.735363815660755,0.7331051369630933,0.8106643075099498,0.6835661018427859,1.3438561752746971,2.096831814819459,3.1504560751434796,4.791237720787242,5.411384845148059,79.63519,68.51946,56.927273,26.964275,18.99682,76.98923,35.492943,8.528665,1012.66144,23.558378,9.815747,23.820074,4.8303742,26.910135,497.28635,32.05898,14.113439,17.94554,29.148607,17.293957,29.148607,2207.7124,445.55792,28.155346,82.90885,1151.046,96.4081,1151.046,96.4081,9.279477,71.86994,76.46989,20.242981,78.80721,24.884188,28.631733,16.515999,26.120413,71.815636,28.283207,10.738268,23.615465,1012.6768,32.0369,23.05134,26.665468,29.140167,11.036864,28.155346,9.774298,25.331032,28.72496,1020.13794,17.862984,29.811262,35.39677,15.579893,24.19445,30.980453,34.138756,32.102795,1005.1996,81.7348,23.000658,20.96615,1008.49286,29.592758,8.255889,19.61618,355.3536,21.679857,24.716547,323.8622,1019.8635,30.535978,25.018436,12.75897,20.09029,15.282132,82.47991,71.39529,9.134032,11.825705,445.55792,14.113439,16.209143,11.619839,9.624273,7.9247847,82.17828,26.23318,1005.8222,16.316105,23.909452,27.884851,25.87966,18.952497,1009.0196,116.632996,19.674313,25.850819,76.51893,10.88269,25.391972,1005.48566,80.94299,1016.89703,350.13452,9.74202,17.021923,14.761952,20.739784,19.994661,19.104937,17.058155,261.02155,8.528665,9.45182,23.344524,72.108536,25.13276,24.249704,26.356642,10.610766,67.33118,14.74056,10.527351,24.176676,26.44596,28.472403,35.4161,23.667604,38.44148,1013.5956,11.013628,20.233433,32.878067,1016.10785,143.2513,1018.6388,8.973027,31.042124,26.754614,29.111082,34.332138,32.00824,22.257755,43.674614,82.0338
6055,Ma On Shan Ling Liang Primary School,22.42473,114.2408,221.8334725932817,8.072509556056708,0.5551721315402938,56.39033427210048,20.363588840996574,12.088028889948877,673.9166401736024,0.18331943,0.9622245901639733,0.8227106182282458,0.595015995924569,0.69294271361535,0.806752997918421,11.598201623183826,20.197925419890847,32.59216347264004,46.39805715204447,53.99800391600277,24.63305,21.845581,18.878763,28.666368,18.617094,78.93654,35.44542,6.7790494,1012.8511,22.852621,10.135914,23.287634,5.6098757,29.460707,502.4816,31.913738,12.87864,19.035099,28.70497,16.643915,28.70497,2215.55,454.63956,30.756388,84.55605,1166.9766,98.65236,1166.9766,98.65236,7.827523,74.99763,78.36717,19.60359,80.474,24.49822,28.432219,16.109716,25.060575,69.63755,27.356941,9.887734,22.919687,1013.0039,31.796034,22.603468,25.929222,28.399216,10.990747,30.97055,9.8686285,24.922121,28.70382,1020.4897,17.006187,30.804268,35.44542,14.270622,23.695488,30.856209,34.25899,31.971863,1005.4366,83.23855,22.376093,20.20507,1008.5947,29.483929,9.5726185,19.735378,347.91245,21.703693,25.098223,341.67087,1019.9862,30.894121,24.690641,12.630245,19.692982,14.868793,83.687965,74.50966,9.686575,10.706146,454.63956,12.87864,15.4358425,11.281205,8.007032,9.265578,83.40586,26.3099,1005.8643,15.279162,22.830057,28.276527,25.170519,18.797987,1009.0782,99.31381,19.1822,26.423416,79.013115,10.282256,25.414993,1005.6205,82.534065,1017.043,364.4246,10.633814,16.397831,13.948582,20.232288,18.862253,18.610512,16.349472,247.14645,6.7794414,9.718338,23.299198,73.81365,24.777142,23.59653,25.726458,10.974869,69.8903,12.917085,10.1777725,23.5496,25.693163,27.826866,35.10629,22.434866,36.877544,1013.8856,10.538784,18.988964,32.78315,1016.6072,146.93503,1018.6037,9.573092,30.833866,26.04146,28.477057,34.17079,31.91373,21.447947,45.21745,83.30644
6056,Henrietta Secondary School,22.29171,114.19449,219.68061648112908,2.8247190350281772,0.29109863683895176,11.164118400496061,8.000168338408841,4.919004852005036,200.65776988905714,0.039664824,0.6554374473775539,0.5796398883965888,0.6628101370829135,0.805883175364496,0.6098856823416202,3.856400152736593,5.698811586485859,7.647667351116259,9.128146596446697,9.164118400496061,38.884438,33.495243,25.917418,27.072432,19.105974,77.88809,35.365276,8.292847,1012.6804,23.362434,11.065457,23.642769,4.8166275,26.901464,496.0362,31.88195,13.977887,17.904064,28.918194,17.137981,28.946781,2122.6218,432.0094,27.23886,83.09701,1112.2487,90.798615,1112.1957,90.798615,9.301762,72.02939,77.51947,20.0191,79.84063,24.995777,28.452236,16.674006,25.9373,72.190704,28.082516,12.591146,23.412449,1012.78973,31.871677,23.169146,26.41934,28.947294,13.048105,27.240805,10.65658,25.383232,28.524694,1020.2164,17.70886,27.731737,35.15649,15.533503,24.004042,30.827818,34.050667,31.926283,1005.2246,82.23241,22.782873,20.79914,1008.43677,29.35366,8.84877,19.412334,349.8795,21.490406,24.411623,308.94965,1019.8189,30.290869,24.843056,12.818545,20.11859,15.321177,83.5843,72.026695,9.71231,11.547218,432.0094,13.977887,16.001667,13.593418,9.48345,8.599944,83.44559,25.995155,1005.8378,16.057991,23.831345,27.57814,25.708471,18.772903,1008.98724,111.99728,19.827574,25.509066,77.68746,11.150658,25.192665,1005.53265,81.983826,1016.84595,330.3069,11.075842,16.804457,14.577308,20.553953,20.011402,18.834372,16.834862,245.89973,8.292847,10.033704,23.525326,73.78947,25.173225,24.021059,26.146208,12.508166,67.495964,14.643449,12.375292,24.092035,26.228687,28.318407,35.350105,23.458979,35.826073,1013.573,11.114435,20.130722,32.721893,1016.212,139.18939,1018.6901,9.742209,30.860384,26.5223,28.941076,34.201214,31.810856,22.073008,41.400593,83.021904
6057,Fukien Secondary School,22.264812,114.250714,176.49516310914873,2.1326564605642533,0.20121916497026707,15.143149797591024,9.491826406445208,6.225109493444949,279.27134025367195,0.1336328,0.7284487903867745,0.5582201266034159,0.5268444376300153,0.6134772687410397,0.43788357179386,5.309214809948146,8.549773420502845,10.976556329750274,12.562107791318068,13.143149797591024,41.950924,33.93592,23.393803,26.267813,19.163933,78.14274,35.34445,9.076638,1012.62244,23.35835,12.559163,23.708347,4.6011386,26.137747,497.4851,31.892954,14.296282,17.596674,29.028137,17.222115,29.031956,1991.2458,395.94308,26.51883,81.60529,1025.4495,86.66998,1024.7853,86.66998,9.940548,73.201195,77.52103,20.21659,79.801704,24.964521,28.464361,16.725117,26.10986,71.14215,28.0928,13.321955,23.511976,1012.80756,31.764488,23.162174,26.575258,28.863436,14.133876,27.601439,12.676959,25.46812,28.46367,1020.07,17.886017,26.532013,35.334034,15.8389845,23.998913,30.895966,34.266922,32.113773,1005.3212,83.3121,22.632967,20.816011,1008.41223,29.46686,10.8699665,19.260399,309.8729,21.292988,24.55644,292.989,1019.6556,30.410759,24.799038,13.027987,20.218761,15.336493,83.27104,72.285484,11.1542015,12.044341,395.94308,14.296282,16.119951,14.542929,9.858715,10.763536,83.36394,26.075287,1005.83044,16.367022,23.993784,27.556755,25.787992,18.700825,1008.98956,94.81902,19.822716,25.577745,77.46141,11.107884,25.092855,1005.4923,82.48186,1016.6729,319.62573,12.478314,16.713964,14.704623,20.531576,20.345413,18.788797,16.933142,236.41695,9.076638,12.006558,23.531458,72.775986,25.272535,24.1446,26.056887,13.816859,68.51734,15.209974,13.35987,23.992311,26.415005,28.321985,34.983376,23.637756,32.536537,1013.5308,11.329426,20.410803,32.61221,1016.2468,138.19652,1018.4398,11.584932,30.954945,26.654985,28.85916,34.17856,31.885885,22.176264,45.57052,83.719795
6058,Creative Secondary School,22.30758,114.26768,222.00560282664344,-3.7074992205871977,-0.14636124829394603,51.0637087768054,21.25003978206552,14.162356699989543,261.25082774718146,0.21312651,0.9957754083618773,0.9343927534837504,0.7765128574676667,0.5716890085860807,0.5662139391755212,13.367078986115695,24.291232581058708,38.5419973150693,48.51840546067429,49.0637087768054,18.476307,20.483065,23.271217,26.99049,18.775671,78.99339,35.229507,8.239015,1012.5959,23.02154,10.410901,23.257584,4.8861613,26.720043,504.6073,31.66991,13.3872,18.282707,28.116264,16.688906,28.736753,2170.214,427.3283,30.306093,79.911,1086.2925,103.755806,1077.207,103.755806,8.768939,74.42078,78.70947,19.807209,80.926636,24.764399,28.063084,16.213604,25.56018,74.58324,27.823458,9.51012,23.179499,1012.67773,31.535503,22.708351,26.243994,28.585106,10.116549,30.330374,11.91642,25.221132,28.17791,1019.91345,17.423845,32.007828,35.21105,14.817168,23.753168,30.619379,34.010853,31.724342,1005.06744,83.64133,22.279898,20.199728,1008.48315,29.112467,10.761141,18.955267,323.93454,20.936218,24.317484,332.47678,1019.7543,30.271856,24.414295,12.568096,20.001959,15.086267,83.91371,73.852295,10.823578,11.479931,427.3283,13.3872,15.717619,10.37379,9.066022,10.624969,84.13857,25.765863,1005.90717,15.869201,23.09831,27.358128,25.370325,18.354794,1009.0625,103.48832,19.320526,25.428953,78.71975,10.293107,24.770908,1005.4613,82.85183,1016.78845,328.3107,10.248019,16.37967,14.295658,20.323345,19.234116,18.655104,16.52176,271.13782,8.278979,9.740817,23.090649,72.67193,25.030361,23.787056,25.73049,10.114039,69.38722,14.14444,9.651129,23.557518,26.058653,27.985046,34.95021,23.151175,41.417603,1013.6839,11.009622,19.500309,32.519264,1016.1221,149.17258,1018.229,11.050239,30.598688,26.304037,28.567514,34.024414,31.6586,21.740423,56.026115,84.687256
6059,CUHK FAA Thomas Cheung Secondary School,22.45755,113.99789,159.84717251943073,-0.02348703270173365,-0.023240525007434853,7.507531083777835,1.710751778396086,1.1607352429754467,1934.5487810513318,0.11477153,1.0000000000000426,1.000000000000135,0.8824833418240804,0.7015165232339262,0.7573479045664606,1.1083167049444789,1.9894166487933693,3.5189315447915237,5.008753399832479,5.507531083777835,56.058426,55.90915,56.33339,29.089659,18.47897,75.17233,35.847694,6.758035,1012.6363,23.492823,8.388645,24.013624,6.6459045,33.23548,498.16785,32.61707,12.6213045,19.995762,29.255785,17.281475,29.255785,1822.0592,338.66782,32.64649,78.71213,914.1317,105.08952,914.1317,105.08952,7.682008,71.774635,73.880165,20.135294,75.57276,24.568737,29.876568,15.729419,25.210585,65.0149,27.962543,7.273754,23.263767,1012.5847,32.587025,22.419209,26.161263,28.79077,6.5384903,32.64649,10.247038,24.978971,30.14744,1020.499,17.412561,33.3839,35.847694,14.083054,24.071653,31.738306,34.969307,33.32958,1005.1408,80.45716,23.323067,20.610342,1008.505,31.165043,9.878431,21.2287,254.47604,23.540861,26.468079,266.70834,1020.021,31.661566,25.948042,12.573635,19.690828,14.979514,80.8811,70.959885,10.07357,11.003564,338.66782,12.6213045,15.769468,6.7074046,8.187403,9.837582,79.0868,27.754478,1005.6322,15.616441,22.821135,29.553543,25.78237,19.907421,1008.9206,64.75319,18.912985,27.713978,76.453445,9.478332,27.018719,1005.2878,80.15331,1017.0422,320.9878,7.6762843,17.276255,14.477775,21.3706,18.87193,19.803291,17.00919,214.07504,6.758035,8.379791,23.25156,68.38978,24.89259,24.005053,26.525518,6.5546017,66.25055,12.604236,6.8753705,23.789986,26.010069,28.37714,35.41952,22.699291,39.05914,1013.6627,10.271841,18.857302,33.369797,1016.1654,149.9393,1018.1746,10.6214285,32.05817,26.42098,28.976915,34.622265,32.61707,21.913954,42.347187,78.20836
6060,Queen Elizabeth School Old Students' Association Tong Kwok Wah Secondary School,22.46263,114.00654,155.08585680560833,0.11058877663859716,0.04342633960027893,7.443836713052698,1.6905866002282004,1.0975152397076577,2134.3593273463125,0.1439497,1.0000000000000426,1.000000000000135,0.9128612837497442,0.7214275310278107,0.7877105416494745,1.1541791012530074,2.122036565043653,3.407206841384513,5.028842728463208,5.443836713052698,46.434494,43.63543,39.11979,29.463482,18.481083,75.670586,35.878967,6.4154854,1012.6352,23.393429,7.9650717,23.924774,6.824561,33.6935,499.76666,32.63375,12.381761,20.251986,29.190887,17.173456,29.190887,1834.5726,341.2454,32.50257,78.72017,920.6456,105.04529,920.6456,105.04529,7.3651967,72.01331,74.440384,19.979738,76.122696,24.616198,29.87542,15.743319,25.046507,64.6667,27.889206,6.925883,23.143724,1012.5892,32.607975,22.419321,26.015732,28.718832,6.2081375,32.50257,9.820029,25.001638,30.133018,1020.5254,17.269077,33.28693,35.878967,13.832372,23.983847,31.731804,35.04621,33.3452,1005.105,80.70345,23.231173,20.448328,1008.4788,31.161718,9.391807,21.231525,259.2643,23.52945,26.486818,268.5468,1020.0365,31.680393,25.941444,12.494422,19.705675,14.962986,81.46137,71.475914,9.652157,10.747428,341.2454,12.381761,15.636831,6.3816853,7.924865,9.330586,79.720116,27.763931,1005.6282,15.411238,22.619095,29.568913,25.67238,19.908821,1008.906,66.40775,18.916824,27.738075,77.14906,9.440148,27.017984,1005.2768,80.66543,1017.0431,320.13596,7.285596,17.156582,14.313225,21.37303,18.628424,19.702473,16.847944,216.70966,6.4154854,7.6768875,23.306229,69.10454,24.910322,23.867365,26.43305,6.2370853,66.50911,12.266668,6.537418,23.704617,25.875557,28.308447,35.510914,22.52095,39.25578,1013.6538,10.255909,18.621506,33.387733,1016.1736,150.06833,1018.2056,10.133584,32.060432,26.280525,28.917294,34.631176,32.63375,21.785803,42.48251,78.68162
6061,Scout Association of Hong Kong (Pak Sha Wan T.W.C. Sea Activity Centre),22.366224,114.260306,130.50814443314533,-1.470566168949944,-0.12805708450762499,28.432722906823223,21.018032386702053,13.32484049113295,148.60512220880008,0.22804862,0.7406390948911618,0.7977895130859467,0.7591487492151536,0.7759636399916932,0.7050135437450525,12.644164783882438,20.014832191956845,25.39214430000403,26.432722906823223,26.432722906823223,18.987146,12.673173,8.672768,28.209496,18.764585,79.1889,35.5985,7.3890057,1012.6819,22.91213,9.578413,23.17109,5.261074,27.842024,510.68036,31.869673,12.98021,18.889467,28.027657,16.499155,28.706041,2206.2815,456.1932,29.795572,82.99066,1146.4415,100.29882,1137.4696,100.29882,8.054196,74.20947,79.03119,19.473387,81.29075,24.79941,28.11386,16.30818,25.387598,71.714775,27.743849,10.164589,22.973028,1012.68835,31.863272,22.819838,25.958967,28.600405,11.2564945,29.868818,8.920992,25.167555,28.356977,1020.09283,17.035435,30.316631,35.36511,14.408025,23.73522,30.786665,34.073223,31.699717,1005.12823,82.86799,22.30986,20.154646,1008.4403,29.02661,8.197023,19.074087,347.70047,21.0473,24.282673,341.4193,1019.8918,30.489985,24.426437,12.279983,19.935888,14.925213,83.990234,74.20215,8.45557,10.730864,456.1932,12.98021,15.43085,11.539311,8.52054,7.7985296,84.20712,25.764845,1005.8424,15.3153105,22.952972,27.50757,25.234623,18.379168,1009.0096,112.28148,19.400568,25.571856,79.15907,10.569398,24.908007,1005.54877,82.49838,1016.9266,335.246,9.92382,16.273972,13.890334,20.26311,19.013645,18.414278,16.22049,249.1317,7.4032817,8.468541,23.339209,75.26088,24.9853,23.58679,25.773504,11.358879,69.167946,13.496145,10.576599,23.684973,25.772295,28.005348,35.598446,22.920656,40.11338,1013.7325,10.6445,19.103256,32.971985,1016.2179,144.98541,1018.6633,8.280611,30.616926,26.071056,28.656025,34.42824,31.783709,21.467413,47.310165,84.38162
6062,Scout Association of Hong Kong (Tung Tsz Scout Centre),22.47311,114.19801,167.2615443562038,-4.4830326384878845,-0.3344508836600529,47.617002840087636,21.896351687005588,14.725836793668067,1332.636162512843,0.3167453,1.0000000000000426,0.9834550414277905,0.8485591441673878,0.8258412272804279,0.8611583586713776,13.203586340889702,21.92141598420202,30.571947877471604,37.78299174937589,43.62330592911393,7.850833,6.8394604,5.9058084,29.86095,18.451818,79.645874,35.611374,5.750427,1012.7026,22.68707,7.8532662,23.163738,6.641203,32.53417,506.2624,32.14388,11.736721,20.407158,28.61123,16.446175,28.611263,2177.3052,434.6629,30.647375,82.82942,1127.189,105.3751,1126.0261,105.3751,6.2937217,74.785324,79.39894,19.23917,81.303474,24.611353,28.825432,15.864238,24.677328,65.74853,27.464304,7.0505486,22.56079,1012.5664,32.07039,22.410103,25.462812,28.22274,7.427973,30.647375,8.916449,24.87345,29.078634,1020.1617,16.590246,32.965214,35.6029,13.103483,23.464668,31.122675,34.697952,32.39605,1005.1728,82.94989,22.328302,19.667799,1008.5117,29.937738,8.436367,20.220215,346.83853,22.238771,25.586405,330.90134,1020.1157,31.27194,25.010128,11.892216,19.621815,14.843589,85.003845,75.31338,8.86855,9.763061,434.6629,11.736721,15.026598,7.818801,7.416,8.089294,84.557625,26.754034,1005.7902,14.589967,21.975689,28.807697,24.951675,19.145054,1008.9842,93.74877,18.97675,26.931438,81.0595,9.732975,25.899817,1005.4811,83.84064,1017.1312,345.6874,8.195102,16.20616,13.533178,20.938396,17.734259,18.678862,15.976259,256.44586,5.7948027,6.330226,23.383808,74.47376,24.789913,23.18553,25.568281,7.351172,69.81775,11.769441,6.984048,23.213142,25.260254,27.71686,35.51174,22.047216,41.76251,1013.8753,10.421612,17.931181,33.10973,1016.1469,152.56458,1018.4947,8.770666,31.118681,25.607397,28.370266,34.39606,32.14388,21.120539,45.332,83.24639
6063,Pui Ching Middle School (Hong Kong),22.31746,114.17755,216.88405017671874,1.3231453175413546,0.15849438294680843,28.485943005413137,13.65900471920115,8.078314219194331,1505.9959378147605,0.10136975,1.0000000000000426,0.9979878138943344,0.7991044829345159,0.7853689756464535,0.6931562703959497,7.494294172246719,11.40901460642248,15.702692885370293,20.21540221360977,23.427513164648914,59.658775,56.796043,56.08403,27.78267,18.827646,77.140045,35.653736,7.871071,1012.6798,23.438341,8.994048,23.854706,5.455457,29.28491,494.383,32.276695,13.64841,18.628284,29.151403,17.327728,29.152618,2288.837,449.0345,30.255844,82.325424,1177.5974,101.51606,1168.4666,101.51606,8.716907,72.02293,76.819,20.145306,79.10204,24.813356,29.011875,16.192396,25.702744,71.86571,28.083956,8.62235,23.475254,1012.7464,32.073708,22.778048,26.528774,28.97385,8.580357,30.255844,10.517179,25.231682,29.07254,1020.2136,17.742445,33.11189,35.653736,15.069294,24.077766,31.10754,34.60954,32.4652,1005.2436,81.91725,22.882406,20.665838,1008.5408,30.19752,9.040825,20.192043,355.8309,22.231754,25.565577,340.69556,1019.8964,30.85652,25.39011,12.766577,19.986591,15.237885,82.94216,71.709724,9.909272,11.645029,449.0345,13.64841,16.090393,9.120822,9.036853,8.792621,82.552376,26.81927,1005.8629,16.16548,23.421928,28.551678,25.728268,19.405306,1009.0526,115.07765,19.373629,26.690027,76.89697,10.316015,25.832684,1005.4329,81.19315,1016.9409,372.7319,8.566891,16.94366,14.691844,20.959473,19.39915,19.210318,16.965412,284.7681,7.8774414,8.482375,23.27021,70.9832,25.02861,24.12907,26.218006,8.23328,67.35237,13.923478,8.296025,23.885786,26.30037,28.303162,35.207687,23.216879,38.14834,1013.6558,10.936783,19.778727,32.68158,1016.1714,148.34666,1018.4002,9.766574,31.435469,26.621313,28.951462,34.11715,32.276695,22.132177,48.96963,82.18928
6064,Cheung Chuk Shan College,22.28657,114.19596,241.69731948113505,7.767341252056862,0.4428801864297804,71.90661906440388,24.18935150980512,15.424753373470503,513.8904800938607,0.105726585,0.8978032786885572,0.7101385340981884,0.6881511462048746,0.8022061252591306,0.5960652076355694,15.623624451178635,28.477232008745673,47.14982219809592,65.77963061041191,69.86896230634532,39.74145,35.781254,28.941904,27.210613,18.86188,78.464775,34.874363,7.6637526,1012.821,23.017447,11.881984,23.365675,4.9186835,27.494362,491.2933,31.52705,13.638574,17.888477,28.628271,16.89309,28.629038,2185.291,441.9367,28.945992,83.07686,1145.2444,93.50919,1137.3616,93.50919,8.879247,73.101036,77.9894,19.774841,80.24149,24.726208,28.200493,16.36003,25.436087,73.89469,27.582344,12.727651,23.119919,1013.0444,31.440525,22.845503,26.154318,28.559082,13.13052,28.9716,12.201134,25.161272,28.302979,1020.4665,17.393145,29.450344,34.863407,15.147368,23.717865,30.459063,33.849514,31.700882,1005.3946,83.29523,22.47132,20.472015,1008.5939,29.290531,10.478907,19.391329,354.86505,21.449509,24.545536,316.32675,1019.9125,30.08812,24.615244,12.880416,19.892006,15.139158,84.213875,72.889534,11.171995,11.275697,441.9367,13.638574,15.720676,13.545888,8.846312,10.402778,83.9216,25.93246,1005.9708,15.786914,23.367086,27.576756,25.297447,18.659472,1009.1164,110.942,19.524704,25.618315,78.16954,10.716577,25.05999,1005.6144,82.63217,1016.937,348.44266,11.652212,16.565784,14.357919,20.16387,19.51345,18.655935,16.614336,258.686,7.6661553,10.94483,23.244974,73.228516,24.941357,23.751394,25.801056,12.613711,68.27284,13.949694,12.422085,23.732737,25.948402,27.916254,34.751892,22.903383,35.08725,1013.7162,10.910361,19.745512,32.228455,1016.4532,141.82826,1018.6321,11.292098,30.633375,26.242981,28.524366,33.67231,31.524343,21.721941,44.85964,83.62205
6065,Sung Lan Middle School,22.38009,114.17524,180.54749601447458,-6.625197926868704,-0.31122166285986586,41.506844794770934,23.044429376757943,14.06670304318881,5273.810275760392,0.22546655,1.0000000000000426,1.000000000000135,1.0000000000004956,0.9951680155392565,0.8064065322269164,13.226015201021172,21.448495307985652,30.91190217944265,36.629586645315236,38.77527348193652,25.916233,24.787554,23.817219,29.699072,18.506918,77.96618,36.051178,6.3521056,1012.7004,23.002956,6.770245,23.569176,6.6366305,32.822124,501.30875,32.55131,12.334008,20.217306,28.934462,16.928974,28.945625,2368.4688,477.6381,32.070606,83.7635,1229.9862,105.08292,1167.918,105.08292,6.9063663,72.508026,77.86997,19.405077,79.96101,24.73944,29.258337,15.862121,25.084316,70.52869,27.89527,6.717875,22.857483,1012.4717,32.347992,22.506107,25.813463,28.622982,6.8931313,32.070606,7.583584,25.024921,29.383238,1020.1154,16.956968,34.865707,36.051178,13.718294,23.72091,31.283468,35.13831,32.767944,1005.2724,81.83838,22.59044,19.995386,1008.5479,30.615088,6.6796474,20.628841,373.50525,22.655947,26.253738,358.99274,1020.1527,31.372377,25.574854,11.883488,19.777565,14.856357,83.81743,72.915535,7.425495,10.336724,477.6381,12.334008,15.405617,7.3773627,7.921984,6.196596,83.39569,27.29736,1005.8353,15.082465,22.374815,29.20365,25.187557,19.701038,1009.0334,116.586075,19.030338,27.509623,78.36954,9.802947,26.21642,1005.429,81.75217,1017.1614,378.84293,6.352572,16.462912,13.837115,21.354548,18.132322,18.865723,16.266502,288.8739,6.4476795,5.494846,23.357485,72.941216,24.851059,23.525759,25.905687,6.8595185,67.83605,12.385466,6.630005,23.492292,25.631254,28.017382,35.71904,22.598104,38.146603,1013.7764,10.391198,18.450117,32.97328,1015.9536,152.50005,1018.656,7.032317,31.693882,25.979296,28.70131,34.35232,32.55131,21.423616,45.918133,82.389114
6066,Ning Po No. 2 College,22.324614,114.228276,205.03720097175548,-5.337851239034177,-0.3827125790284924,109.95748103299057,18.26253978257245,11.655659601835094,1827.2018145843706,0.11686626,1.0000000000000426,0.9999377947738761,0.9256715741216407,0.8060471901340185,0.7051630127202011,11.358795896814426,21.677776375706262,40.596816891948286,68.86975644493143,99.53678673903696,39.05404,37.135933,36.904457,27.766869,18.44745,78.899765,35.212856,7.445982,1012.7688,22.768387,9.8861,23.178284,5.4197087,28.909624,498.245,31.694725,12.948978,18.745747,28.559925,16.637085,28.563362,2364.9905,471.8775,32.958637,82.09735,1215.151,106.13005,1196.5125,106.13005,7.868411,74.54594,78.468185,19.489346,80.66968,24.451677,28.185003,15.832298,25.228075,75.5126,27.562925,9.2620735,22.896404,1012.6931,31.438953,22.379787,25.970724,28.372284,9.571877,32.958637,11.242687,24.931067,28.361856,1020.0725,16.989798,34.515224,35.212856,14.292981,23.551037,30.483372,34.08655,31.809013,1005.3952,83.79897,22.20666,19.988419,1008.6991,29.531221,10.228164,19.482819,364.0677,21.478281,25.078981,349.66855,1020.0366,30.427313,24.5678,12.16585,19.704363,14.8218,84.120384,74.05442,10.553735,10.910381,471.8775,12.948978,15.418781,9.846566,8.481095,10.073725,83.88812,26.181177,1006.04,15.447588,22.624315,28.002634,24.952744,18.697365,1009.2172,118.219376,19.01263,26.22059,78.564064,9.884951,25.131132,1005.5722,82.66835,1017.0533,379.20584,9.447232,16.266775,13.981766,20.418606,18.559238,18.548931,16.297997,293.4729,7.5260453,9.339542,22.908834,72.40319,24.735405,23.518429,25.564753,9.477088,69.44201,13.405694,9.121243,23.342037,25.748644,27.684324,34.713863,22.803905,38.656197,1013.8586,10.540755,18.997704,32.25519,1016.0908,152.1585,1018.4962,10.469263,30.717762,26.023146,28.302094,33.656223,31.694725,21.350578,54.67758,84.17387
6067,Discovery College,22.305614,114.017487,116.1131577706389,2.282209104687673,0.04599138264968036,18.086052653642284,13.425585843304992,9.521232047950484,121.16468317715683,0.16870458,0.6996058386347096,0.7448469887655899,0.6875121178367805,0.44393081245710647,0.4836863307306168,8.558355161981957,13.40291612498995,15.75272213982596,16.086052653642284,16.086052653642284,28.0057,18.660915,12.604711,26.687115,18.93447,76.536606,34.88391,8.196794,1012.6378,23.52556,13.591531,23.782078,4.930456,27.562729,482.02164,31.62773,13.740952,17.88678,28.706259,17.370346,28.840076,1867.9211,384.31223,26.928923,83.20858,970.38873,93.736534,941.07086,93.736534,9.370568,70.8706,76.94848,20.420715,78.85145,24.909548,28.725775,16.289978,25.757088,64.91161,27.99758,13.894873,23.38555,1012.7696,31.61522,22.945393,26.34419,28.743809,13.473272,26.928923,14.973962,25.085005,28.898066,1020.1685,18.067814,28.646532,34.729904,15.566172,24.036493,30.779305,33.92864,32.025272,1005.0569,80.92177,23.032383,20.99598,1008.53955,29.680159,13.328442,19.894312,285.4384,22.083324,24.55673,288.81586,1019.712,30.09612,25.115124,13.1614275,19.84141,15.487239,83.23229,70.21232,14.046853,11.517876,384.31223,13.740952,16.12819,13.6590805,9.577992,13.493034,82.3623,26.21604,1005.7276,16.154875,23.879595,27.782927,25.975636,19.0392,1008.9668,68.4509,19.308708,25.659412,77.25732,10.786705,25.478971,1005.67236,80.5999,1016.91815,299.92844,12.970536,17.237461,15.203488,20.777946,20.122463,19.416569,17.214968,205.46838,8.198508,11.778388,23.338795,70.98073,24.943224,24.20798,26.29619,12.999097,65.747154,14.477505,13.446191,23.91791,26.167286,28.176615,34.8619,23.162153,38.161087,1013.77075,11.116185,20.18931,32.634155,1016.2331,139.86345,1018.11914,15.034629,30.989521,26.535185,28.850918,33.931866,31.570913,22.383554,36.995415,80.45499
6068,Ling Liang Church M H Lau Secondary School,22.44039,114.17738,140.7851124768314,6.747904767483159,0.5067885080703599,54.185000325688485,19.1896231482319,12.634164714741647,488.108566408738,0.28391343,0.9074854383005977,0.8370463502057323,0.8669036745715277,0.8589973879695202,0.909889205661008,12.010089016053989,20.705810057647206,33.30681079380546,48.10482453935574,52.18500032568848,16.876862,16.086552,14.954816,29.843508,18.520863,78.75338,35.477554,5.6340437,1012.8503,22.75378,8.424659,23.090948,6.055109,30.724895,503.92896,31.87743,12.180759,19.696672,28.49965,16.393229,28.519411,2207.1028,457.82858,29.304222,84.37044,1162.8662,103.23482,1162.8286,103.23482,6.7503667,73.83633,78.45137,19.285316,80.34408,24.58982,28.429075,15.988729,24.682583,68.06542,27.340685,8.865338,22.637136,1012.8955,31.87728,22.521708,25.550531,28.315166,9.536246,29.304222,8.108292,24.876736,28.733889,1020.6328,16.698599,31.816708,35.255394,13.617448,23.541948,30.801664,34.167393,31.96684,1005.1682,82.41472,22.457754,19.958683,1008.5782,29.467867,7.524395,19.797571,360.38495,21.862354,24.941742,331.2996,1020.192,30.877337,24.701792,12.306504,19.641127,14.812211,84.12093,74.11282,8.032113,9.955772,457.82858,12.180759,15.146579,9.952897,7.2960587,7.1268654,83.62646,26.258392,1005.8027,14.727019,22.329184,28.24928,24.98861,18.82596,1009.0266,100.84027,19.093119,26.298233,79.54967,10.046119,25.538382,1005.5448,82.68691,1017.19977,344.615,8.622814,16.32467,13.61874,20.318882,18.163647,18.63531,16.097624,251.3261,5.634874,7.1976204,23.232855,74.36089,24.760117,23.318087,25.70881,9.407917,69.101845,11.785216,8.8912735,23.417673,25.373533,27.796986,35.477554,21.997202,42.11388,1013.8568,10.381291,18.303333,33.004,1016.504,149.8237,1018.80115,7.830134,30.751923,25.730217,28.45842,34.287704,31.78326,21.173765,39.684578,82.43457
6069,Fukien Secondary School (Siu Sai Wan),22.264812,114.250714,176.49516310914873,2.1326564605642533,0.20121916497026707,15.143149797591024,9.491826406445208,6.225109493444949,279.27134025367195,0.1336328,0.7284487903867745,0.5582201266034159,0.5268444376300153,0.6134772687410397,0.43788357179386,5.309214809948146,8.549773420502845,10.976556329750274,12.562107791318068,13.143149797591024,41.950924,33.93592,23.393803,26.267813,19.163933,78.14274,35.34445,9.076638,1012.62244,23.35835,12.559163,23.708347,4.6011386,26.137747,497.4851,31.892954,14.296282,17.596674,29.028137,17.222115,29.031956,1991.2458,395.94308,26.51883,81.60529,1025.4495,86.66998,1024.7853,86.66998,9.940548,73.201195,77.52103,20.21659,79.801704,24.964521,28.464361,16.725117,26.10986,71.14215,28.0928,13.321955,23.511976,1012.80756,31.764488,23.162174,26.575258,28.863436,14.133876,27.601439,12.676959,25.46812,28.46367,1020.07,17.886017,26.532013,35.334034,15.8389845,23.998913,30.895966,34.266922,32.113773,1005.3212,83.3121,22.632967,20.816011,1008.41223,29.46686,10.8699665,19.260399,309.8729,21.292988,24.55644,292.989,1019.6556,30.410759,24.799038,13.027987,20.218761,15.336493,83.27104,72.285484,11.1542015,12.044341,395.94308,14.296282,16.119951,14.542929,9.858715,10.763536,83.36394,26.075287,1005.83044,16.367022,23.993784,27.556755,25.787992,18.700825,1008.98956,94.81902,19.822716,25.577745,77.46141,11.107884,25.092855,1005.4923,82.48186,1016.6729,319.62573,12.478314,16.713964,14.704623,20.531576,20.345413,18.788797,16.933142,236.41695,9.076638,12.006558,23.531458,72.775986,25.272535,24.1446,26.056887,13.816859,68.51734,15.209974,13.35987,23.992311,26.415005,28.321985,34.983376,23.637756,32.536537,1013.5308,11.329426,20.410803,32.61221,1016.2468,138.19652,1018.4398,11.584932,30.954945,26.654985,28.85916,34.17856,31.885885,22.176264,45.57052,83.719795
6070,Fung Kai Liu Yun Sum Memorial School,22.483886,114.139892,143.08939324503098,1.6848967044934353,0.2876638892855104,31.742737157331977,10.211648816761207,7.060758281871621,5571.261303682309,0.20295566,1.0000000000000426,1.000000000000135,1.0000000000004956,0.997460986696239,0.945851220021442,5.448873868104564,8.36781709898572,10.527455900241618,13.355613676897399,20.052054164536752,27.250216,23.834404,19.84516,31.112581,18.39061,77.977615,36.01334,4.900759,1012.803,22.883125,5.5721025,23.434607,7.2430353,34.478367,507.6188,32.613796,11.607228,21.006569,28.851513,16.634418,28.851797,2161.074,431.12494,31.552313,83.36838,1140.887,104.34474,1137.0272,104.34474,5.7360244,73.83758,76.943375,19.22578,78.774956,24.560715,29.480282,15.794513,24.542841,64.12388,27.590513,5.915505,22.60773,1012.7186,32.613796,22.385147,25.438585,28.435915,5.7525377,31.552313,6.071633,24.934721,29.681057,1020.6414,16.530554,33.546425,36.0104,12.898886,23.579725,31.501776,35.178898,33.074356,1005.2464,82.32745,22.761488,19.856457,1008.5536,30.772518,5.1804185,20.912424,351.1494,22.997713,26.46255,312.1018,1020.3054,31.744219,25.597988,11.970762,19.640057,14.696853,83.42488,73.619064,6.049023,9.559447,431.12494,11.607228,15.070362,6.084246,6.8212733,4.7498913,82.32725,27.513819,1005.7092,14.517879,21.883232,29.541107,25.045593,19.727985,1008.9828,96.0195,18.920984,27.779425,79.1784,9.498017,26.60263,1005.3771,82.605644,1017.234,358.61258,5.2873397,16.510298,13.468449,21.191532,17.455997,18.991425,16.079998,250.6235,4.9091024,4.499739,23.346397,72.70835,24.853043,23.282238,25.958576,5.7329473,68.95792,10.8994465,5.672382,23.404615,25.295254,27.963081,35.934475,21.84162,39.246006,1013.7895,10.086088,17.74442,33.537193,1016.3332,152.49297,1018.7447,5.8695703,31.76613,25.659494,28.611574,34.712788,32.60018,21.128124,40.48076,81.026566
6071,St Stephen's Girls' College,22.28353708,114.1444623,171.6695827880081,15.23788009959058,0.8814676310501512,87.32329607715758,25.366092606648394,17.32151731747989,748.5588635055423,0.122941025,0.9571803278688908,0.77403818992995,0.6071376464594805,0.5173461305137189,0.5179089149582593,16.672698322076812,31.305655182810664,53.11318695020711,76.91178407556393,84.9651477143139,37.22897,35.602955,32.47443,26.97906,18.879665,78.30861,34.585873,7.606811,1012.8672,23.045237,13.893297,23.453379,4.819726,27.4743,479.63806,31.369415,13.827734,17.541681,28.55499,17.08421,28.555,2113.6392,420.16376,28.516144,83.32809,1105.5032,91.89228,1104.6976,91.89228,9.28206,72.848145,77.9081,20.036097,80.06066,24.696234,28.299162,16.303658,25.253637,71.29755,27.293144,13.668066,23.179731,1013.2875,31.143057,22.789202,26.213594,28.38415,13.89844,28.5183,15.601362,25.108732,28.373768,1020.6685,17.638569,29.084356,34.585873,15.384403,23.740034,30.299131,33.75116,31.682003,1005.4473,83.58367,22.488432,20.587852,1008.6701,29.42685,13.486403,19.669712,335.14935,21.732273,24.713303,315.8479,1019.8036,29.93075,24.760048,13.430762,19.790897,15.302656,84.81597,72.6018,14.351631,11.554422,420.16376,13.827734,15.891768,14.208389,8.814494,13.757492,84.14916,26.066515,1005.9895,16.03351,23.47217,27.681631,25.37752,18.833626,1009.1476,96.59661,19.410599,25.778769,78.23456,10.56913,25.181835,1005.6778,82.79782,1016.904,350.1901,13.568222,16.763697,14.738198,20.051588,19.711115,18.895996,16.875538,248.94713,7.606811,12.874141,23.197643,71.602356,24.868307,23.877893,25.759823,13.2726965,67.81141,13.950457,13.227515,23.645557,25.984772,27.744463,34.130314,22.652838,34.289627,1013.7745,11.088173,19.986406,31.78918,1016.7092,139.74083,1018.3264,14.805202,30.64527,26.319979,28.37925,33.219864,31.369415,21.926033,43.813755,83.28967
6072,S.K.H. Chi Fu Chi Nam Primary School,22.25722,114.13868,207.37908494638862,-8.469332505205882,-0.459668678886515,134.3684894975627,25.12577821641937,15.794275328637433,712.5054291749882,0.2639998,0.9679885245902035,0.757302944550722,0.6070596535914212,0.4179898512070647,0.3905067120827296,16.221912741090208,30.65342201658708,56.8288034624872,100.66868508604486,131.58688508873735,18.03709,18.888885,16.897207,25.508747,18.713879,79.71055,33.968086,8.459337,1012.7114,22.659075,15.758491,23.097883,4.8194513,27.704597,471.9085,30.817385,13.427326,17.390059,28.066513,16.876675,28.107132,2049.19,407.63495,28.0474,83.35097,1072.6382,89.71286,939.9472,89.71286,8.94229,73.88057,79.30152,19.689234,81.41297,24.629934,27.849388,16.187935,25.42508,70.26171,27.342482,15.314772,22.774807,1012.6303,30.56581,22.659464,25.767832,27.863838,15.697009,28.100744,17.714806,25.029987,27.931662,1019.8087,17.27681,28.200287,33.968086,15.006175,23.363909,29.798893,33.3493,31.244938,1005.51,85.18854,22.062809,20.184618,1008.743,29.038528,15.656675,19.371685,324.9612,21.417955,24.33906,305.2166,1019.8046,29.464434,24.358625,12.468553,19.659178,15.236531,86.61807,73.919525,16.279537,11.064775,407.63495,13.427326,15.524075,15.898924,9.516181,16.165417,85.85086,25.687662,1006.095,15.5906,23.00994,27.225729,24.915182,18.51475,1009.2118,87.145226,19.317566,25.385921,79.87272,10.453101,24.798061,1005.779,84.53334,1016.9161,340.04205,15.326314,16.407204,14.426389,20.51372,19.328796,18.558868,16.525639,242.0716,8.52748,14.247413,23.082607,72.54941,24.76866,23.474644,25.30605,15.0454035,68.66678,14.720231,14.844543,23.255655,25.563486,27.269144,33.529045,23.046553,33.41183,1013.8636,11.073023,19.561102,31.287277,1015.901,137.9397,1018.2739,16.911097,30.153376,25.885656,27.87338,32.679066,30.817385,21.509052,44.204075,84.73234
6073,Tsung Tsin Christian Academy,22.332413,114.150391,166.57026505664803,0.29991775489233297,0.1050495226056438,6.910240493536403,4.154861402769914,2.2236708027481216,653.4758813870119,0.072850235,0.9726377049180727,0.9149599490122159,0.8361957208357362,0.7311319040524568,0.7114140258197124,1.8786402851391846,2.3224026092630172,2.8530128112288007,3.5982425307433354,4.890009510239649,76.10803,75.54585,70.055984,27.354496,18.860083,76.20898,35.626453,8.271957,1012.631,23.682728,9.144103,24.012907,5.2235594,28.517263,492.5668,32.25701,13.943578,18.313437,29.272863,17.504147,29.273228,2223.4233,437.5111,28.57137,82.474915,1140.8007,101.06011,1137.6794,101.06011,9.033931,71.21742,75.78151,20.430937,77.97251,24.846615,29.091904,16.266518,25.972055,69.95201,28.306557,8.684687,23.688541,1012.655,32.13154,22.860313,26.741829,29.143282,8.642228,28.57137,10.626799,25.25705,29.122044,1020.1494,18.02641,32.068043,35.626442,15.36485,24.281202,31.14425,34.486988,32.49225,1005.1304,81.28111,23.124426,20.959713,1008.5352,30.196875,9.157187,20.198774,345.27127,22.251497,25.375797,339.3068,1019.8531,30.809729,25.501114,12.866848,19.985281,15.296515,82.30214,70.663666,10.111641,11.95235,437.5111,13.943578,16.351484,9.232821,9.429834,8.917959,81.67274,26.818937,1005.7896,16.45269,23.719984,28.438074,26.007544,19.423166,1009.02,109.02929,19.377573,26.536232,75.92535,10.336253,25.830416,1005.4234,80.363014,1016.9258,358.0182,8.804075,17.231129,14.998615,21.0959,19.713291,19.479256,17.259634,272.05438,8.272556,8.8642645,23.212559,69.767,25.053738,24.385288,26.452057,8.292344,66.53309,14.350687,8.397476,24.063807,26.51006,28.483294,35.28613,23.496006,40.4207,1013.6317,10.961725,20.105356,32.789257,1016.1068,146.05722,1018.3517,9.997763,31.448719,26.852575,29.147131,34.24083,32.256935,22.440182,45.163002,81.02816
6074,Stewards Pooi Kei College,22.38290917,114.2134514,225.6826751254022,-1.0333847451178295,-0.02818391857202107,37.56576419568818,18.968344919616566,11.056125792004229,2716.5561417912136,0.18903448,1.0000000000000426,1.000000000000135,0.9947340295471009,0.9458238784812435,0.7851933149793932,10.755486537015628,17.076804479366988,24.545459361477693,32.717829954295794,35.56576419568818,30.0618,29.222565,26.323862,29.541897,18.53103,78.04725,36.01036,6.4684615,1012.731,23.03389,6.81792,23.500671,6.2688346,31.445568,506.7376,32.452564,12.517711,19.934855,28.97375,16.80621,28.97465,2389.5928,478.16455,32.212555,83.15329,1231.9714,107.941,1218.4314,107.941,7.176232,73.33295,77.810684,19.523272,80.010735,24.675846,28.985325,15.847872,25.083784,70.478035,27.811813,6.3581357,22.994724,1012.6762,32.284058,22.49586,25.977617,28.683588,6.68124,32.212555,7.759886,25.057335,29.176125,1020.2626,17.026188,35.4859,36.01036,13.8538265,23.804878,31.231522,34.928486,32.551006,1005.2294,82.204994,22.577982,20.062136,1008.5535,30.238344,7.0017023,20.264381,371.0267,22.263382,25.889109,364.86945,1020.0848,31.293606,25.263784,12.177291,19.828165,14.858741,83.29492,73.21621,7.526777,10.621573,478.16455,12.517711,15.488014,7.073001,7.8387313,6.510742,83.03377,26.959068,1005.8437,15.284341,22.494762,28.91905,25.253809,19.372656,1009.0556,117.533066,19.044859,27.174875,78.0912,9.818069,25.935753,1005.4172,81.64521,1017.0998,382.78012,6.4451256,16.462812,13.906766,20.921913,18.28346,18.870848,16.3413,292.7402,6.5112724,6.0499578,23.223078,72.59213,24.892237,23.6496,25.939894,6.803394,68.58289,12.400248,6.41774,23.535948,25.778109,28.066837,35.662983,22.552994,40.242542,1013.7834,10.453025,18.610806,33.03291,1016.2027,153.50034,1018.5644,7.187347,31.4696,26.118626,28.739256,34.43475,32.452564,21.48566,50.55933,82.75132
6075,Hong Kong Aviation Club Ltd,22.32438315,114.1903389,150.31231602683064,-0.19582588891157382,-0.14266779993712278,7.655389299203633,2.2120973936590285,1.2256485835480206,736.3352133789581,0.06273965,0.9829745901639754,0.9142932313576586,0.8650217014776488,0.8266277953357727,0.722647622840187,1.1486669862746814,1.936633684981117,3.337513283773228,5.156648294626282,5.655389299203635,81.970116,77.49197,70.74916,27.660645,18.864193,76.73827,35.768963,8.108318,1012.6456,23.585241,8.177589,23.908138,5.281508,28.495687,499.55484,32.336235,13.804278,18.531956,29.28221,17.333916,29.28221,2293.57,451.9914,29.693182,82.11679,1177.4752,102.964516,1177.4752,102.964516,8.824945,71.90593,76.25057,20.240284,78.579765,24.84275,28.964813,16.253574,25.917265,71.517235,28.295912,8.098795,23.6267,1012.6674,32.239277,22.858297,26.68117,29.176693,8.129973,29.693182,9.1955185,25.300707,29.0405,1020.1596,17.833971,32.989258,35.768867,15.198672,24.222414,31.20943,34.547512,32.454266,1005.1495,81.628,23.030441,20.811428,1008.5098,30.069763,7.8483424,20.014385,358.29794,22.05719,25.345057,341.83835,1019.8959,30.9087,25.327566,12.708805,20.062548,15.2230215,82.238144,71.33314,8.70872,11.797553,451.9914,13.804278,16.209547,8.709263,9.210284,7.464564,81.88774,26.6967,1005.8157,16.301353,23.597897,28.420588,25.882242,19.298134,1009.0299,118.56665,19.44535,26.499119,76.29908,10.407608,25.740492,1005.3916,80.69839,1016.928,367.18588,7.814063,17.034159,14.731244,20.956772,19.550594,19.277632,17.053854,283.85474,8.108318,7.9870143,23.23646,70.87582,25.108185,24.2639,26.390297,7.8652344,67.35736,14.12969,7.871499,24.04613,26.457926,28.498604,35.508244,23.446484,40.28209,1013.6125,10.923033,19.921377,32.97259,1016.1162,148.5857,1018.4719,8.438086,31.40225,26.76958,29.1433,34.41407,32.335876,22.250092,48.767708,81.8054
6076,Sha Tin College,22.392569,114.188575,123.4927359548904,-2.1207253197778897,-0.07844982013201138,157.11795496814094,28.821595599244155,18.32926894014832,3332.355097573511,0.26528776,1.0000000000000426,1.000000000000135,0.9999943453902052,0.9340774677369728,0.8207310933233694,20.08951747996401,42.06087997535528,83.84346928054288,137.13435788787305,153.35532163629304,17.248928,19.029005,21.732822,29.208094,18.094786,79.48859,34.903633,5.695541,1012.9425,22.276688,9.73728,22.749344,6.0920577,31.215313,495.4447,31.399597,11.885455,19.514143,28.078697,16.178047,28.086157,2416.2793,498.79544,32.93276,84.40893,1267.5623,108.42027,1222.4146,108.42027,6.388233,74.95102,79.24359,18.90527,81.19974,24.203209,28.024857,15.471695,24.405355,73.524574,26.970781,9.200959,22.254524,1012.8056,31.190556,22.028955,25.265041,27.823357,9.726593,32.93276,10.607471,24.559832,28.331976,1020.3926,16.288744,35.288017,34.903633,13.22675,23.143446,30.172237,33.92072,31.596424,1005.4802,83.83945,21.926058,19.479403,1008.8391,29.45027,10.094644,19.707575,381.6342,21.71454,25.230165,361.7587,1020.3202,30.426682,24.404306,11.82095,19.327074,14.515594,85.11764,75.08566,10.357461,9.738165,498.79544,11.885455,14.801498,9.946706,7.1997204,9.942407,84.51187,26.201763,1006.084,14.48544,21.729118,28.204779,24.359415,18.6911,1009.2717,113.2631,18.624437,26.491575,79.7589,9.415729,25.233274,1005.6985,83.14526,1017.336,387.13254,9.388281,15.931378,13.353592,20.203812,17.537441,18.287241,15.776439,290.08237,5.819857,8.628572,22.757147,73.50603,24.383429,22.965975,25.18187,9.702208,69.71504,11.754785,9.091772,22.903328,25.044847,27.197926,34.563683,21.86451,40.199516,1014.0805,10.029382,17.90791,32.06128,1016.2628,153.65048,1018.739,10.160283,30.470644,25.399899,27.863962,33.36605,31.399597,20.688005,48.01765,83.788895
6077,Salesian English School,22.275982,114.229333,160.45067789452847,8.918603743379231,0.41332251275291937,62.100645945929024,26.698760541728152,16.926499660753173,783.1081241689573,0.18524018,0.9731254098361056,0.8322110898662349,0.7392611309222114,0.7120595489243413,0.513808910183211,16.770145061476917,30.379371186577067,46.93975271605148,56.58954270024058,59.33611233870827,32.75755,29.446075,25.316204,27.49347,18.88878,78.745026,35.173603,7.680134,1012.7594,23.014505,11.517463,23.407997,5.085875,27.916313,495.54605,31.759031,13.543586,18.215445,28.743616,16.895662,28.744543,2152.6987,423.9925,29.662888,81.420235,1100.9395,95.38539,1095.7179,95.38539,8.935956,73.57041,78.34244,19.81743,80.58437,24.7915,28.368687,16.302395,25.33833,73.77321,27.582045,11.443574,23.155634,1013.083,31.537952,22.800268,26.205488,28.55228,11.84851,29.698925,12.756487,25.242535,28.42005,1020.4304,17.461054,30.553234,35.173603,15.038399,23.705778,30.658594,34.229343,31.965775,1005.3282,83.64683,22.366863,20.322897,1008.527,29.527884,11.095726,19.44541,334.73538,21.477869,24.822506,317.59393,1019.8078,30.334282,24.738026,13.017408,19.98265,15.169138,84.259605,73.198,11.479101,11.447151,423.9925,13.543586,15.742107,12.216458,8.700192,11.043126,84.207924,26.158232,1005.9424,15.877594,23.247334,27.756369,25.351124,18.760944,1009.0807,103.52074,19.467375,25.870111,78.45381,10.51798,25.151058,1005.5152,83.02416,1016.828,342.2116,11.141624,16.458801,14.358831,20.22681,19.4193,18.67842,16.594337,266.49133,7.684618,10.633076,23.281067,72.6965,25.034487,23.773294,25.745262,11.520899,68.7391,13.764715,11.260429,23.602081,26.020641,27.9532,34.747883,22.787457,35.133236,1013.6679,11.058574,19.657587,32.280964,1016.5196,144.33945,1018.3816,11.770537,30.866768,26.279982,28.524994,33.772305,31.759031,21.757929,50.655308,84.21716
6078,Lai Chack Middle School,22.301512,114.168259,192.44444625364753,-0.04278285629223719,0.04662690410534968,13.462484824688538,7.714414395213272,4.655767933539715,295.17336536402826,0.07990986,0.8791966988342085,0.708813937311497,0.634143037882747,0.7448374211565028,0.6281257375509756,4.2620306112611654,6.380658035398803,8.681771187748286,10.99301349998011,11.462484824688536,42.941914,45.40472,45.36733,26.775042,19.036427,77.32078,35.26591,8.49087,1012.64636,23.48821,10.858959,23.781015,4.86584,27.235147,491.9519,31.9088,14.045039,17.86376,28.99074,17.3118,29.028969,2155.9263,433.75052,27.480509,83.00516,1124.2885,94.14528,1107.0072,94.14528,9.334922,71.66958,77.00162,20.217875,79.290565,24.944744,28.627848,16.5542,26.028757,71.16585,28.179523,11.625816,23.522429,1012.68646,31.875578,23.070656,26.550613,28.987864,11.857918,27.480509,11.311832,25.331917,28.699022,1020.1065,17.870907,29.12955,35.178474,15.572939,24.106636,30.864305,34.088615,32.036137,1005.1972,81.887,22.916971,20.902252,1008.48444,29.565693,9.468535,19.681612,347.99054,21.757998,24.672354,318.45218,1019.81604,30.370022,25.035515,12.826825,20.06956,15.375625,83.26244,71.54093,10.458602,11.745304,433.75052,14.045039,16.16156,12.40475,9.669238,9.286611,82.91682,26.204008,1005.8358,16.25091,23.854218,27.81791,25.826479,18.975695,1009.0059,110.044464,19.69113,25.78037,77.1317,10.917484,25.395048,1005.51624,81.44683,1016.8717,342.44803,10.744126,17.000877,14.810709,20.78481,19.997572,19.095287,17.040033,254.46318,8.494912,10.027594,23.412006,72.31391,25.119062,24.175102,26.248669,11.310322,67.065674,14.77388,11.31809,24.091751,26.334091,28.342363,35.185814,23.578424,37.53522,1013.60236,11.123927,20.205091,32.63849,1016.0916,141.19987,1018.5415,10.493318,30.995358,26.658321,28.989037,34.101032,31.874454,22.238981,42.266155,82.32231
6079,Bishop Hall Jubilee School,22.329804,114.181048,213.37738878935528,-0.8213841233921052,-0.1683389350872875,21.214296761033555,4.6998735076667355,3.127974989609265,1828.6997717598683,0.10482182,1.0000000000000426,0.9999206628427099,0.953446917983114,0.8178785998035424,0.7315491333373341,2.8229922135391554,5.149477887342174,8.088660261525892,10.96559164782001,14.458943262675664,70.417656,68.45551,65.045654,28.089119,18.753834,76.824776,35.879093,7.7899766,1012.6498,23.506037,7.8040195,23.908686,5.618906,29.693481,497.72635,32.449955,13.527238,18.922716,29.257969,17.339336,29.257969,2334.3396,454.5439,30.70669,81.98315,1191.3098,105.66631,1191.3098,105.66631,8.481006,71.97169,76.448524,20.169123,78.73118,24.794216,29.1467,16.070797,25.707478,71.44481,28.19941,7.055779,23.527866,1012.6607,32.236233,22.701496,26.582521,29.06715,6.925893,30.70669,9.59771,25.22955,29.20732,1020.157,17.746176,34.651955,35.879093,14.897431,24.145231,31.24914,34.76985,32.624077,1005.1719,81.714966,22.955425,20.637827,1008.5423,30.373913,8.307752,20.310274,358.77472,22.339922,25.77076,351.0116,1019.9242,31.059137,25.510023,12.64502,19.986609,15.184203,82.53586,71.51582,9.160996,11.658486,454.5439,13.527238,16.125229,7.4853296,8.930637,7.970729,82.11115,26.991976,1005.8392,16.187296,23.314302,28.755026,25.78071,19.523024,1009.0505,117.43658,19.26844,26.925713,76.53169,10.091276,25.957184,1005.3732,80.835495,1016.9634,377.9911,7.27098,16.983442,14.675611,21.10243,19.207018,19.320665,16.987661,295.36218,7.7899766,7.5138273,23.183716,70.31316,25.034271,24.18,26.301556,6.703891,67.338684,13.721087,6.770753,23.87633,26.354038,28.388662,35.3916,23.2296,40.30767,1013.6547,10.856409,19.650747,32.856594,1016.1022,151.0799,1018.3586,8.8846,31.585457,26.675932,29.041056,34.284855,32.449955,22.162956,51.02834,81.84908
6080,Ho Lap College,22.33672396,114.1956174,149.2196626071129,-0.3930094621799407,-0.18910885497538854,9.280770567466302,1.9674280252735061,1.1371860909292588,1734.673897451232,0.09331979,1.0000000000000426,0.9998027788401603,0.9522600611313549,0.8757587536116729,0.75575070590982,1.1727375148890113,2.159699385021357,3.880253514388715,5.2138664709120945,6.416205493537434,60.18107,59.434277,58.343792,28.557947,18.76473,76.99125,36.079567,7.521621,1012.6504,23.482853,6.9991546,23.88585,5.7791867,30.062891,502.8556,32.59116,13.368644,19.222513,29.308084,17.256516,29.308084,2352.2463,460.89386,31.057175,82.0248,1201.3066,106.29835,1201.3066,106.29835,8.239325,72.084465,76.627754,20.05125,78.93643,24.840744,29.195904,16.083004,25.640041,71.20848,28.222818,6.5882735,23.489803,1012.6594,32.41785,22.733175,26.523035,29.121338,6.5366077,31.057175,8.364186,25.268398,29.268875,1020.1941,17.635658,34.802376,36.079567,14.725967,24.145166,31.385118,34.923862,32.71869,1005.1432,81.63378,22.946037,20.562548,1008.4998,30.416975,7.1555657,20.297337,363.5331,22.323568,25.830652,353.4822,1019.9477,31.217138,25.53047,12.5491295,20.031284,15.125353,82.49618,71.71047,7.9955015,11.483636,460.89386,13.368644,16.041727,7.093389,8.698115,6.6942797,82.18805,27.039738,1005.8115,16.044981,23.225107,28.838406,25.754684,19.538866,1009.025,121.08686,19.295177,27.011362,76.73079,10.119216,25.992569,1005.3448,80.869934,1016.9706,376.87973,6.5036807,16.895403,14.50899,21.099293,19.074112,19.235207,16.864037,296.0185,7.521621,6.6110096,23.259878,71.05726,25.08261,24.116869,26.31511,6.4177303,67.52686,13.444744,6.4051156,23.893467,26.309818,28.446863,35.699657,23.146965,40.4388,1013.6343,10.78881,19.488503,33.091366,1016.131,151.7095,1018.4439,7.6245203,31.664318,26.621529,29.101044,34.5204,32.59116,22.07835,51.135895,82.03303
6081,Christian Alliance S W Chan Memorial College,22.481432,114.137628,172.25130366653585,1.6881325408691554,0.17799927660740436,66.70955122829105,22.738298525705456,15.208902126201195,5594.954273667926,0.272496,1.0000000000000426,1.000000000000135,1.0000000000004956,0.9978319860513908,0.9475370589123773,13.719885888672682,25.245723045877526,38.784028352022226,44.07470126952936,49.91256773704864,13.239239,12.823447,12.234653,31.432768,18.278137,79.02705,35.751602,4.3188314,1012.8559,22.523916,6.3720117,23.094065,7.373978,34.85325,506.4364,32.294163,11.139984,21.154179,28.498243,16.3078,28.499462,2169.578,439.25696,31.915325,83.61328,1147.5881,104.70578,1130.747,104.70578,5.239336,74.36349,78.28675,18.843,80.04651,24.50957,29.16625,15.690048,24.136665,65.30313,27.236044,6.7921057,22.23155,1012.7714,32.292904,22.256779,25.046005,28.090721,6.7192736,31.915325,6.841184,24.80413,29.40603,1020.6869,16.150272,33.60614,35.692036,12.465335,23.265114,31.18345,34.96553,32.76986,1005.2678,82.85072,22.414537,19.47188,1008.5855,30.505175,6.017294,20.69928,354.8249,22.783903,26.230425,312.4065,1020.3662,31.471235,25.31463,11.788282,19.510098,14.589981,84.69796,74.72765,6.793878,8.998353,439.25696,11.139984,14.688011,6.985643,6.3490686,5.6758237,83.67164,27.250162,1005.7842,14.027086,21.44861,29.291313,24.650846,19.491491,1009.0182,96.00043,18.807163,27.539131,80.5723,9.3987,26.355532,1005.4584,83.56601,1017.2942,353.50626,6.1148195,16.173048,13.114637,20.936075,17.024012,18.65194,15.698141,250.82738,4.3491225,4.671455,23.308012,74.16054,24.713728,22.90046,25.601542,6.678886,69.3326,10.367391,6.5281835,23.108566,24.910534,27.621725,35.72755,21.42536,39.184315,1013.8707,9.961152,17.282042,33.258755,1016.3648,152.46603,1018.8022,6.645592,31.45715,25.270622,28.277193,34.41091,32.285946,20.73113,40.28069,82.04846
6082,Buddhist Fat Ho Memorial College,22.251976,113.866414,176.92028539382568,1.3495577548171687,0.1185298425059149,10.160384955447864,9.922306453772473,6.526966812957761,233.50687596412996,0.20014872,0.9334854053215563,0.8151814030227065,0.6207691913129533,0.46342922952648447,0.25962824464470674,5.443792805349973,7.475709748322482,8.019661214770885,8.160384955447864,8.160384955447864,18.95541,15.166809,9.278904,27.29068,19.03149,75.98826,34.93708,7.6464005,1012.5763,23.460993,14.402041,23.858244,5.7575355,30.960985,481.22403,31.71757,13.146162,18.57141,28.831688,17.355913,28.831688,1761.0422,334.73508,30.097687,76.32099,864.27594,109.21591,864.27594,109.21591,8.387331,71.29562,77.747215,20.41647,79.60107,24.792223,29.32749,16.127985,25.429865,59.090366,27.900558,14.116222,23.304058,1012.6813,31.683317,22.608524,26.112974,28.613691,13.4318695,30.097687,14.725868,24.967028,29.562706,1020.162,17.674585,34.71795,34.736256,14.770704,23.912033,31.184092,34.430042,32.524136,1004.9772,79.05118,23.229101,20.838558,1008.4976,30.373346,16.434,20.711363,242.66553,22.906532,25.347197,247.06175,1019.8156,31.040878,25.551142,13.246027,20.08456,15.847321,80.67558,71.372765,15.283029,10.897637,334.73508,13.146162,15.846574,13.634663,8.92993,16.914637,79.68538,26.813704,1005.64545,15.745247,23.412428,28.623394,25.851055,19.404856,1008.8059,66.25894,19.597694,26.624052,76.4446,11.304805,26.427849,1005.48376,79.9202,1017.02356,286.87527,13.626137,17.415329,14.953475,21.148918,19.570251,19.623158,17.150858,217.3424,7.64645,12.627874,23.285282,71.41748,24.927805,24.100498,26.441416,12.657781,65.83123,13.460566,13.239246,23.693064,26.007063,28.220737,34.933693,22.624771,44.40027,1013.70416,11.588627,19.497967,33.29393,1016.17084,149.65286,1017.9481,16.13317,31.26633,26.333147,28.645924,34.195263,31.669538,22.069777,48.144096,78.81676
6083,Chiu Chow Association Secondary School,22.416712,114.230062,251.42704068424618,4.594610629663382,0.28113288339377196,29.88462476024291,13.974667006587676,9.060492691070735,722.0623513718347,0.18094774,0.9615008196721702,0.7715032759720142,0.7359865002548609,0.7247878736729579,0.8352202078761398,7.80476461773281,13.754212815542656,20.68887319633688,24.11635453221497,27.085256150220584,31.307697,30.299826,26.90115,28.655853,18.683392,78.22268,35.699726,7.0438733,1012.7827,23.07137,9.092026,23.493162,5.6800776,29.660831,504.0884,32.163338,13.020562,19.142775,28.922804,16.834454,28.922804,2238.34,456.697,30.588043,84.35248,1175.6042,99.53868,1175.6042,99.53868,7.9277625,74.11125,77.70093,19.750896,79.8492,24.605518,28.682388,16.152285,25.312294,69.111084,27.674988,8.999542,23.104025,1012.8444,32.0708,22.68821,26.101599,28.636793,9.939372,30.611656,8.838146,25.026466,28.932129,1020.369,17.189068,31.30515,35.699726,14.411628,23.869707,31.091776,34.49306,32.216488,1005.3564,82.512825,22.600866,20.375385,1008.552,29.722519,8.425708,19.920254,352.2281,21.908247,25.293669,344.42957,1019.9845,31.101812,24.932611,12.558203,19.801687,14.942713,83.02667,73.6064,8.672463,10.900916,456.697,13.020562,15.616407,10.3087,8.277853,8.022295,82.74933,26.527702,1005.8072,15.474128,22.994884,28.486832,25.386272,19.012405,1009.0362,103.40811,19.25728,26.627632,78.206345,10.324255,25.638517,1005.541,81.81867,1017.0326,366.67923,9.431219,16.569616,14.090994,20.550873,18.988491,18.805017,16.512075,253.62672,7.0438733,8.76862,23.353819,73.23014,24.883041,23.780132,25.956938,9.946681,69.24072,13.137822,9.260797,23.714823,25.879333,28.06209,35.39855,22.724854,37.62187,1013.8126,10.607231,19.128601,33.00949,1016.4375,147.63098,1018.6188,8.49076,31.095076,26.229984,28.719234,34.408756,32.16332,21.63915,44.990738,82.6197
6084,Sham Tseng Catholic Primary School,22.367465,114.060407,162.87948136758183,-7.100421085836113,-0.3783706314056834,24.689850608805536,19.900786461403364,12.945887894904155,276.321401812095,0.1521662,0.8029186973859342,0.7177208094990514,0.6858561532849169,0.7263884899835074,0.6953507150821583,11.576268888212157,17.450506606450137,20.97754167344153,22.40930439700598,22.689850608805536,37.81594,26.689575,16.32958,27.173397,18.706516,76.223,35.20771,8.034312,1012.62085,23.420116,11.360497,23.75767,5.3771715,29.134966,486.63132,31.890339,13.44405,18.44629,28.701674,17.296286,28.897121,1952.9021,409.61194,27.785366,84.053246,1021.8646,94.41579,932.2506,94.41579,8.7154665,70.715904,75.865974,20.09171,77.7084,24.799864,28.881136,16.222025,25.826748,69.097404,28.135122,11.972068,23.220732,1012.41254,31.882647,22.850592,26.201326,28.746174,12.001647,27.785513,11.734101,25.003622,29.014917,1019.9748,17.711666,28.60223,35.095573,15.117498,23.991875,30.894344,34.107376,32.21369,1005.1549,80.753456,22.972631,20.817022,1008.5435,29.952166,10.4473095,20.089567,305.74728,22.27375,24.956081,302.5293,1019.9136,30.43454,25.276903,12.411246,19.70529,15.135032,82.949265,70.6083,11.179162,11.182842,409.61194,13.44405,15.934534,12.410672,9.488316,10.337959,81.93525,26.55702,1005.7372,15.800451,23.528122,28.084127,25.755747,19.220638,1008.9804,81.30541,19.19004,26.126669,76.88827,10.405511,25.683945,1005.60095,80.4281,1017.03156,304.9999,11.196392,17.096432,14.738452,21.167505,19.691294,19.270824,16.989166,212.44981,8.120092,10.072087,23.31666,71.134544,24.83002,24.0056,26.238728,11.609419,65.69112,14.351112,11.734995,23.926014,26.024387,28.200724,35.20244,23.39723,38.028034,1013.74927,10.608288,19.728857,32.762543,1015.86835,140.35861,1018.4834,11.630162,31.145815,26.407793,28.883865,34.149452,31.82391,22.094952,32.386734,79.9974
6085,Chiu Yang Primary School of Hong Kong,22.451624,114.004655,156.80269017629692,0.06000436578615403,0.02830652503094882,8.58372285190805,1.6055414488865467,1.0143349566363555,2818.886272548528,0.11652267,1.0000000000000426,1.000000000000135,0.9926550178303379,0.7948039327759953,0.7481656421632837,0.9646552229606916,1.606478183541737,2.806730472917388,5.482922851908051,6.5837228519080515,63.270874,59.134712,55.302,29.394228,18.43753,75.12258,35.929905,6.535676,1012.6414,23.487463,7.5982804,24.009796,6.7848806,33.595337,498.8534,32.691048,12.495298,20.19575,29.26793,17.270803,29.26793,1877.0054,350.44437,32.878872,79.00131,941.3551,106.996735,941.3551,106.996735,7.4623375,71.68828,73.832214,20.076408,75.54911,24.575628,29.93855,15.663125,25.132103,65.43503,27.981918,6.439204,23.233068,1012.5878,32.649086,22.380205,26.126795,28.805262,5.638404,32.878872,9.64541,24.982157,30.187555,1020.5149,17.379562,34.4269,35.929905,13.9493065,24.061062,31.767187,35.06753,33.38531,1005.1176,80.4858,23.319445,20.539246,1008.5149,31.260065,9.178458,21.3119,264.04822,23.608213,26.614824,276.49384,1020.053,31.707346,26.023926,12.512528,19.692282,14.94355,80.8922,70.85227,9.477256,10.928792,350.44437,12.495298,15.748166,5.821728,8.011567,9.07987,79.14987,27.846703,1005.6365,15.556078,22.696726,29.653294,25.751385,20.006567,1008.93,67.7478,18.843788,27.8524,76.31598,9.348369,27.061737,1005.2635,80.06487,1017.0676,326.8625,6.726778,17.2565,14.421829,21.439913,18.675434,19.82517,16.970057,224.48822,6.535676,7.5158515,23.201614,68.18681,24.88691,23.978657,26.527555,5.6684494,66.25109,12.348439,6.0364614,23.752617,25.982859,28.385075,35.49308,22.614788,39.690964,1013.6666,10.220225,18.72479,33.389793,1016.1616,151.45868,1018.1822,9.951492,32.14115,26.39061,28.988968,34.642067,32.691048,21.880548,43.02999,78.20245
6086,C.C.C. Kei Wai Primary School,22.379157,114.104691,128.3991640263546,-4.6369938713631145,-0.282860637450843,85.71381553157754,25.102869252066945,17.28606851211732,816.2987282193656,0.28165126,0.9924721311475827,0.9187787380498208,0.9158961793177565,0.8690407177708692,0.7824592993491497,17.021811707108597,32.49786080956665,54.98685294454817,75.81587061676711,82.95533810474687,16.747015,17.875902,18.312021,28.570724,18.378645,77.97463,35.00892,6.438194,1012.7416,22.808287,9.604596,23.189898,6.0220084,31.229475,489.7429,31.601166,12.327033,19.274132,27.550173,16.6747,28.407362,2174.4766,450.5523,29.398432,83.652916,1129.1688,103.68033,1081.0944,103.68033,7.1318116,72.25717,77.74039,19.3569,79.55115,24.627855,28.565918,15.815028,24.868128,71.64354,27.521456,9.412647,22.61077,1012.5668,31.561207,22.41838,25.570734,28.224682,9.514638,29.398432,10.760157,24.826227,28.707718,1020.2048,16.9289,32.486656,34.95294,13.839025,23.495174,30.512924,34.05945,31.960388,1005.138,82.252655,22.418058,19.956585,1008.6449,29.822012,9.709405,20.01657,342.44263,22.13107,25.106943,336.17386,1020.14,30.363441,25.000944,12.037928,19.528023,14.830462,84.80025,72.88211,10.3997,10.201075,450.5523,12.327033,15.289116,9.909319,7.995597,9.56978,83.87229,26.483831,1005.8889,14.942478,22.336996,28.117994,25.000557,19.091265,1009.0821,96.21965,18.840973,26.313238,78.83116,9.684919,25.528028,1005.5828,82.184685,1017.1975,329.6938,9.234583,16.482649,13.944879,20.829432,18.26625,18.837397,16.286385,257.02563,6.4666576,7.8810735,23.020828,72.247284,24.624348,23.354462,25.658506,9.25164,67.14928,12.527579,9.169017,23.310463,25.398071,27.661484,34.997936,22.387203,41.79524,1013.8748,10.288762,18.497791,32.38404,1016.0152,147.90945,1018.5639,10.443198,30.865688,25.766638,28.344563,33.7333,31.600069,21.332079,39.135468,81.92718
6087,Po Leung Kuk Camões Tan Siu Lin Primary School,22.315355,114.16532,176.92215522648362,0.09939800266934426,0.027611080567367163,7.493531234707334,4.25079648186406,2.3421102631272843,585.3299235325625,0.07497307,0.9955262295082388,0.9157743275973022,0.7276640855834288,0.7335853834451829,0.6707310710388147,1.9313465051547734,2.7395073812537363,3.6915578942684255,4.547614064239875,5.493531234707335,62.234062,63.6558,62.243267,27.156376,18.941818,76.701515,35.52375,8.367376,1012.624,23.623203,9.463287,23.950203,5.130758,28.17515,493.2226,32.183304,13.975525,18.207779,29.223644,17.448324,29.223663,2223.592,437.51495,28.552284,82.292816,1143.3774,99.68995,1142.57,99.68995,9.15918,71.47264,76.35123,20.364094,78.63399,24.899797,28.958265,16.35575,25.991308,70.774796,28.27772,9.282395,23.652737,1012.6702,32.07904,22.929438,26.70337,29.112015,9.270206,28.552284,10.825244,25.31253,29.00768,1020.1181,17.986097,31.690716,35.52375,15.431315,24.226759,31.09677,34.41675,32.369495,1005.1468,81.54497,23.047304,20.915186,1008.5037,30.005781,9.181686,20.044325,347.90396,22.102621,25.205671,333.66156,1019.8264,30.708544,25.352842,12.869286,20.055809,15.357992,82.63062,71.09235,10.150589,11.926959,437.51495,13.975525,16.297934,9.845826,9.505059,8.9540205,82.188866,26.632881,1005.8134,16.416374,23.754263,28.283907,25.95372,19.299408,1009.0126,111.23855,19.508043,26.332806,76.43448,10.535189,25.720682,1005.4293,80.83361,1016.888,357.95844,9.141587,17.135773,14.934737,21.004639,19.796257,19.354914,17.181215,272.97476,8.367376,9.010077,23.296318,70.671234,25.106688,24.32093,26.381468,8.852462,66.86495,14.480488,8.960447,24.066584,26.47429,28.451832,35.252846,23.529148,39.446945,1013.6058,11.074985,20.130644,32.745712,1016.0947,145.61928,1018.3786,10.084905,31.337406,26.805107,29.10536,34.20246,32.183304,22.3743,46.25562,81.69927
6088,Pui Tak Canossian College,22.250365,114.155846,189.61877186213158,-9.295597006426231,-0.48741734857337965,57.89308280910146,24.51486940159484,16.032704905939347,376.70695184980383,0.19323044,0.910219231911882,0.8877844312635698,0.6974249102633623,0.5242552721896615,0.3860389067138614,16.500894677469987,29.80372146678364,45.55877159748609,54.88430607311789,55.893082809101465,32.006714,27.026249,22.363102,25.753466,18.934338,78.56992,34.482536,8.729068,1012.54944,23.1496,13.141592,23.46275,4.8299327,27.440035,480.6946,31.308092,13.715181,17.592907,28.5388,17.14986,28.585587,2030.0659,392.24612,26.284712,81.659904,1037.7693,92.6658,973.1814,92.6658,9.258874,72.60544,78.059654,20.04759,80.30878,24.922127,28.272188,16.35527,25.827576,68.38739,27.92972,12.653509,23.218416,1012.48785,31.18555,22.909103,26.187176,28.408342,12.832683,26.284712,15.266182,25.341297,28.28876,1019.69855,17.71852,28.91722,34.46592,15.275519,23.76992,30.353828,33.72836,31.673857,1005.18854,84.05502,22.511663,20.510881,1008.5595,29.291405,13.123037,19.506086,319.39786,21.569925,24.397335,306.06723,1019.6979,29.845507,24.735256,12.572794,19.961714,15.423039,85.28785,72.51364,13.867159,11.573799,392.24612,13.715181,15.949303,13.221559,9.847822,13.352794,84.707275,25.931856,1005.9343,16.055126,23.376467,27.378765,25.467066,18.769691,1009.066,89.213,19.554096,25.458014,78.59588,10.583952,25.0725,1005.5511,83.53331,1016.7867,326.05133,12.572835,16.745502,14.7202015,20.912481,19.65306,18.986515,16.87002,250.75859,8.870869,11.947015,23.19404,71.56706,25.08767,23.887455,25.803864,12.258927,67.8339,14.975635,12.238315,23.622269,26.012913,27.84923,34.24803,23.456043,37.463867,1013.65753,11.3069515,19.870247,31.919603,1015.7933,139.283,1018.17163,14.365089,30.569025,26.319752,28.438555,33.38227,31.297293,21.986906,45.995487,83.77123
6089,Hong Kong Sea Cadet Corps (Jubilee Centre),22.210846,114.213314,231.08444592727585,8.341317765201369,0.3314726437170993,56.232620802668016,29.61696845888357,20.079487116666392,163.5686935162003,0.24569127,0.622931845780213,0.464036226581341,0.31378043967715813,0.3377112918964101,0.31034672887721065,19.77681884456089,34.71669394805307,50.964451999681046,54.232620802668016,54.232620802668016,10.140565,12.103044,11.904534,26.069513,19.216797,79.71199,34.447914,8.378403,1012.687,22.933853,15.871761,23.30787,4.570782,26.54038,485.8776,31.187874,13.971028,17.216846,28.482738,16.937141,28.484219,1802.5177,357.3282,23.183636,82.20147,934.3926,78.99547,924.8185,78.99547,9.721635,73.54603,79.31621,19.989498,81.53963,25.06763,28.08384,16.734577,25.469753,64.30495,27.445015,16.577288,23.087244,1013.0675,31.083412,23.142593,26.079123,28.24173,17.395332,24.294323,16.587559,25.490005,28.057076,1020.2788,17.610071,23.327147,34.427074,15.562087,23.60881,30.384459,33.780838,31.720282,1005.31445,84.971504,22.230602,20.456367,1008.43945,29.114607,14.41072,19.023148,279.40924,21.065565,24.097664,259.99323,1019.60406,29.865639,24.497835,13.253882,20.163359,15.443796,85.88379,73.31995,14.563051,11.480626,357.3282,13.971028,15.810435,17.791353,9.230263,14.679365,85.75532,25.670639,1005.91693,15.895651,23.595118,27.02936,25.369976,18.463066,1009.0001,73.65615,19.85461,25.084988,79.453224,11.156203,24.769756,1005.5964,84.79933,1016.64166,297.65503,15.384405,16.413006,14.501995,20.101517,20.150719,18.499866,16.640375,219.24406,8.382649,14.409764,23.516716,73.96374,25.266697,23.765806,25.59624,16.912018,68.82352,14.57564,16.376863,23.55328,25.981262,27.8431,34.150646,22.83864,31.373997,1013.5711,11.511498,20.056147,32.04424,1016.4593,131.3081,1018.3544,15.373411,30.411964,26.190683,28.305899,33.613605,31.177494,21.840302,40.62319,85.17169
6090,HK & Kowloon Kaifong Women's Association Sun Fong Chung College,22.431046,114.194711,134.59230308553822,5.72892616008682,0.32949135387788603,97.02178870311596,24.51859710454341,16.58356447769812,782.8523747178738,0.29411298,0.9767409836065978,0.7935655321861709,0.6876384105961119,0.8089274474363221,0.8894227322689315,16.471298245562977,32.19813900594671,57.045169704414185,85.55406588196198,95.01741443776439,12.764952,11.138497,11.828586,29.382946,18.434475,79.67444,35.083263,5.700315,1012.9285,22.448307,10.224741,22.89149,5.988952,30.805159,499.7544,31.55695,12.120213,19.436739,28.26015,16.256182,28.261274,2235.1208,470.4307,30.599,85.39164,1192.2101,99.59585,1179.4192,99.59585,6.764532,74.72537,79.50683,19.06346,81.40879,24.445803,28.158762,15.941806,24.546722,69.95848,27.031778,10.740029,22.39955,1012.9492,31.51715,22.426405,25.344307,28.012947,11.701465,30.626154,9.576666,24.726397,28.491556,1020.5922,16.4537,30.925556,35.043888,13.5643,23.304255,30.504066,34.02509,31.712143,1005.4165,83.18769,22.11687,19.761242,1008.6593,29.302263,9.179275,19.65609,365.20844,21.683613,24.919891,334.06247,1020.2115,30.666632,24.459671,12.195708,19.501223,14.711019,84.99995,75.16014,9.453058,9.74311,470.4307,12.120213,14.9069605,12.029282,7.286661,8.906105,84.59228,26.110365,1005.9178,14.504634,22.19255,28.138662,24.662056,18.654087,1009.1092,102.44101,19.030834,26.2583,80.39617,10.104321,25.319857,1005.6914,83.37045,1017.2343,356.5709,10.598911,16.051353,13.429827,20.112577,18.112488,18.27746,15.862337,248.6466,5.726745,8.845367,23.24439,75.4822,24.595263,23.079538,25.377384,11.55693,69.73075,11.924307,10.812663,23.219143,25.14502,27.4655,35.05971,21.886295,38.044136,1013.9704,10.290524,18.219584,32.595142,1016.521,148.08397,1018.869,9.297146,30.522326,25.498528,28.128906,33.887543,31.551844,20.894754,40.122173,83.53265
6091,Hong Kong Sea Cadet Corps (Tang Shiu Kin Nautical Centre),22.386136,114.308856,128.401348699703,-3.566253572044407,-0.282146584658154,30.313829720117024,20.641843322745018,14.522052719572015,109.5621465360001,0.28271082,0.5495795488111079,0.6552208039779922,0.7041376099738096,0.7254257226706602,0.5807358064785219,13.34203764827862,20.909246155341297,27.218238314002043,28.313829720117024,28.313829720117024,0.20150043,0.21738055,0.22817893,29.198093,18.774584,81.68082,35.716385,6.518296,1012.6226,22.371899,10.23973,22.751528,5.9543285,30.099728,513.7286,31.783089,12.001276,19.781813,27.347992,16.052462,28.301622,2079.3271,438.33487,28.693846,83.45622,1101.2301,95.30164,1062.4718,95.30164,7.191586,75.93487,81.84956,18.768133,83.99205,24.962723,28.081232,16.45114,24.761658,71.811356,27.331444,10.993558,22.302956,1012.6527,31.776955,22.858826,25.210617,28.079596,12.588821,30.045832,9.183245,25.167095,28.274714,1019.9233,16.433523,28.710835,35.26763,13.508523,23.214901,30.722616,34.278465,31.613743,1005.0801,84.2273,21.679459,19.417196,1008.26636,28.94314,8.621888,19.004438,325.64627,20.889433,24.252728,337.2489,1019.80347,30.404865,24.36948,11.905416,19.918861,14.810711,86.482124,76.83429,8.673335,9.63687,438.33487,12.001276,14.782031,12.631198,7.8134284,8.300737,87.132935,25.724525,1005.8405,14.35136,22.203402,27.374077,24.747147,18.280407,1008.9032,98.534966,19.395962,25.507341,82.46549,10.645772,24.762722,1005.6016,84.82179,1016.843,303.49036,11.097604,15.678597,13.195583,20.324545,18.313038,17.807676,15.461301,221.10098,6.5246987,7.641924,23.701109,79.219894,24.953459,22.908537,25.241192,12.780434,70.28508,12.687545,11.756879,23.25497,25.065157,27.575724,35.716385,22.307608,36.544983,1013.76337,10.523937,18.219133,32.901875,1016.20215,141.10889,1018.5914,8.607133,30.564106,25.339977,28.223043,34.354614,31.693663,20.883392,46.7488,86.92444
6092,San Wui Commercial Society Secondary School,22.407895,113.962891,130.78140229083124,-5.600968026638785,-0.28626921988720005,44.32127831222064,15.394796507482775,10.461576787789951,2810.6446928317087,0.22702023,1.0000000000000426,1.000000000000135,0.9993359653596388,0.8021544482563204,0.4970050296858446,8.990515278906297,16.108992991757766,25.656059982757963,31.09382835063581,35.58372275012996,20.89019,19.443775,18.291529,28.947372,18.274912,75.30407,35.561222,6.61385,1012.6129,23.238228,9.884932,23.80942,6.804248,33.635456,494.1555,32.404686,12.176709,20.227978,28.990047,17.146929,28.99253,1874.566,359.89792,34.26169,78.5298,926.8977,111.08945,910.6216,111.08945,7.474164,70.4292,75.32211,19.862003,77.0714,24.54661,29.709238,15.341885,24.98065,68.97678,27.821056,8.337752,22.93026,1012.4826,32.293842,22.187008,25.859543,28.532166,7.261358,34.26169,12.689575,24.652815,30.033712,1020.1837,17.263693,36.851402,35.561222,13.860981,23.798944,31.559513,34.970745,33.06434,1005.1128,79.11212,22.951307,20.2489,1008.5304,31.108807,12.418696,21.141666,255.7454,23.468138,26.441143,281.80768,1020.0185,31.363394,25.85954,12.250433,19.438372,14.948791,81.509735,70.61996,12.399083,10.598825,359.89792,12.176709,15.478726,7.3671994,8.120536,12.464234,80.253975,27.612991,1005.7274,15.265187,22.542616,29.432556,25.543354,19.878553,1008.9448,62.316437,18.583063,27.617647,76.94834,9.387089,26.801682,1005.416,79.70906,1017.141,311.25433,8.869272,16.982063,14.383087,21.44056,18.592796,19.563652,16.746672,225.41956,6.6360493,8.534246,23.16059,69.218376,24.592356,23.720919,26.201847,7.1659737,64.95958,12.415609,7.7568717,23.4652,25.706234,28.121407,35.237076,22.485294,39.976345,1013.8284,10.209942,18.544754,33.0819,1015.988,153.75937,1017.9812,13.354931,31.947365,26.116467,28.725765,34.35835,32.404686,21.673693,44.2991,78.49493
6093,Maryknoll Fathers' School,22.334138,114.172878,167.5992608926116,-1.2072317015847622,-0.20878003647522728,24.75385505923003,11.481434209950386,7.031304640090885,2331.530189490533,0.118674405,1.0000000000000426,1.000000000000135,0.9733768211925135,0.8004891418739191,0.7340106864912516,6.3046745947173175,9.790983038189903,12.905738905365101,15.447515274021205,18.198396247035575,61.76719,59.75751,58.213013,28.202438,18.728662,76.857895,35.89958,7.6971393,1012.6489,23.477158,7.9466596,23.915695,5.729341,30.112238,496.2149,32.475487,13.449241,19.026247,29.238155,17.357864,29.240175,2328.7585,453.07205,30.833487,82.109245,1188.156,105.4165,1178.1188,105.4165,8.399222,71.886055,76.55527,20.149246,78.796936,24.790516,29.219065,16.037806,25.650059,71.164795,28.162031,7.0365944,23.4844,1012.6462,32.22207,22.670076,26.53542,29.014498,6.892134,30.833487,9.909339,25.199024,29.269638,1020.144,17.725159,34.7002,35.89958,14.823425,24.115675,31.254644,34.843235,32.68241,1005.1878,81.67207,22.926271,20.595272,1008.5486,30.482847,8.637045,20.423046,356.59805,22.45045,25.90031,352.27164,1019.9262,31.097132,25.588837,12.62624,19.949646,15.181012,82.732254,71.55192,9.489152,11.594625,453.07205,13.449241,16.096022,7.450654,8.882848,8.331116,82.26042,27.099188,1005.84,16.13759,23.245079,28.858885,25.752457,19.606346,1009.0496,115.560234,19.220707,27.06068,76.6799,10.02475,26.03459,1005.382,80.891716,1016.9744,378.48593,7.421475,16.97279,14.671109,21.174019,19.134787,19.326061,16.96924,294.61905,7.715556,7.5465155,23.201714,70.243416,25.002113,24.148003,26.264793,6.668986,67.21285,13.643509,6.742214,23.825666,26.306116,28.34141,35.34371,23.170828,39.882812,1013.6712,10.840356,19.584124,32.800755,1016.0878,150.9885,1018.3284,9.234695,31.646194,26.635206,29.000877,34.228683,32.475487,22.143524,50.58185,81.81193
6094,Queen's College Old Boy's Association Secondary School,22.358218,114.098107,156.31191998103972,3.113330279057071,0.11547514491685056,53.68079490233578,20.049944777513314,13.646564716777016,465.44106470552634,0.22579722,0.876307377049211,0.76333766730407,0.7432642893531894,0.6866641169956332,0.706255361551126,13.160532911068731,24.454228549821227,39.77240149994539,49.20407276553623,51.68079490233579,28.92065,27.794382,25.293537,27.504837,18.67685,76.93419,35.058857,7.554019,1012.7503,23.232777,11.62793,23.607143,5.313536,29.065306,484.7662,31.716629,13.438239,18.278393,28.60945,17.161,28.74655,2068.2795,428.8532,28.171553,84.24522,1081.0095,95.16899,1007.8386,95.16899,8.5828905,71.47025,76.62121,19.998716,78.480736,24.711422,28.71364,16.181503,25.448196,70.192276,27.738071,11.710622,23.1443,1012.781,31.620981,22.736946,26.164557,28.588947,11.913803,28.171553,12.394874,24.970926,28.791183,1020.3369,17.594694,29.15973,35.03305,14.992254,23.870665,30.64926,34.048588,32.073566,1005.2489,81.65489,22.753325,20.647476,1008.6146,29.872494,11.128965,20.009645,324.45053,22.112776,24.995129,320.90662,1019.9359,30.338434,25.164127,12.761966,19.662607,15.088451,83.72407,71.44101,11.849149,11.178144,428.8532,13.438239,15.8703,12.370788,8.914173,11.0872,82.7751,26.507328,1005.8314,15.781338,23.336239,28.040625,25.548584,19.143452,1009.0556,90.93165,19.145578,26.172821,77.31597,10.25425,25.532154,1005.6289,81.144684,1017.0422,326.61945,11.544143,16.937239,14.657161,20.725245,19.454462,19.110544,16.882912,233.785,7.558015,10.481261,23.20545,71.12382,24.766891,23.908644,26.01723,11.504356,66.353615,13.80291,11.471428,23.75065,25.954933,27.98721,34.884068,22.920761,37.837704,1013.7914,10.636192,19.646202,32.406708,1016.2586,141.28166,1018.4787,12.078563,30.99977,26.32768,28.67464,33.810246,31.704693,21.972519,36.090088,81.10492
6095,Kellett School,22.324829,114.206732,168.91377504717946,0.012299858977207572,0.001186632430738871,6.594196711376496,2.2104474683847344,1.2600676575813232,626.7890850518448,0.07207109,0.9666729508197114,0.886490758444966,0.823133520122525,0.8693037647970052,0.7256603816859292,0.7231019707186251,0.9151553021828911,1.740066043986761,3.604534100005133,4.594196711376495,77.320175,76.194214,71.51236,27.740063,18.874405,76.95264,35.80779,8.06773,1012.6652,23.530235,8.108323,23.84591,5.2507696,28.300743,502.63876,32.33163,13.782769,18.548864,29.262934,17.24367,29.262934,2292.5168,456.2013,29.991718,82.315765,1182.8406,101.78573,1182.8406,101.78573,8.769326,72.238556,76.37585,20.139904,78.721535,24.835821,28.871088,16.302534,25.916805,71.959885,28.280275,8.503389,23.585482,1012.6817,32.2721,22.896152,26.63201,29.178974,8.680401,29.991718,8.527855,25.314337,28.961397,1020.1846,17.73303,32.404312,35.80468,15.171594,24.19216,31.210276,34.525,32.405975,1005.1844,81.80914,22.983152,20.781641,1008.4994,29.965078,7.231728,19.867483,361.5455,21.906712,25.238218,339.2844,1019.9148,30.90793,25.219234,12.638364,20.081194,15.155017,82.191765,71.57305,8.029371,11.695261,456.2013,13.782769,16.12935,9.230817,9.148972,6.7854047,81.93471,26.597176,1005.8148,16.203327,23.593824,28.329832,25.82074,19.18586,1009.032,121.028824,19.492443,26.401037,76.41767,10.509409,25.637197,1005.4054,80.81066,1016.9305,365.0938,7.8184166,16.94046,14.596408,20.857891,19.54536,19.14114,16.951092,279.24756,8.06773,7.9265556,23.276232,71.58339,25.127373,24.200863,26.362343,8.466718,67.695816,14.114943,8.367631,24.070644,26.420383,28.500196,35.633015,23.445934,39.389698,1013.6082,10.863979,19.884325,33.072395,1016.1452,148.07993,1018.5818,7.731596,31.338,26.714563,29.136225,34.51582,32.328274,22.156925,48.28994,82.07956
6096,Ho Ngai College (Sponsored by Sik Sik Yuen),22.3899,113.974636,190.00959336904333,-0.03290553540177905,-0.053912412497202834,6.852864482282372,2.3525191906090357,1.5663635175331436,990.0444675073303,0.113329455,1.0000000000000426,1.000000000000135,0.9768751400921614,0.7937654504774714,0.5467123752542111,1.3668432174745702,1.8785691005165164,2.5814163325389665,3.947890402425686,4.852864482282372,49.61414,52.983917,51.716274,28.307081,18.425968,73.73422,35.619015,7.311933,1012.6074,23.733566,9.143817,24.115837,6.1172943,31.425566,494.55066,32.473995,13.00958,19.464413,29.32958,17.46493,29.32958,1900.5664,366.61438,32.101086,78.93324,940.9823,111.61952,940.9823,111.61952,8.367084,69.485176,73.3944,20.411816,75.27753,24.5982,29.694881,15.497751,25.5008,68.46313,28.21156,7.8047814,23.462826,1012.6091,32.47199,22.395224,26.437822,29.013638,6.681693,32.101086,11.789419,24.802246,29.973093,1020.3014,17.872686,36.479332,35.619015,14.697778,24.236763,31.656425,34.761383,33.017452,1004.9897,78.473595,23.407131,20.858616,1008.5375,30.931429,11.20558,20.942787,263.4603,23.258778,26.084476,290.39954,1019.941,31.253862,25.885662,12.717893,19.584145,15.0854435,79.79603,68.67536,11.435808,11.471352,366.61438,13.00958,16.068325,6.8949594,8.710205,11.101378,78.52208,27.430634,1005.6545,16.025743,23.283882,29.16093,26.086067,19.836466,1008.9396,65.53085,18.712236,27.245565,74.61449,9.603746,26.627731,1005.3716,78.08098,1017.0828,310.9076,8.022999,17.461092,14.959041,21.343927,19.328865,19.990978,17.318724,227.8532,7.311933,8.617625,23.00052,67.09173,24.734787,24.288675,26.678894,6.5501933,64.336426,13.145713,7.2680006,23.9032,26.271088,28.566387,35.414703,22.968893,43.039112,1013.7552,10.379432,19.376371,33.324272,1016.1406,152.74255,1017.9666,12.353375,31.945793,26.6839,29.175581,34.644676,32.45627,22.270485,42.975296,77.06295
6097,Caritas Yuen Long Chan Chun Ha Secondary School,22.441067,114.026414,164.9548382509339,0.14035951130505067,0.10666278438287968,6.436582299515293,1.6868739840584193,1.0180207777438317,3115.004291488425,0.086181656,1.0000000000000426,1.000000000000135,0.999681253184397,0.9706833700862544,0.7639268626577771,1.2334772961203897,2.0765490904540957,3.2743320091436936,4.291959242221779,4.436582299515294,77.0053,73.43635,66.69838,29.63412,18.437841,75.0777,35.97026,6.336139,1012.676,23.49176,6.6159725,23.98087,6.7978735,33.56645,499.50296,32.731377,12.4794855,20.25189,29.256262,17.247091,29.256262,1960.588,379.07996,32.330635,80.62663,1001.2338,106.18862,1001.2338,106.18862,7.2447314,71.51966,73.66376,19.960773,75.438545,24.60256,29.888123,15.722242,25.154366,66.0157,28.061268,6.2485814,23.189253,1012.5826,32.731377,22.448162,26.07463,28.869015,5.5831,32.330635,7.9784017,25.017317,30.101818,1020.5421,17.324411,34.322502,35.97026,13.932037,24.060684,31.730019,35.05107,33.325493,1005.1316,80.606415,23.345682,20.54544,1008.5354,31.199387,7.2471437,21.259403,288.69385,23.522856,26.58206,288.61835,1020.1302,31.657547,26.0216,12.378837,19.71716,14.873842,80.87957,70.59617,7.8312397,10.781044,379.07996,12.4794855,15.7324295,5.829918,7.9127984,6.9963837,79.24886,27.797613,1005.6395,15.450937,22.679281,29.592363,25.706873,20.032114,1008.9468,75.855736,18.86855,27.813774,75.95595,9.417847,26.963732,1005.2743,79.879036,1017.1252,333.45996,5.689069,17.233042,14.303687,21.475815,18.556984,19.757156,16.899574,231.7734,6.336139,6.4182115,23.176466,68.6186,24.898859,23.945293,26.560757,5.5698533,66.35199,12.215407,5.905452,23.812098,25.946848,28.431166,35.700195,22.627407,39.53548,1013.6666,10.132251,18.67554,33.473377,1016.1438,150.97992,1018.3934,8.094317,32.12313,26.347006,29.04675,34.725033,32.707695,21.83256,39.922386,78.17387
6098,Caritas Chan Chun Ha Field Studies Centre St. Francis Campus,22.207417,114.03757,166.28220708417712,5.288644109967806,0.30444698051430125,41.36281279247917,26.966662745087422,17.53738312804902,129.99667784531817,0.27972746,0.3743527082410244,0.2573902296177517,0.1053733942806796,0.12227373140633156,0.21039003662519845,17.66091737719191,29.17068986685764,39.08258420262259,39.36281279247917,39.36281279247917,5.7178864,6.021871,7.011416,26.325024,19.389482,80.55482,34.200623,7.8756022,1012.6615,22.954685,17.294401,23.408869,5.05171,29.080097,467.65414,31.019491,13.649623,17.369867,28.2796,17.195572,28.291685,1723.6285,351.0508,22.747454,83.74777,909.4041,79.62497,856.7908,79.62497,9.176253,73.37378,80.601425,20.078363,82.827194,25.304554,28.503695,16.812761,25.266031,57.830883,27.342993,17.803204,22.953777,1012.9038,30.952389,23.267954,25.797493,28.043797,18.71486,24.786451,17.206158,25.574549,28.425497,1020.16974,17.63752,22.747866,34.09054,15.290023,23.607534,30.286575,33.881947,31.834196,1005.2823,85.61627,22.415878,20.51097,1008.5056,29.465206,16.655775,19.793093,266.56964,21.798006,24.433416,252.41544,1019.5664,29.980925,24.993874,13.376572,20.212723,15.8015,87.82671,73.92099,16.530085,10.9553385,351.0508,13.649623,15.815946,19.109636,9.07968,17.085945,86.758095,26.013582,1005.8708,15.63564,23.462835,27.36846,25.374535,19.004011,1008.95416,62.79392,19.93324,25.523039,81.263,11.463781,25.229748,1005.7192,85.80384,1016.7724,291.7836,17.146177,16.764189,14.711799,20.72488,19.888554,18.814917,16.77715,194.79033,7.8916354,14.72812,23.78779,75.0277,25.350101,23.685871,25.6631,17.960224,68.63124,14.174583,17.610605,23.537743,25.659685,27.589277,34.124535,22.64934,32.090652,1013.6704,11.78826,19.804693,32.212692,1016.2665,130.3941,1018.258,16.982014,30.503418,25.979979,28.1243,33.3386,31.001484,21.86977,36.374763,85.00763
6099,Tong Sheung Tsuen,22.45385,114.13914,161.9131978213498,-0.44001160369465714,0.12404356593145105,40.40558701667897,7.422571569193419,4.971341335536496,4041.7076441163167,0.25462306,1.0000000000000426,1.000000000000135,1.0000000000004956,0.9842832745532069,0.9417103442832724,4.6947481513535205,8.844206120781315,13.341763863270485,17.829521868102205,25.56921063138588,22.526196,19.411438,13.554442,30.7326,18.391544,78.02099,35.87084,5.13824,1012.7768,22.849842,5.8199453,23.364216,7.0764155,34.043648,504.8296,32.437435,11.653037,20.784399,28.759697,16.617739,28.760113,2219.235,448.1765,31.410107,83.62426,1164.2205,106.26308,1159.5793,106.26308,5.9399776,73.292114,77.349884,19.178335,79.17908,24.617926,29.274193,15.777393,24.57635,66.53517,27.604362,6.076149,22.568136,1012.6322,32.435207,22.388115,25.419724,28.396118,6.1374307,31.410107,6.320979,24.924623,29.498474,1020.5107,16.584625,34.632313,35.860493,13.047239,23.549465,31.32865,34.998386,32.817307,1005.1869,82.11675,22.670506,19.811779,1008.5602,30.551594,5.470632,20.747696,357.4185,22.843779,26.2089,327.63477,1020.2958,31.541319,25.4724,11.899306,19.645815,14.724024,83.659615,73.44726,6.280758,9.635409,448.1765,11.653037,15.081162,6.521417,6.9832935,5.0149565,82.79968,27.268816,1005.7408,14.521089,21.889818,29.298294,25.000353,19.63273,1008.9918,98.62891,18.909042,27.531607,79.09613,9.543941,26.416193,1005.3891,82.37506,1017.2532,358.62546,5.439398,16.442135,13.475309,21.15042,17.52148,18.927647,16.05531,261.94812,5.146337,4.516927,23.29328,72.986916,24.807693,23.265352,25.884535,6.0873947,68.62291,11.126926,5.9296756,23.355316,25.287525,27.917768,35.8201,21.939768,40.220654,1013.7971,10.167367,17.780643,33.313866,1016.2134,153.4995,1018.7509,6.0436273,31.592276,25.65001,28.574081,34.53415,32.43707,21.114824,40.5053,81.32654
6100,Lung Fu Shan Environmental Education Centre,22.281085,114.138384,188.5342396775214,16.17693746699457,0.772365865335251,155.93703582778653,31.669467962321466,20.880668359861758,888.5104871230718,0.2289226,0.994861475409878,0.848888413001996,0.5621759042281433,0.4601798632282647,0.49534772311381675,21.244603123499974,41.869416709880184,77.13715161347531,122.99862374247247,152.9409953690578,16.52106,18.253874,20.99666,27.102415,18.650728,79.82351,33.975063,6.8726454,1012.9796,22.484571,15.688831,22.92156,4.883457,27.806469,474.8477,30.779453,13.218639,17.560816,27.972235,16.602104,27.972662,2124.8528,429.3864,29.08971,83.71749,1115.6381,92.75041,1110.6472,92.75041,8.630095,74.0449,79.675446,19.535326,81.70853,24.505665,27.740044,16.072876,24.635902,72.74855,26.6723,15.229483,22.63431,1013.4272,30.499218,22.515537,25.663143,27.791735,15.5627985,29.27657,17.679178,24.856016,27.876665,1020.7714,17.094263,29.296125,33.975063,14.792002,23.25779,29.696918,33.288857,31.138443,1005.5468,84.79768,21.950079,20.044996,1008.7879,28.973612,15.649995,19.322798,337.9328,21.373194,24.351196,316.47162,1019.8942,29.42767,24.253138,13.247631,19.530357,15.11916,86.64718,74.29801,16.339977,10.835201,429.3864,13.218639,15.354644,15.716761,8.143652,16.158554,85.94028,25.627087,1006.1364,15.394284,22.833431,27.262918,24.757328,18.422659,1009.2513,93.69379,19.158432,25.400158,80.11465,10.305409,24.744347,1005.8328,84.291336,1017.003,348.31894,15.351153,16.293562,14.289317,19.567215,19.084248,18.430477,16.377565,249.19685,6.8726454,14.014311,23.01206,72.96661,24.6045,23.341398,25.188272,14.9144125,68.65086,13.227522,14.726156,23.155909,25.430435,27.149618,33.53952,22.007244,34.17772,1013.943,10.8811,19.366913,31.209005,1016.8146,139.88287,1018.347,16.923187,30.083813,25.764233,27.786963,32.591103,30.779453,21.34562,44.470524,84.74663
6101,Tung Chung Catholic School,22.28313501,113.9357167,221.00694622599696,-0.9804305827950018,0.04432683380001395,12.92036963106751,7.750063247443694,4.958528538918573,227.30944743394934,0.18142214,0.807292165979636,0.8309234597719491,0.8649812590430969,0.7454935247266112,0.42551523644726474,4.504970360621587,7.086094604302564,9.496045063965125,10.798081222602645,10.92036963106751,33.984898,28.701136,21.848297,27.371565,18.822723,75.18389,35.172478,7.8009114,1012.62317,23.608536,12.507236,23.883984,5.4731627,29.49052,485.12805,31.881504,13.324702,18.556803,28.9387,17.374403,28.939547,1870.4464,372.065,29.250723,79.8791,951.71027,105.9163,943.9326,105.9163,8.58526,70.5115,76.11015,20.38049,78.03841,24.71134,29.124907,15.969359,25.68068,62.338627,28.159098,12.917529,23.37599,1012.64044,31.881504,22.655546,26.263973,28.832106,12.0873575,29.250723,13.110002,24.919308,29.378319,1020.12506,17.84814,33.788246,34.852127,15.054637,24.049534,31.125534,34.198563,32.391205,1005.00977,79.19926,23.355997,21.010756,1008.56195,30.154102,13.151114,20.415121,277.22336,22.632675,25.094393,270.7938,1019.87933,30.680254,25.396181,12.945017,19.865242,15.516891,80.5542,69.603455,13.039251,11.156871,372.065,13.324702,16.005732,12.254205,9.231116,13.293949,79.58924,26.61397,1005.6827,15.94894,23.602236,28.37865,25.971006,19.31251,1008.91815,71.21906,19.318874,26.27961,75.5016,10.911123,26.091537,1005.5603,78.949486,1017.07764,302.42188,11.537465,17.425667,15.039934,21.099508,19.669212,19.663174,17.210575,218.51987,7.8048825,11.048448,23.100214,70.31747,24.848993,24.22245,26.565718,11.518942,65.40752,13.815859,12.193648,23.89147,26.1323,28.353437,35.172478,22.978117,42.877323,1013.7735,11.110757,19.735214,33.22804,1016.1094,147.35426,1018.1397,13.9349165,31.251442,26.491358,28.895666,34.300293,31.737534,22.226683,42.594124,78.42438
6106,Scout Association of Hong Kong (Tai Tam Scout Centre),22.239314,114.223732,144.00650664985636,7.2175599065300915,0.34054776842407253,50.58453524389137,29.631613951757256,19.857855495390297,206.29288779327734,0.27027252,0.8522791807064986,0.7891986334539486,0.8121130786763102,0.5213612030672489,0.41193758321179746,19.038516061130604,30.962455535052346,42.75824405702122,48.53910399345625,48.584535243891374,9.832122,7.403823,5.250089,27.137955,19.05228,79.80868,34.72718,7.589225,1012.6511,22.864883,13.121979,23.160341,4.9734883,27.561422,493.98224,31.35577,13.318994,18.036774,28.237082,16.682297,28.475485,1962.4131,384.39752,25.776768,80.59611,991.85864,90.871796,986.20935,90.871796,8.9215,73.32491,79.79263,19.69957,82.005936,25.073465,28.094408,16.473373,25.155993,68.82866,27.47073,13.1326685,22.953928,1013.0198,31.26627,22.956377,25.932962,28.304066,13.620582,25.778305,14.707994,25.406412,28.105394,1020.2819,17.395742,27.805508,34.65423,14.899756,23.539276,30.451948,33.93549,31.703981,1005.0688,84.19362,22.164925,20.113867,1008.39636,29.095436,12.6622305,19.037308,304.44882,21.091152,24.11321,291.622,1019.6766,29.927277,24.492832,13.001999,20.100992,15.342374,85.96276,73.71326,12.975841,11.133417,384.39752,13.318994,15.59957,14.008994,8.641334,12.768841,86.057755,25.694061,1005.91064,15.625425,23.093115,27.105663,25.265354,18.452076,1008.98,86.81883,19.638206,25.128433,80.02061,10.72239,24.807526,1005.49915,84.548805,1016.704,299.88464,12.630717,16.26267,14.252529,20.133112,19.425154,18.512365,16.4027,249.32892,7.591822,11.234997,23.391685,74.15946,25.18717,23.578796,25.54236,13.232602,68.585556,13.690147,12.915535,23.420723,25.816212,27.832663,34.606247,22.563921,37.287987,1013.59033,11.332924,19.474024,32.155746,1016.42786,138.85454,1018.25757,13.5727415,30.492388,26.044218,28.36183,33.72245,31.340607,21.666327,47.357403,85.33876
6107,Catholic Mission School,22.284093,114.147257,132.2555388776433,11.716939321702355,0.8008857730899626,62.52382640870148,20.257745818688267,13.735491953246498,608.4279929192759,0.09148825,0.9278991803279044,0.7463786870618718,0.6283780947529367,0.5395616753306325,0.5239214095864108,13.11183297358991,24.574909895960257,41.54971709324582,57.356464911890725,60.4405669002478,47.478264,43.95444,36.717964,26.746244,18.95388,77.824165,34.763744,8.017501,1012.7967,23.240028,13.251381,23.620922,4.771732,27.241869,481.5672,31.540081,14.024343,17.515741,28.741043,17.24025,28.741135,2106.599,416.79837,28.050768,83.11762,1099.1849,91.84569,1095.9182,91.84569,9.495276,72.42403,77.35426,20.19745,79.55034,24.772816,28.451181,16.390903,25.542957,70.78898,27.577337,13.136029,23.360994,1013.1375,31.353668,22.89127,26.39411,28.588419,13.336459,28.050777,14.834531,25.20141,28.508093,1020.5143,17.818756,28.961193,34.763737,15.578137,23.902103,30.487309,33.8678,31.829443,1005.3872,83.15421,22.66864,20.766005,1008.6226,29.52266,12.692022,19.7342,334.19528,21.803022,24.7555,315.2926,1019.7708,30.068398,24.89604,13.3716955,19.88648,15.368761,84.22472,72.04569,13.616383,11.784421,416.79837,14.024343,16.068256,13.70393,9.183097,12.875103,83.58729,26.15948,1005.9368,16.239388,23.686476,27.759844,25.588432,18.93012,1009.1072,97.704216,19.506657,25.82755,77.64579,10.673064,25.288265,1005.6226,82.31681,1016.8676,348.1913,12.940111,16.916107,14.880832,20.29387,19.92205,19.046015,17.03472,248.62025,8.017501,12.422607,23.25449,71.23856,24.964985,24.053572,25.952997,12.717687,67.519875,14.342512,12.719883,23.813845,26.168167,27.95101,34.353683,22.983778,34.833714,1013.713,11.164041,20.188412,31.999893,1016.5568,139.62683,1018.3234,14.021822,30.795607,26.502941,28.585012,33.44839,31.540066,22.119371,43.535725,82.82846
6108,Wofoo Foundation Dr Joseph Lee Whole Person Development Education Centre,22.359177,114.018905,211.00802580155255,-0.05657304736265893,-0.03794561428238444,18.010891113056612,14.783165036574157,9.842449824402513,212.24172788678183,0.15184776,0.6686230121417879,0.5551322458671564,0.5150441363477403,0.6359000795131406,0.6587031365138531,9.050632053159868,13.479984060507972,15.87156498793408,16.010891113056616,16.010891113056616,38.178684,28.456627,19.75877,27.060448,18.770718,75.46227,35.219765,8.159317,1012.6915,23.53703,12.8322735,23.887028,5.182338,28.445322,485.55133,31.941523,13.728291,18.213232,28.912504,17.534815,28.972311,1841.0411,391.69382,27.504488,84.434784,975.1289,91.059906,908.024,91.07074,9.242545,70.07113,75.28076,20.270927,77.141815,24.76222,28.93955,16.232758,25.8943,68.373764,28.081963,14.044761,23.32919,1012.64716,31.940369,22.923332,26.311848,28.845947,13.924676,28.304958,12.660971,24.917847,29.154057,1020.2112,17.88527,27.583353,35.035244,15.545726,24.082796,31.016005,34.082108,32.25721,1005.2532,79.78775,23.128473,21.096537,1008.5396,29.987434,11.456006,20.11133,287.05725,22.356857,24.92497,279.38202,1019.8697,30.423773,25.288836,12.773986,19.655909,15.191348,81.9727,69.60787,12.03801,11.357254,391.69382,13.728291,16.027342,14.234677,9.598069,11.386221,80.950874,26.535545,1005.70636,15.967498,23.935247,28.10786,25.936703,19.215944,1008.9649,72.27508,19.235811,26.057558,76.170235,10.735836,25.74246,1005.685,79.45579,1017.0293,296.24344,12.637872,17.250328,14.960943,20.933815,20.20733,19.333714,17.15422,187.27042,8.17756,11.541772,23.413702,71.126945,24.78921,24.1491,26.396193,13.474808,64.99913,14.545019,13.738009,24.096212,26.137465,28.320356,35.209904,23.376774,35.182434,1013.777,10.616648,20.10686,32.906372,1016.1348,138.15247,1018.48114,12.849503,31.209078,26.52976,28.99246,34.26593,31.83006,22.245604,29.522118,78.982216
6109,Lok Sin Tong Wong Chung Ming Secondary School,22.333902,114.194529,150.54911051423815,-0.21415401000832052,-0.09483894399975161,8.729874430697281,2.470830743614836,1.3745557722952635,1469.7024752853717,0.100608975,1.0000000000000426,0.9950660038242252,0.9361496688745837,0.8613292530106246,0.7496133063840915,1.3813916988894972,2.4141883051087696,3.9807774712543456,5.1930364507790205,6.57251337419957,59.48335,59.702637,60.29462,28.4204,18.783968,76.97693,36.022495,7.6020937,1012.6463,23.498096,7.185335,23.88507,5.699821,29.815088,502.3252,32.545708,13.429663,19.116043,29.301016,17.264627,29.301016,2341.7488,458.6744,30.794266,81.94813,1195.2675,105.97549,1195.2675,105.97549,8.333367,72.0396,76.61907,20.082443,78.93092,24.849106,29.156162,16.108854,25.672026,71.289925,28.228903,6.7755556,23.510603,1012.6651,32.383064,22.752302,26.547306,29.128168,6.722753,30.794266,8.56235,25.27631,29.228188,1020.1896,17.671741,34.5755,36.022495,14.795247,24.154472,31.354387,34.862133,32.671593,1005.1317,81.62661,22.953863,20.592857,1008.4972,30.355713,7.330864,20.246378,362.12036,22.275496,25.741135,351.73218,1019.934,31.15945,25.49672,12.586264,20.03916,15.149745,82.50174,71.669624,8.1726465,11.534636,458.6744,13.429663,16.06871,7.286061,8.768398,6.8879557,82.19672,26.978022,1005.8122,16.086906,23.277458,28.760813,25.776693,19.49703,1009.0231,120.50558,19.31865,26.915585,76.7139,10.15963,25.947172,1005.3489,80.87533,1016.9594,374.47266,6.7082233,16.914875,14.548591,21.070862,19.14374,19.244606,16.8928,294.67584,7.6020937,6.802328,23.255648,71.03156,25.089088,24.137821,26.322105,6.5764623,67.485,13.53745,6.5780134,23.910246,26.332443,28.45289,35.66477,23.180902,40.605724,1013.6288,10.822855,19.552532,33.06566,1016.1322,151.30995,1018.4338,7.820808,31.618618,26.643185,29.105743,34.497414,32.545708,22.108877,50.992393,82.03312
6111,Ho Koon Nature Education cum Astronomical Centre (Co-WIN 2.0),22.383608,114.108085,191.02844815716963,-11.870074504698696,-0.6408285880755665,126.25585040043225,28.259480478449387,18.995527506198197,1340.1822919417552,0.32483497,1.0000000000000426,0.9882252644998123,0.9383548140605265,0.9028907977797535,0.7987069412866569,18.481139300650455,35.46723278636754,62.7665308554705,100.20914416536252,121.36917224076814,7.0807266,7.9767866,9.448294,28.7203,18.181566,79.0004,34.77926,6.058956,1012.7495,22.436434,9.850847,22.869816,6.3068686,32.139194,488.7724,31.367575,11.746253,19.621323,27.288797,16.373688,28.079,2219.5117,462.8457,30.42945,83.82979,1154.6218,105.67725,1045.5872,105.67725,6.4268303,73.045494,78.93487,18.935959,80.68603,24.515177,28.324577,15.619938,24.574574,72.86031,27.299925,9.548792,22.208294,1012.401,31.288113,22.209848,25.15326,27.859222,9.691263,30.42945,11.154766,24.667822,28.508856,1020.0134,16.481638,33.461155,34.7249,13.25105,23.163979,30.243319,33.939823,31.743082,1005.196,82.943115,22.069927,19.513546,1008.7046,29.678854,10.210413,19.923594,350.8519,22.028542,25.08729,340.8948,1020.2426,30.208075,24.772957,11.539968,19.372568,14.670118,85.92766,74.09783,10.8103895,9.588556,462.8457,11.746253,14.871725,10.006018,7.6943483,10.136408,85.030014,26.352547,1005.9756,14.4084,21.772837,28.044872,24.555565,18.944263,1009.1376,97.70203,18.65678,26.290882,80.14007,9.436532,25.387003,1005.6448,83.15909,1017.287,334.18274,9.424742,16.12504,13.52553,20.851437,17.65023,18.520416,15.875103,264.39655,6.1315007,7.660528,22.930168,73.35901,24.462803,22.947264,25.29103,9.450786,67.78832,12.125793,9.276237,22.968153,24.98642,27.300585,34.779037,22.149004,41.786648,1013.9742,10.097061,17.89924,32.11832,1015.7994,149.75076,1018.6185,10.839836,30.638754,25.351494,27.98439,33.433098,31.367575,20.877743,40.349586,82.89332
6112,Our Lady of the Rosary College,22.333098,114.172752,169.06160289687222,-0.8397575070704147,-0.21374671548133173,22.76986525425352,10.194531907236184,6.419417307929354,2254.87137530453,0.119804025,1.0000000000000426,1.000000000000135,0.9680202750896028,0.7970819243531638,0.7317076511720241,5.737047555688602,8.981497730819354,11.811549058882337,14.000827002475727,16.53513595700956,61.027145,60.2217,59.77851,28.192665,18.741707,76.8355,35.902164,7.709501,1012.6472,23.491512,7.9429307,23.926647,5.7159796,30.068045,496.24414,32.4815,13.471712,19.009789,29.249979,17.36842,29.251675,2326.0063,452.2022,30.762976,82.072624,1186.3285,105.3208,1179.3884,105.3208,8.431934,71.84968,76.53526,20.165215,78.7821,24.800726,29.226206,16.050198,25.659056,71.13795,28.169687,7.037748,23.499817,1012.6554,32.23127,22.68215,26.550802,29.028656,6.8863773,30.762976,9.915394,25.209488,29.274603,1020.1525,17.744629,34.65714,35.902164,14.848403,24.1272,31.264347,34.845665,32.68718,1005.1815,81.64779,22.938412,20.610544,1008.5433,30.48205,8.6260605,20.422298,356.1802,22.450655,25.892178,351.8163,1019.9194,31.096956,25.59557,12.6517,19.960228,15.193203,82.70955,71.51389,9.48606,11.618784,452.2022,13.471712,16.112274,7.4484415,8.893983,8.319883,82.24464,27.0978,1005.8366,16.158594,23.267849,28.853642,25.77075,19.609184,1009.0457,115.48263,19.233768,27.050507,76.6546,10.041138,26.037209,1005.3782,80.87559,1016.9682,377.94614,7.4175377,16.985302,14.688444,21.17047,19.16113,19.337612,16.98417,294.4229,7.7258415,7.544005,23.209219,70.22715,25.012362,24.162537,26.277859,6.6571093,67.18596,13.658309,6.7401767,23.83901,26.321657,28.35585,35.351406,23.177351,39.900684,1013.6648,10.856281,19.608421,32.8085,1016.0979,150.90463,1018.3232,9.236375,31.65234,26.650297,29.014935,34.23834,32.4815,22.162178,50.592686,81.79981
6113,Buddhist Chan Wing Kan Memorial School,22.437834,114.019878,172.26874571267084,-0.1556870606104144,-0.060312921616253824,8.893049327424002,3.5637866347473093,2.3325709899960385,3602.979363070944,0.15551695,1.0000000000000426,1.000000000000135,1.0000000000004956,0.959736086806934,0.7405491715375394,1.9205393040798096,2.6829258267862435,3.6149524556694583,5.242602439417191,6.865672421751387,53.007782,52.514286,52.839638,29.735413,18.431263,75.27628,35.97989,6.244476,1012.6674,23.433832,6.8844795,23.959484,6.9106016,33.935955,499.1154,32.72805,12.364536,20.363514,29.224848,17.228512,29.224848,1949.2596,376.4433,32.673042,80.40205,991.754,106.1873,991.754,106.1873,7.1868024,71.40558,74.07474,19.9001,75.83737,24.630663,29.929163,15.691633,25.06974,66.32915,28.006573,6.401208,23.12137,1012.5786,32.717808,22.42887,26.002995,28.811882,5.696856,32.673042,8.418977,24.992641,30.145163,1020.5182,17.27925,34.51918,35.97989,13.848082,24.004808,31.748194,35.134674,33.35632,1005.1324,80.480415,23.269472,20.456238,1008.5164,31.26568,7.7279186,21.312828,284.88266,23.582039,26.659,288.05856,1020.1159,31.673882,26.062347,12.3527155,19.698084,14.882342,81.19201,70.7509,8.257323,10.680588,376.4433,12.364536,15.661931,5.9325433,7.8403807,7.503903,79.62743,27.852488,1005.6459,15.362525,22.602966,29.648766,25.660738,20.075628,1008.9347,74.432434,18.842527,27.883007,76.33926,9.404792,27.003925,1005.283,80.03884,1017.122,330.42807,5.957772,17.16468,14.263167,21.506823,18.498798,19.703691,16.830263,230.98943,6.244476,6.415706,23.23533,68.97856,24.877977,23.87363,26.491219,5.679998,66.19203,12.119864,6.040597,23.748312,25.876421,28.379738,35.6901,22.543688,38.995064,1013.6772,10.137565,18.585682,33.434193,1016.135,151.16592,1018.349,8.580955,32.166336,26.276491,28.997896,34.692062,32.72718,21.778898,40.34272,78.398254
6115,ECF Saint Too Canaan College,22.33075,114.223338,172.95804074418373,-4.377065028587849,-0.2918069763515592,118.18769727909917,17.050692067034227,10.359836925018728,2011.3127303998306,0.1833309,1.0000000000000426,1.000000000000135,0.9548237901176035,0.8421824330665298,0.7267973641934584,10.575960378081815,19.148108500261237,35.313212388354515,62.825246546056924,106.25564796106383,35.92675,32.316437,30.295868,28.104559,18.391071,79.083786,35.18115,7.0765867,1012.8012,22.676579,9.725325,23.09283,5.5470023,29.3312,498.6398,31.658512,12.747679,18.910833,28.481503,16.537184,28.485277,2389.064,479.4741,33.104145,82.38418,1230.7828,107.14645,1207.7136,107.14645,7.578083,74.597534,78.72447,19.36173,80.91158,24.427998,28.152494,15.766119,25.059782,75.33351,27.457697,9.186441,22.782827,1012.7306,31.415907,22.323471,25.846996,28.299738,9.488083,33.104145,11.008156,24.883053,28.347496,1020.146,16.849104,34.886063,35.18115,14.084444,23.477785,30.435997,34.070732,31.774822,1005.3956,83.81545,22.14612,19.874475,1008.7144,29.522243,10.033936,19.4985,369.76416,21.494019,25.101547,352.95346,1020.0858,30.417963,24.540165,12.100086,19.655502,14.764331,84.388695,74.28099,10.3982935,10.681539,479.4741,12.747679,15.299178,9.756864,8.200059,9.862218,84.12716,26.175938,1006.0554,15.266979,22.454975,28.027842,24.839382,18.690704,1009.2282,120.20608,18.952547,26.25469,78.84881,9.80705,25.129812,1005.589,82.79703,1017.0992,381.5446,9.271689,16.187107,13.850628,20.351149,18.35161,18.477156,16.179546,295.9276,7.1659875,9.005889,22.88476,72.778015,24.687252,23.407372,25.494957,9.408216,69.46347,13.055882,9.032996,23.263897,25.624374,27.608507,34.745583,22.61245,39.156242,1013.8888,10.440711,18.79445,32.245995,1016.1338,152.56296,1018.5476,10.251122,30.68123,25.907234,28.23648,33.62901,31.658512,21.223503,54.15113,84.2723
6116,La Salle College,22.328999,114.182742,195.77654599932654,-0.42769156947343273,-0.07724732525704145,22.00937603935171,6.597898674558001,4.319489936940897,1636.7874951269541,0.10726164,1.0000000000000426,0.9985319566604277,0.9428164544069411,0.8199372347956989,0.7307842106130218,3.7623793293358205,6.391860208068644,9.468212987914042,12.368697296798151,16.588149045384355,67.70617,67.7977,65.36018,28.069704,18.757298,76.87034,35.845554,7.775853,1012.6552,23.494665,7.8586,23.885393,5.581914,29.557678,498.0084,32.415524,13.531072,18.884455,29.2406,17.314037,29.2406,2332.7717,454.93784,30.625532,81.96985,1190.8782,105.62405,1190.8782,105.62405,8.487755,72.01602,76.489876,20.157066,78.776665,24.792725,29.10095,16.07929,25.698784,71.546364,28.183529,7.1681485,23.520185,1012.6759,32.21574,22.706793,26.574944,29.061325,7.054544,30.625532,9.58779,25.229721,29.166656,1020.1723,17.734444,34.549294,35.845554,14.903005,24.137142,31.22337,34.724983,32.581863,1005.1674,81.74935,22.944857,20.634054,1008.5422,30.316385,8.296457,20.256668,359.1548,22.28744,25.702679,350.32336,1019.9252,31.023365,25.465366,12.653742,19.987885,15.180647,82.556786,71.56163,9.143244,11.64805,454.93784,13.531072,16.114521,7.6109977,8.916053,7.9584217,82.1448,26.936094,1005.842,16.176666,23.317791,28.696922,25.769371,19.477137,1009.052,117.70769,19.277876,26.856667,76.56961,10.111727,25.912157,1005.378,80.87161,1016.963,376.78564,7.3373904,16.970276,14.66207,21.054268,19.214697,19.29986,16.975056,294.77295,7.7758813,7.5615983,23.17709,70.42001,25.034578,24.16978,26.292044,6.829749,67.38299,13.7152605,6.886759,23.876854,26.346962,28.382235,35.38985,23.217752,40.44923,1013.6551,10.8555,19.65265,32.8541,1016.1182,150.94978,1018.3712,8.8680935,31.540903,26.66705,29.033447,34.28212,32.415524,22.150087,50.969414,81.90467
6117,N.T. Heung Yee Kuk Yuen Long District Secondary School,22.442741,114.022711,151.58556212495623,0.055197210567627004,0.03184578976867019,6.818128312372314,2.142335730190803,1.3766019792220794,2993.6888496513766,0.11514385,1.0000000000000426,1.000000000000135,0.9994498217019719,0.9484070280461677,0.7580755821573107,1.3744377790878053,2.2244786106207584,3.546780980719683,4.750517942080117,4.818128312372316,69.31348,67.19214,62.38303,29.625706,18.436928,75.13845,35.95741,6.331704,1012.6687,23.4781,6.759309,23.971312,6.812075,33.613144,499.58765,32.71632,12.450383,20.26594,29.24655,17.2346,29.24655,1946.0508,374.5025,32.39439,80.32748,990.6068,106.38162,990.6068,106.38162,7.2466655,71.54684,73.76874,19.95941,75.53267,24.60575,29.889704,15.711981,25.131275,65.92846,28.040228,6.2764664,23.179516,1012.5813,32.716183,22.436884,26.063162,28.849075,5.58753,32.39439,8.232126,25.011543,30.109472,1020.5366,17.316118,34.335182,35.95741,13.90635,24.048616,31.731638,35.054325,33.328617,1005.1207,80.58661,23.328009,20.523302,1008.5276,31.199888,7.542391,21.259396,284.75516,23.528408,26.574863,286.59964,1020.1185,31.65813,26.015526,12.387044,19.713121,14.883328,80.95172,70.685616,8.081847,10.77132,374.5025,12.450383,15.716233,5.8232374,7.901789,7.3150935,79.31441,27.796303,1005.6386,15.439855,22.659126,29.591394,25.700874,20.020657,1008.9413,74.54193,18.863047,27.807121,76.10006,9.404576,26.971632,1005.2726,79.95777,1017.1162,331.34915,5.8419814,17.220795,14.303398,21.467415,18.551422,19.754047,16.890112,230.53728,6.331704,6.527771,23.186295,68.653175,24.896868,23.931925,26.543056,5.581532,66.33304,12.201329,5.9234233,23.79139,25.93428,28.415237,35.678787,22.60555,39.652058,1013.6662,10.142698,18.654837,33.461624,1016.1441,151.0528,1018.3608,8.3783,32.119286,26.335144,29.0298,34.712963,32.698887,21.82373,40.402462,78.23077
6118,Pui Kiu Middle School,22.287978,114.204698,190.49626198921789,12.44738983408592,0.6434459895881318,103.24433695690615,27.134173451313142,17.478568581018962,582.6242210164285,0.19854248,0.9254893442623304,0.7149014149139963,0.6383201732042999,0.8049347270535568,0.5895352316697725,18.115476231318713,33.65696284043461,61.10277887163927,95.27204406459697,101.20532787257524,28.540174,28.060034,25.548748,27.533884,18.771166,79.218124,34.66338,7.129496,1012.9173,22.736416,12.621113,23.10708,4.941445,27.569193,491.1192,31.297863,13.376297,17.921562,28.3809,16.629112,28.381672,2196.8105,449.1876,29.393862,83.29867,1154.866,93.46317,1145.2203,93.46317,8.590616,73.80338,78.84218,19.517458,81.04627,24.625645,27.932575,16.271437,25.063486,75.14299,27.208157,13.498664,22.866089,1013.2446,31.179981,22.727913,25.907927,28.304682,14.027838,29.696234,12.802192,25.040028,28.068737,1020.6732,17.112719,29.397326,34.661526,14.885253,23.489721,30.21458,33.681625,31.470863,1005.4712,83.84647,22.200708,20.215498,1008.641,29.084543,11.222137,19.190113,357.03775,21.237055,24.394842,316.17725,1019.9618,29.910107,24.36109,12.925278,19.779018,15.022813,84.93492,73.78435,11.754988,10.938696,449.1876,13.376297,15.451416,14.377394,8.339868,11.212655,84.69723,25.734646,1006.0383,15.477209,23.091469,27.3976,24.99866,18.445929,1009.1649,111.27426,19.424297,25.461872,79.034935,10.63643,24.842428,1005.6885,83.29162,1016.9817,348.6407,12.4602375,16.306274,14.102059,19.775023,19.246181,18.379454,16.348988,258.37704,7.129496,11.452072,23.188293,74.127495,24.820807,23.491844,25.528307,13.530372,68.817986,13.4342785,13.211907,23.519169,25.700653,27.657722,34.54013,22.476126,34.369617,1013.7916,10.792024,19.467718,32.014183,1016.6647,142.09273,1018.687,11.902911,30.38894,25.985083,28.262032,33.43997,31.297169,21.426857,45.417088,84.39065
6121,Tai Po Old Market Public School (Plover Cove),22.4489223,114.1703806,171.0519674701257,0.6574493659058696,0.06477365828673622,7.998888851182836,4.91183784361498,3.3654533968864735,816.864685457478,0.12829138,0.9945557377049601,0.9401218610581136,0.9186188996437915,0.8956730604796831,0.914892571669383,3.0246943333477962,4.395900633100918,5.510887626649406,5.998888851182837,5.998888851182837,44.024323,43.867622,39.22092,29.414238,18.573744,77.0723,35.82493,6.410691,1012.7179,23.271135,6.3301563,23.603794,6.1547623,31.053434,505.8959,32.416866,12.597597,19.819271,29.045162,16.880453,29.045162,2220.2217,444.9323,29.450537,83.35321,1157.4529,106.4665,1157.4529,106.4665,7.1035795,73.093025,76.26191,19.790787,78.21637,24.631231,29.04267,15.983516,25.254494,66.09754,27.967432,6.227348,23.132402,1012.628,32.416866,22.582752,26.054922,28.785498,6.528509,29.450537,6.706425,25.045479,29.282524,1020.391,17.182648,33.55499,35.810654,13.960477,23.966757,31.3368,34.62763,32.57215,1005.0918,81.70878,22.983395,20.395441,1008.5504,30.087875,5.984082,20.32457,355.05817,22.398916,25.57719,334.43887,1020.1466,31.411581,25.254553,12.297834,19.800219,14.922638,82.19507,72.43936,6.679302,10.655942,444.9323,12.597597,15.6491785,7.0177007,7.9545484,5.4591312,81.480865,26.85556,1005.6906,15.348363,22.705975,28.85744,25.513624,19.33529,1008.9834,99.74081,19.117443,26.941479,77.450386,9.884789,26.087488,1005.3686,81.28207,1017.1421,357.46246,6.214588,16.820408,14.070393,20.994396,18.450571,19.23599,16.61966,261.27722,6.410691,6.0342603,23.190212,71.47554,24.942223,23.82831,26.231913,6.471464,68.5703,12.394458,6.2099543,23.74495,25.876987,28.27329,35.78373,22.634615,43.460968,1013.7422,10.486597,18.7116,33.4353,1016.2398,152.74527,1018.6404,6.42911,31.355703,26.241087,28.919867,34.72315,32.34432,21.690392,42.002396,80.694016
6123,The Chinese Foundation Secondary School(Co-WIN 2.0),22.2645818,114.24938,155.23914431153383,2.9527421308033515,0.23158659701163536,15.656726062308186,10.668134612084462,6.578389686870869,335.462591918286,0.12150513,0.7869589321805744,0.6038932833931411,0.5402328566492753,0.6193342558010523,0.44026255657867985,5.016252747101009,8.162525123372138,10.861240424388825,12.783101829301836,13.656726062308186,47.01607,37.608494,26.241028,26.339186,19.150532,78.01239,35.381252,9.04207,1012.62994,23.381872,12.374443,23.741041,4.632211,26.268393,497.19894,31.934765,14.307524,17.627237,29.06346,17.25302,29.063538,2004.6792,396.58832,26.952852,81.52923,1031.0776,87.3718,1030.2793,87.3718,9.937453,73.18447,77.34526,20.24789,79.63083,24.947258,28.517786,16.69166,26.0967,71.17303,28.093067,12.998941,23.54029,1012.83356,31.787455,23.138067,26.607292,28.881435,13.757928,27.825092,12.655042,25.465569,28.512709,1020.10315,17.911528,26.96603,35.376144,15.838421,24.020054,30.925272,34.31123,32.16423,1005.33026,83.30804,22.661016,20.831099,1008.4238,29.541113,10.845272,19.331272,310.71436,21.362793,24.655766,295.1379,1019.6595,30.45731,24.850044,13.069402,20.214905,15.334847,83.13503,72.177345,11.1398735,12.096025,396.58832,14.307524,16.150291,14.167803,9.82074,10.738295,83.19471,26.14787,1005.832,16.410862,23.98934,27.638996,25.80742,18.760275,1008.997,95.08884,19.796791,25.677446,77.281494,11.048801,25.152023,1005.4803,82.37599,1016.6767,323.77484,12.233803,16.745676,14.735445,20.545185,20.326704,18.839428,16.969706,239.71208,9.04207,11.923617,23.505247,72.41729,25.269419,24.175705,26.081774,13.448287,68.50377,15.156829,13.019533,23.994207,26.44437,28.336546,34.96324,23.617321,32.58068,1013.53253,11.324406,20.41763,32.60757,1016.27545,138.85857,1018.4152,11.564925,31.010588,26.685995,28.872692,34.17218,31.93037,22.201591,46.259357,83.594376
6124,St. Joseph's College,22.276676,114.158718,140.83358491962957,13.24609688147495,0.6583968588256727,81.5948872833625,27.759176074223046,17.24333204069304,1003.3095407133831,0.15328619,0.9969122950820094,0.9082982791588038,0.78972159959268,0.5827598410963284,0.5044185907344949,17.57084832650974,31.145801789348067,50.541830157311,71.05249064423384,79.34739356654447,27.737724,27.658484,28.590807,27.455593,18.82924,78.53065,34.721012,7.2654233,1012.8079,23.005102,12.442347,23.39765,5.118904,28.388306,483.5853,31.493069,13.46235,18.030718,28.571625,16.98222,28.572218,2159.6628,419.1116,28.7703,81.968605,1106.9384,97.09541,1100.7322,97.09541,8.864364,72.857735,78.2459,19.90912,80.440315,24.758722,28.388678,16.156122,25.074787,71.663666,27.330343,11.613229,23.113914,1013.2232,31.252087,22.696577,26.127234,28.375662,11.634002,28.7703,14.960062,25.153671,28.447618,1020.5948,17.54379,31.350994,34.721012,14.994662,23.690113,30.40457,33.945816,31.796528,1005.299,83.63569,22.42917,20.351282,1008.624,29.53805,12.889311,19.741474,337.7217,21.802338,24.863012,324.653,1019.8068,30.049953,24.82975,13.279847,19.832455,15.295115,85.05215,72.85227,13.699081,11.408557,419.1116,13.46235,15.800203,11.974886,8.503588,13.083992,84.52509,26.173525,1005.9858,15.905232,23.140238,27.799778,25.319502,18.915491,1009.1219,98.780045,19.332079,25.919256,78.60908,10.3000345,25.268835,1005.5738,83.10734,1016.889,350.10504,11.870739,16.657948,14.594284,20.18505,19.296024,18.930141,16.750069,268.29056,7.2654233,11.258483,23.134863,71.44889,24.911858,23.783455,25.714487,11.085088,67.92135,13.473643,11.1352625,23.510338,25.915415,27.750965,34.27617,22.48436,36.974113,1013.7442,11.099553,19.627224,31.860638,1016.6328,143.55237,1018.1998,14.104025,30.75627,26.237375,28.374825,33.308807,31.493069,21.834187,48.689304,83.67205
6125,Aldrich Bay Government Primary School,22.282551,114.228577,183.5810700165208,1.2420853812577293,0.20553827816647344,10.198529411285495,8.14406927414016,5.265087085189844,226.96079764755197,0.079470165,0.7646368132333833,0.7008940996668666,0.7102021276036748,0.7418417431918084,0.5335558466644056,4.189491512594929,5.326909999919776,6.501810637740498,8.198529411285495,8.198529411285495,53.217373,44.07347,32.690292,26.627039,19.08315,77.758255,35.375893,8.748857,1012.6263,23.421368,10.942512,23.678156,4.6632714,26.208273,499.26913,31.909643,14.119734,17.78991,28.951868,17.158112,29.042875,2101.3157,418.68866,27.701273,81.586136,1080.2847,93.17809,1077.4293,93.17809,9.570848,72.658325,77.17029,20.165415,79.49175,24.946745,28.42274,16.605993,26.06525,72.619316,28.178768,11.675667,23.539661,1012.7568,31.850573,23.104439,26.585377,28.982235,12.182495,27.730112,11.185453,25.42571,28.4682,1020.10016,17.845,28.641867,35.29651,15.634319,24.053352,30.87928,34.12789,31.994236,1005.18994,82.709,22.756353,20.804424,1008.4362,29.362267,9.476581,19.272589,333.5778,21.328167,24.42407,310.14633,1019.74146,30.368263,24.782906,12.88848,20.169905,15.307771,83.04251,72.01612,10.022466,11.919425,418.68866,14.119734,16.118044,12.664423,9.678272,9.257489,83.01125,26.002625,1005.8296,16.307796,23.872267,27.531267,25.798882,18.691534,1008.9995,105.963066,19.756798,25.501272,77.2329,10.965027,25.099735,1005.46533,81.96481,1016.7615,326.9785,10.802394,16.797564,14.675288,20.555216,20.085175,18.912111,16.939932,252.08218,8.748896,10.435803,23.39478,72.537506,25.226322,24.147541,26.158672,11.818804,68.081436,14.893386,11.584438,24.04317,26.40199,28.377998,35.21689,23.611202,36.806107,1013.5491,11.205851,20.246706,32.72529,1016.19055,141.42725,1018.4958,10.204113,30.892876,26.665398,28.957708,34.239956,31.873667,22.173079,46.654434,83.18319
6126,Mu Kuang English School,22.318777,114.218986,198.5098632461938,-1.8408556946512378,-0.14839699346642707,42.025814325793114,17.445346963200816,10.993075509356297,681.1490468001889,0.10242783,0.9814106557377456,0.9046785468452272,0.7668210392258643,0.8406300976818913,0.7061291132820687,10.342583292240926,18.045912278264073,28.711877381547936,36.740014509887445,39.7805610713769,65.92904,64.00523,61.487057,27.459743,18.770294,77.647354,35.513737,8.053994,1012.7055,23.274437,9.209805,23.605377,5.1379423,27.941284,500.77286,32.027744,13.642006,18.385736,29.002066,17.038069,29.00448,2290.3328,458.4957,30.707603,82.3449,1184.6637,101.12314,1166.9565,101.12314,8.6598215,73.11239,77.04184,19.939674,79.34421,24.703268,28.53406,16.225697,25.778625,73.552536,28.049068,9.548299,23.373266,1012.6906,31.929276,22.779394,26.433735,28.908775,9.859803,30.707603,9.617071,25.199514,28.653944,1020.1344,17.508106,32.16357,35.51337,15.031269,23.975819,30.90208,34.259907,32.10725,1005.2882,82.602135,22.714432,20.577953,1008.567,29.680141,8.376806,19.599028,360.78415,21.62753,25.004734,336.7847,1019.9416,30.641813,24.897697,12.5041895,19.968784,15.051159,82.79181,72.40464,8.981095,11.497259,458.4957,13.642006,15.907038,10.31016,9.093787,8.045736,82.5676,26.320713,1005.8948,15.9926,23.388563,28.056297,25.536638,18.907146,1009.0978,119.43656,19.40158,26.149738,77.08903,10.440565,25.349142,1005.4864,81.4862,1016.9544,365.3838,8.942026,16.71198,14.40974,20.639229,19.377186,18.890932,16.748985,277.29813,8.09529,8.958509,23.17309,72.086075,25.00895,23.98557,26.090572,9.647424,68.37979,14.129878,9.427444,23.874907,26.220942,28.227694,35.27568,23.334103,38.251972,1013.6845,10.787346,19.720057,32.767044,1016.1268,148.01918,1018.599,8.803277,31.026081,26.499413,28.848412,34.203827,32.026947,21.89962,49.45478,82.86253
6127,Caritas Chan Chun Ha Field Studies Centre St. Paul Campus,22.205441,114.032112,195.8128238953385,0.502337394931436,0.04566721148117552,23.48001431249859,19.13072450756931,12.043640697617555,142.13488493329191,0.18709248,0.5848567544136224,0.33964504584005534,0.11718143834005985,0.1372070703019356,0.21573956597492466,11.424034357335767,17.323497172427217,21.257425042379886,21.48001431249859,21.48001431249859,37.49417,28.807396,18.876694,25.299614,19.40666,78.942215,34.30257,9.002955,1012.60913,23.379898,16.804434,23.79081,4.6803713,27.770334,465.937,31.20222,14.352054,16.850168,28.62708,17.609499,28.644213,1738.4241,347.2603,23.217546,83.80511,919.01685,80.53296,838.3348,80.53296,9.874735,73.07992,78.38436,20.601845,80.67536,25.192352,28.711899,16.832214,25.925282,57.112183,27.816128,17.09111,23.426367,1012.72455,31.133877,23.307163,26.31894,28.399952,17.921154,24.818518,16.724173,25.636992,28.61215,1019.9769,18.100733,23.224653,34.280132,15.920887,23.980133,30.471762,33.877804,32.032856,1005.34216,85.293076,22.849712,21.04805,1008.5739,29.6657,16.240152,19.96498,264.00104,21.97026,24.629904,253.3338,1019.5433,30.166912,25.184238,13.445904,20.28307,15.860111,85.792625,72.40126,16.116215,11.770121,347.2603,14.352054,16.31168,18.347572,9.9635105,16.622164,84.44761,26.204279,1005.8295,16.322556,24.017479,27.562,25.793314,19.173729,1008.98737,62.69353,19.96694,25.725176,78.8717,11.473303,25.410858,1005.66516,84.301155,1016.75183,307.75552,16.498388,17.232576,15.199583,21.045763,20.442228,19.268082,17.324604,197.37683,9.01417,15.470335,23.611963,72.27273,25.418259,24.195286,26.08851,17.183605,68.412,15.201595,16.90155,23.871439,26.158993,27.92633,34.07464,23.381521,32.48979,1013.631,11.851634,20.455805,32.37664,1016.07526,131.2495,1018.2096,16.53679,30.704054,26.490532,28.43824,33.49865,31.188377,22.33353,37.108276,83.37483
6129,NLSI Lui Kwok Pat Fong College,22.319126,114.227919,179.32522711562902,-4.034951856276023,-0.3161468443533705,53.708541559623114,18.201148070962397,11.404845647945695,1376.080728126738,0.14092413,1.0000000000000426,0.987624015296498,0.8524163525219521,0.8011914115795972,0.6914430865736946,10.748018853792125,19.743501434941038,31.486402931560164,43.69211582854829,50.07646924227848,44.968666,45.973213,48.5721,27.746237,18.688524,78.10382,35.62262,7.876383,1012.6791,23.145174,8.9582205,23.545782,5.4171944,28.86109,501.1103,32.1131,13.344569,18.768534,28.953619,16.973772,28.955818,2315.9055,457.07047,31.945704,81.715805,1184.726,103.69919,1171.856,103.69919,8.373003,73.53479,77.6516,19.818462,79.92635,24.683437,28.613821,16.07807,25.589853,74.1007,27.952747,8.585113,23.250134,1012.6458,31.897522,22.646685,26.309462,28.76747,8.819667,31.945704,10.14688,25.159088,28.72617,1020.0425,17.387157,33.652985,35.62262,14.71863,23.861635,30.930428,34.47034,32.212563,1005.2911,82.92676,22.549309,20.336624,1008.5688,29.855537,8.971426,19.731958,356.72562,21.74159,25.292145,344.05322,1019.9294,30.756975,24.963093,12.394813,19.930597,15.018285,83.27403,72.978615,9.446598,11.355315,457.07047,13.344569,15.77481,9.211491,8.884482,8.689938,83.13695,26.49184,1005.9193,15.850511,23.083979,28.259466,25.40075,19.00655,1009.1078,117.471825,19.262518,26.433863,77.720375,10.179678,25.446175,1005.4602,81.94943,1016.9468,370.93,8.572452,16.563992,14.294256,20.746668,19.044207,18.838888,16.61146,287.67456,7.923012,8.54237,23.1579,71.99734,24.969236,23.855906,25.935093,8.697846,68.71558,13.839897,8.477221,23.67791,26.100662,28.094524,35.164806,23.162823,38.1005,1013.7127,10.781989,19.430262,32.659363,1016.0728,150.74731,1018.4523,9.337637,31.135462,26.370546,28.712088,34.10175,32.1131,21.765268,53.432663,83.43396
6130,Tun Yu School,22.498288,114.077242,203.22157091868146,0.7277124749784761,0.2637649565774631,9.404243996115062,4.95244882414362,3.1821034714531065,4465.574984141793,0.17014839,1.0000000000000426,1.000000000000135,1.0000000000004956,0.9904272460206679,0.93459962755315,2.525340468932626,4.046300249878176,5.881312546499113,7.144969219185419,7.404243996115063,44.79031,41.642235,35.24204,31.006788,18.41622,76.85551,36.10188,5.095088,1012.747,23.114786,5.277071,23.653162,7.3481517,34.764732,508.22134,32.862392,11.726335,21.136063,29.037619,16.808859,29.037619,1990.1998,386.95364,31.390135,81.642784,1043.1277,102.98071,1043.1277,102.98071,5.9308352,73.26378,75.29685,19.430702,77.03262,24.587452,29.830587,15.821507,24.695778,62.177788,27.791393,5.724219,22.784382,1012.6501,32.862392,22.426996,25.577827,28.611362,5.1146827,31.390135,5.879767,25.027733,30.024075,1020.7182,16.676908,32.517605,36.091965,12.99544,23.74465,31.729681,35.275833,33.42382,1005.1624,81.78093,23.087069,20.089993,1008.5062,31.128656,4.9961295,21.183279,315.3093,23.363907,26.644257,279.24905,1020.2748,31.870813,25.871193,12.050326,19.69871,14.724188,82.40171,72.685165,5.8537045,9.747523,386.95364,11.726335,15.220311,5.3472033,7.004955,4.665739,80.72806,27.817776,1005.624,14.709947,22.04181,29.720457,25.280977,19.902252,1008.9308,85.719765,18.952606,27.934553,78.263275,9.41476,26.958279,1005.2918,81.882324,1017.1745,340.8647,4.7540174,16.82095,13.653867,21.391987,17.684605,19.317581,16.313797,228.12225,5.095088,4.6276407,23.352304,71.28329,24.94663,23.466787,26.267237,5.1642866,68.077126,11.051825,5.350718,23.59155,25.457615,28.174694,36.074867,22.047094,39.072975,1013.6828,9.991444,17.886997,33.768124,1016.2712,150.13693,1018.678,5.8467436,32.053852,25.842804,28.812675,34.9079,32.755375,21.316277,38.68562,79.57095
6131,North Point Government Primary School,22.288555,114.209716,123.53371123305335,7.0335185681333385,0.3603266012152445,45.01876203600661,19.125724772232708,12.393394423841318,395.83167893918056,0.16750622,0.846385259316923,0.6683089607462316,0.6497462153773139,0.7976314165876579,0.5825259818389743,11.708145921292175,21.59180422987345,34.583598174018526,42.01294625997262,43.01876203600661,34.49539,31.302143,26.672157,27.304228,18.972021,78.44887,35.137127,7.832904,1012.763,23.12007,11.43093,23.455751,4.9287615,27.360529,495.6782,31.726242,13.718965,18.007282,28.774748,16.944939,28.774765,2155.834,436.30487,28.569258,82.69425,1124.0427,92.669205,1123.3885,92.669205,9.023371,72.88525,78.07254,19.832481,80.35048,24.853903,28.3119,16.487053,25.570448,73.60563,27.742903,12.446681,23.21747,1012.9831,31.650394,22.974308,26.24548,28.708975,12.926318,28.683472,11.471519,25.263416,28.398495,1020.396,17.488335,28.876396,35.0912,15.244124,23.806684,30.66304,34.0385,31.842302,1005.3184,82.94244,22.532537,20.532991,1008.5043,29.344316,9.814066,19.361628,349.13882,21.418703,24.529552,313.71994,1019.85474,30.245853,24.702297,12.892041,20.004818,15.197864,84.03952,72.79952,10.453707,11.363115,436.30487,13.718965,15.79372,13.384768,8.978997,9.649849,83.92685,25.987024,1005.9102,15.860846,23.507961,27.601576,25.444452,18.69196,1009.05255,110.99013,19.64464,25.613243,78.231125,10.881039,25.102442,1005.5655,82.53782,1016.87634,338.59903,11.341986,16.58113,14.384345,20.268608,19.673584,18.663103,16.639437,254.43422,7.832904,10.424068,23.400284,73.734436,25.054476,23.824856,25.897041,12.465437,68.17897,14.103809,12.241072,23.83916,26.05169,28.077377,35.05112,23.044987,35.10933,1013.64905,11.010415,19.845572,32.476986,1016.4151,141.44061,1018.63074,10.551693,30.764822,26.33058,28.684044,33.944885,31.707306,21.827223,44.931652,83.6874
6132,St. Paul's Secondary School,22.272479,114.184585,171.4115020568886,0.8871856709596716,0.07101910862710524,32.410462269155474,21.12499339411012,13.176281519564174,1136.840061652093,0.17220366,1.0000000000000426,0.9754071128108343,0.8535032603161462,0.72806600695746,0.5388628551433711,12.742148329438272,20.95751201773031,26.58313427847858,29.93692898148535,30.41046226915547,27.551994,31.09233,32.234627,27.456781,18.905508,77.97733,35.296883,7.840103,1012.616,23.284182,9.967997,23.667316,5.418335,29.19135,491.7016,32.008694,13.449703,18.55899,28.937294,17.186085,28.940182,2188.496,417.19305,28.697468,80.99863,1106.6146,99.41168,1092.6925,99.41168,8.772289,72.25949,77.6503,20.001602,79.943954,24.945827,28.811937,16.222391,25.53826,71.56753,27.969479,9.276875,23.3276,1012.7671,31.810934,22.82044,26.321756,28.738647,9.15814,28.697468,12.409407,25.355,28.817572,1020.1244,17.691788,32.559586,35.296883,14.947716,23.900148,30.90721,34.473614,32.268074,1005.1418,82.94332,22.665041,20.43236,1008.4894,29.931856,10.394791,19.977747,341.20746,22.037888,25.216547,328.2621,1019.7842,30.511572,25.193325,12.800377,20.045376,15.3393545,84.16705,72.18358,11.228043,11.562601,417.19305,13.449703,15.961826,9.620423,9.018585,10.323419,83.8792,26.54675,1005.8843,16.050781,23.213734,28.158016,25.595339,19.219963,1009.0247,104.30962,19.456171,26.27894,77.94675,10.316866,25.599634,1005.3984,82.554474,1016.826,348.21405,9.239045,16.768906,14.61102,20.910362,19.28178,19.119993,16.833693,281.1328,7.8551373,8.914885,23.272625,71.27092,25.12589,23.955257,26.003685,8.725485,67.62775,13.899155,8.867793,23.703482,26.13867,28.135548,34.928707,23.064888,38.154633,1013.6061,11.16578,19.619127,32.3825,1016.151,145.90852,1018.1946,11.457668,31.222544,26.436493,28.740181,33.872223,32.008694,22.019754,51.289356,83.3012
6133,CNEC Christian College,22.363851,114.139638,229.82082165584984,6.525672320289745,0.25548931572259015,118.07857215813384,58.7365790336339,26.2547683902456,2636.228117403843,0.17406183,1.0000000000000426,1.000000000000135,0.9889207335715455,0.8984065153522631,0.7702950292104224,26.431885766052037,40.92622293816013,62.66964122549251,89.7724017889974,110.52603096678705,34.343166,34.276867,31.558678,29.069824,18.313852,78.07956,35.054123,5.984298,1012.9163,22.723839,9.832995,23.182604,5.9290857,30.998238,489.2345,31.6449,12.519492,19.125408,28.414818,16.66163,28.426825,2318.0005,473.456,31.29445,83.941154,1206.7838,104.80674,1168.4559,104.80674,7.1892424,73.06914,77.75025,19.393293,79.66639,24.421549,28.52358,15.692177,24.636057,72.807365,27.208675,9.325293,22.666927,1012.994,31.432562,22.264471,25.690308,28.202803,9.470836,31.29445,11.170119,24.747463,28.657385,1020.632,16.88649,33.908783,35.054123,13.907393,23.474888,30.418293,34.12152,31.976974,1005.371,82.87357,22.333677,19.95606,1008.7642,29.940153,10.205988,20.075054,364.08426,22.115208,25.444061,351.14676,1020.1904,30.444525,24.971725,12.440682,19.468313,14.744216,84.49393,73.126,10.8393345,10.402292,473.456,12.519492,15.316133,9.850853,7.540826,10.09356,83.63172,26.601028,1005.9964,15.099441,22.329918,28.343063,24.882107,19.119568,1009.1978,108.4532,18.770449,26.63335,78.30009,9.567222,25.527725,1005.6246,82.12108,1017.2322,369.2436,9.349904,16.430037,13.962436,20.385845,18.193321,18.755604,16.303022,279.88824,6.0836678,8.726887,22.87013,71.6154,24.539782,23.398443,25.584684,9.231839,67.868904,12.1432905,9.035847,23.242218,25.472488,27.563244,34.69508,22.044878,39.603497,1013.9391,10.23977,18.610737,32.1417,1016.4609,149.93597,1018.5923,10.695488,30.89389,25.830355,28.23555,33.487495,31.6449,21.28707,44.178337,82.438324
6134,Canossa Primary School,22.340337,114.197434,173.54428230719128,-1.745110794818497,-0.5108483187671402,14.58305423793539,4.192877504285474,2.523600732897254,2079.9088514533914,0.1056962,1.0000000000000426,1.000000000000135,0.971632501274019,0.896937586675636,0.7625172489566506,2.1989805959333504,3.7025524771600278,5.95709586567403,8.703937548482347,10.710462636038622,58.434475,57.671886,54.683975,28.647331,18.721579,77.082275,36.102165,7.454835,1012.6557,23.432266,6.8912625,23.852734,5.859894,30.31555,503.2594,32.598873,13.269603,19.32927,29.278324,17.218307,29.278444,2366.681,464.9254,31.414268,82.18451,1210.9004,106.659225,1209.5338,106.659225,8.091839,72.23617,76.703354,19.981752,79.00302,24.810781,29.192581,16.040478,25.604822,71.23678,28.205725,6.515423,23.432953,1012.6246,32.41705,22.694677,26.462532,29.07888,6.485257,31.414268,8.195024,25.241043,29.27377,1020.1654,17.554794,35.031834,36.102165,14.615986,24.106432,31.376713,34.949944,32.72775,1005.1693,81.72643,22.907106,20.501772,1008.5137,30.442244,7.0191545,20.319025,366.03574,22.341417,25.8953,355.4306,1019.9745,31.246784,25.522446,12.444594,20.004168,15.077056,82.5536,71.85285,7.8439846,11.380855,464.9254,13.269603,15.975853,7.022181,8.637043,6.54413,82.23595,27.068268,1005.8208,15.956322,23.13195,28.889334,25.687822,19.546646,1009.0366,121.8919,19.254227,27.083622,76.81845,10.063234,26.005585,1005.3525,80.92734,1016.993,379.93924,6.3770375,16.843859,14.429722,21.128864,18.961218,19.19041,16.799837,297.23312,7.4569397,6.485068,23.24669,71.177574,25.056625,24.06101,26.275024,6.3997808,67.65208,13.36369,6.35153,23.85116,26.250875,28.405045,35.70663,23.120785,40.21312,1013.6528,10.725364,19.381403,33.090427,1016.0946,152.1267,1018.4712,7.4565797,31.669188,26.563913,29.060307,34.513462,32.598873,22.002373,51.202026,82.100426
6135,HKRSS Tai Po Secondary School,22.460857,114.171064,181.86265098820607,-7.085222040082002,-0.5344462342177185,35.37968023737023,16.51235967503335,10.894270375316113,1479.9842768022972,0.2288532,1.0000000000000426,0.9925053919695398,0.9349204788592993,0.9035310729148921,0.9156536680133175,9.68315041879376,16.171109899395272,23.397145118734393,28.155299804145102,31.877353018543218,22.6386,20.175718,19.01787,29.835623,18.431412,78.34589,35.741455,5.905834,1012.6886,22.909143,6.590299,23.33391,6.6242766,32.54058,505.9805,32.268818,11.916698,20.352118,28.76175,16.613207,28.762512,2218.1296,445.0498,30.399353,83.213,1155.4478,107.05705,1146.1514,107.05705,6.317274,73.843765,77.821045,19.365437,79.70437,24.604166,28.979324,15.843593,24.930937,66.03853,27.772058,6.326363,22.720453,1012.438,32.267292,22.427315,25.607067,28.435041,6.556861,30.399353,7.299417,24.9304,29.231482,1020.158,16.734365,33.96033,35.70901,13.2781,23.629656,31.214869,34.72225,32.53603,1005.1246,82.3084,22.630024,19.908243,1008.549,30.115494,6.630251,20.367762,356.08624,22.428371,25.71707,332.32004,1020.2033,31.381588,25.176222,11.797594,19.678385,14.81655,83.68904,73.85569,7.269742,9.94787,445.0498,11.916698,15.205937,6.9737625,7.6253343,6.1863365,83.03325,26.89204,1005.7453,14.761041,22.117,28.936605,25.110935,19.305279,1008.9929,98.15551,18.975254,27.0705,79.31366,9.673722,26.08021,1005.4117,82.5947,1017.1888,354.3116,6.510926,16.452982,13.649407,21.162,17.805206,18.922848,16.17576,262.35855,5.9857755,5.5222025,23.24864,73.02417,24.835562,23.38942,25.862532,6.5042334,69.114296,11.9194975,6.237929,23.396738,25.436134,27.936272,35.698647,22.349041,42.697365,1013.8158,10.345745,18.059608,33.285233,1016.0059,153.59952,1018.63,7.0655656,31.28749,25.79287,28.588257,34.53607,32.252266,21.258482,43.15269,81.84831
6136,Tseung Kwan O Government Secondary School,22.325667,114.259521,212.07961719534043,-5.293269658623019,-0.2637083748651647,43.57406169923698,20.574715993738426,13.982488862459181,1275.9618923782352,0.20167722,1.0000000000000426,0.9727626768643706,0.8208558838515084,0.6606454912383596,0.6464734015653145,12.962500192237902,22.718936330686603,32.60629977754897,35.51673028250824,36.85059532810195,25.578663,24.874588,22.457062,27.852278,18.73812,78.834305,35.776814,7.9245343,1012.6136,23.041069,9.2667675,23.491447,5.537378,29.121445,504.4419,32.205257,13.192864,19.01239,28.943188,16.897882,28.945919,2253.0938,442.1167,32.49261,81.03508,1137.9874,102.544,1121.7207,102.544,8.402008,74.18207,78.59915,19.734066,80.84345,24.765673,28.638874,16.13415,25.512596,74.076195,27.884344,8.449565,23.166203,1012.6056,31.924807,22.673084,26.208143,28.652105,8.974878,32.656013,10.62635,25.201483,28.742369,1019.9026,17.332275,33.08492,35.776814,14.588231,23.791098,31.024609,34.687786,32.276875,1005.2596,83.24869,22.347454,20.16341,1008.4832,29.863623,9.606457,19.66766,336.99976,21.631105,25.317015,343.62424,1019.8162,30.862253,24.950243,12.394012,19.979467,15.033538,83.77315,73.787964,9.796637,11.294112,442.1167,13.192864,15.672331,9.262914,8.875607,9.3580885,83.95197,26.508482,1005.8902,15.750088,22.96774,28.245667,25.3576,18.95771,1009.0568,109.938675,19.268194,26.479666,78.65676,10.195065,25.402184,1005.4417,82.53936,1016.8497,358.8711,9.088275,16.394629,14.203603,20.777235,19.010082,18.692858,16.469187,278.3152,7.997784,8.575761,23.316044,72.82012,25.01416,23.76424,25.794775,9.03008,69.2033,13.854778,8.5980835,23.581915,26.019072,28.031069,35.19697,23.108316,36.80307,1013.6966,10.88255,19.306776,32.695244,1016.062,150.7405,1018.2984,9.834119,31.1996,26.27725,28.639994,34.1778,32.205257,21.693392,55.867424,84.40568
6137,Canadian International School of Hong Kong,22.242655,114.167574,244.60234770411682,4.6809659335170615,0.14143056354661715,77.57217844900022,27.78774226503078,19.16251463272283,303.77427518646465,0.2055283,0.9025374530472335,0.7733490915801506,0.6022198867322287,0.5655624932325254,0.36980988646814766,19.356817301726227,35.696375653033364,58.22713243069369,74.47029696078013,75.57217844900022,23.131016,23.152117,21.707676,26.196936,18.945974,79.03734,34.265,8.068063,1012.7167,22.949566,13.997596,23.255144,4.704945,27.021929,480.71747,31.078892,13.670961,17.407928,28.362139,16.918034,28.379745,2004.3557,393.66306,25.955639,82.17391,1035.0433,89.74348,1006.38165,89.74348,9.205093,73.049675,78.45572,19.887672,80.693214,24.861261,28.015198,16.376865,25.386736,68.72115,27.465603,13.989662,23.059298,1012.9634,30.977724,22.898382,26.032103,28.243872,14.372144,26.08687,15.507533,25.28916,28.049856,1020.2378,17.538832,27.641937,34.238724,15.232394,23.622932,30.148354,33.51042,31.458752,1005.27374,84.53657,22.347647,20.41341,1008.58606,29.0527,13.44223,19.262985,318.99173,21.322464,24.142593,296.95746,1019.73334,29.65258,24.493042,12.983788,19.905487,15.338049,85.675224,72.98829,14.043165,11.372868,393.66306,13.670961,15.787478,14.74674,9.134719,13.694445,85.13194,25.694633,1005.979,15.867623,23.301844,27.114126,25.273321,18.546913,1009.0959,88.457466,19.57703,25.192518,78.995,10.683609,24.842724,1005.61743,84.00992,1016.80615,322.36536,13.50276,16.576889,14.542531,20.252419,19.631865,18.753094,16.704166,243.76709,8.073168,12.732443,23.175213,72.43786,25.032997,23.729057,25.639626,13.778461,68.21819,14.291914,13.600955,23.53681,25.868328,27.7041,34.088432,22.861074,36.014664,1013.6894,11.229851,19.791323,31.784178,1016.3201,137.37357,1018.2988,14.560606,30.316149,26.159227,28.270908,33.24861,31.063602,21.793434,44.315235,84.25657
6138,Munsang College (Hong Kong Island),22.282919,114.224308,139.512420673623,1.7609525202135008,0.24331474105947365,8.343317207987146,5.640880231875308,3.5670843073282383,265.59793867417477,0.07146193,0.7932965127558671,0.6942644908816719,0.7285112349673479,0.7573942670783713,0.54256548279984,2.375440632134268,3.126492681656368,4.306492946130698,6.079256568557195,6.343317207987147,62.048557,50.883636,37.319996,26.663073,19.081177,77.56336,35.404068,8.740995,1012.634,23.465792,10.730494,23.740257,4.7076273,26.428066,498.6298,31.967659,14.158517,17.809145,29.050386,17.221357,29.09461,2117.476,420.60306,27.93274,81.693115,1089.6193,93.34252,1089.1836,93.34252,9.58413,72.52874,76.93076,20.207949,79.26333,24.937576,28.512108,16.591864,26.086363,72.58618,28.20517,11.434402,23.582748,1012.76746,31.906015,23.100527,26.629637,29.024284,11.884331,27.945448,11.026365,25.426756,28.553633,1020.12604,17.882908,28.920843,35.359924,15.664385,24.093496,30.933779,34.192608,32.069645,1005.2125,82.60381,22.813444,20.852356,1008.446,29.469955,9.306752,19.387274,336.28952,21.44429,24.559708,312.0275,1019.75037,30.438194,24.870447,12.916756,20.168947,15.314345,82.865326,71.828255,9.902956,11.972092,420.60306,14.158517,16.163979,12.380833,9.684234,9.074855,82.784546,26.10755,1005.8269,16.360626,23.904118,27.655327,25.837166,18.788515,1009.0036,107.17756,19.75141,25.64066,76.996605,10.94495,25.199045,1005.4576,81.77952,1016.7713,332.63422,10.557794,16.855133,14.720607,20.608856,20.100422,18.97419,16.992716,254.36826,8.740995,10.318621,23.396408,72.244194,25.226162,24.193161,26.209364,11.507612,67.974655,14.890019,11.315694,24.077686,26.44195,28.412006,35.230125,23.628998,36.47623,1013.5478,11.198418,20.28313,32.74228,1016.20215,141.76486,1018.49615,10.055722,30.979006,26.710384,28.995497,34.252945,31.945892,22.21636,46.682453,82.96063
6139,C.C.C. Mong Man Wai College,22.316069,114.230672,197.53530339417566,-3.6171661443026792,-0.22061748762874617,49.548170387761274,18.353262901933697,11.313850292172262,1285.5093157785477,0.12177288,1.0000000000000426,0.9838598852773762,0.837693479368596,0.7918419374093503,0.6767449949887546,11.244094030362202,20.61630023917708,32.85760905159625,42.44878254727996,46.60213188630297,50.429962,51.443165,51.432953,27.635324,18.717333,77.97379,35.63328,7.997955,1012.6726,23.194855,9.030803,23.587463,5.3419156,28.60845,500.99356,32.12546,13.454618,18.670843,28.993538,17.019922,28.996471,2303.35,453.5083,31.821531,81.60625,1177.2924,103.15791,1159.6816,103.15791,8.522225,73.5091,77.46039,19.886757,79.74214,24.690235,28.625505,16.111868,25.660627,74.1365,27.993074,8.647882,23.310762,1012.6548,31.910112,22.675587,26.374975,28.80754,8.892368,31.821531,10.220949,25.18354,28.72852,1020.0418,17.460114,33.43609,35.63328,14.830906,23.902884,30.949787,34.46731,32.225708,1005.2924,82.924095,22.588419,20.40359,1008.5642,29.852613,9.018371,19.718655,354.1282,21.728252,25.271162,342.21494,1019.9084,30.757137,24.971876,12.458363,19.954891,15.042072,83.09107,72.82566,9.478863,11.476861,453.5083,13.454618,15.839466,9.2858715,8.991857,8.741724,82.957504,26.488047,1005.9109,15.946356,23.17615,28.23795,25.461002,19.004276,1009.1039,116.44049,19.292768,26.40695,77.51295,10.21921,25.441034,1005.452,81.85256,1016.926,369.6558,8.64363,16.611183,14.3621435,20.748932,19.1557,18.879974,16.677734,286.12506,8.061025,8.726756,23.161259,71.76505,24.993805,23.917877,25.978102,8.764923,68.705,13.978626,8.548917,23.723396,26.166494,28.138197,35.151806,23.235746,37.900295,1013.6974,10.824402,19.538553,32.669437,1016.084,150.46123,1018.4345,9.399382,31.148659,26.43441,28.749678,34.119843,32.12546,21.8315,53.521706,83.33996
6140,TWGHs Li Ka Shing College,22.492367,114.142912,144.78328867788042,0.3560933735132533,0.22354898117581815,17.031326009315595,4.082439965821181,2.690982814104138,6031.714652886805,0.16345878,1.0000000000000426,1.000000000000135,1.0000000000004956,0.9997131588786095,0.9452461394032318,2.3382710864530205,3.7628363478276836,5.664332070038029,8.430389947845743,11.177951421148752,42.623432,42.03781,37.72579,30.826063,18.418716,77.313805,36.160355,5.334288,1012.7804,23.088137,5.237595,23.631413,7.128679,34.177166,507.97626,32.772354,11.914441,20.857912,29.047213,16.826809,29.047232,2149.4663,424.1706,31.453062,83.29652,1137.0331,103.76543,1136.4594,103.76543,6.0096483,73.7938,75.933365,19.467009,77.81418,24.522005,29.64145,15.833723,24.831276,63.107376,27.805756,5.5468626,22.832403,1012.6636,32.772354,22.429543,25.681856,28.622744,5.284878,31.453062,5.7367063,24.981768,29.820253,1020.5846,16.731663,33.271038,36.160355,13.147803,23.761477,31.658125,35.248608,33.241055,1005.2824,82.20437,22.975971,20.109543,1008.564,30.921022,4.799801,21.027002,348.7241,23.107649,26.606594,308.67694,1020.2864,31.884,25.730438,12.025544,19.682035,14.724913,82.5479,73.01295,5.7250304,9.900619,424.1706,11.914441,15.294672,5.6265364,7.174192,4.3448052,81.31129,27.668194,1005.6784,14.830205,22.147478,29.683157,25.26119,19.83674,1008.9844,95.791626,18.965122,27.9221,78.25178,9.521069,26.732788,1005.3462,82.066666,1017.2086,364.1384,4.965093,16.72642,13.683459,21.351404,17.704597,19.196972,16.323954,248.19162,5.3369603,4.7053537,23.321688,71.59669,24.913342,23.513,26.167402,5.282715,68.90906,11.299287,5.2838216,23.582838,25.52356,28.141726,35.98727,22.140244,39.041332,1013.7615,10.103856,18.03561,33.682713,1016.2844,152.29747,1018.7206,5.549539,31.91634,25.892902,28.7814,34.862907,32.754482,21.351744,40.602795,80.32366
6141,TWGHs Ma Kam Chan Memorial Primary School,22.493688,114.12429,169.8295604074359,0.32235964786328025,0.16291551928954773,15.645181421966178,4.035222762192563,2.5194930757162637,7515.530493412825,0.22547908,1.0000000000000426,1.000000000000135,1.0000000000004956,0.9999999999992115,0.9611399653062288,2.0542294199008757,3.258917095048323,5.043394149794815,7.23819424401702,10.2380420438816,22.482933,20.776638,19.852804,31.464296,18.426952,77.892494,36.213455,4.749161,1012.7694,22.92168,5.0582814,23.526236,7.546289,35.301033,509.3097,32.845806,11.470014,21.375792,28.941206,16.69242,28.941206,2105.5957,417.57104,31.636675,83.05325,1112.6729,102.61169,1112.6729,102.61169,5.553446,73.60327,76.79705,19.188255,78.60495,24.640163,29.765825,15.839766,24.529118,62.930542,27.675938,5.6420913,22.591848,1012.659,32.845806,22.435205,25.385519,28.486488,5.28941,31.636675,5.5078115,24.994913,29.93587,1020.6376,16.490376,32.963642,36.208088,12.750888,23.590855,31.713013,35.4693,33.371536,1005.2266,82.08521,22.834265,19.839119,1008.4949,31.083563,4.532513,21.154741,342.70758,23.258543,26.754047,300.53134,1020.3015,31.944407,25.838737,11.893704,19.683382,14.708334,83.45259,73.52804,5.4871917,9.402709,417.57104,11.470014,15.034272,5.6010585,6.749355,4.0978894,82.22645,27.808512,1005.6594,14.428697,21.826902,29.801619,25.088453,19.934753,1008.934,93.98061,18.962128,28.0595,79.36766,9.503023,26.866306,1005.3375,82.66535,1017.21,352.3941,4.7495375,16.542187,13.418546,21.42556,17.379269,19.03319,16.043072,242.12097,4.749161,3.8099523,23.49091,72.929,24.919847,23.254965,26.031725,5.2966394,68.66902,10.743931,5.348,23.443354,25.259398,28.032213,36.167217,21.834248,38.011375,1013.7382,10.052062,17.632906,33.73082,1016.28,151.39053,1018.754,5.3372808,32.036556,25.626644,28.686241,34.887775,32.816845,21.124823,39.357105,80.781364
6142,Kowloon Technical School,22.333984,114.159032,179.13707445017857,-0.4383002696003531,-0.142378089762829,7.563503916603766,2.3596143580590367,1.4535602882516188,1323.5338566679548,0.075380005,1.0000000000000426,0.9807953091142139,0.9154750891496456,0.7561381471362393,0.7228517962051432,0.9927556875070633,1.4704444620671022,1.989237176471183,2.824369857775499,4.471269532955051,81.21836,79.1305,72.94149,27.7519,18.81182,76.23817,35.85188,8.099978,1012.6208,23.673244,8.268464,24.057144,5.48153,29.350338,494.294,32.458366,13.783196,18.675167,29.346926,17.522717,29.3472,2277.33,442.382,29.64979,82.11895,1161.3586,103.82109,1159.549,103.82109,8.814909,71.35759,75.83044,20.394066,78.05469,24.834265,29.265093,16.151642,25.886303,70.25415,28.31833,7.398434,23.679667,1012.6357,32.25503,22.7766,26.736055,29.157032,7.2431054,29.64979,10.199664,25.256506,29.290907,1020.133,17.982088,33.692455,35.85188,15.172389,24.27645,31.286013,34.745598,32.687794,1005.1381,81.3139,23.11199,20.8569,1008.5347,30.448645,8.808052,20.407303,348.9876,22.448244,25.743477,347.3782,1019.8709,31.035542,25.649872,12.803214,19.994286,15.273613,82.2278,70.80029,9.733843,11.921276,442.382,13.783196,16.3254,7.8360033,9.246166,8.524531,81.6466,27.064787,1005.7956,16.423353,23.557898,28.748081,25.982271,19.608955,1009.0248,111.65676,19.301245,26.905413,75.953896,10.150936,26.02674,1005.3727,80.374725,1016.9348,369.98914,7.790661,17.194456,14.938616,21.225832,19.492832,19.517563,17.21939,285.49994,8.101869,8.06838,23.202463,69.454056,25.056715,24.365541,26.445404,6.964735,66.71491,14.081011,7.1003904,23.99704,26.503662,28.491562,35.34364,23.411636,40.47885,1013.6322,10.940334,19.934196,32.84155,1016.0865,148.9769,1018.29,9.553774,31.652544,26.8424,29.152912,34.289013,32.458366,22.399935,48.384254,81.129135
6143,Tak Nga Secondary School,22.330217,114.175364,174.26337259305947,-0.6155126056487626,-0.29801136173440707,18.770187549315583,6.203451800719318,3.8407377929933233,2158.9117772092523,0.11174546,1.0000000000000426,1.000000000000135,0.9592790626596368,0.7997453344048289,0.7278023461279847,3.674567804804414,6.238635260515186,8.624035511497414,10.49460446354823,12.357840240941012,68.53285,66.017944,63.13856,28.123787,18.764948,76.753136,35.920692,7.7969055,1012.6426,23.529919,7.8615,23.956717,5.6754756,29.926619,496.6017,32.502926,13.538397,18.964527,29.286037,17.396265,29.286238,2326.4,451.5782,30.711643,82.00774,1186.4279,105.22727,1183.936,105.22727,8.511178,71.821175,76.41699,20.204306,78.68518,24.811544,29.237448,16.073776,25.70865,71.17654,28.20824,6.9976163,23.544413,1012.6596,32.261124,22.706059,26.597734,29.071768,6.835678,30.711643,9.809083,25.23365,29.283913,1020.154,17.787062,34.636208,35.920692,14.914699,24.160269,31.291225,34.849205,32.699368,1005.1776,81.62246,22.974194,20.654785,1008.5366,30.47883,8.490917,20.414976,356.39423,22.444569,25.88254,351.07224,1019.9104,31.107265,25.602482,12.681968,19.986607,15.2106905,82.56728,71.4139,9.363841,11.6893,451.5782,13.538397,16.154284,7.403367,8.951941,8.173119,82.1182,27.093521,1005.8312,16.217537,23.32819,28.849062,25.812786,19.612,1009.042,115.99435,19.263746,27.03625,76.51308,10.077275,26.041862,1005.3682,80.79865,1016.9564,378.45538,7.324054,17.016382,14.723622,21.173893,19.225592,19.364204,17.022554,294.7858,7.7979717,7.5305204,23.215147,70.14339,25.036789,24.203562,26.316687,6.600159,67.18468,13.731805,6.6975117,23.878561,26.368422,28.397224,35.374348,23.2285,39.87942,1013.6506,10.882123,19.67234,32.839012,1016.1014,150.905,1018.3231,9.112129,31.66705,26.6948,29.05315,34.271416,32.502926,22.203033,50.810917,81.75268
6144,HHCKLA Buddhist Ching Kok Lin Association School,22.487211,114.142053,132.05456728039644,0.022174012057248366,0.1617957733122083,21.80520363838319,3.90472159367176,2.72280922931353,5670.114399630048,0.17481282,1.0000000000000426,1.000000000000135,1.0000000000004956,0.9980950330775268,0.9447680042065771,2.1628411956405986,3.4795876694671213,5.2018682276137245,8.548099916320634,14.793316577067179,33.129417,32.060455,28.014082,30.8808,18.412262,77.57585,36.105106,5.224304,1012.7777,23.013721,5.3549404,23.558062,7.1684556,34.277233,507.7585,32.71074,11.797764,20.912971,28.97335,16.759138,28.97337,2157.169,427.7357,31.459326,83.315735,1139.3588,104.1294,1138.785,104.1294,5.9203296,73.75776,76.36855,19.375072,78.22938,24.54963,29.575554,15.822728,24.743622,63.61061,27.746613,5.663369,22.74865,1012.6548,32.71074,22.418278,25.590256,28.55455,5.4571486,31.459326,5.860923,24.968891,29.763565,1020.5693,16.663687,33.44782,36.105106,13.062645,23.693907,31.5985,35.224426,33.170326,1005.258,82.21628,22.890427,20.009336,1008.5555,30.855293,4.947335,20.976946,349.94122,23.059875,26.539185,311.11615,1020.2894,31.828825,25.679314,11.977436,19.672882,14.722453,82.90454,73.23253,5.846143,9.777255,427.7357,11.797764,15.212431,5.8024654,7.0839047,4.495346,81.74667,27.598982,1005.6884,14.711497,22.049248,29.620987,25.182997,19.794678,1008.9806,95.976234,18.952312,27.8572,78.6156,9.520655,26.677244,1005.3554,82.2593,1017.2164,361.6819,5.0711875,16.64043,13.603873,21.318922,17.617077,19.117296,16.229897,249.91776,5.2269764,4.5887136,23.336428,72.06235,24.893278,23.426584,26.086859,5.446161,68.8981,11.195699,5.417427,23.513617,25.43941,28.077343,35.974144,22.060053,39.222263,1013.769,10.112178,17.9273,33.62525,1016.2691,152.4555,1018.7266,5.663071,31.857029,25.806078,28.721193,34.806236,32.69513,21.270844,40.604485,80.61918
6145,American School Hong Kong,22.442574,114.164695,142.10379091734168,1.1129962506133706,0.09988277556240886,30.328741941958352,16.165604068072607,10.786136150850053,1442.9848150229766,0.20979741,1.0000000000000426,0.9961024856597894,0.9463170657161659,0.9200288764511908,0.921687962186251,9.793059746302257,16.240043935096,22.394188894572995,26.783947070459057,28.328741941958352,24.705645,25.067327,23.705202,30.006762,18.479347,77.78855,35.75111,5.744346,1012.753,23.009182,6.3100305,23.408035,6.5031943,32.22247,505.2429,32.30352,12.122915,20.180607,28.84023,16.68395,28.840612,2253.4934,453.68735,30.2921,83.41571,1172.7296,107.62847,1167.2415,107.62847,6.571727,73.2385,77.2672,19.461218,79.17668,24.630688,29.008644,15.856217,24.858595,67.18399,27.713482,6.151241,22.828259,1012.671,32.303192,22.46214,25.731329,28.54716,6.413653,30.2921,6.91625,24.966085,29.252234,1020.4522,16.881985,34.48352,35.74727,13.511085,23.727396,31.225025,34.70988,32.536797,1005.1078,81.956764,22.734844,20.045135,1008.5592,30.150826,6.195507,20.388721,360.04736,22.46155,25.718912,339.586,1020.2046,31.361744,25.240454,12.144494,19.718025,14.836838,83.1875,73.14503,6.8763905,10.17268,453.68735,12.122915,15.348263,6.863039,7.4279985,5.7100844,82.54371,26.904482,1005.7406,14.937908,22.272802,28.921587,25.215223,19.370152,1008.9981,101.21607,18.996271,27.068035,78.482666,9.711164,26.100132,1005.393,81.93776,1017.1951,358.99496,6.0854697,16.558744,13.770229,20.9406,17.979998,19.018122,16.303673,268.48962,5.7726827,5.420761,23.204569,72.446266,24.851048,23.522324,25.97875,6.368682,68.65189,11.743876,6.101559,23.49511,25.567474,28.03898,35.71832,22.227346,42.852837,1013.7892,10.374613,18.24272,33.25585,1016.2661,153.94601,1018.659,6.617733,31.339487,25.928978,28.695438,34.533176,32.285404,21.3792,42.713455,81.428665
6146,TWGHs Lee Ching Dea Memorial College,22.28519,114.194311,252.93891987632153,6.040326189798051,0.300075100184807,66.31362011606356,23.629252727210524,15.498514089401858,486.5220864761172,0.11620635,0.9189114754098707,0.7437340471638467,0.7079174223128984,0.798001945688874,0.5915052190955757,15.652372275519884,28.462614398646764,46.64238441958535,62.00322875890112,64.31297124527097,34.5016,33.799194,28.815147,27.201979,18.86644,78.45319,34.897343,7.6953654,1012.7858,23.042334,11.615916,23.378227,4.9654975,27.632273,491.7677,31.556112,13.588,17.96811,28.64782,16.902575,28.648676,2184.4812,439.42444,28.755487,82.76214,1139.037,94.53401,1131.7656,94.53401,8.8346815,72.980835,78.02809,19.783173,80.2841,24.763609,28.238144,16.348766,25.455822,73.634346,27.644884,12.312307,23.130878,1012.9814,31.476229,22.847109,26.157578,28.577806,12.65239,28.76347,12.16604,25.186504,28.33306,1020.3934,17.414024,29.80762,34.885685,15.099115,23.731007,30.494318,33.8879,31.73228,1005.3382,83.225334,22.486229,20.450863,1008.5745,29.3137,10.406139,19.41449,353.683,21.475122,24.552738,317.75525,1019.8988,30.106012,24.65107,12.827031,19.913588,15.163722,84.26636,72.84359,11.123546,11.2764435,439.42444,13.588,15.7333,13.075776,8.882986,10.32461,83.99095,25.954157,1005.9586,15.791953,23.332312,27.589281,25.32487,18.686937,1009.1006,110.40488,19.521109,25.625181,78.22419,10.676645,25.086306,1005.5877,82.65725,1016.9246,345.92947,11.334569,16.576632,14.369728,20.257177,19.46642,18.697935,16.621029,261.29578,7.6980343,10.60657,23.243721,73.129684,24.965816,23.759706,25.818071,12.14371,68.18059,13.952872,11.994393,23.724497,25.955503,27.940245,34.798504,22.938265,35.962925,1013.7011,10.939654,19.705774,32.257793,1016.3833,142.29625,1018.5862,11.250944,30.665897,26.250319,28.54955,33.706947,31.552965,21.744465,45.52377,83.6274
6147,PLK Women's Welfare Club (WD) Fung Lee Pui Yiu Primary School,22.373997,113.99547,167.03954704237887,-2.1290733471012655,-0.2705589249027477,17.16014452474729,11.259409398172767,7.321220731914509,459.88174753349415,0.2013155,0.9894834205702251,0.8964720635738181,0.7299755773546185,0.669612199748676,0.619553072072935,6.66246318156574,10.196518163265782,13.125432725330072,14.893371856134804,15.160144524747292,32.307335,32.009422,27.673862,27.595781,18.556702,74.72106,35.326218,7.7304373,1012.62573,23.590097,10.980062,23.94932,5.6931863,30.08398,489.92746,32.159885,13.242941,18.916946,29.080889,17.392958,29.097122,1874.8821,378.90036,30.286922,81.10316,953.59674,103.00061,945.48706,103.00061,8.710495,69.7327,74.6068,20.290813,76.47487,24.681639,29.273014,15.78817,25.651829,68.697914,28.13453,10.6594095,23.336721,1012.57275,32.15679,22.609962,26.316038,28.874468,9.972783,30.286922,12.545048,24.822899,29.532497,1020.16876,17.844461,32.663017,35.285904,15.018314,24.112074,31.303137,34.410225,32.594147,1005.0802,79.06985,23.206078,20.888212,1008.53595,30.423641,11.66697,20.495512,273.49243,22.780642,25.474083,287.29962,1019.8991,30.796862,25.547071,12.657071,19.585352,15.138609,81.0985,69.24685,12.02965,11.340137,378.90036,13.242941,15.994277,10.222747,9.139999,11.593515,79.99986,26.942337,1005.6895,15.932821,23.506144,28.601654,25.96629,19.498442,1008.9523,67.70382,18.909391,26.612936,75.660126,10.089606,26.145977,1005.5304,78.847565,1017.06146,301.10934,10.2855,17.300909,14.929793,21.172739,19.65786,19.643904,17.182417,210.91335,7.7314487,9.916729,23.17319,69.146484,24.727434,24.163677,26.475344,9.693203,64.63361,13.794732,10.220132,23.9212,26.14739,28.39157,35.274525,23.142097,40.05067,1013.787,10.497094,19.63663,33.071136,1016.0671,146.39143,1018.1635,12.955061,31.540373,26.549356,29.036135,34.413708,32.10478,22.213188,37.37329,78.13552
6148,SKH Tang Shiu Kin Secondary School,22.275769,114.178721,165.42283233344077,2.3331116563876266,0.21615145478154474,15.620750749381404,9.990680368841753,5.859569244152421,788.5266080790932,0.09694118,0.9865081967213526,0.8675167367751061,0.8227517065718368,0.7052536226917726,0.5443027838364903,5.317175876265601,8.062292458061194,10.238485372286133,12.311376570995574,13.620750749381404,50.395714,45.761395,38.01195,27.1176,19.00308,77.42336,35.342358,8.224758,1012.6157,23.469881,10.200604,23.82775,5.1850514,28.4293,491.0194,32.0631,13.827384,18.235716,29.080107,17.356491,29.080782,2161.848,414.3227,28.112516,81.38265,1101.133,97.01034,1096.2585,97.01034,9.205647,71.88721,76.95764,20.219715,79.2771,24.970243,28.87009,16.362904,25.797497,70.98177,28.112091,9.833075,23.527775,1012.7818,31.908218,22.948767,26.532503,28.913246,9.7834835,28.112516,12.204371,25.407993,28.872662,1020.1524,17.909746,31.39693,35.342358,15.33686,24.070316,30.989237,34.430477,32.302177,1005.1634,82.572975,22.855371,20.717365,1008.4804,29.922018,10.138764,19.981571,339.39606,22.050787,25.14627,323.8284,1019.7512,30.538857,25.250332,12.968837,20.100471,15.41139,83.52938,71.567986,11.052889,11.868598,414.3227,13.827384,16.17417,10.282245,9.362106,10.039247,83.17609,26.539787,1005.8472,16.319868,23.577988,28.140038,25.808727,19.242878,1009.009,104.24507,19.578043,26.217295,77.21609,10.538083,25.628466,1005.4057,81.976135,1016.8023,347.41418,9.607989,16.967873,14.828372,20.921879,19.68917,19.248375,17.054438,271.81284,8.226802,9.442099,23.329996,70.90662,25.180729,24.165392,26.192457,9.303434,67.32642,14.34757,9.448891,23.918024,26.340195,28.301104,35.003387,23.324171,37.500885,1013.5721,11.239513,19.997309,32.49708,1016.1814,144.00502,1018.242,11.270762,31.264082,26.64738,28.911644,33.993717,32.0631,22.24378,48.831696,82.686714
6149,Hong Kong Chinese Women's Club College,22.283271,114.219351,160.8701227884556,3.8852230865156003,0.2998853999777512,31.091919631777685,18.01548620167446,11.032855090373769,538.9452005193627,0.09891004,0.894181967213147,0.7272800509879329,0.7320654100867457,0.7647757473464039,0.5493833033583906,9.879174454462936,15.741632089285437,21.96899055864894,26.914522982188174,29.06442375892232,54.117374,48.34648,36.906082,26.970276,18.991222,77.83265,35.345093,8.37482,1012.6958,23.320852,10.936768,23.675688,4.9039593,27.28434,496.0473,31.940716,13.9696455,17.97107,28.997454,17.170202,28.999325,2153.9834,426.7027,29.015835,81.96967,1112.3839,93.697235,1103.6052,93.697235,9.340201,72.831635,77.22703,20.082952,79.5336,24.849329,28.542974,16.466784,25.8501,73.21211,27.9957,11.417871,23.445343,1012.8684,31.806425,22.976341,26.496181,28.869905,11.814145,29.043207,11.510438,25.335735,28.589853,1020.2378,17.734444,29.683643,35.344025,15.462141,23.972479,30.865988,34.263412,32.096962,1005.3206,82.91181,22.691242,20.702642,1008.5011,29.610857,9.820622,19.545748,340.7664,21.594059,24.82794,315.97864,1019.7968,30.4676,24.906235,12.925394,20.075909,15.249038,83.230125,72.19809,10.396465,11.795306,426.7027,13.9696455,16.030632,12.273694,9.370015,9.646551,83.08803,26.2438,1005.8779,16.206192,23.68875,27.844425,25.662832,18.884333,1009.0478,107.93039,19.63477,25.90202,77.3169,10.779552,25.290382,1005.4909,82.05384,1016.8184,344.9148,10.684478,16.755196,14.612393,20.546957,19.858706,18.898201,16.880854,260.22314,8.386457,10.451248,23.362022,72.2216,25.130371,24.06221,26.06954,11.427913,68.177666,14.528249,11.241684,23.93266,26.301643,28.247812,35.036537,23.36687,34.970383,1013.6053,11.109412,20.083622,32.560116,1016.2971,142.86172,1018.487,10.556094,31.018856,26.5743,28.833797,34.052193,31.940178,22.060915,47.69637,83.20152
6995,Penny's Bay,22.312917,114.049642,158.9116567342561,-0.07688931787350385,-0.05145470919897061,8.931627860940582,1.0989034944871299,0.6079477089517745,417.3127594994256,0.2573818,0.7708475409836272,0.5292942766092902,0.389376057055414,0.3282527931469485,0.5116460184328324,0.5916952710242371,1.0686559989521052,2.004870548135913,5.0422001033500345,6.931627860940583,0.15733884,0.7033417,1.370431,28.11237,19.103456,79.34751,35.29266,7.180287,1012.5696,23.016336,13.797688,23.593266,6.022709,31.43499,483.7528,31.981268,12.824178,19.157093,27.963522,17.167854,28.650003,1850.7268,386.32385,26.396307,84.24054,970.512,85.22755,816.1289,85.22755,8.501983,70.97053,80.72685,19.708881,82.5509,25.332727,29.123968,16.557886,25.141392,65.8562,27.653028,14.429841,22.79776,1012.6666,31.804037,23.115107,25.673534,28.364927,14.339613,27.644535,15.159312,25.20962,29.184437,1020.0379,17.508034,26.396955,35.17906,14.724959,23.588865,31.01054,34.83122,32.420982,1005.1076,81.35529,22.398687,20.221682,1008.3064,30.185707,13.153245,20.311134,289.9677,22.448687,25.2185,293.1343,1019.6474,30.448915,25.519264,12.779012,19.922628,15.528169,86.949005,72.80343,14.092228,10.422542,386.32385,12.824178,15.511219,14.6143,8.838282,13.343941,86.671486,26.746162,1005.7238,15.220919,23.183538,28.293423,25.512075,19.449516,1008.827,72.40028,19.47501,26.328419,81.42769,10.933189,25.826805,1005.6707,83.39417,1016.8356,286.73492,13.728925,16.55831,14.521413,21.175928,19.453917,18.743313,16.435816,200.82149,7.180287,9.856076,24.13635,75.90212,25.033674,23.51591,25.718262,13.826886,65.86568,13.592722,14.092225,23.543455,25.528416,27.82285,35.245808,22.569942,31.186052,1013.7029,11.218104,19.338121,32.514824,1016.1274,135.66492,1018.1812,14.935642,31.4205,25.873981,28.5563,33.896084,31.980621,21.849026,34.595573,83.55303
9905,ZCB,22.321036,114.208282,163.68439389569002,0.060705366730973556,0.005191304677942789,6.737383851312594,2.4226820559155264,1.3405984959721595,458.8006438798392,0.060374152,0.9094636378082386,0.8073324952045104,0.7767489961708783,0.8600533001788911,0.7138956250714444,0.8771753980104309,1.1795090637119707,2.2024535084315064,3.8093138391647092,4.737383851312595,83.123726,78.32554,70.764915,27.428183,18.924204,76.9898,35.720226,8.292046,1012.6748,23.532888,8.765097,23.831179,5.056519,27.6351,501.82587,32.239918,13.947622,18.292297,29.230993,17.247847,29.230993,2259.8179,453.74283,29.538502,82.646706,1173.6704,99.01101,1173.6704,99.01101,8.992315,72.26652,76.35714,20.163118,78.70657,24.83722,28.752508,16.405878,26.025572,72.1586,28.285778,9.545499,23.603241,1012.6863,32.202198,22.97122,26.653385,29.17975,9.84636,29.538502,8.721506,25.323328,28.848673,1020.17566,17.760939,31.116215,35.689728,15.358498,24.196102,31.134851,34.379898,32.28743,1005.22375,81.86341,22.982254,20.867153,1008.4988,29.802011,7.3947806,19.720114,360.01797,21.764627,25.023203,332.27167,1019.90137,30.787176,25.108065,12.667575,20.090158,15.170597,82.17449,71.558395,8.175615,11.749707,453.74283,13.947622,16.149124,10.398046,9.346616,6.965728,81.92894,26.438242,1005.817,16.242615,23.74794,28.145187,25.833815,19.060688,1009.0329,120.37783,19.580551,26.180305,76.39094,10.69761,25.510326,1005.444,80.8372,1016.9173,359.90967,8.603276,16.948418,14.624669,20.775486,19.753563,19.080053,16.973028,269.91452,8.292046,8.607224,23.315819,71.95511,25.13538,24.217226,26.36248,9.579784,67.72425,14.407708,9.429667,24.136349,26.441853,28.501846,35.590767,23.563179,38.356297,1013.60297,10.895107,20.045647,33.043877,1016.1458,146.02045,1018.65076,7.9136744,31.214472,26.732416,29.133448,34.492737,32.221233,22.176775,46.393276,82.114624
9913,The Hong Kong Observatory (Co-WIN 2.0),22.302061,114.174412,155.89731528584508,-0.2768379579973429,-0.02465818399771813,12.741369630354454,6.40932769112143,4.185655573362697,583.40327523981,0.09528558,0.9570229508197106,0.7427630337795251,0.6520193071829219,0.7663690982471992,0.6392024861944792,3.5858202532619603,5.218561061106388,6.6626553377538205,8.510343881958766,10.741369630354454,52.79991,55.27796,53.037876,26.916628,19.018456,77.14465,35.42359,8.506964,1012.6519,23.524696,10.377744,23.89805,5.0582666,28.022993,492.0219,32.102375,14.053894,18.048481,29.139675,17.421684,29.14197,2188.4995,436.45016,28.577837,83.01357,1142.3594,94.18399,1121.0653,94.18399,9.305712,71.734276,76.738365,20.24806,79.04734,24.917385,28.853315,16.506655,26.05111,71.44163,28.225313,11.001007,23.566603,1012.6802,32.014595,23.036196,26.603437,29.035078,11.181357,28.577837,10.956787,25.335472,28.906488,1020.1068,17.89051,29.871437,35.42307,15.55608,24.141047,31.026855,34.36346,32.276608,1005.2832,81.88679,22.956478,20.91543,1008.4948,29.879744,9.164528,19.942997,350.2882,22.008732,25.096825,321.818,1019.8292,30.611431,25.238407,12.815865,20.078972,15.3560295,82.9589,71.42699,10.131511,11.815501,436.45016,14.053894,16.19683,11.733561,9.653486,8.948169,82.61024,26.50792,1005.8364,16.306038,23.841997,28.168282,25.852169,19.207449,1009.0155,111.6881,19.660013,26.201859,76.83516,10.83688,25.632034,1005.4892,81.268616,1016.8768,355.62106,10.180907,17.028353,14.823403,20.946285,19.956352,19.149616,17.074179,260.68484,8.509609,9.742822,23.449144,71.88965,25.124996,24.217094,26.29159,10.670445,67.1526,14.739601,10.693653,24.102482,26.385159,28.38452,35.21185,23.604387,35.734715,1013.5987,11.103846,20.198988,32.681995,1016.0863,142.59494,1018.5265,10.128182,31.247269,26.706238,29.025097,34.14369,32.10178,22.260824,43.728474,82.18691
