info-date,cv-structured-list-data,iconfont,tranPrice,riseBox,cv-structured-list-data 2,cv-structured-list-data 3,label
4/11/2024,80 Robinson Road・Block 2・Lower Floor・Flat C,,$19M,--,840ft²,"@$22,619",Centaline
4/11/2024,Belvedere Garden・Phase 3・Block 7・Middle Floor・Flat B,,$6.78M,--,742ft²,"@$9,137",Centaline
4/11/2024,Ocean Pointe・Tower 2・Upper Floor・Flat D,,$8.95M,--,778ft²,"@$11,504",Centaline
4/11/2024,Sea Crest Villa・Phase 3・Block 10・Middle Floor・Flat D,,$4.74M,--,460ft²,"@$10,300",Centaline
4/11/2024,Harbour One・Middle Floor・Flat B,,$17M,--,662ft²,"@$25,680",Centaline
4/11/2024,Festival City・Phase 2・Tower 2・Upper Floor・Flat Sa,,$10.58M,--,741ft²,"@$14,278",Centaline
4/11/2024,Sausalito・Tower 7・Lower Floor・Flat F,,$8.3M,--,701ft²,"@$11,840",Centaline
4/11/2024,Discovery Bay・Phase 4-Peninsula Vl Capeland・Blossom Court・Upper Floor・Flat A,,$4.4M,--,546ft²,"@$8,059",Centaline
4/11/2024,Marble Garden・Tower 2・Lower Floor・Flat C,,$5.68M,--,470ft²,"@$12,085",Centaline
4/11/2024,The Rise・Lower Floor・Flat Rc,,$5M,--,518ft²,"@$9,653",Centaline
4/11/2024,Lei On Court・Lei King House (Block E)・Upper Floor・Flat 2,,$6.52M,--,650ft²,"@$10,031",Centaline
4/11/2024,Ching Lai Court・Lai Sau House (Block G)・Upper Floor・Flat 5,,$3.8M,--,388ft²,"@$9,794",Centaline
4/11/2024,Cullinan West・Phase 3 Cullinan West Il・Tower 3B・Upper Floor・Flat F,,$6.98M,--,350ft²,"@$19,943",Centaline
4/11/2024,Hong Kong Garden・Phase 1・Block 4・Middle Floor・Flat D,,$4.15M,--,561ft²,"@$7,398",Centaline
4/11/2024,Hong Lok Yuen・Twenty-Sixth Street,,$26M,--,"1,628ft²","@$15,971",Centaline
4/11/2024,Palace Garden・Block A・Upper Floor・Flat A2,,$18.5M,--,"1,367ft²","@$13,533",Centaline
4/11/2024,Galaxia・Tower C・Upper Floor・Flat 6,,$7.58M,--,593ft²,"@$12,782",Centaline
4/11/2024,Lohas Park・Phase 1 The Capitol・Milan (Tower 3 - L Wing)・Lower Floor・Flat B,,$8.86M,--,840ft²,"@$10,548",Centaline
4/11/2024,Stars By The Harbour・Tower 3・Middle Floor・Flat A,,$22.8M,--,"1,130ft²","@$20,177",Centaline
4/11/2024,Aqua Marine・Tower 1・Lower Floor・Flat G,,$7.13M,--,494ft²,"@$14,429",Centaline
4/11/2024,Mei Foo Sun Chuen・Phase 3・49-51 Broadway・Upper Floor・Flat C No. 49,,$5.5M,--,511ft²,"@$10,763",Centaline
4/11/2024,Alto Residences・Tower 7・Lower Floor・Flat J,,$5.95M,--,440ft²,"@$13,523",Centaline
4/11/2024,Lai Tsui Court・Tower 4 (Lai Ki House)・Lower Floor・Flat 9,,$2.61M,--,281ft²,"@$9,281",Centaline
4/11/2024,Parkland Villas・Block 7・Lower Floor・Flat H,,$4.05M,--,381ft²,"@$10,630",Centaline
4/11/2024,H Cube・Upper Floor・Flat 5,,$12.85M,--,927ft²,"@$13,862",Centaline
4/11/2024,Castello・Block 8・Lower Floor・Flat B,,$8.58M,--,873ft²,"@$9,828",Centaline
4/11/2024,Taikoo Shing・Sing Fai Terrace・(T-50) Yiu Sing Mansion・Lower Floor・Flat D,,$7.05M,--,503ft²,"@$14,016",Centaline
4/11/2024,Oceanaire・Tower 3B・Lower Floor・Flat C,,$8.39M,--,743ft²,"@$11,292",Centaline
4/11/2024,Villa Esplanada・Phase 3・Block 8・Middle Floor・Flat E,,$9.18M,--,684ft²,"@$13,421",Centaline
4/11/2024,The Cairnhill・Phase 1・Block 9・Upper Floor・Flat A,,$12.88M,--,"1,008ft²","@$12,778",Centaline
4/11/2024,Sunshine City・Phase 3・Block P・Lower Floor・Flat 3,,$4.2M,--,337ft²,"@$12,463",Centaline
4/11/2024,Mountain Shore・Block 3・Lower Floor・Flat E,,$5.38M,--,501ft²,"@$10,739",Centaline
4/11/2024,The Cliveden・Block 7・Lower Floor・Flat A,,$9.8M,--,"1,107ft²","@$8,853",Centaline
4/11/2024,K‧Summit・Tower 2B・Middle Floor・Flat E,,$9.26M,--,512ft²,"@$18,086",Centaline
4/11/2024,Kam Fook Mansion・Middle Floor・Flat C,,$4.6M,--,400ft²,"@$11,500",Centaline
4/11/2024,Ching Wah Court・Wah Fung House (Block D)・Middle Floor・Flat 3,,$3.2M,--,401ft²,"@$7,980",Centaline
4/11/2024,Tung Chung Crescent・Phase 2・Block 7・Middle Floor・Flat E,,$5.95M,--,527ft²,"@$11,290",Centaline
4/11/2024,Seaview Crescent・Block 2・Lower Floor・Flat H,,$5.9M,--,558ft²,"@$10,573",Centaline
4/11/2024,Wai Fat Building・Middle Floor・Flat H,,$3.98M,--,434ft²,"@$9,171",Centaline
4/11/2024,Central Park Towers・Phase 2 Central Park Towers II・Tower 9・Upper Floor・Flat D,,$7.3M,--,712ft²,"@$10,253",Centaline
4/11/2024,Island Harbourview・Tower 7・Upper Floor・Flat F,,$16.8M,--,949ft²,"@$17,703",Centaline
4/11/2024,Grand Central・Phase 2・Tower 3・Middle Floor・Flat B,,,--,831ft²,@$41,Centaline
4/11/2024,Caribbean Coast・Phase 1 Monterey Cove・Tower 3・Lower Floor・Flat C,,,--,495ft²,@$36,Centaline
4/11/2024,Hampton Place・Tower 2・Middle Floor・Flat D,,,--,465ft²,@$39,Centaline
4/11/2024,Rhine Terrace・Upper Floor・Flat B,,,--,598ft²,@$24,Centaline
4/11/2024,The Consonance・Upper Floor・Flat H,,,--,200ft²,@$80,Centaline
4/11/2024,Beverly Hill・Block G・Middle Floor・Flat 1,,,--,"1,057ft²",@$44,Centaline
4/11/2024,Aigburth・Lower Floor・Flat B,,,--,"2,102ft²",@$59,Centaline
4/11/2024,The Beaumount・Phase 1・Tower 3・Lower Floor・Flat A,,,--,738ft²,@$26,Centaline
4/11/2024,Aqua Marine・Tower 3・Middle Floor・Flat D,,,--,511ft²,@$37,Centaline
4/11/2024,On Ning Garden・Block 6・Upper Floor・Flat G,,,--,465ft²,@$30,Centaline
4/11/2024,Metro Town・Phase 2 Le Point・Tower 6・Lower Floor・Flat A,,,--,594ft²,@$40,Centaline
4/11/2024,Stephen Mansion・Middle Floor・Flat A,,,--,828ft²,@$36,Centaline
4/11/2024,Braemar Hill Mansions・Block 1・Middle Floor・Flat B,,,--,"1,124ft²",@$40,Centaline
4/11/2024,Richland Garden・Block 2・Middle Floor・Flat D,,,--,372ft²,@$30,Centaline
4/11/2024,Ori・Tower 1・Middle Floor・Flat D,,,--,258ft²,@$40,Centaline
4/11/2024,Tsing Yi Garden・Block 2・Middle Floor・Flat B,,,--,343ft²,@$39,Centaline
4/11/2024,Vista Paradiso・Phase 1・Tower 1・Middle Floor・Flat A,,,--,"1,025ft²",@$33,Centaline
4/11/2024,Gold Ning Mansion・Middle Floor・Flat E,,,--,567ft²,@$39,Centaline
4/11/2024,Mayfair By The Sea 8・Tower 3C・Lower Floor・Flat A,,,--,666ft²,@$44,Centaline
4/11/2024,Tsuen Wan Centre・Block 6 (Chungking House)・Lower Floor・Flat B,,,--,380ft²,@$33,Centaline
4/11/2024,South Horizons・Phase 2・Yee Lai Court (Block 10)・Middle Floor・Flat A,,,--,739ft²,@$36,Centaline
4/11/2024,Yoho Town・Phase 1・Block 5・Upper Floor・Flat D,,,--,433ft²,@$35,Centaline
3/11/2024,Pokfulam Gardens・Block 2・Middle Floor・Flat G,,,--,456ft²,@$42,Centaline
3/11/2024,Island Crest・Tower 1・Lower Floor・Flat B,,,--,559ft²,@$62,Centaline
3/11/2024,Aegean Coast・Tower 5・Upper Floor・Flat B,,,--,811ft²,@$25,Centaline
3/11/2024,Grand Central・Phase 1・Tower 2・Lower Floor・Flat H,,,--,717ft²,@$39,Centaline
3/11/2024,Nob Hill・Tower 3・Lower Floor・Flat A,,,--,441ft²,@$41,Centaline
3/11/2024,Cullinan West・Phase 2A・Tower 2B・Lower Floor・Flat J,,,--,381ft²,@$54,Centaline
3/11/2024,Cullinan West・Phase 2A・Tower 1B・Upper Floor・Flat A,,,--,532ft²,@$62,Centaline
3/11/2024,The Sherwood・Tower 5・Middle Floor・Flat C,,,--,396ft²,@$28,Centaline
3/11/2024,Lohas Park・Phase 6 Lp6・Tower 5・Middle Floor・Flat M,,,--,305ft²,@$49,Centaline
3/11/2024,The Parkside・Tower 1A・Upper Floor・Flat C,,,--,508ft²,@$44,Centaline
3/11/2024,Harmony Place・Upper Floor・Flat E,,,--,635ft²,@$47,Centaline
3/11/2024,Hong Kong Gold Coast・Block 8・Upper Floor・Flat C,,,--,535ft²,@$26,Centaline
3/11/2024,Mantin Heights・Tower 7・Lower Floor・Flat A,,,--,"1,045ft²",@$50,Centaline
3/11/2024,One East Coast・Tower 1A・Middle Floor・Flat H,,,--,262ft²,@$53,Centaline
3/11/2024,Lohas Park・Phase 6 Lp6・Tower 2・Middle Floor・Flat F,,,--,506ft²,@$35,Centaline
3/11/2024,The Metro City・Phase 2・Tower 7・Upper Floor・Flat E,,,--,441ft²,@$41,Centaline
3/11/2024,Laguna Verde・Phase 3 Costa Del Sol・Tower 11・Upper Floor・Flat A,,,--,869ft²,@$38,Centaline
3/11/2024,Sorrento・Phase 2・Block 1・Lower Floor・Flat F,,,--,"1,067ft²",@$46,Centaline
3/11/2024,Sorrento・Phase 1・Block 6・Middle Floor・Flat B,,,--,625ft²,@$51,Centaline
3/11/2024,Sheung Shui Centre・Block 1・Upper Floor・Flat F,,,--,342ft²,@$34,Centaline
3/11/2024,Hoi Sun Building・Lower Floor・Flat D,,,--,326ft²,@$44,Centaline
3/11/2024,Lohas Park・Phase 4B Wings At Sea Il・Tower 5A・Upper Floor・Flat F,,,--,344ft²,@$45,Centaline
3/11/2024,Eivissa Crest・Upper Floor・Flat A,,,--,307ft²,@$64,Centaline
3/11/2024,Mount Regency・Phase 1・Tower 1B・Middle Floor・Flat D,,,--,404ft²,@$32,Centaline
3/11/2024,Chelsea Court・Tower South (A2)・Lower Floor・Flat E,,,--,372ft²,@$44,Centaline
3/11/2024,Serene Garden・Block 1・Upper Floor・Flat A,,,--,431ft²,@$34,Centaline
3/11/2024,The Pavilia Bay・Tower 2A・Middle Floor・Flat E,,,--,348ft²,@$50,Centaline
3/11/2024,Kingswood Villas・Phase 2 Sherwood Court・Block 1・Upper Floor・Flat D,,,--,551ft²,@$25,Centaline
3/11/2024,Scenic Gardens・Block 5・Middle Floor・Flat E,,,--,484ft²,@$27,Centaline
2/11/2024,Whampoa Garden・Phase 5 Oak Mansions・Block 1・Lower Floor・Flat F,,$7.57M,--,680ft²,"@$11,132",Centaline
2/11/2024,Harbour Green・Tower 2・Upper Floor・Flat C,,$17.13M,--,887ft²,"@$19,312",Centaline
2/11/2024,Golden Lion Garden・Phase 2・Golden Comfort Court (Block D)・Lower Floor・Flat 3,,$3.02M,--,282ft²,"@$10,709",Centaline
2/11/2024,The Reach・Tower 13・Lower Floor・Flat A,,,--,434ft²,@$31,Centaline
2/11/2024,Fok Lin Building・Block A・Upper Floor・Flat A8,,,--,366ft²,@$36,Centaline
2/11/2024,Park Towers・Tower 2・Upper Floor・Flat F,,,--,910ft²,@$45,Centaline
2/11/2024,Sereno Verde・Phase 1・Block 5・Lower Floor・Flat H,,,--,525ft²,@$29,Centaline
2/11/2024,Grandeur Gardens・Block B・Lower Floor・Flat F,,,--,519ft²,@$26,Centaline
2/11/2024,Grand Victoria・Phase 2・Tower 3 (3B)・Lower Floor・Flat F,,,--,323ft²,@$62,Centaline
2/11/2024,The Metro City・Phase 3 The Metropolis・Tower 2・Middle Floor・Flat A,,,--,470ft²,@$38,Centaline
2/11/2024,Lung Poon Court・Lung Chu House (Block C)・Lower Floor・Flat 8,,,--,353ft²,@$39,Centaline
2/11/2024,Mei Foo Sun Chuen・Phase 5・22-24 Nassau Street・Upper Floor・Flat B No. 24,,,--,715ft²,@$36,Centaline
2/11/2024,The Yoho Hub・Phase C The Yoho Hub II・Tower 8・Lower Floor・Flat B,,,--,441ft²,@$34,Centaline
2/11/2024,The Carmel,,,--,"1,606ft²",@$25,Centaline
2/11/2024,Solaria・Tower 7・Middle Floor・Flat G,,,--,529ft²,@$35,Centaline
2/11/2024,The Avenue・Phase 2・Tower 1・Middle Floor・Flat E,,,--,447ft²,@$58,Centaline
2/11/2024,Tsuen Wan Centre・Block 17 (Tai Yuan House)・Upper Floor・Flat F,,,--,329ft²,@$35,Centaline
2/11/2024,Hong Kong Gold Coast・Block 18・Middle Floor・Flat A,,,--,710ft²,@$29,Centaline
2/11/2024,Caribbean Coast・Phase 2 Albany Cove・Tower 6・Middle Floor・Flat B,,,--,728ft²,@$32,Centaline
1/11/2024,Pokfulam Gardens・Block 2・Upper Floor・Flat H,,$7.4M,--,703ft²,"@$10,526",Centaline
1/11/2024,Lake Silver・Tower 7・Lower Floor・Flat F,,$7.2M,--,564ft²,"@$12,766",Centaline
1/11/2024,Mountain Shore・Block 2・Middle Floor・Flat A,,$5.9M,--,482ft²,"@$12,241",Centaline
1/11/2024,10 Lasalle・Lower Floor・Flat D,,$6.02M,--,298ft²,"@$20,201",Centaline
1/11/2024,The Pavilia Farm・Phase 1・Tower 3 (3A)・Middle Floor・Flat C,,$8.78M,--,452ft²,"@$19,425",Centaline
1/11/2024,City One Shatin・Site 6・Block 24・Middle Floor・Flat E,,$5.48M,--,447ft²,"@$12,260",Centaline
1/11/2024,Coastal Skyline・Phase 1・Block 6・Lower Floor・Flat C,,$7.7M,--,896ft²,"@$8,594",Centaline
1/11/2024,Banyan Garden・Phase 2・Tower 8・Lower Floor・Flat D,,$6.1M,--,434ft²,"@$14,055",Centaline
1/11/2024,The Pacifica・Phase 2・Tower 6 (Belle Mer)・Middle Floor・Flat E,,$6.95M,--,484ft²,"@$14,360",Centaline
1/11/2024,Aqua Marine・Tower 1・Lower Floor・Flat E,,$6.68M,--,502ft²,"@$13,307",Centaline
1/11/2024,Liberte・Block 8・Upper Floor・Flat D,,$7.23M,--,492ft²,"@$14,685",Centaline
1/11/2024,Tsuen King Garden・Phase 1・Block 5・Lower Floor・Flat F,,$3.97M,--,435ft²,"@$9,122",Centaline
1/11/2024,Pictorial Garden・Phase 3・Iris Court (Tower 2)・Lower Floor・Flat F,,$7.3M,--,770ft²,"@$9,481",Centaline
1/11/2024,Pictorial Garden・Phase 1・Abbey Court (Block 1)・Upper Floor・Flat G,,$6M,--,646ft²,"@$9,288",Centaline
1/11/2024,Discovery Bay・Phase 12 Siena Two・Graceful Mansion (Block H2)・Middle Floor・Flat F,,$5.15M,--,608ft²,"@$8,470",Centaline
1/11/2024,Discovery Bay・Phase 1-Parkridge Village・Starview・Middle Floor・Flat A,,$4.7M,--,588ft²,"@$7,993",Centaline
1/11/2024,Discovery Bay・Phase 4-Peninsula Vl Caperidge,,$12M,--,"1,364ft²","@$8,798",Centaline
1/11/2024,Discovery Park・Phase 3・Block 10・Upper Floor・Flat H,,$7.9M,--,658ft²,"@$12,006",Centaline
1/11/2024,Lohas Park・Phase 1 The Capitol・Venice (Tower 5 - R Wing)・Lower Floor・Flat A,,$7.18M,--,716ft²,"@$10,028",Centaline
1/11/2024,Lohas Park・Phase 6 Lp6・Tower 1・Lower Floor・Flat G,,$5.79M,--,505ft²,"@$11,461",Centaline
1/11/2024,The Long Beach・Tower 6・Upper Floor・Flat D,,$8.75M,--,549ft²,"@$15,938",Centaline
1/11/2024,San Po Kong Plaza・Block 1・Upper Floor・Flat C,,$8M,--,609ft²,"@$13,136",Centaline
1/11/2024,Well On Garden・Block 2・Lower Floor・Flat H,,$4.4M,--,413ft²,"@$10,654",Centaline
1/11/2024,Parc Oasis・Tower 11 (11 Parc Oasis Rd)・Upper Floor・Flat F,,$8.28M,--,522ft²,"@$15,862",Centaline
1/11/2024,Metro Harbour View・Phase 2・Tower 10・Middle Floor・Flat G,,$6M,--,432ft²,"@$13,889",Centaline
1/11/2024,La Grove・Block 1・Middle Floor・Flat G,,$7.3M,--,807ft²,"@$9,046",Centaline
1/11/2024,City One Shatin・Site 5・Block 48・Lower Floor・Flat B,,$4.04M,--,284ft²,"@$14,225",Centaline
1/11/2024,Bellagio・Phase 1・Tower 8・Middle Floor・Flat E,,$5.2M,--,517ft²,"@$10,058",Centaline
1/11/2024,Coastal Skyline・Phase 1・Block 5・Middle Floor・Flat E,,$5.73M,--,492ft²,"@$11,646",Centaline
1/11/2024,Park Central・Phase 2・Tower 2・Lower Floor・Flat H,,$6.42M,--,465ft²,"@$13,806",Centaline
1/11/2024,Seaview Garden・Upper Floor・Flat A,,$3.7M,--,309ft²,"@$11,974",Centaline
1/11/2024,Fortress Garden・Fu Bon Court・Upper Floor・Flat E,,$7.9M,--,645ft²,"@$12,248",Centaline
1/11/2024,Monterey・Tower 2B・Upper Floor・Flat B,,$9.6M,--,581ft²,"@$16,523",Centaline
1/11/2024,The Beaumount・Phase 1・Tower 6・Lower Floor・Flat D,,$5.19M,--,507ft²,"@$10,233",Centaline
1/11/2024,Metro Town・Phase 2 Le Point・Tower 10・Lower Floor・Flat D,,$6.62M,--,513ft²,"@$12,898",Centaline
1/11/2024,Lung Poon Court・Lung Chu House (Block C)・Upper Floor・Flat 16,,$3.9M,--,353ft²,"@$11,048",Centaline
1/11/2024,Ellery Terrace・Middle Floor・Flat F,,$10.62M,--,949ft²,"@$11,191",Centaline
1/11/2024,Dynasty Heights・Sky Lodge・Sky Lodge 2 (Block 2)・Lower Floor・Flat D,,$10M,--,681ft²,"@$14,684",Centaline
1/11/2024,Lohas Park・Phase 3A Hemera・Amber (Tower 3)・Middle Floor・Flat La,,$9.68M,--,801ft²,"@$12,085",Centaline
1/11/2024,K. City・Tower 8・Middle Floor・Flat F,,$14.7M,--,793ft²,"@$18,537",Centaline
1/11/2024,Cascades・Block 2・Middle Floor・Flat D,,$8.38M,--,725ft²,"@$11,559",Centaline
1/11/2024,K. City・Tower 2・Lower Floor・Flat B,,$5.88M,--,357ft²,"@$16,471",Centaline
1/11/2024,The Papillons・Tower 6・Middle Floor・Flat K,,$12.2M,--,880ft²,"@$13,864",Centaline
1/11/2024,Telford Gardens・Block N・Lower Floor・Flat 13,,$5.65M,--,551ft²,"@$10,254",Centaline
1/11/2024,Tseung Kwan O Plaza・Phase 1・Tower 1・Lower Floor・Flat D,,$5.53M,--,414ft²,"@$13,345",Centaline
1/11/2024,Hong Sing Gardens・Block 3・Lower Floor・Flat L,,$3.24M,--,--,--,Centaline
1/11/2024,Metro Town・Phase 1・Tower 5・Upper Floor・Flat E,,$7.2M,--,487ft²,"@$14,784",Centaline
1/11/2024,New Kwai Fong Gardens・Block B・Upper Floor・Flat 2,,$5.1M,--,415ft²,"@$12,289",Centaline
1/11/2024,Lohas Park・Phase 9A Marini・Tower 3 (3A)・Upper Floor・Flat E,,$7.05M,--,495ft²,"@$14,242",Centaline
1/11/2024,One Homantin・Tower 3・Middle Floor・Flat B,,$8M,--,501ft²,"@$15,968",Centaline
1/11/2024,Greenview Court・Block 3・Upper Floor・Flat G,,$4.27M,--,477ft²,"@$8,960",Centaline
1/11/2024,Bayshore Towers・Tower 4・Middle Floor・Flat F,,$7.93M,--,567ft²,"@$13,986",Centaline
1/11/2024,Mayfair By The Sea・Ll・Tower 9・Middle Floor・Flat B,,$11.28M,--,807ft²,"@$13,978",Centaline
1/11/2024,Kam Ying Court・Kam Shun House (Block F)・Lower Floor・Flat 8,,$3.32M,--,401ft²,"@$8,274",Centaline
1/11/2024,Hampton Place・Tower 1・Lower Floor・Flat G,,$6.95M,--,448ft²,"@$15,513",Centaline
1/11/2024,Grand Horizon・Block 2・Upper Floor・Flat E,,$5.73M,--,456ft²,"@$12,561",Centaline
1/11/2024,Lexington Hill・Middle Floor・Flat A,,$13.4M,--,588ft²,"@$22,789",Centaline
1/11/2024,Villa Tiara・Block 6・Upper Floor・Flat F,,$4.34M,--,534ft²,"@$8,124",Centaline
1/11/2024,City 18・Lower Floor・Flat D,,$5.56M,--,429ft²,"@$12,960",Centaline
1/11/2024,Kingswood Villas・Phase 7 Kenswood Court・Block 4・Upper Floor・Flat H,,$4.75M,--,547ft²,"@$8,684",Centaline
1/11/2024,One Innovale・Phase 3・Tower E・Middle Floor・Flat 11,,$4.13M,--,305ft²,"@$13,541",Centaline
1/11/2024,Belvedere Garden・Phase 3・Block 6・Middle Floor・Flat A,,$6.3M,--,728ft²,"@$8,654",Centaline
1/11/2024,Yu Tung Court・Sun Tung House (Block E)・Lower Floor・Flat 12,,$3.81M,--,--,--,Centaline
1/11/2024,Greenfield Garden・Phase 1・Tower 2・Lower Floor・Flat B,,$3.75M,--,365ft²,"@$10,274",Centaline
1/11/2024,Aqua Marine・Tower 6・Middle Floor・Flat A,,$8.45M,--,581ft²,"@$14,544",Centaline
1/11/2024,Novum Point・Lower Floor・Flat N,,$5.01M,--,258ft²,"@$19,419",Centaline
1/11/2024,Sereno Verde・Phase 1・Block 2・Upper Floor・Flat F,,$5.1M,--,561ft²,"@$9,091",Centaline
1/11/2024,Serenity Park・Phase 1・Block 3・Upper Floor・Flat D,,$4.7M,--,440ft²,"@$10,682",Centaline
1/11/2024,Po Nga Court・Yat Wo House (Block A)・Lower Floor・Flat 16,,$3.38M,--,381ft²,"@$8,871",Centaline
1/11/2024,Plover Cove Garden・Block E・Lower Floor・Flat 3,,$6.33M,--,561ft²,"@$11,283",Centaline
1/11/2024,Full Scene Garden・Block 2・Upper Floor・Flat F,,$4.1M,--,432ft²,"@$9,491",Centaline
1/11/2024,Yue King Building・Lower Floor・Flat C,,$5.8M,--,580ft²,"@$10,000",Centaline
1/11/2024,Mayfair By The Sea・I,,$8.83M,--,737ft²,"@$11,981",Centaline
1/11/2024,Caribbean Coast・Phase 2 Albany Cove・Tower 6・Upper Floor・Flat B,,$7.25M,--,729ft²,"@$9,945",Centaline
1/11/2024,Dragon Pride・Upper Floor・Flat A,,$16.8M,--,876ft²,"@$19,178",Centaline
1/11/2024,Harvest Garden・Block 1・Middle Floor・Flat C,,$5.4M,--,573ft²,"@$9,424",Centaline
1/11/2024,Sea Crest Villa・Phase 1・Block 3・Middle Floor・Flat D,,$3.71M,--,471ft²,"@$7,877",Centaline
1/11/2024,Mantin Heights・Tower 2・Middle Floor・Flat F,,$9.65M,--,595ft²,"@$16,218",Centaline
1/11/2024,Sham Wan Towers・Block 2・Middle Floor・Flat A,,$8M,--,483ft²,"@$16,563",Centaline
1/11/2024,Taikoo Shing・Kam Din Terrace・(T-23) Hsia Kung Mansion・Lower Floor・Flat G,,$8.38M,--,580ft²,"@$14,448",Centaline
1/11/2024,Beverly Garden・Block 3・Lower Floor・Flat B,,$4.88M,--,484ft²,"@$10,083",Centaline
1/11/2024,Park Island・Phase 2・Block 3・Lower Floor・Flat C,,$6.38M,--,713ft²,"@$8,948",Centaline
1/11/2024,Metro Town・Phase 1・Tower 2・Middle Floor・Flat C,,$8.4M,--,629ft²,"@$13,355",Centaline
1/11/2024,May Shing Court・Fai Shing House (Block C)・Lower Floor・Flat 8,,$2.7M,--,381ft²,"@$7,087",Centaline
1/11/2024,The Aurora・Tower 3・Lower Floor・Flat E,,$5.38M,--,288ft²,"@$18,681",Centaline
1/11/2024,Kingswood Villas・Phase 3 Chestwood Court・Block 4・Lower Floor・Flat F,,$2.92M,--,449ft²,"@$6,503",Centaline
1/11/2024,The Aurora・Tower 3・Middle Floor・Flat J,,$5.42M,--,284ft²,"@$19,085",Centaline
1/11/2024,The Met. Blossom・Tower 1・Lower Floor・Flat A06,,$3.55M,--,283ft²,"@$12,544",Centaline
1/11/2024,City One Shatin・Site 5・Block 50・Lower Floor・Flat A,,$3.9M,--,284ft²,"@$13,732",Centaline
1/11/2024,Kam Tai Court・Kam Hing House (Block C)・Upper Floor・Flat 8,,$5.75M,--,650ft²,"@$8,846",Centaline
1/11/2024,Ma On Shan Centre・Tower 4・Lower Floor・Flat G,,$4.58M,--,381ft²,"@$12,021",Centaline
1/11/2024,Tivoli Garden・Tower 1・Upper Floor・Flat H,,$7.43M,--,706ft²,"@$10,524",Centaline
1/11/2024,Chelsea Court・Tower East (A1)・Lower Floor・Flat B,,$8.19M,--,640ft²,"@$12,797",Centaline
1/11/2024,Victoria Skye・Ocean Waves Tower 1・Upper Floor・Flat D,,$7.85M,--,453ft²,"@$17,329",Centaline
1/11/2024,Siu Lun Court・Sui Lun House (Block E)・Lower Floor・Flat 8,,$2.58M,--,401ft²,"@$6,434",Centaline
1/11/2024,Mount Haven・Block 3・Lower Floor・Flat D,,$7.14M,--,780ft²,"@$9,151",Centaline
1/11/2024,Ching Tai Court・Hang Tai House (Block C)・Middle Floor・Flat 5,,$5.1M,--,554ft²,"@$9,202",Centaline
1/11/2024,Sheungshui Town Center・New York Court (Block 2)・Lower Floor・Flat E,,$3.68M,--,401ft²,"@$9,177",Centaline
1/11/2024,Yoho Town・Phase 1・Block 1・Middle Floor・Flat H,,$5.62M,--,433ft²,"@$12,979",Centaline
1/11/2024,The Belchers・Phase 2・Tower 8・Lower Floor・Flat F,,$23.1M,--,"1,263ft²","@$18,290",Centaline
1/11/2024,Sun Yuen Long Centre・Block 3・Middle Floor・Flat E,,$6.86M,--,639ft²,"@$10,736",Centaline
1/11/2024,Villa Premiere・Block 2・Upper Floor・Flat F,,$5.1M,--,531ft²,"@$9,605",Centaline
1/11/2024,Yuccie Square・Tower 2・Middle Floor・Flat C,,$5.45M,--,429ft²,"@$12,704",Centaline
1/11/2024,Central Park Towers・Phase 1・Tower 2・Middle Floor・Flat F,,$4.47M,--,493ft²,"@$9,067",Centaline
1/11/2024,Kingswood Villas・Phase 7 Kenswood Court・Block 11・Middle Floor・Flat E,,$3.8M,--,446ft²,"@$8,520",Centaline
1/11/2024,Harbour Green・Tower 6・Upper Floor・Flat F,,$11.33M,--,574ft²,"@$19,739",Centaline
1/11/2024,Tong Ming Court・Tong Fu House (Block C)・Upper Floor・Flat 8,,$5.2M,--,634ft²,"@$8,202",Centaline
1/11/2024,Mount Pavilia・Tower 1・Upper Floor・Flat B,,$22.7M,--,"1,600ft²","@$14,188",Centaline
1/11/2024,Upton・Lower Floor・Flat C,,,--,540ft²,@$53,Centaline
1/11/2024,South View Garden・Lower Floor・Flat A,,,--,403ft²,@$35,Centaline
1/11/2024,Aberdeen Centre・Kong Wing Court (Block I)・Lower Floor・Flat 4,,,--,485ft²,@$31,Centaline
1/11/2024,South Coast・Middle Floor・Flat C,,,--,254ft²,@$58,Centaline
1/11/2024,Grandview Garden・Block 1・Lower Floor・Flat A,,,--,358ft²,@$42,Centaline
1/11/2024,Chi Fu Fa Yuen・Fu Wing Yuen (Block H-19)・Middle Floor・Flat H,,,--,439ft²,@$34,Centaline
1/11/2024,Chi Fu Fa Yuen・Fu Yat Yuen (Block H-6)・Lower Floor・Flat B,,,--,588ft²,@$34,Centaline
1/11/2024,Monte Vista・Block 8・Lower Floor・Flat C,,,--,521ft²,@$34,Centaline
1/11/2024,Lake Silver・Tower 8・Lower Floor・Flat F,,,--,541ft²,@$33,Centaline
1/11/2024,City One Shatin・Site 6・Block 24・Lower Floor・Flat D,,,--,326ft²,@$40,Centaline
1/11/2024,Victoria Coast・Block B・Upper Floor・Flat 1,,,--,"1,356ft²",@$52,Centaline
1/11/2024,Eden Manor・Tower 9・Lower Floor・Flat B,,,--,959ft²,@$27,Centaline
1/11/2024,Eden Manor・Tower 7・Upper Floor・Flat E,,,--,372ft²,@$34,Centaline
1/11/2024,Island Crest・Tower 1・Middle Floor・Flat B,,,--,559ft²,@$63,Centaline
1/11/2024,One Innovale・Phase 3・Tower D・Upper Floor・Flat 7,,,--,339ft²,@$36,Centaline
1/11/2024,Riviera Gardens・Hoi Po Mansion (Block 1)・Lower Floor・Flat B,,,--,577ft²,@$32,Centaline
1/11/2024,Tsuen Fung Centre・Upper Floor・Flat E,,,--,376ft²,@$42,Centaline
1/11/2024,Golden Villa・Flat B5,,,--,"1,732ft²",@$44,Centaline
1/11/2024,Ho Wang Building・Lower Floor・Flat C,,,--,271ft²,@$34,Centaline
1/11/2024,Nan Fung Sun Chuen・Block 10・Lower Floor・Flat F,,,--,391ft²,@$40,Centaline
1/11/2024,The Hemispheres・Lower Floor・Flat C,,,--,283ft²,@$62,Centaline
1/11/2024,Grand Central・Phase 2・Tower 5・Upper Floor・Flat K,,,--,468ft²,@$48,Centaline
1/11/2024,Lions Rise・Tower 5A・Upper Floor・Flat D,,,--,567ft²,@$42,Centaline
1/11/2024,Vibe Centro・Tower 5・Middle Floor・Flat C22,,,--,977ft²,@$44,Centaline
1/11/2024,The Latitude・Tower 6・Upper Floor・Flat C,,,--,760ft²,@$39,Centaline
1/11/2024,Silicon Hill・Phase 1・Greenwood Tower 1・Lower Floor・Flat B1,,,--,775ft²,@$39,Centaline
1/11/2024,High One Grand・Lower Floor・Flat C,,,--,296ft²,@$52,Centaline
1/11/2024,Villa Esplanada・Phase 2・Block 7・Lower Floor・Flat D,,,--,682ft²,@$39,Centaline
1/11/2024,The Trend Plaza・Block A・Middle Floor・Flat 2,,,--,408ft²,@$31,Centaline
1/11/2024,No. 15 Western Street・Middle Floor・Flat A,,,--,308ft²,@$63,Centaline
1/11/2024,Vantage Park・Block 2・Lower Floor・Flat F,,,--,636ft²,@$49,Centaline
1/11/2024,Centre Stage・Tower 2・Middle Floor・Flat B,,,--,400ft²,@$70,Centaline
1/11/2024,Robinson Heights・Tower 3・Middle Floor・Flat F,,,--,823ft²,@$45,Centaline
1/11/2024,Residence Bel-Air・Phase 2 South Tower・Tower 7・Lower Floor・Flat A,,,--,"1,201ft²",@$45,Centaline
1/11/2024,New Haven・Tower 1・Middle Floor・Flat C,,,--,530ft²,@$34,Centaline
1/11/2024,80 Robinson Road・Block 1・Lower Floor・Flat A,,,--,618ft²,@$55,Centaline
1/11/2024,Seymour Place・Upper Floor・Flat B,,,--,921ft²,@$39,Centaline
1/11/2024,The Austine Place・Middle Floor・Flat B,,,--,870ft²,@$39,Centaline
1/11/2024,Silicon Hill・University Hill Phase 2A・Marina Tower 1・Lower Floor・Flat A5,,,--,603ft²,@$41,Centaline
1/11/2024,Discovery Bay・Phase 12 Siena Two・Peaceful Mansion (Block H5)・Middle Floor・Flat E,,,--,438ft²,@$29,Centaline
1/11/2024,No. 80 Maidstone Road・Lower Floor・Flat B,,,--,268ft²,@$56,Centaline
1/11/2024,City One Shatin・Site 2・Block 23・Lower Floor・Flat E,,,--,451ft²,@$33,Centaline
1/11/2024,Silicon Hill・University Hill Phase 2A・Marina Tower 5A・Upper Floor・Flat A1,,,--,463ft²,@$37,Centaline
1/11/2024,Festival City・Phase 1・Tower 1・Upper Floor・Flat Na,,,--,677ft²,@$39,Centaline
1/11/2024,The Palazzo・Block 3・Middle Floor・Flat A,,,--,764ft²,@$43,Centaline
1/11/2024,Mei Chung Court・Fu Chung House (Block A)・Lower Floor・Flat 10,,,--,401ft²,@$34,Centaline
1/11/2024,Eden Manor・Tower 7・Middle Floor・Flat E,,,--,375ft²,@$36,Centaline
1/11/2024,Metropolitan Rise・Lower Floor・Flat B,,,--,432ft²,@$44,Centaline
1/11/2024,The Latitude・Tower 8・Middle Floor・Flat B,,,--,827ft²,@$40,Centaline
1/11/2024,Shung Ling Building・Block B・Lower Floor・Flat B8,,,--,316ft²,@$40,Centaline
1/11/2024,Victoria Skye・Ocean Waves Tower 1・Lower Floor・Flat C,,,--,461ft²,@$49,Centaline
1/11/2024,Dragonview Court・Lower Floor・Flat B,,,--,"1,024ft²",@$47,Centaline
1/11/2024,Hong Kong Gold Coast・Block 27・Apt B,,,--,"1,559ft²",@$31,Centaline
1/11/2024,Grand Jete・Phase 2・Tower 5・Upper Floor・Flat H,,,--,269ft²,@$41,Centaline
1/11/2024,The Bloomsway・The Laguna Tower 2・Upper Floor・Flat C,,,--,607ft²,@$29,Centaline
1/11/2024,Hong Kong Gold Coast・Block 10・Lower Floor・Flat D,,,--,535ft²,@$24,Centaline
1/11/2024,Le Pont・Tower 2A・Upper Floor・Flat F,,,--,829ft²,@$29,Centaline
1/11/2024,Grand Central・Phase 1・Tower 1・Middle Floor・Flat D,,,--,590ft²,@$43,Centaline
1/11/2024,Grand Central・Phase 2・Tower 5・Lower Floor・Flat L,,,--,772ft²,@$39,Centaline
1/11/2024,The Austin・Tower 2A・Middle Floor・Flat B,,,--,651ft²,@$51,Centaline
1/11/2024,Carmen's Garden・Tower 1・Upper Floor・Flat A,,,--,"1,000ft²",@$48,Centaline
1/11/2024,Lohas Park・Phase 2A Le Prestige・Blue Danube (Tower 5 - L Wing)・Middle Floor・Flat C,,,--,730ft²,@$27,Centaline
1/11/2024,The Henley・Phase 3 The Henley III・Tower 3B・Lower Floor・Flat E,,,--,237ft²,@$63,Centaline
1/11/2024,Ocean Shores・Phase 1・Tower 6・Lower Floor・Flat H,,,--,660ft²,@$39,Centaline
1/11/2024,Lohas Park・Phase 1 The Capitol・Oslo (Tower 5 - L Wing)・Middle Floor・Flat D,,,--,705ft²,@$30,Centaline
1/11/2024,The Vertex・West Wing・Middle Floor・Flat B,,,--,327ft²,@$52,Centaline
1/11/2024,West Park・Upper Floor・Flat A,,,--,326ft²,@$49,Centaline
1/11/2024,The Quinn ‧ Square Mile・Tower 1・Middle Floor・Flat H,,,--,269ft²,@$59,Centaline
1/11/2024,Yen Li Mansion・Lower Floor・Flat D,,,--,202ft²,@$49,Centaline
1/11/2024,La Cite Noble・Block 6・Middle Floor・Flat E,,,--,436ft²,@$40,Centaline
1/11/2024,Imperial Kennedy・Middle Floor・Flat D,,,--,525ft²,@$64,Centaline
1/11/2024,Artisan House・Lower Floor・Flat G,,,--,347ft²,@$56,Centaline
1/11/2024,Shatin Plaza・Richmond Tower (Block A)・Lower Floor・Flat 3,,,--,612ft²,@$38,Centaline
1/11/2024,The Waterfront・Phase 1・Tower 3・Middle Floor・Flat G,,,--,"1,136ft²",@$40,Centaline
1/11/2024,Laichikok Bay Garden・Block A・Middle Floor・Flat A3,,,--,426ft²,@$32,Centaline
1/11/2024,Nob Hill・Tower 1・Lower Floor・Flat A,,,--,452ft²,@$41,Centaline
1/11/2024,Mei Foo Sun Chuen・Phase 5・5-7 Humbert Street・Upper Floor・Flat D No. 5,,,--,702ft²,@$36,Centaline
1/11/2024,Ching Lai Court・Lai Sau House (Block G)・Upper Floor・Flat 10,,,--,388ft²,@$36,Centaline
1/11/2024,Highland Park・Tower 3・Upper Floor・Flat E,,,--,511ft²,@$29,Centaline
1/11/2024,Mei Foo Sun Chuen・Phase 2・15-17 Glee Path・Upper Floor・Flat C No. 17,,,--,638ft²,@$33,Centaline
1/11/2024,Karly Court・Flat A,,,--,860ft²,@$36,Centaline
1/11/2024,La Salle Residence・Middle Floor・Flat D,,,--,400ft²,@$56,Centaline
1/11/2024,The Quinn ‧ Square Mile・Tower 2・Middle Floor・Flat K,,,--,377ft²,@$55,Centaline
1/11/2024,The Quinn ‧ Square Mile・Tower 1・Lower Floor・Flat E,,,--,291ft²,@$53,Centaline
1/11/2024,Twin Regency・Tower 2・Lower Floor・Flat M,,,--,308ft²,@$36,Centaline
1/11/2024,The Yoho Hub・Phase C The Yoho Hub II・Tower 8・Lower Floor・Flat B,,,--,441ft²,@$41,Centaline
1/11/2024,Fairland Gardens・Block C・Middle Floor・Flat C1,,,--,"1,905ft²",@$35,Centaline
1/11/2024,The Metro City・Phase 2・Tower 10・Upper Floor・Flat B,,,--,363ft²,@$44,Centaline
1/11/2024,City One Shatin・Site 2・Block 21・Upper Floor・Flat D,,,--,327ft²,@$44,Centaline
1/11/2024,Lohas Park・Phase 6 Lp6・Tower 1・Lower Floor・Flat D,,,--,905ft²,@$32,Centaline
1/11/2024,Lohas Park・Phase 5A Malibu・Tower 1B・Lower Floor・Flat E,,,--,436ft²,@$41,Centaline
1/11/2024,The Beaumount・Phase 1・Tower 3・Middle Floor・Flat E,,,--,736ft²,@$26,Centaline
1/11/2024,Kingswood Villas・Phase 5 Lynwood Court・Block 5・Lower Floor・Flat F,,,--,442ft²,@$26,Centaline
1/11/2024,Kingswood Villas・Phase 5 Lynwood Court・Block 6・Middle Floor・Flat C,,,--,546ft²,@$24,Centaline
1/11/2024,Kingswood Villas・Phase 7 Kenswood Court・Block 6・Middle Floor・Flat C,,,--,546ft²,@$23,Centaline
1/11/2024,Tin Oi Court・Oi Chiu House (Block A)・Lower Floor・Flat 3,,,--,606ft²,@$20,Centaline
1/11/2024,Wetland Seasons Bay・Phase 1・Tower 5B・Lower Floor・Flat C1,,,--,436ft²,@$31,Centaline
1/11/2024,Coronet Court・Middle Floor・Flat C,,,--,651ft²,@$21,Centaline
1/11/2024,Lohas Park・Phase 5A Malibu・Tower 1B・Upper Floor・Flat B,,,--,554ft²,@$39,Centaline
1/11/2024,Taikoo Shing・Kao Shan Terrace・(T-14) Loong Shan Mansion・Upper Floor・Flat B,,,--,582ft²,@$42,Centaline
1/11/2024,Les Saisons・Le Printemps (Tower 1)・Upper Floor・Flat C,,,--,745ft²,@$51,Centaline
1/11/2024,"Fairview Park・Section H, 2Nd Street",,,--,848ft²,@$28,Centaline
1/11/2024,The Green,,,--,"1,798ft²",@$19,Centaline
1/11/2024,Hong Kong Garden・Phase 3・Block 21・Upper Floor・Flat A,,,--,947ft²,@$25,Centaline
1/11/2024,Bellagio・Phase 1・Tower 6・Middle Floor・Flat B,,,--,891ft²,@$29,Centaline
1/11/2024,Bellagio・Phase 1・Tower 8・Middle Floor・Flat H,,,--,517ft²,@$30,Centaline
1/11/2024,Lido Garden・Block 2・Upper Floor・Flat D,,,--,547ft²,@$25,Centaline
1/11/2024,The Reach・Tower 2・Upper Floor・Flat G,,,--,424ft²,@$32,Centaline
1/11/2024,Metro Harbour View・Phase 2・Tower 8・Middle Floor・Flat B,,,--,436ft²,@$39,Centaline
1/11/2024,City Garden・Phase 2・Block 10・Upper Floor・Flat A,,,--,"1,032ft²",@$31,Centaline
1/11/2024,Baguio Villa・Block 24・Upper Floor・Flat B,,,--,906ft²,@$35,Centaline
1/11/2024,Mount East・Lower Floor・Flat A,,,--,766ft²,@$42,Centaline
1/11/2024,Marble Garden・Tower 2・Lower Floor・Flat C,,,--,470ft²,@$40,Centaline
1/11/2024,Elgar Mansion・Middle Floor・Flat D,,,--,269ft²,@$48,Centaline
1/11/2024,Liberte・Block 3・Middle Floor・Flat D,,,--,459ft²,@$42,Centaline
1/11/2024,Cullinan West・Phase 5 Cullinan West Ill・Tower 8・Upper Floor・Flat B,,,--,366ft²,@$66,Centaline
1/11/2024,Kornhill・Block N (Flat 1 - 8)・Lower Floor・Flat 8,,,--,490ft²,@$43,Centaline
1/11/2024,Oma Oma・Tower 2B・Middle Floor・Flat G,,,--,753ft²,@$27,Centaline
1/11/2024,Hong Kong Garden・Phase 2・Carmel Heights (Block 7)・Upper Floor・Flat D,,,--,828ft²,@$21,Centaline
1/11/2024,Hong Kong Garden・Phase 3・Block 18・Upper Floor・Flat B,,,--,792ft²,@$21,Centaline
1/11/2024,The Belchers・Phase 1・Tower 3・Middle Floor・Flat A,,,--,755ft²,@$49,Centaline
1/11/2024,Kornhill Garden・Block 2・Lower Floor・Flat H,,,--,431ft²,@$43,Centaline
1/11/2024,Winner House・Upper Floor・Flat B,,,--,313ft²,@$48,Centaline
1/11/2024,Taikoo Shing・Horizon Gardens・(T-57) Fu Tien Mansion・Middle Floor・Flat D,,,--,760ft²,@$39,Centaline
1/11/2024,25 Stanley Main Street・No. 25,,,--,741ft²,@$31,Centaline
1/11/2024,Eight Kwai Fong Happy Valley・Upper Floor・Flat E,,,--,392ft²,@$59,Centaline
1/11/2024,The Aster・Upper Floor・Flat B,,,--,617ft²,@$55,Centaline
1/11/2024,Grand Victoria・Phase 1・Tower 3B・Upper Floor・Flat D,,,--,448ft²,@$57,Centaline
1/11/2024,Florient Rise・Tower 2・Upper Floor・Flat B,,,--,792ft²,@$48,Centaline
1/11/2024,Cullinan West・Phase 5 Cullinan West Ill・Tower 8・Upper Floor・Flat D,,,--,276ft²,@$60,Centaline
1/11/2024,The Quinn ‧ Square Mile・Tower 2・Middle Floor・Flat E,,,--,291ft²,@$55,Centaline
1/11/2024,Island Resort・Tower 3・Lower Floor・Flat A,,,--,596ft²,@$43,Centaline
1/11/2024,Alassio・Lower Floor・Flat E,,,--,736ft²,@$58,Centaline
1/11/2024,Island Crest・Tower 1・Middle Floor・Flat F,,,--,374ft²,@$64,Centaline
1/11/2024,Providence Bay・Phase 2 Providence Peak・Tower 6・Middle Floor・Flat A,,,--,"1,005ft²",@$30,Centaline
1/11/2024,Lohas Park・Phase 2B Le Prime・Tower 7 - R Wing・Lower Floor・Flat B,,,--,732ft²,@$28,Centaline
1/11/2024,Lohas Park・Phase 6 Lp6・Tower 5・Lower Floor・Flat F,,,--,349ft²,@$44,Centaline
1/11/2024,Oscar By The Sea・Phase 2・Block 5・Middle Floor・Flat B,,,--,531ft²,@$32,Centaline
1/11/2024,Lohas Park・Phase 6 Lp6・Tower 5・Lower Floor・Flat D,,,--,701ft²,@$34,Centaline
1/11/2024,Hong Keung Mansion・Block A・Middle Floor・Flat A4,,,--,384ft²,@$30,Centaline
1/11/2024,Lung Poon Court・Lung Wu House (Block B)・Upper Floor・Flat 8,,,--,383ft²,@$39,Centaline
1/11/2024,Dynasty Court・Tower 4・Upper Floor・Flat A,,,--,"1,513ft²",@$56,Centaline
1/11/2024,St. Louis Mansion・Middle Floor・Flat E,,,--,452ft²,@$52,Centaline
1/11/2024,Serenity Heights,,,--,--,--,Centaline
1/11/2024,Serenity Heights,,,--,--,--,Centaline
1/11/2024,Lohas Park・Phase 1 The Capitol・Milan (Tower 3 - L Wing)・Middle Floor・Flat B,,,--,840ft²,@$31,Centaline
1/11/2024,Tseung Kwan O Plaza・Phase 2・Tower 6・Lower Floor・Flat C,,,--,451ft²,@$39,Centaline
1/11/2024,The Vantage・Middle Floor・Flat A6,,,--,269ft²,@$60,Centaline
1/11/2024,Baker Circle One・Phase 1・Baker Circle ‧ Dover・Middle Floor・Flat E,,,--,205ft²,@$72,Centaline
1/11/2024,Royal Peninsula・Block 2・Lower Floor・Flat D,,,--,520ft²,@$46,Centaline
1/11/2024,Metro Town・Phase 1・Tower 2・Lower Floor・Flat E,,,--,488ft²,@$39,Centaline
1/11/2024,Lohas Park・Phase 7A Montara・Tower 2 (2A)・Middle Floor・Flat A,,,--,815ft²,@$36,Centaline
1/11/2024,Lung Poon Court・Lung Chu House (Block C)・Middle Floor・Flat 4,,,--,340ft²,@$40,Centaline
1/11/2024,Galaxia・Tower B・Lower Floor・Flat 1,,,--,593ft²,@$40,Centaline
1/11/2024,The Paseo・Middle Floor・Flat B,,,--,210ft²,@$64,Centaline
1/11/2024,Laguna City・Phase 4・Block 22・Lower Floor・Flat B,,,--,517ft²,@$35,Centaline
1/11/2024,Po Lam Estate・Po Kan House (Block 6)・Middle Floor・Flat 52,,,--,355ft²,@$27,Centaline
1/11/2024,Parc Inverness・Tower 5・Upper Floor・Flat A,,,--,"1,719ft²",@$41,Centaline
1/11/2024,Lohas Park・Phase 5A Malibu・Tower 2B・Upper Floor・Flat D,,,--,549ft²,@$36,Centaline
1/11/2024,Lohas Park・Phase 6 Lp6・Tower 3・Middle Floor・Flat B,,,--,790ft²,@$35,Centaline
1/11/2024,Tseung Kwan O Plaza・Phase 2・Tower 7・Upper Floor・Flat D,,,--,459ft²,@$39,Centaline
1/11/2024,Lohas Park・Phase 2B Le Prime・Tower 8 - R Wing・Middle Floor・Flat B,,,--,654ft²,@$28,Centaline
1/11/2024,Tseung Kwan O Plaza・Phase 2・Tower 8・Upper Floor・Flat C,,,--,429ft²,@$40,Centaline
1/11/2024,The Wings・The Wings・Tower 3・Lower Floor・Flat D,,,--,536ft²,@$44,Centaline
1/11/2024,One Homantin・Tower 2・Upper Floor・Flat A,,,--,700ft²,@$47,Centaline
1/11/2024,Parc Palais・Tower 5・Middle Floor・Flat B,,,--,959ft²,@$45,Centaline
1/11/2024,Laguna Verde・Phase 3 Costa Del Sol・Tower 12A・Lower Floor・Flat A,,,--,"1,104ft²",@$36,Centaline
1/11/2024,Harbour Green・Tower 6・Lower Floor・Flat B,,,--,474ft²,@$46,Centaline
1/11/2024,The Hermitage・Tower 6・Lower Floor・Flat B,,,--,301ft²,@$53,Centaline
1/11/2024,Strong Good Building・Middle Floor・No. 252,,,--,268ft²,@$52,Centaline
1/11/2024,Vibe Centro・Tower 1B・Upper Floor・Flat G,,,--,355ft²,@$51,Centaline
1/11/2024,Koko Hills・Phase 3A Koko Rosso・Tower 7・Lower Floor・Flat J,,,--,441ft²,@$43,Centaline
1/11/2024,Montego Bay・Tower 5・Upper Floor・Flat C,,,--,506ft²,@$40,Centaline
1/11/2024,Koko Hills・Phase 3A Koko Rosso・Tower 6・Upper Floor・Flat H,,,--,420ft²,@$48,Centaline
1/11/2024,Grand Central・Phase 1・Tower 2・Upper Floor・Flat D,,,--,462ft²,@$48,Centaline
1/11/2024,Peninsula East・Tower 2・Lower Floor・Flat C,,,--,519ft²,@$34,Centaline
1/11/2024,Mantin Heights・Tower 3・Upper Floor・Flat F,,,--,689ft²,@$45,Centaline
1/11/2024,Tsui Lam Estate・Sau Lam House (Block 2)・Lower Floor・Flat 47,,,--,366ft²,@$25,Centaline
1/11/2024,Mei Foo Sun Chuen・Phase 3・68-70 Broadway・Upper Floor・Flat A No. 68,,,--,719ft²,@$33,Centaline
1/11/2024,Telford Gardens・Block H・Lower Floor・Flat 15,,,--,539ft²,@$33,Centaline
1/11/2024,The Hermitage・Tower 6・Middle Floor・Flat C,,,--,758ft²,@$45,Centaline
1/11/2024,The Long Beach・Tower 8・Upper Floor・Flat D,,,--,549ft²,@$42,Centaline
1/11/2024,The Long Beach・Tower 5・Upper Floor・Flat E,,,--,561ft²,@$45,Centaline
1/11/2024,The Arch・Star Tower (Block 2)・Middle Floor・Flat D,,,--,548ft²,@$57,Centaline
1/11/2024,The Quinn ‧ Square Mile・Tower 1・Upper Floor・Flat F,,,--,269ft²,@$61,Centaline
1/11/2024,Seaside Sonata・Tower 3・Upper Floor・Flat D,,,--,506ft²,@$42,Centaline
1/11/2024,Metro City・Phase 1・Tower 1・Middle Floor・Flat F,,,--,364ft²,@$43,Centaline
1/11/2024,Lions Rise・Tower 6A・Upper Floor・Flat D,,,--,827ft²,@$42,Centaline
1/11/2024,The Latitude・Tower 6・Upper Floor・Flat D,,,--,549ft²,@$43,Centaline
1/11/2024,Laguna City・Phase 2・Block 31・Upper Floor・Flat A,,,--,748ft²,@$31,Centaline
1/11/2024,Maya・Tower 1・Middle Floor・Flat D,,,--,548ft²,@$36,Centaline
1/11/2024,Laguna City・Phase 4・Block 10・Middle Floor・Flat E,,,--,687ft²,@$32,Centaline
1/11/2024,Lohas Park・Phase 6 Lp6・Tower 5・Lower Floor・Flat K,,,--,307ft²,@$48,Centaline
1/11/2024,Lohas Park・Phase 2B Le Prime・Tower 7 - R Wing・Lower Floor・Flat A,,,--,680ft²,@$29,Centaline
1/11/2024,The Cullinan・Tower 21 - Zone 6 (Aster Sky)・Upper Floor・Flat A,,,--,915ft²,@$62,Centaline
1/11/2024,Imperial Cullinan・Tower 6B・Lower Floor・Flat B,,,--,667ft²,@$50,Centaline
1/11/2024,The Harbourside・Tower 1・Middle Floor・Flat A,,,--,"1,062ft²",@$55,Centaline
1/11/2024,Metro Town・Phase 2 Le Point・Tower 8・Middle Floor・Flat C,,,--,894ft²,@$34,Centaline
1/11/2024,The Parkside・Tower 3・Lower Floor・Flat D,,,--,704ft²,@$43,Centaline
1/11/2024,Grand Victoria・Phase 2・Tower 5・Lower Floor・Flat B,,,--,490ft²,@$56,Centaline
1/11/2024,Imperial Cullinan・Tower 6A・Lower Floor・Flat A,,,--,"1,309ft²",@$46,Centaline
1/11/2024,The Quinn ‧ Square Mile・Tower 2・Middle Floor・Flat E,,,--,291ft²,@$58,Centaline
1/11/2024,Tierra Verde・Phase 2・Block 9・Middle Floor・Flat E,,,--,675ft²,@$34,Centaline
1/11/2024,Tierra Verde・Phase 2・Block 9・Middle Floor・Flat F,,,--,523ft²,@$36,Centaline
1/11/2024,Lohas Park・Phase 6 Lp6・Tower 1・Middle Floor・Flat C,,,--,517ft²,@$48,Centaline
1/11/2024,Hong Kong Parkview・Parkview Heights・Tower 13・Upper Floor・Flat 75,,,--,"2,308ft²",@$34,Centaline
1/11/2024,Seaview Crescent・Block 3・Upper Floor・Flat G,,,--,855ft²,@$32,Centaline
1/11/2024,Coastal Skyline・Phase 1・Block 3・Upper Floor・Flat G,,,--,388ft²,@$41,Centaline
1/11/2024,Providence Bay・Phase 3 The Graces・Tower 5・Upper Floor・Flat B,,,--,"1,521ft²",@$34,Centaline
1/11/2024,I‧Uniq Grand・Upper Floor・Flat B,,,--,670ft²,@$40,Centaline
1/11/2024,Provident Centre・Block 2・Lower Floor・Flat C,,,--,847ft²,@$38,Centaline
1/11/2024,Chelsea Court・Tower West (B1)・Lower Floor・Flat C,,,--,722ft²,@$35,Centaline
1/11/2024,Summit Terrace・Block 3・Lower Floor・Flat A,,,--,435ft²,@$34,Centaline
1/11/2024,Sham Wan Towers・Block 2・Middle Floor・Flat A,,,--,483ft²,@$40,Centaline
1/11/2024,The Southside・Phase 1 Southland・Tower 1 (1B)・Lower Floor・Flat B,,,--,290ft²,@$57,Centaline
1/11/2024,Larvotto・Tower 10・Upper Floor・Flat A,,,--,"1,072ft²",@$47,Centaline
1/11/2024,Laguna Verde・Phase 5(4B) Ocean Vista・Tower 25・Middle Floor・Flat C,,,--,"1,102ft²",@$39,Centaline
1/11/2024,Laguna Verde・Phase 3 Costa Del Sol・Tower 12・Upper Floor・Flat D,,,--,578ft²,@$41,Centaline
1/11/2024,Luk Yeung Sun Chuen・Block C・Middle Floor・Flat 4,,,--,582ft²,@$36,Centaline
1/11/2024,Chelsea Court・Tower South (A2)・Lower Floor・Flat F,,,--,474ft²,@$36,Centaline
1/11/2024,Upton・Lower Floor・Flat C,,,--,540ft²,@$52,Centaline
1/11/2024,The Southside・Phase 2 La Marina・Tower 2 (2B)・Lower Floor・Flat D,,,--,335ft²,@$59,Centaline
1/11/2024,Oceanaire・Tower 6A・Upper Floor・Flat B,,,--,694ft²,@$32,Centaline
1/11/2024,Kwai Chung Plaza・Block 1・Upper Floor・Flat F,,,--,493ft²,@$39,Centaline
1/11/2024,Silversands,,,--,"1,147ft²",@$39,Centaline
1/11/2024,Seanorama・Tower 1・Upper Floor・Flat F,,,--,771ft²,@$33,Centaline
1/11/2024,The Palazzo・Block 7・Upper Floor・Flat C,,,--,906ft²,@$35,Centaline
1/11/2024,Park Avenue・Central Park・Tower 3・Lower Floor・Flat C,,,--,695ft²,@$50,Centaline
1/11/2024,Island Harbourview・Tower 6・Middle Floor・Flat G,,,--,457ft²,@$48,Centaline
1/11/2024,Cullinan West・Phase 5 Cullinan West Ill・Tower 7・Middle Floor・Flat D,,,--,527ft²,@$61,Centaline
1/11/2024,Imperial Cullinan・Tower 6B・Middle Floor・Flat B,,,--,666ft²,@$54,Centaline
1/11/2024,Imperial Cullinan・Tower 6A・Upper Floor・Flat B,,,--,"1,073ft²",@$43,Centaline
1/11/2024,The Legend・Tower 2・Middle Floor・Flat A,,,--,"1,387ft²",@$50,Centaline
1/11/2024,The Leighton Hill・Tower 8・Middle Floor・Flat B,,,--,"1,240ft²",@$67,Centaline
1/11/2024,Silicon Hill・University Hill Phase 2B・Scenic Tower 3・Lower Floor・Flat A2,,,--,441ft²,@$36,Centaline
1/11/2024,Grand Austin・Tower 5A・Middle Floor・Flat B,,,--,580ft²,@$59,Centaline
1/11/2024,The Arch・Sun Tower (Block 1A)・Middle Floor・Flat B,,,--,969ft²,@$58,Centaline
1/11/2024,Metro City・Phase 1・Tower 3・Lower Floor・Flat A,,,--,420ft²,@$39,Centaline
1/11/2024,The Quinn ‧ Square Mile・Tower 2・Middle Floor・Flat P,,,--,248ft²,@$68,Centaline
1/11/2024,Parkvale・Tower 1 Cheung Pak Mansion・Middle Floor・Flat H,,,--,626ft²,@$37,Centaline
1/11/2024,Kornhill・Block C (Flat 1 - 8)・Upper Floor・Flat 1,,,--,594ft²,@$44,Centaline
1/11/2024,Kornhill Garden・Block 3・Middle Floor・Flat E,,,--,431ft²,@$42,Centaline
1/11/2024,Kennedy 38・Middle Floor・Flat N,,,--,300ft²,@$80,Centaline
1/11/2024,Hanford Garden・Block 1・Middle Floor・Flat C,,,--,624ft²,@$26,Centaline
1/11/2024,Savannah・Tower 3A・Middle Floor・Flat E,,,--,392ft²,@$45,Centaline
1/11/2024,The Wings・IIIB・Tower 1A・Lower Floor・Flat H,,,--,360ft²,@$47,Centaline
1/11/2024,Tin Fu Court・Sin Fu House (Block O)・Upper Floor・Flat 3,,,--,506ft²,@$24,Centaline
1/11/2024,Whampoa Estate・Lok Fu Building (Block U)・Lower Floor・Flat 2,,,--,323ft²,@$43,Centaline
1/11/2024,Laguna Verde・Phase 5(4B) Ocean Vista・Tower 25・Upper Floor・Flat G,,,--,595ft²,@$43,Centaline
1/11/2024,The Royale・Phase 1 Seacoast Royale・Tower 3・Middle Floor・Flat 12,,,--,366ft²,@$30,Centaline
1/11/2024,Europa Garden,,,--,"1,488ft²",@$22,Centaline
1/11/2024,Regentville・Grand Regentville・Block 8・Upper Floor・Flat C,,,--,595ft²,@$24,Centaline
1/11/2024,Serenade Cove・Tower C・Upper Floor・Flat 1,,,--,445ft²,@$34,Centaline
1/11/2024,The Horizon・Court D Tower 1・Middle Floor・Flat B,,,--,"1,367ft²",@$29,Centaline
1/11/2024,Ori・Tower 2・Upper Floor・Flat H,,,--,253ft²,@$38,Centaline
1/11/2024,Tai Hing Gardens・Phase 2・Tower 8・Lower Floor・Flat C,,,--,447ft²,@$27,Centaline
1/11/2024,Skyehi・Upper Floor・Flat D,,,--,285ft²,@$40,Centaline
1/11/2024,Coastal Skyline・Phase 1・Block 3・Middle Floor・Flat E,,,--,492ft²,@$37,Centaline
1/11/2024,Tung Chung Crescent・Phase 1・Block 2・Middle Floor・Flat B,,,--,--,--,Centaline
1/11/2024,Coastal Skyline・Phase 1・Block 5・Upper Floor・Flat D,,,--,771ft²,@$36,Centaline
1/11/2024,Kingswood Villas・Phase 7 Kenswood Court・Block 11・Middle Floor・Flat F,,,--,442ft²,@$24,Centaline
1/11/2024,Ocean Camino・Phase 2・Tower 3・Upper Floor・Flat Q,,,--,312ft²,@$32,Centaline
1/11/2024,The Harbourside・Tower 2・Lower Floor・Flat E,,,--,743ft²,@$51,Centaline
1/11/2024,The Austin・Tower 5A・Upper Floor・Flat B,,,--,529ft²,@$57,Centaline
1/11/2024,The Cullinan・Tower 21 - Zone 6 (Aster Sky)・Middle Floor・Flat C,,,--,664ft²,@$59,Centaline
1/11/2024,The Austin・Tower 3A・Lower Floor・Flat B,,,--,419ft²,@$53,Centaline
1/11/2024,Grand Austin・Tower 2A・Middle Floor・Flat C,,,--,595ft²,@$49,Centaline
1/11/2024,Avon Park・Block 5・Middle Floor・Flat G,,,--,400ft²,@$30,Centaline
1/11/2024,Finery Park・Block 1・Upper Floor・Flat E,,,--,420ft²,@$39,Centaline
1/11/2024,Greenview Villa・Tower 2・Lower Floor・Flat C,,,--,543ft²,@$31,Centaline
1/11/2024,Ocean Pride・Phase 3・Tower 6・Upper Floor・Flat D,,,--,771ft²,@$43,Centaline
1/11/2024,Yoho Town・Phase 2 Yoho Midtown・Block M1・Upper Floor・Flat F,,,--,482ft²,@$33,Centaline
1/11/2024,Yoho Town・Phase 2 Yoho Midtown・Block M5・Middle Floor・Flat C,,,--,615ft²,@$31,Centaline
1/11/2024,The Met. Blossom・Tower 2・Middle Floor・Flat A07,,,--,296ft²,@$47,Centaline
1/11/2024,Vista Paradiso・Phase 1・Tower 1・Middle Floor・Flat A,,,--,--,--,Centaline
1/11/2024,Island Place・Block 1 (One Island Place)・Lower Floor・Flat A,,,--,775ft²,@$41,Centaline
1/11/2024,Novum Point・Lower Floor・Flat J,,,--,258ft²,@$62,Centaline
1/11/2024,The Palazzo・Block 1・Lower Floor・Flat C,,,--,555ft²,@$40,Centaline
1/11/2024,Park Yoho・Phase 1B Park Yoho Venezia・Tower 3B・Lower Floor・Flat B,,,--,581ft²,@$26,Centaline
1/11/2024,Castello・Block 2・Lower Floor・Flat E,,,--,547ft²,@$34,Centaline
1/11/2024,The Cairnhill・Phase 2・Block 16・Middle Floor・Flat A,,,--,"1,062ft²",@$32,Centaline
1/11/2024,Caribbean Coast・Phase 2 Albany Cove・Tower 7・Upper Floor・Flat E,,,--,544ft²,@$35,Centaline
1/11/2024,Century Link・Phase 2・Tower 2A・Upper Floor・Flat 6,,,--,392ft²,@$41,Centaline
1/11/2024,On Hong Building・Upper Floor・Flat D,,,--,238ft²,@$53,Centaline
1/11/2024,Cetus‧Square Mile・Tower 1・Middle Floor・Flat K,,,--,278ft²,@$58,Centaline
1/11/2024,Cetus‧Square Mile・Tower 2・Upper Floor・Flat D,,,--,198ft²,@$68,Centaline
1/11/2024,The Pavilia Bay・Tower 1A・Upper Floor・Flat D,,,--,"1,038ft²",@$39,Centaline
1/11/2024,Ching Tai Court・Hang Tai House (Block C)・Lower Floor・Flat 6,,,--,401ft²,@$36,Centaline
1/11/2024,Wetland Seasons Bay・Phase 1・Tower 5B・Lower Floor・Flat A3,,,--,415ft²,@$33,Centaline
1/11/2024,Wetland Seasons Bay・Phase 1・Tower 3B・Middle Floor・Flat B2,,,--,493ft²,@$34,Centaline
1/11/2024,One Hyde Park,,,--,"1,798ft²",@$26,Centaline
1/11/2024,The Grand Marine・Tower 1・Lower Floor・Flat D,,,--,581ft²,@$36,Centaline
1/11/2024,Sun Yuen Long Centre・Block 2・Middle Floor・Flat A,,,--,485ft²,@$28,Centaline
1/11/2024,Park Reach・Lower Floor・Flat J,,,--,194ft²,@$44,Centaline
1/11/2024,Twin Regency・Tower 2・Middle Floor・Flat A,,,--,396ft²,@$30,Centaline
1/11/2024,Serenity Park・Phase 1・Block 1・Lower Floor・Flat H,,,--,584ft²,@$31,Centaline
1/11/2024,Tai Po Centre・Phase 4・Block 9・Upper Floor・Flat C,,,--,371ft²,@$36,Centaline
1/11/2024,Tai Po Centre・Phase 3・Block 21・Lower Floor・Flat H,,,--,325ft²,@$38,Centaline
1/11/2024,Park Haven・Upper Floor・Flat E,,,--,390ft²,@$59,Centaline
1/11/2024,The Avenue・Phase 2・Tower 2・Middle Floor・Flat P,,,--,339ft²,@$60,Centaline
1/11/2024,The Belchers・Phase 2・Tower 6・Lower Floor・Flat A,,,--,901ft²,@$46,Centaline
1/11/2024,Harbour One・Lower Floor・Flat B,,,--,662ft²,@$62,Centaline
1/11/2024,University Heights・Tower 2・Lower Floor・Flat B,,,--,"1,508ft²",@$61,Centaline
1/11/2024,The Wings・The Wings・Tower 6・Lower Floor・Flat B,,,--,873ft²,@$45,Centaline
1/11/2024,Manor Hill・Tower 1・Upper Floor・Flat A3,,,--,203ft²,@$62,Centaline
1/11/2024,Lohas Park・Phase 5A Malibu・Tower 2B・Upper Floor・Flat D,,,--,546ft²,@$37,Centaline
1/11/2024,The Avenue・Phase 2・Tower 1・Upper Floor・Flat E,,,--,447ft²,@$62,Centaline
1/11/2024,Park Island・Phase 2・Block 6・Lower Floor・Flat F,,,--,531ft²,@$29,Centaline
1/11/2024,Park Island・Phase 3・Block 22・Middle Floor・Flat F,,,--,532ft²,@$31,Centaline
1/11/2024,Silicon Hill・Phase 1・Greenwood Tower 3・Lower Floor・Flat B2,,,--,409ft²,@$39,Centaline
1/11/2024,St Martin・Phase 2・Tower 8・Lower Floor・Flat B1,,,--,284ft²,@$44,Centaline
1/11/2024,Grand Yoho・Phase 2・Tower 8・Upper Floor・Flat D,,,--,521ft²,@$36,Centaline
1/11/2024,Viking Garden・Block B・Middle Floor・Flat 1,,,--,523ft²,@$44,Centaline
1/11/2024,18 Upper East・Middle Floor・Flat D,,,--,356ft²,@$47,Centaline
1/11/2024,Taikoo Shing・Horizon Gardens・(T-59) Heng Tien Mansion・Upper Floor・Flat G,,,--,567ft²,@$42,Centaline
1/11/2024,Taikoo Shing・Kao Shan Terrace・(T-07) Tien Shan Mansion・Middle Floor・Flat D,,,--,582ft²,@$38,Centaline
1/11/2024,Taikoo Shing・Kam Din Terrace・(T-24) Han Kung Mansion・Lower Floor・Flat E,,,--,702ft²,@$37,Centaline
1/11/2024,The Papillons・Tower 6・Middle Floor・Flat H,,,--,773ft²,@$45,Centaline
1/11/2024,Twin Peaks・Tower 1・Upper Floor・Flat H,,,--,461ft²,@$49,Centaline
1/11/2024,Solaria・Tower 5・Lower Floor・Flat C,,,--,459ft²,@$37,Centaline
1/11/2024,City One Shatin・Site 1・Block 2・Middle Floor・Flat H,,,--,327ft²,@$43,Centaline
1/11/2024,Wilton Place・Middle Floor・Flat A,,,--,573ft²,@$49,Centaline
1/11/2024,Mount Regency・Phase 1・Tower 1B・Upper Floor・Flat H,,,--,386ft²,@$34,Centaline
1/11/2024,Marco Polo Mansion・Lower Floor・Flat C,,,--,932ft²,@$34,Centaline
1/11/2024,J Residence・Lower Floor・Flat 7,,,--,591ft²,@$51,Centaline
1/11/2024,Rialto Building・Upper Floor・Flat E,,,--,311ft²,@$47,Centaline
1/11/2024,Sunderland Estate,,,--,"2,354ft²",@$42,Centaline
1/11/2024,Fu Tao Building・Middle Floor・Flat D,,,--,476ft²,@$36,Centaline
1/11/2024,Lido Garden・Block 5・Lower Floor・Flat H,,,--,570ft²,@$24,Centaline
1/11/2024,Florient Rise・Tower 1・Lower Floor・Flat C,,,--,502ft²,@$42,Centaline
1/11/2024,Chelsea Heights・Phase 2・Block 6・Upper Floor・Flat E,,,--,535ft²,@$29,Centaline
1/11/2024,Providence Bay・Phase 2 Providence Peak・Tower 11・Lower Floor・Flat B,,,--,"1,699ft²",@$28,Centaline
1/11/2024,Caine Hill・Lower Floor・Flat D,,,--,284ft²,@$63,Centaline
1/11/2024,Marinella・Tower 2・Lower Floor・Flat C,,,--,939ft²,@$61,Centaline
1/11/2024,No. 28 Aberdeen St.・Lower Floor・Flat North,,,--,407ft²,@$69,Centaline
1/11/2024,Hillsborough Court・Tower 3・Lower Floor・Flat D,,,--,646ft²,@$46,Centaline
1/11/2024,Hong Kong Parkview・Parkview Heights・Tower 14・Lower Floor・Flat 77,,,--,"1,505ft²",@$44,Centaline
1/11/2024,Hong Kong Parkview・Parkview Club & Suites・Tower 5・Middle Floor・Flat 35,,,--,"1,031ft²",@$44,Centaline
1/11/2024,Jubilee Garden・Block 7・Upper Floor・Flat G,,,--,510ft²,@$36,Centaline
1/11/2024,Residence Bel-Air・Phase 2 South Tower・Tower 5・Lower Floor・Flat B,,,--,"1,376ft²",@$43,Centaline
1/11/2024,K‧Summit・Tower 2A・Lower Floor・Flat G,,,--,333ft²,@$53,Centaline
1/11/2024,Star Crest・Tower 1・Middle Floor・Flat F,,,--,898ft²,@$65,Centaline
1/11/2024,Camelot Heights・Middle Floor・Flat C,,,--,971ft²,@$51,Centaline
1/11/2024,Twin Peaks・Tower 1・Middle Floor・Flat A,,,--,797ft²,@$44,Centaline
1/11/2024,Garden Rivera・Block E・Lower Floor・Flat 7,,,--,242ft²,@$50,Centaline
1/11/2024,Centra Horizon・Tower 10・Middle Floor・Flat D,,,--,397ft²,@$42,Centaline
1/11/2024,Marigold Gardens・Flat C,,,--,"1,195ft²",@$34,Centaline
1/11/2024,Shung Ming Mansion・Upper Floor・Flat B (Rear),,,--,832ft²,@$32,Centaline
1/11/2024,Dynasty Heights・Tropicana・Tropicana 2 (Block 25)・Upper Floor・Flat E,,,--,633ft²,@$68,Centaline
1/11/2024,Prince Wesidence・Upper Floor・Flat A,,,--,--,--,Centaline
1/11/2024,Prince Wesidence・Upper Floor・Flat B,,,--,--,--,Centaline
1/11/2024,Parc Oasis・Tower 11 (11 Parc Oasis Rd)・Lower Floor・Flat G,,,--,439ft²,@$55,Centaline
1/11/2024,Smithfield Terrace・Block B・Middle Floor・Flat 6,,,--,221ft²,@$61,Centaline
1/11/2024,Hill Court・Lower Floor・Flat C,,,--,299ft²,@$54,Centaline
1/11/2024,Elizabeth House・Block C・Lower Floor・Flat 7,,,--,614ft²,@$36,Centaline
1/11/2024,The Zenith・Phase 1・Tower 1・Lower Floor・Flat B,,,--,475ft²,@$53,Centaline
1/11/2024,Lok Sing Centre・Block A・Lower Floor・Flat 1,,,--,343ft²,@$43,Centaline
1/11/2024,Luen Fat Mansion・Lower Floor・Flat B,,,--,321ft²,@$48,Centaline
1/11/2024,The Avenue・Phase 2・Tower 3・Lower Floor・Flat J,,,--,602ft²,@$53,Centaline
1/11/2024,South Horizons・Phase 4 The Oasis・Berkeley Court (Block 33)・Middle Floor・Flat E,,,--,634ft²,@$39,Centaline
1/11/2024,South Horizons・Phase 2・Yee Lai Court (Block 10)・Lower Floor・Flat C,,,--,639ft²,@$40,Centaline
1/11/2024,The Upper South・Lower Floor・Flat C,,,--,183ft²,@$63,Centaline
1/11/2024,Marina South・Tower 2・Lower Floor・Flat A,,,--,"1,802ft²",@$41,Centaline
1/11/2024,Sham Wan Towers・Block 1・Lower Floor・Flat B,,,--,480ft²,@$41,Centaline
1/11/2024,South Horizons・Phase 3・Mei Hong Court (Block 19)・Lower Floor・Flat H,,,--,871ft²,@$39,Centaline
1/11/2024,11 Broom Road・No. 11D,,,--,"1,129ft²",@$35,Centaline
1/11/2024,The Merton・Tower 2・Upper Floor・Flat A,,,--,507ft²,@$50,Centaline
1/11/2024,Connaught Garden・Block 2・Lower Floor・Flat H,,,--,340ft²,@$49,Centaline
1/11/2024,Illumination Terrace・Block 2・Lower Floor・Flat C,,,--,800ft²,@$44,Centaline
1/11/2024,The Aster・Upper Floor・Flat A,,,--,699ft²,@$60,Centaline
1/11/2024,Century Link・Phase 2・Tower 1B・Upper Floor・Flat 10,,,--,377ft²,@$44,Centaline
1/11/2024,Coastal Skyline・Phase 1・Block 5・Lower Floor・Flat E,,,--,492ft²,@$38,Centaline
1/11/2024,Discovery Park・Phase 3・Block 9・Lower Floor・Flat F,,,--,650ft²,@$32,Centaline
1/11/2024,Sorrento・Phase 2・Block 1・Middle Floor・Flat B,,,--,"1,249ft²",@$54,Centaline
1/11/2024,Kingswood Villas・Phase 2 Sherwood Court・Block 2・Lower Floor・Flat B,,,--,633ft²,@$24,Centaline
1/11/2024,Kingswood Villas・Phase 6 Maywood Court・Block 3・Middle Floor・Flat A,,,--,629ft²,@$24,Centaline
1/11/2024,Lohas Park・Phase 2B Le Prime・Tower 6 - L Wing・Lower Floor・Flat C,,,--,985ft²,@$26,Centaline
1/11/2024,Monaco One・Phase 2 Monaco Marine・Tower 1B・Lower Floor・Flat F,,,--,435ft²,@$52,Centaline
1/11/2024,The Henley・Phase 1・Condominium C・Upper Floor・Flat G,,,--,208ft²,@$72,Centaline
1/11/2024,Lohas Park・Phase 9B Grand Marini・Tower 2 (2A)・Lower Floor・Flat B,,,--,807ft²,@$36,Centaline
1/11/2024,Festival City・Phase 2・Tower 5・Middle Floor・Flat Nc,,,--,784ft²,@$38,Centaline
1/11/2024,Indi Home・Upper Floor・Flat 3,,,--,538ft²,@$37,Centaline
1/11/2024,Vision City・Block 3・Middle Floor・Flat G,,,--,522ft²,@$41,Centaline
1/11/2024,The Pavilia Bay・Tower 2B・Middle Floor・Flat A,,,--,550ft²,@$43,Centaline
1/11/2024,Waterside Plaza・Block 3・Lower Floor・Flat C,,,--,471ft²,@$32,Centaline
1/11/2024,The Pavilia Bay・Tower 2B・Middle Floor・Flat E,,,--,306ft²,@$49,Centaline
1/11/2024,The Aurora・Tower 2・Upper Floor・Flat I,,,--,280ft²,@$64,Centaline
1/11/2024,The Pavilia Bay・Tower 1B・Lower Floor・Flat F,,,--,306ft²,@$47,Centaline
1/11/2024,Miami Beach Towers・Tower 2・Middle Floor・Flat G,,,--,450ft²,@$28,Centaline
1/11/2024,Melody Garden・Block 9・Lower Floor・Flat E,,,--,589ft²,@$23,Centaline
1/11/2024,Marina Garden・Block 5・Middle Floor・Flat B,,,--,646ft²,@$25,Centaline
1/11/2024,St Martin・Phase 1・Tower 5・Upper Floor・Flat A2,,,--,468ft²,@$38,Centaline
1/11/2024,Mount Regency・Phase 1・Tower 1A・Middle Floor・Flat B,,,--,305ft²,@$40,Centaline
1/11/2024,Century Gateway・Phase 2・Tower 8・Lower Floor・Flat E,,,--,474ft²,@$36,Centaline
1/11/2024,Chelsea Heights・Phase 2・Block 5・Upper Floor・Flat A,,,--,523ft²,@$26,Centaline
1/11/2024,City Point・Block 5・Lower Floor・Flat A,,,--,485ft²,@$42,Centaline
1/11/2024,Tung Chung Crescent・Phase 2・Block 8・Middle Floor・Flat A,,,--,868ft²,@$29,Centaline
1/11/2024,Caribbean Coast・Phase 3 Carmel Cove・Tower 9・Lower Floor・Flat A,,,--,912ft²,@$30,Centaline
1/11/2024,Yat Nga Court・Yat Yan House (Block B)・Upper Floor・Flat 9,,,--,374ft²,@$31,Centaline
1/11/2024,Greenland Garden・Block B・Upper Floor・Flat 1,,,--,330ft²,@$34,Centaline
1/11/2024,Hong Kong Gold Coast・Block 30・Duplex B,,,--,"2,195ft²",@$34,Centaline
1/11/2024,Ocean Camino・Phase 2・Tower 5・Lower Floor・Flat Q,,,--,233ft²,@$36,Centaline
1/11/2024,Mori・Tower 5・Middle Floor・Flat M,,,--,484ft²,@$31,Centaline
1/11/2024,Hong Kong Gold Coast・Block 11・Middle Floor・Flat B,,,--,680ft²,@$24,Centaline
1/11/2024,City One Shatin・Site 5・Block 51・Lower Floor・Flat A,,,--,284ft²,@$46,Centaline
1/11/2024,Ravana Garden・Block 1・Lower Floor・Flat A,,,--,645ft²,@$31,Centaline
1/11/2024,Greenwood Garden・Block C・Upper Floor・Flat 6,,,--,280ft²,@$44,Centaline
1/11/2024,Sunshine City・Phase 3・Block N・Lower Floor・Flat 8,,,--,512ft²,@$37,Centaline
1/11/2024,Grand Horizon・Block 5・Lower Floor・Flat D,,,--,471ft²,@$33,Centaline
1/11/2024,Cheung On Estate・On Tao House (Block 4)・Upper Floor・Flat 52,,,--,354ft²,@$30,Centaline
1/11/2024,Park Yoho・Phase 2B Park Yoho Napoli・Tower 25A・Lower Floor・Flat C,,,--,635ft²,@$26,Centaline
1/11/2024,K. City・Tower 8・Upper Floor・Flat C,,,--,501ft²,@$48,Centaline
1/11/2024,Monaco One・Phase 1・Tower 2B・Upper Floor・Flat E,,,--,328ft²,@$54,Centaline
1/11/2024,Chi Fu Fa Yuen・Fu Chun Yuen (Block H-14)・Upper Floor・Flat F,,,--,588ft²,@$32,Centaline
1/11/2024,Royalton Ii・Lower Floor・No. 116,,,--,"1,184ft²",@$40,Centaline
1/11/2024,The Southside・Phase 1 Southland・Tower 2 (2A)・Lower Floor・Flat H,,,--,489ft²,@$55,Centaline
1/11/2024,The Met. Bliss・Tower 2・Upper Floor・Flat A06,,,--,324ft²,@$46,Centaline
1/11/2024,The Aurora・Tower 3・Upper Floor・Flat B,,,--,216ft²,@$60,Centaline
1/11/2024,The Rise・Lower Floor・Flat Lb,,,--,749ft²,@$27,Centaline
1/11/2024,City Point・Block 5・Lower Floor・Flat C,,,--,722ft²,@$35,Centaline
1/11/2024,One Victoria・Tower 2B・Upper Floor・Flat J,,,--,451ft²,@$42,Centaline
1/11/2024,The Zenith・Phase 1・Tower 2・Lower Floor・Flat C,,,--,610ft²,@$49,Centaline
1/11/2024,Sausalito・Tower 1・Lower Floor・Flat B,,,--,814ft²,@$27,Centaline
1/11/2024,Tierra Verde・Phase 1・Tower 5・Middle Floor・Flat F,,,--,523ft²,@$39,Centaline
1/11/2024,Villa Esplanada・Phase 2・Block 6・Middle Floor・Flat A,,,--,853ft²,@$35,Centaline
1/11/2024,Villa Esplanada・Phase 3・Block 8・Upper Floor・Flat D,,,--,751ft²,@$37,Centaline
1/11/2024,Century Link・Phase 1・Tower 6B・Middle Floor・Flat 10,,,--,466ft²,@$41,Centaline
1/11/2024,Palm Springs・Phase 1C Westwood Prunus,,,--,"1,371ft²",@$25,Centaline
1/11/2024,Crescendo,,,--,"1,638ft²",@$26,Centaline
1/11/2024,The Green,,,--,"1,798ft²",@$22,Centaline
1/11/2024,Royal Green・Tower 1・Upper Floor・Flat F,,,--,454ft²,@$32,Centaline
1/11/2024,Sheung Shui Centre・Block 3・Lower Floor・Flat F,,,--,342ft²,@$32,Centaline
1/11/2024,Metropolis Plaza・Block 3・Lower Floor・Flat H,,,--,468ft²,@$30,Centaline
1/11/2024,Yoho Town・Phase 2 Yoho Midtown・Block M7・Lower Floor・Flat B,,,--,520ft²,@$36,Centaline
1/11/2024,Metro Harbour View・Phase 1・Tower 4・Middle Floor・Flat H,,,--,326ft²,@$49,Centaline
1/11/2024,Metro Harbour View・Phase 2・Tower 10・Middle Floor・Flat C,,,--,432ft²,@$41,Centaline
1/11/2024,Grand Central・Phase 1・Tower 2・Upper Floor・Flat F,,,--,594ft²,@$43,Centaline
1/11/2024,Villa By The Park・Block 1・Lower Floor・Flat E,,,--,396ft²,@$33,Centaline
1/11/2024,Villa Premiere・Block 2・Lower Floor・Flat D,,,--,552ft²,@$25,Centaline
1/11/2024,The Yoho Hub・Phase C The Yoho Hub II・Tower 8・Lower Floor・Flat C,,,--,538ft²,@$37,Centaline
1/11/2024,Yuccie Square・Tower 2・Upper Floor・Flat C,,,--,429ft²,@$36,Centaline
1/11/2024,Park Signature・Tower 3・Upper Floor・Flat C,,,--,524ft²,@$30,Centaline
1/11/2024,Park Avenue・Phase 1・Tower 6・Upper Floor・Flat H,,,--,449ft²,@$50,Centaline
1/11/2024,Hampton Place・Tower 1・Lower Floor・Flat D,,,--,464ft²,@$42,Centaline
1/11/2024,The Long Beach・Tower 2・Upper Floor・Flat D,,,--,567ft²,@$43,Centaline
1/11/2024,The Arch・Sky Tower (Block 1)・Middle Floor・Flat B,,,--,841ft²,@$59,Centaline
1/11/2024,The Austin・Tower 3A・Middle Floor・Flat A,,,--,899ft²,@$50,Centaline
1/11/2024,The Harbourside・Tower 2・Middle Floor・Flat F,,,--,"1,056ft²",@$50,Centaline
1/11/2024,Ho Wang Building・Middle Floor・Flat D,,,--,271ft²,@$30,Centaline
1/11/2024,Central Park Towers・Phase 1・Tower 3・Middle Floor・Flat E,,,--,498ft²,@$27,Centaline
1/11/2024,Central Park Towers・Phase 1・Tower 2・Upper Floor・Flat G,,,--,502ft²,@$27,Centaline
1/11/2024,Wetland Seasons Bay・Phase 1・Tower 3A・Upper Floor・Flat B3,,,--,448ft²,@$31,Centaline
1/11/2024,East Point City・Block 1・Lower Floor・Flat D,,,--,619ft²,@$37,Centaline
1/11/2024,Park Central・Phase 2・Tower 12・Lower Floor・Flat H,,,--,467ft²,@$37,Centaline
1/11/2024,Caribbean Coast・Phase 2 Albany Cove・Tower 7・Upper Floor・Flat G,,,--,737ft²,@$30,Centaline
1/11/2024,Sui Wo Court・Fung Lin House (Block C)・23/F・Flat 6,,$3M,--,471ft²,"@$6,369",Land Registry
1/11/2024,Monte Carlo Villas・House A3,,$21M,--,"2,044ft²","@$10,274",Land Registry
1/11/2024,Laguna City・Phase 2・Block 29・3/F・Flat G,,$5.22M,--,517ft²,"@$10,097",Land Registry
1/11/2024,Tierra Verde・Phase 2・Block 1・8/F・Flat F,,$7.28M,--,523ft²,"@$13,920",Land Registry
1/11/2024,Queen's Terrace・Tower 2・30/F・Flat H,,$5.63M,--,322ft²,"@$17,478",Land Registry
1/11/2024,Whampoa Estate・Wing Fu Building (Block R)・14/F・Flat 8,,$5.48M,--,494ft²,"@$11,093",Land Registry
1/11/2024,The Met. Sublime・31/F・Flat A,,$9.38M,--,441ft²,"@$21,270",Land Registry
1/11/2024,Kornhill Garden・Block 5・15/F・Flat A,,$5.38M,--,484ft²,"@$11,116",Land Registry
1/11/2024,Walton Estate・Tak Hay House (Block 4)・9/F・Flat G,,$4.8M,--,463ft²,"@$10,367",Land Registry
1/11/2024,Che Cheung Building・18/F・Flat G,,$3.5M,--,354ft²,"@$9,887",Land Registry
1/11/2024,Tung Fai Building・5/F・Flat C,,$2.33M,--,316ft²,"@$7,373",Land Registry
1/11/2024,Liberte・Block 8・32/F・Flat G,,$9.67M,--,604ft²,"@$16,010",Land Registry
1/11/2024,Amoy Gardens・Phase 3・Block P・15/F・Flat 4,,$4M,--,322ft²,"@$12,422",Land Registry
1/11/2024,Tai Po Centre・Phase 3・Block 21・11/F・Flat F,,$3.08M,--,315ft²,"@$9,778",Land Registry
1/11/2024,The Zenith・Phase 1・Tower 1・45/F・Flat C,,$9.55M,--,492ft²,"@$19,411",Land Registry
1/11/2024,Park Central・Phase 1・Tower 8・42/F・Flat A,,$7.48M,--,547ft²,"@$13,675",Land Registry
1/11/2024,Lohas Park・Phase 1 The Capitol・Venice (Tower 5 - R Wing)・62/F・Flat C,,$7.32M,--,680ft²,"@$10,765",Land Registry
1/11/2024,Rose Dale Garden・25/F・Flat E,,$4.5M,--,498ft²,"@$9,036",Land Registry
1/11/2024,Park Avenue・Phase 1・Tower 9・42/F・Flat A,,$26M,--,"1,577ft²","@$16,487",Land Registry
1/11/2024,Shining Heights・13/F・Flat B,,$7.5M,--,555ft²,"@$13,514",Land Registry
1/11/2024,Arbuthnot House・13/F・Flat B,,$7.35M,--,539ft²,"@$13,636",Land Registry
1/11/2024,Crystal Park・Block 2・28/F・Flat B,,$4.3M,--,477ft²,"@$9,015",Land Registry
1/11/2024,On Fat Building・6/F・Flat I,,$3.75M,--,408ft²,"@$9,191",Land Registry
1/11/2024,Tsuen Cheong Centre・Cheong Ning Building・8/F・Flat H,,$4.1M,--,368ft²,"@$11,141",Land Registry
1/11/2024,Festival City・Phase 1・Tower 3・9/F・Flat Nc,,$13M,--,842ft²,"@$15,439",Land Registry
1/11/2024,Hampton Place・Tower 1・58/F・Flat A,,$8.72M,--,466ft²,"@$18,712",Land Registry
1/11/2024,Banyan Garden・Phase 1・Tower 2・17/F・Flat B,,$9.1M,--,658ft²,"@$13,830",Land Registry
1/11/2024,Caribbean Coast・Phase 2 Albany Cove・Tower 8・41/F・Flat C,,$2.2M,--,550ft²,"@$4,000",Land Registry
1/11/2024,Mayfair Gardens・Block 5・32/F・Flat C,,$3.7M,--,329ft²,"@$11,246",Land Registry
1/11/2024,City One Shatin・Site 2・Block 23・21/F・Flat C,,$4.36M,--,327ft²,"@$13,333",Land Registry
1/11/2024,The Palazzo・Block 1・22/F・Flat D,,$8.1M,--,561ft²,"@$14,439",Land Registry
1/11/2024,Coastal Skyline・Phase 1・Block 1・37/F・Flat C,,$9.68M,--,911ft²,"@$10,626",Land Registry
1/11/2024,Tai Hing Gardens・Phase 2・Tower 4・28/F・Flat E,,$3.84M,--,475ft²,"@$8,084",Land Registry
1/11/2024,Sun Tuen Mun Centre・Block 2・14/F・Flat A,,$3.63M,--,501ft²,"@$7,246",Land Registry
1/11/2024,Ching Wah Court・Wah Woon House (Block A)・14/F・Flat 13,,$2.92M,--,351ft²,"@$8,319",Land Registry
1/11/2024,Kingston Terrace・Block 4・11/F・Flat D,,$3.5M,--,662ft²,"@$5,287",Land Registry
1/11/2024,On Sheung Building・1/F・Flat 5,,$2.8M,--,284ft²,"@$9,859",Land Registry
1/11/2024,Whampoa Estate・King Wing Building (Block P)・4/F・Flat 8,,$3.45M,--,401ft²,"@$8,603",Land Registry
1/11/2024,The Belchers・Phase 2・Tower 8・12/F・Flat A,,$15.6M,--,896ft²,"@$17,411",Land Registry
1/11/2024,Cayman Rise・Block 2・28/F・Flat H,,$10.28M,--,633ft²,"@$16,240",Land Registry
1/11/2024,Yu Chui Court・Yu Moon House (Block C)・27/F・Flat 8,,$6.1M,--,650ft²,"@$9,385",Land Registry
1/11/2024,The Pacifica・Phase 2・Tower 7・57/F・Flat A,,$8.9M,--,554ft²,"@$16,065",Land Registry
1/11/2024,Highland Mansion・13/F・Flat A,,$31M,--,"1,279ft²","@$24,238",Land Registry
1/11/2024,Regentville・Phase 1・Block 1・28/F・Flat D,,$4.39M,--,419ft²,"@$10,477",Land Registry
1/11/2024,Riviera Gardens・Hoi Har Mansion (Block 6)・35/F・Flat F,,$5M,--,496ft²,"@$10,081",Land Registry
1/11/2024,Vienna Garden・Block 2・12/F・Flat G,,$4.68M,--,677ft²,"@$6,913",Land Registry
1/11/2024,Lohas Park・Phase 2B Le Prime・Tower 6 - R Wing・46/F・Flat A,,$9.29M,--,984ft²,"@$9,441",Land Registry
1/11/2024,Sunshine City・Phase 4・Block J・34/F・Flat 5,,$6.15M,--,519ft²,"@$11,850",Land Registry
1/11/2024,Choi Po Court・Choi Pik House (Block C)・29/F・Flat 2,,$3.23M,--,394ft²,"@$8,198",Land Registry
1/11/2024,Festival City・Phase 2・Tower 1・10/F・Flat Sd,,$9.52M,--,686ft²,"@$13,878",Land Registry
1/11/2024,The Merton・Tower 1・56/F・Flat G,,$14M,--,663ft²,"@$21,116",Land Registry
1/11/2024,Full Scene Garden・Block 1・22/F・Flat E,,$3.64M,--,365ft²,"@$9,959",Land Registry
1/11/2024,Grand Waterfront・Tower 1・57/F・Flat C,,$11.38M,--,805ft²,"@$14,137",Land Registry
1/11/2024,Kam Ying Court・Kam Yuet House (Block G)・15/F・Flat 10,,$4.2M,--,554ft²,"@$7,581",Land Registry
1/11/2024,The Belchers・Phase 2・Tower 5・62/F・Flat C,,$23.88M,--,"1,062ft²","@$22,486",Land Registry
1/11/2024,Heng Fa Chuen・Block 29・12/F・Flat 4,,$6.7M,--,497ft²,"@$13,481",Land Registry
1/11/2024,Nan Fung Sun Chuen・Block 7・5/F・Flat B,,$4.78M,--,391ft²,"@$12,225",Land Registry
1/11/2024,Lohas Park・Phase 2A Le Prestige・Mona Lisa (Tower 1 - R Wing)・60/F・Flat B,,$9M,--,805ft²,"@$11,180",Land Registry
1/11/2024,Serenity Park・Phase 1・Block 9・11/F・Flat C,,$4.03M,--,355ft²,"@$11,352",Land Registry
1/11/2024,City Garden・Phase 2・Block 9・24/F・Flat E,,$15.9M,--,"1,014ft²","@$15,680",Land Registry
1/11/2024,Ocean View・Tower 3・35/F・Flat B,,$10.3M,--,783ft²,"@$13,155",Land Registry
1/11/2024,Lucky Mansion・10/F・Flat A,,$2.74M,--,315ft²,"@$8,698",Land Registry
1/11/2024,The Reach・Tower 10・2/F・Flat G,,$4.2M,--,440ft²,"@$9,545",Land Registry
1/11/2024,The Hermitage・Tower 1・22/F・Flat B,,$24.3M,--,"1,174ft²","@$20,698",Land Registry
1/11/2024,Greenfield Garden・Phase 1・Tower 1・27/F・Flat G,,$4.37M,--,368ft²,"@$11,870",Land Registry
1/11/2024,Tsuen King Garden・Phase 2・Block 11・28/F・Flat G,,$4.15M,--,380ft²,"@$10,921",Land Registry
1/11/2024,Rhine Garden・Block 5・28/F・Flat B,,$5.33M,--,716ft²,"@$7,437",Land Registry
1/11/2024,Fortress Garden・Fu Wai Court・18/F・Flat E,,$7.5M,--,645ft²,"@$11,628",Land Registry
1/11/2024,Flora Plaza・Block 2・15/F・Flat F,,$4.2M,--,413ft²,"@$10,169",Land Registry
1/11/2024,Kingston Lodge・9/F・Flat C,,$6.43M,--,473ft²,"@$13,594",Land Registry
1/11/2024,Provident Centre・Block 5・15/F・Flat A,,$11.8M,--,845ft²,"@$13,964",Land Registry
1/11/2024,City Garden・Phase 2・Block 14・23/F・Flat B,,$7.4M,--,568ft²,"@$13,028",Land Registry
1/11/2024,Po Wing Building・4/F・Flat B (No. 28),,$2.85M,--,260ft²,"@$10,962",Land Registry
1/11/2024,Lake Silver・Tower 6・6/F・Flat C,,$12.28M,--,"1,012ft²","@$12,134",Land Registry
1/11/2024,Vianni Cove・Tower 3・11/F・Flat H,,$4.5M,--,551ft²,"@$8,167",Land Registry
1/11/2024,Whampoa Garden・Phase 3 Willow Mansions・Block 1・3/F・Flat F,,$7.29M,--,681ft²,"@$10,705",Land Registry
1/11/2024,Smithfield Terrace・Block A・8/F・Flat 7,,$3.2M,--,265ft²,"@$12,075",Land Registry
1/11/2024,Residence 228・5/F・Flat A,,$6M,--,433ft²,"@$13,857",Land Registry
1/11/2024,Sea View Mansion・2/F・Flat E,,$3.2M,--,302ft²,"@$10,596",Land Registry
1/11/2024,Festival City・Phase 3・Tower 5・10/F・Flat Sc,,$13.38M,--,844ft²,"@$15,853",Land Registry
1/11/2024,Amoy Gardens・Phase 1・Block D・6/F・Flat 7,,$3.85M,--,375ft²,"@$10,267",Land Registry
1/11/2024,Mei Chung Court・Hong Chung House (Block E)・14/F・Flat 9,,$4.78M,--,645ft²,"@$7,411",Land Registry
1/11/2024,Pictorial Garden・Phase 3・Hillview Court (Tower 1)・4/F・Flat B,,$6.54M,--,702ft²,"@$9,313",Land Registry
1/11/2024,Classical Gardens・Phase 1・Block 10・2/F・Flat C,,$6.88M,--,728ft²,"@$9,451",Land Registry
1/11/2024,Chong Yip Centre・Block B・6/F・Flat L,,$3.65M,--,305ft²,"@$11,967",Land Registry
1/11/2024,Sky Tower・Block 7・17/F・Flat F,,$7.38M,--,535ft²,"@$13,794",Land Registry
1/11/2024,Harbourfront Landmark・Tower 1・16/F・Flat A,,$23.5M,--,"1,479ft²","@$15,889",Land Registry
1/11/2024,Les Saisons・L Hiver (Tower 4)・10/F・Flat B,,$9.3M,--,561ft²,"@$16,578",Land Registry
1/11/2024,Glory Rise・19/F・Flat B,,$2.83M,--,200ft²,"@$14,150",Land Registry
1/11/2024,Pictorial Garden・Phase 1・Belleve Court (Block 2)・10/F・Flat E,,$6.33M,--,662ft²,"@$9,562",Land Registry
1/11/2024,Kam Yuen Mansion・9/F・Flat B,,$2.7M,--,372ft²,"@$7,253",Land Registry
1/11/2024,Tak Bo Garden・Block D・12/F・Flat D7,,$3M,--,282ft²,"@$10,638",Land Registry
1/11/2024,Abba House・Block A・9/F・Flat 4,,$4.28M,--,325ft²,"@$13,169",Land Registry
1/11/2024,Siu On Court・Ting Pong House (Block D)・7/F・Flat 5,,$3.26M,--,495ft²,"@$6,586",Land Registry
1/11/2024,Kin Wong Mansion・Phase 2・2/F・Flat D (No. 117),,$3.32M,--,518ft²,"@$6,409",Land Registry
1/11/2024,Lung Poon Court・Lung San House (Block A)・4/F・Flat 15,,$4.89M,--,426ft²,"@$11,474",Land Registry
1/11/2024,East Point City・Block 5・28/F・Flat H,,$6.38M,--,524ft²,"@$12,176",Land Registry
1/11/2024,The Hermitage・Tower 1・32/F・Flat C,,$14M,--,753ft²,"@$18,592",Land Registry
1/11/2024,Reve Plaza・15/F・Flat D,,$4.27M,--,410ft²,"@$10,402",Land Registry
1/11/2024,Hong Lai Garden・Block 2・13/F・Flat C,,$3.5M,--,473ft²,"@$7,400",Land Registry
1/11/2024,Tsuen King Garden・Phase 2・Block 12・5/F・Flat B,,$4.28M,--,431ft²,"@$9,930",Land Registry
1/11/2024,Lung Poon Court・Lung Chu House (Block C)・2/F・Flat 12,,$3.05M,--,340ft²,"@$8,971",Land Registry
1/11/2024,Yen May Building・3/F・Flat B,,$2.78M,--,207ft²,"@$13,430",Land Registry
1/11/2024,Aldrich Garden・Block 10・26/F・Flat G,,$5.58M,--,592ft²,"@$9,426",Land Registry
1/11/2024,Laguna City・Phase 3・Block 38・7/F・Flat G,,$5.23M,--,517ft²,"@$10,116",Land Registry
1/11/2024,Whampoa Garden・Phase 12 Bamboo Mansions・Block 9・7/F・Flat F,,$7.18M,--,607ft²,"@$11,829",Land Registry
1/11/2024,Villa Athena・Block 8・16/F・Flat D,,$8.25M,--,727ft²,"@$11,348",Land Registry
31/10/2024,Saddle Ridge Garden・Block 6・Lower Floor・Flat D,,$5.1M,--,583ft²,"@$8,748",Centaline
31/10/2024,City One Shatin・Site 4・Block 43・Lower Floor・Flat D,,$3.75M,--,304ft²,"@$12,336",Centaline
31/10/2024,The Aurora・Tower 3・Middle Floor・Flat I,,$5.45M,--,298ft²,"@$18,289",Centaline
31/10/2024,Parc City・Tower 5・Middle Floor・Flat D,,$8.5M,--,527ft²,"@$16,129",Centaline
31/10/2024,Yoho Town・Phase 1・Block 2・Upper Floor・Flat F,,$5M,--,393ft²,"@$12,723",Centaline
31/10/2024,Vista・Middle Floor・Flat C,,$6.7M,--,507ft²,"@$13,215",Centaline
31/10/2024,Parkland Villas・Block 6・Lower Floor・Flat A,,$3.88M,--,376ft²,"@$10,319",Centaline
31/10/2024,Wilshire Towers・Block C・Middle Floor・Flat 2,,$24.68M,--,"1,734ft²","@$14,233",Centaline
31/10/2024,Heng Fa Chuen・Block 47・Upper Floor・Flat 7,,$9M,--,659ft²,"@$13,657",Centaline
31/10/2024,Cheerful Garden・Block 4・Middle Floor・Flat H,,$4.15M,--,592ft²,"@$7,010",Centaline
31/10/2024,Merry Garden・Block B・Middle Floor・Flat 3,,$15.5M,--,975ft²,"@$15,897",Centaline
31/10/2024,The Avenue・Phase 1・Tower 5・Middle Floor・Flat F,,$11.68M,--,588ft²,"@$19,864",Centaline
31/10/2024,Taikoo Shing・Horizon Gardens・(T-62) Nam Tien Mansion・Middle Floor・Flat C,,$10.45M,--,680ft²,"@$15,368",Centaline
31/10/2024,Lohas Park・Phase 2A Le Prestige・Water Lilies (Tower 5 - R Wing)・Upper Floor・Flat D,,$10.8M,--,974ft²,"@$11,088",Centaline
31/10/2024,The Metro City・Phase 2・Tower 7・Lower Floor・Flat A,,$5.32M,--,441ft²,"@$12,059",Centaline
31/10/2024,La Cite Noble・Block 3・Upper Floor・Flat F,,$7.2M,--,561ft²,"@$12,834",Centaline
31/10/2024,Eltanin‧Square Mile・Tower 2・Middle Floor・Flat D,,$4.5M,--,259ft²,"@$17,375",Centaline
31/10/2024,Whampoa Garden・Phase 9 Lily Mansions・Block 6・Lower Floor・Flat D,,$8.28M,--,--,--,Centaline
31/10/2024,Ocean Shores・Phase 1・Tower 5・Lower Floor・Flat H,,$6.3M,--,513ft²,"@$12,281",Centaline
31/10/2024,East Point City・Block 1・Middle Floor・Flat C,,$6M,--,463ft²,"@$12,959",Centaline
31/10/2024,The Latitude・Tower 8・Upper Floor・Flat E,,$9.09M,--,525ft²,"@$17,314",Centaline
31/10/2024,Ocean Shores・Phase 3・Tower 12・Upper Floor・Flat B,,$7.2M,--,499ft²,"@$14,429",Centaline
31/10/2024,Vision City・Block 6・Middle Floor・Flat G,,$8.6M,--,523ft²,"@$16,444",Centaline
31/10/2024,Sunshine City・Phase 2・Block D・Middle Floor・Flat 1,,$6M,--,490ft²,"@$12,245",Centaline
31/10/2024,Whampoa Garden・Phase 2 Cherry Mansions・Block 4・Middle Floor・Flat F,,$5.5M,--,389ft²,"@$14,139",Centaline
31/10/2024,Tierra Verde・Phase 1・Tower 2・Lower Floor・Flat H,,$7.8M,--,518ft²,"@$15,058",Centaline
31/10/2024,Ka On Building・Block A・Upper Floor・Flat 2,,$6.45M,--,482ft²,"@$13,382",Centaline
31/10/2024,Harbour Place・Tower 1・Upper Floor・Flat D,,$9.6M,--,589ft²,"@$16,299",Centaline
31/10/2024,Villa By The Park・Block 1・Lower Floor・Flat H,,$3.94M,--,396ft²,"@$9,944",Centaline
31/10/2024,Kensington Hill・Middle Floor・Flat A,,$20M,--,864ft²,"@$23,148",Centaline
31/10/2024,The Palazzo・Block 5・Lower Floor・Flat C,,$8.23M,--,554ft²,"@$14,856",Centaline
31/10/2024,The Belchers・Phase 2・Tower 8・Lower Floor・Flat F,,$23M,--,"1,263ft²","@$18,211",Centaline
31/10/2024,Siu Hei Court・On Hei House (Block A)・Middle Floor・Flat 4,,$3.15M,--,338ft²,"@$9,320",Centaline
31/10/2024,Discovery Park・Phase 3・Block 11・Middle Floor・Flat A,,$7.3M,--,658ft²,"@$11,094",Centaline
31/10/2024,Sun Yuen Long Centre・Block 3・Middle Floor・Flat F,,$5.25M,--,466ft²,"@$11,266",Centaline
31/10/2024,Lohas Park・Phase 4B Wings At Sea Il・Tower 5B・Middle Floor・Flat D,,$6.1M,--,474ft²,"@$12,869",Centaline
31/10/2024,Alassio・Middle Floor・Flat E,,,--,736ft²,@$68,Centaline
31/10/2024,Mayflower Mansion・Flat C,,,--,"1,234ft²",@$40,Centaline
31/10/2024,The Quinn ‧ Square Mile・Tower 2・Lower Floor・Flat J,,,--,269ft²,@$59,Centaline
31/10/2024,Oscar By The Sea・Phase 2・Block 8・Middle Floor・Flat G,,,--,481ft²,@$35,Centaline
31/10/2024,The Grand Marine・Tower 2・Upper Floor・Flat C,,,--,409ft²,@$42,Centaline
31/10/2024,Tsuen Wan Centre・Block 4 (Soochow House)・Upper Floor・Flat D,,,--,324ft²,@$36,Centaline
31/10/2024,The Parkland・8/F・Flat D,,$2.72M,--,284ft²,"@$9,595",Land Registry
31/10/2024,The Parkland・8/F・Flat E,,$2.73M,--,285ft²,"@$9,595",Land Registry
31/10/2024,The Parkland・10/F・Flat A,,$2.91M,--,303ft²,"@$9,613",Land Registry
31/10/2024,The Parkland・10/F・Flat C,,$3M,--,312ft²,"@$9,612",Land Registry
31/10/2024,The Parkland・10/F・Flat D,,$2.78M,--,284ft²,"@$9,794",Land Registry
31/10/2024,The Parkland・10/F・Flat E,,$2.79M,--,285ft²,"@$9,793",Land Registry
31/10/2024,The Parkland・12/F・Flat A,,$2.97M,--,303ft²,"@$9,814",Land Registry
31/10/2024,The Parkland・12/F・Flat D,,$2.84M,--,284ft²,"@$9,993",Land Registry
31/10/2024,The Parkland・12/F・Flat E,,$2.85M,--,285ft²,"@$9,994",Land Registry
31/10/2024,Kornhill Garden・Block 5・20/F・Flat E,,$5.5M,--,431ft²,"@$12,761",Land Registry
31/10/2024,Tsuen King Garden・Phase 1・Block 4・6/F・Flat D,,$3.46M,,362ft²,"@$9,558",Land Registry
31/10/2024,Cosmopolitan Estates・Tai Yick Building (Block M)・12/F・Flat 6,,$2.68M,,260ft²,"@$10,308",Land Registry
31/10/2024,Century Link・Phase 2・Tower 1B・20/F・Flat 1,,$6.43M,,582ft²,"@$11,048",Land Registry
31/10/2024,Century Link・Phase 1・Tower 3A・15/F・Flat 10,,$5.43M,,484ft²,"@$11,219",Land Registry
31/10/2024,Ching Tao Court・27/F・Flat 7,,$1.29M,--,--,--,Land Registry
31/10/2024,Siu Tsui Court・Block B・7/F・Flat 12,,$1.87M,--,--,--,Land Registry
31/10/2024,Kai Chuen Court・Block 3 (Kai Chi House)・32/F・Flat 4,,$1.89M,--,--,--,Land Registry
31/10/2024,Kai Chuen Court・Block 4 (Kai Tao House)・28/F・Flat 5,,$1.25M,--,--,--,Land Registry
31/10/2024,On Sau Court・Block B・18/F・Flat 21,,$3M,--,--,--,Land Registry
31/10/2024,On Sau Court・Block B・10/F・Flat 28,,$3M,--,--,--,Land Registry
31/10/2024,On Lai Court・Block C・4/F・Flat 19,,$2.56M,--,--,--,Land Registry
31/10/2024,Ko Wang Court・Block B・2/F・Flat 20,,$1.85M,--,--,--,Land Registry
31/10/2024,On Sau Court・Block A・23/F・Flat 26,,$3.1M,--,--,--,Land Registry
31/10/2024,Kwun Shan Court・23/F・Flat 14,,$2.98M,--,--,--,Land Registry
31/10/2024,Kwun Shan Court・15/F・Flat 14,,$2.86M,--,--,--,Land Registry
31/10/2024,Ping Yan Court・Block C (Ping Tai House)・17/F・Flat 20,,$4M,--,--,--,Land Registry
31/10/2024,The Highline・23/F・Flat E,,$5.01M,--,220ft²,"@$22,773",Land Registry
31/10/2024,The Arles・Tower 5・41/F・Flat F,,$6.57M,--,346ft²,"@$18,994",Land Registry
31/10/2024,The Yoho Hub・Phase C The Yoho Hub II・Tower 6・20/F・Flat K,,$7.36M,--,492ft²,"@$14,951",Land Registry
31/10/2024,Novo Land・Phase 3B・Fiskars Tower 1・27/F・Flat J,,$5.98M,--,472ft²,"@$12,667",Land Registry
31/10/2024,Vianni Cove・Tower 3・39/F・Flat B,,$5.1M,,544ft²,"@$9,375",Land Registry
31/10/2024,Heng On Estate・Heng Yuet House (Block 9)・29/F・Flat 5,,$2.48M,--,--,--,Land Registry
31/10/2024,East Point City・Block 5・28/F・Flat D,,$7.7M,,616ft²,"@$12,500",Land Registry
31/10/2024,Cullinan Sky・Phase 1・Tower 3・26/F・Flat B3,,$6.81M,--,301ft²,"@$22,630",Land Registry
31/10/2024,Smithfield Terrace・Block A・27/F・Flat 3,,$3.98M,,282ft²,"@$14,113",Land Registry
31/10/2024,Coastal Skyline・Phase 1・Block 6・57/F・Flat B,,$9.5M,,874ft²,"@$10,870",Land Registry
31/10/2024,Sunshine City・Phase 1・Block A・17/F・Flat 7,,$4.49M,,348ft²,"@$12,902",Land Registry
31/10/2024,Summit Terrace・Block 5・25/F・Flat G,,$5.7M,,446ft²,"@$12,780",Land Registry
31/10/2024,The Yoho Hub・Phase C The Yoho Hub II・Tower 6・6/F・Flat D,,$6.7M,--,462ft²,"@$14,506",Land Registry
31/10/2024,The Pavilia Forest・Phase 2 The Pavilia Forest II・Tower 2・12/F・Flat F,,$5.13M,--,262ft²,"@$19,595",Land Registry
31/10/2024,The Yoho Hub・Phase C The Yoho Hub II・Tower 6・49/F・Flat B,,$9.04M,--,538ft²,"@$16,810",Land Registry
31/10/2024,Hong Wah Mansion・Block 1・19/F・Flat B,,$4.09M,,300ft²,"@$13,633",Land Registry
31/10/2024,Caribbean Coast・Phase 3 Carmel Cove・Tower 10・23/F・Flat E,,$5.66M,,544ft²,"@$10,404",Land Registry
31/10/2024,Mei Foo Sun Chuen・Phase 2・33-35 Broadway・5/F・Flat C No. 35,,$5.38M,,--,--,Land Registry
31/10/2024,Wah Shing Building・Block A・2/F・Flat C,,$2.93M,,364ft²,"@$8,049",Land Registry
31/10/2024,Portland Building・14/F・Flat D,,$1.98M,,172ft²,"@$11,512",Land Registry
31/10/2024,Hoi Hong Building・Tower I・6/F・Flat A,,$4.94M,,428ft²,"@$11,537",Land Registry
31/10/2024,Ocean Court・Block C・10/F・Flat C17,,$3.4M,,385ft²,"@$8,831",Land Registry
31/10/2024,Po Hang Building・Block A・17/F・Flat A3,,$3.38M,,343ft²,"@$9,854",Land Registry
31/10/2024,Yau Wing Apartments・6/F・Flat C (No. 443),,$2.98M,--,--,--,Land Registry
31/10/2024,Eightland Gardens・Block 2・9/F・Flat B,,$4.2M,,431ft²,"@$9,745",Land Registry
31/10/2024,The Arles・Tower 5・48/F・Flat E,,$6.83M,--,348ft²,"@$19,629",Land Registry
31/10/2024,The Arles・Tower 3・46/F・Flat G,,$6.91M,--,347ft²,"@$19,914",Land Registry
31/10/2024,Winner Mansion・11/F・Flat E,,$3.6M,,326ft²,"@$11,043",Land Registry
31/10/2024,Whitty Street Court・No. 30-36・1/F・Flat 6 (No. 34),,$3.8M,--,497ft²,"@$7,646",Land Registry
31/10/2024,James S Lee Mansion・7/F・Flat 2,,$10.38M,,856ft²,"@$12,126",Land Registry
31/10/2024,Lok Hin Terrace・Block 1・12/F・Flat F,,$3.78M,--,481ft²,"@$7,859",Land Registry
31/10/2024,Yen Hau Mansion・10/F・Flat H,,$2.08M,,256ft²,"@$8,125",Land Registry
31/10/2024,Ka Keng Court・Ka Oi House (Block A)・39/F・Flat 1,,$6.45M,--,650ft²,"@$9,923",Land Registry
31/10/2024,Lohas Park・Phase 2A Le Prestige・Swan Lake (Tower 2 - L Wing)・65/F・Flat B,,$8.95M,,822ft²,"@$10,888",Land Registry
31/10/2024,Lohas Park・Phase 5A Malibu・Tower 3A・41/F・Flat C,,$6.4M,,462ft²,"@$13,853",Land Registry
31/10/2024,Cullinan Sky・Phase 1・Tower 6・30/F・Flat B8,,$10.14M,--,477ft²,"@$21,262",Land Registry
31/10/2024,The Paddington・Block A・12/F・Flat A9,,$3.05M,--,185ft²,"@$16,502",Land Registry
31/10/2024,Miami Quay・Phase 1・Tower 2・9/F・Flat D,,$10.25M,--,457ft²,"@$22,433",Land Registry
31/10/2024,Beautiful Garden・Block A・9/F・Flat 6,,$3.2M,--,296ft²,"@$10,811",Land Registry
31/10/2024,The Pavilia Forest・Phase 1 The Pavilia Forest I・Tower 6・2/F・Flat G,,$7.97M,--,385ft²,"@$20,704",Land Registry
31/10/2024,Siu Shan Court・Yeh King House (Block H)・9/F・Flat 8,,$3.45M,--,546ft²,"@$6,319",Land Registry
31/10/2024,Cullinan Sky・Phase 1・Tower 6・15/F・Flat B1,,$9.22M,--,467ft²,"@$19,746",Land Registry
31/10/2024,Cullinan Sky・Phase 1・Tower 6・23/F・Flat A5,,$7.54M,--,300ft²,"@$25,121",Land Registry
31/10/2024,Cullinan Sky・Phase 1・Tower 6・23/F・Flat B8,,$9.89M,--,477ft²,"@$20,739",Land Registry
31/10/2024,Cullinan Sky・Phase 1・Tower 6・5/F・Flat B5,,$5.01M,--,240ft²,"@$20,881",Land Registry
31/10/2024,Park Central・Phase 1・Tower 9・19/F・Flat F,,$5M,,406ft²,"@$12,315",Land Registry
31/10/2024,Cullinan Sky・Phase 1・Tower 6・16/F・Flat A3,,$7.25M,--,299ft²,"@$24,261",Land Registry
31/10/2024,Cullinan Sky・Phase 1・Tower 6・27/F・Flat A2,,$7.43M,--,298ft²,"@$24,932",Land Registry
31/10/2024,Manor Hill・Tower 2・33/F・Flat A8,,$7.8M,--,406ft²,"@$19,209",Land Registry
31/10/2024,Lohas Park・Phase 2A Le Prestige・Blue Danube (Tower 5 - L Wing)・31/F・Flat D,,$9.2M,,972ft²,"@$9,465",Land Registry
31/10/2024,Bauhinia Garden・Carpark・4/F・No.10,,"$830,000",--,--,--,Land Registry
31/10/2024,Serene Garden・Block 2・22/F・Flat C,,$4.84M,--,590ft²,"@$8,200",Land Registry
31/10/2024,The Yoho Hub・Phase C The Yoho Hub II・Tower 6・41/F・Flat J,,$9.42M,--,638ft²,"@$14,769",Land Registry
31/10/2024,Cullinan Sky・Phase 1・Tower 6・29/F・Flat A6,,$12.88M,--,469ft²,"@$27,457",Land Registry
31/10/2024,Cullinan Sky・Phase 1・Tower 6・29/F・Flat A5,,$7.82M,--,300ft²,"@$26,071",Land Registry
31/10/2024,Cullinan Sky・Phase 1・Tower 6・26/F・Flat B6,,$5.48M,--,236ft²,"@$23,208",Land Registry
31/10/2024,The Yoho Hub・Phase C The Yoho Hub II・Tower 6・16/F・Flat F,,$10.49M,--,749ft²,"@$14,009",Land Registry
31/10/2024,Nan Fung Sun Chuen・Block 10・30/F・Flat D,,$6.39M,,516ft²,"@$12,384",Land Registry
31/10/2024,Mary Court・21/F・Flat C,,$4.15M,,354ft²,"@$11,723",Land Registry
31/10/2024,Metro City・Phase 1・Tower 2・1/F・Flat C,,$5.08M,,364ft²,"@$13,956",Land Registry
31/10/2024,Cullinan Sky・Phase 1・Tower 3・19/F・Flat B6,,$9.39M,--,437ft²,"@$21,476",Land Registry
31/10/2024,Koko Hills・Phase 3B Koko Mare・Tower 8・6/F・Flat G,,$8.01M,--,441ft²,"@$18,172",Land Registry
31/10/2024,Lake Silver・Tower 7・16/F・Flat H,,$9.13M,,700ft²,"@$13,043",Land Registry
31/10/2024,H Cube・10/F・Flat 7,,$5.53M,,434ft²,"@$12,737",Land Registry
31/10/2024,Greenwood Terrace・Tower 7・18/F・Flat H,,$5M,--,646ft²,"@$7,740",Land Registry
31/10/2024,Ficus Garden・Carpark・2/F・No.36,,"$800,000",--,--,--,Land Registry
31/10/2024,Ficus Garden・11/F・Flat D,,$6.5M,,643ft²,"@$10,109",Land Registry
31/10/2024,One Jardine's Lookout・5/F・Flat A,,$3.65M,--,180ft²,"@$20,280",Land Registry
31/10/2024,Cullinan Sky・Phase 1・Tower 3・20/F・Flat B3,,$6.72M,--,301ft²,"@$22,315",Land Registry
31/10/2024,Ching Tao Court・24/F・Flat 15,,$1.28M,--,--,--,Land Registry
31/10/2024,Ching Tao Court・7/F・Flat 18,,$1.17M,--,--,--,Land Registry
31/10/2024,Ching Tao Court・14/F・Flat 1,,$1.21M,--,--,--,Land Registry
31/10/2024,Ching Tao Court・31/F・Flat 14,,$1.34M,--,--,--,Land Registry
31/10/2024,Ching Tao Court・19/F・Flat 7,,$1.26M,--,--,--,Land Registry
31/10/2024,Baguio Villa・Carpark・LG1・No.95 (Block 19-24),,"$620,000",--,--,--,Land Registry
31/10/2024,Grand View Garden・Tower 5・22/F・Flat G,,$4.8M,--,--,--,Land Registry
31/10/2024,The Metro City・Phase 2・Tower 8・1/F・Flat F,,$4.88M,,363ft²,"@$13,444",Land Registry
31/10/2024,Ho On Mansion・2/F・Flat D,,$7.3M,,753ft²,"@$9,695",Land Registry
31/10/2024,Cullinan Sky・Phase 1・Tower 3・10/F・Flat B2,,$6.53M,--,298ft²,"@$21,917",Land Registry
31/10/2024,Cullinan Sky・Phase 1・Tower 3・23/F・Flat B3,,$6.77M,--,301ft²,"@$22,484",Land Registry
31/10/2024,Grand Victoria・Phase 3・Tower 1 (1A)・9/F・Flat A,,$28.48M,--,977ft²,"@$29,150",Land Registry
31/10/2024,St. George's Mansions・Tower 3・18/F・Flat A,,$98M,--,"2,087ft²","@$46,957",Land Registry
31/10/2024,The Wings・Ocean Wings・Tower 6A・8/F・Flat D,,$5.45M,,368ft²,"@$14,810",Land Registry
31/10/2024,Boland Court・Phase II・8/F・Flat B,,$6.7M,,531ft²,"@$12,618",Land Registry
31/10/2024,Regentville・Phase 1・Block 5・37/F・Flat A,,$4.43M,,419ft²,"@$10,573",Land Registry
31/10/2024,Koko Hills・Phase 3B Koko Mare・Tower 8・2/F・Flat K,,$7.95M,--,432ft²,"@$18,396",Land Registry
31/10/2024,The Yoho Hub・Phase C The Yoho Hub II・Tower 6・46/F・Flat K,,$7.81M,--,490ft²,"@$15,938",Land Registry
31/10/2024,The Pavilia Forest・Phase 3 The Pavilia Forest III・Tower 1・7/F・Flat G,,$6.74M,--,395ft²,"@$17,051",Land Registry
31/10/2024,Uptown East・Tower 2A・33/F・Flat E,,$5.5M,--,337ft²,"@$16,312",Land Registry
31/10/2024,Cullinan Sky・Phase 1・Tower 5・27/F・Flat A6,,$7.39M,--,297ft²,"@$24,870",Land Registry
31/10/2024,Cullinan Sky・Phase 1・Tower 5・27/F・Flat A5,,$7.39M,--,299ft²,"@$24,709",Land Registry
31/10/2024,Cullinan Sky・Phase 1・Tower 6・19/F・Flat B5,,$5.42M,--,240ft²,"@$22,567",Land Registry
31/10/2024,King Shan Court・King Fung House (Block A)・3/F・Flat 6,,$3.88M,--,568ft²,"@$6,831",Land Registry
31/10/2024,Grand Central・Phase 1・Tower 2・26/F・Flat M,,$14.85M,,880ft²,"@$16,875",Land Registry
31/10/2024,The Metro City・Phase 2・Tower 5・14/F・Flat D,,$7.2M,,659ft²,"@$10,926",Land Registry
31/10/2024,Park Island・Phase 5 Oceancrest・Tower 30・10/F・Flat C,,$5M,,574ft²,"@$8,711",Land Registry
31/10/2024,Park Island・Phase 5 Oceancrest・Tower 30・10/F・Flat D,,$5.4M,,648ft²,"@$8,333",Land Registry
31/10/2024,Tierra Verde・Phase 2・Block 12・23/F・Flat D,,$10.2M,,653ft²,"@$15,620",Land Registry
31/10/2024,The Parkland・3/F・Flat J,,$2.48M,--,282ft²,"@$8,796",Land Registry
31/10/2024,The Parkland・1/F・Flat F,,$2.57M,--,285ft²,"@$9,024",Land Registry
31/10/2024,The Parkland・5/F・Flat F,,$2.65M,--,285ft²,"@$9,295",Land Registry
31/10/2024,The Parkland・7/F・Flat G,,$2.64M,--,286ft²,"@$9,223",Land Registry
31/10/2024,The Parkland・7/F・Flat J,,$2.56M,--,282ft²,"@$9,086",Land Registry
31/10/2024,The Parkland・3/F・Flat G,,$2.56M,--,286ft²,"@$8,934",Land Registry
31/10/2024,The Parkland・3/F・Flat A,,$2.73M,--,303ft²,"@$9,025",Land Registry
31/10/2024,The Parkland・1/F・Flat D,,$2.56M,--,284ft²,"@$9,025",Land Registry
31/10/2024,The Parkland・1/F・Flat J,,$2.43M,--,282ft²,"@$8,614",Land Registry
31/10/2024,The Parkland・1/F・Flat A,,$2.83M,--,265ft²,"@$10,663",Land Registry
31/10/2024,The Parkland・2/F・Flat A,,$2.71M,--,303ft²,"@$8,933",Land Registry
31/10/2024,The Parkland・2/F・Flat C,,$2.79M,--,312ft²,"@$8,932",Land Registry
31/10/2024,The Parkland・2/F・Flat D,,$2.59M,--,284ft²,"@$9,114",Land Registry
31/10/2024,The Parkland・2/F・Flat E,,$2.6M,--,285ft²,"@$9,112",Land Registry
31/10/2024,The Parkland・6/F・Flat A,,$2.79M,--,303ft²,"@$9,214",Land Registry
31/10/2024,The Parkland・6/F・Flat D,,$2.67M,--,284ft²,"@$9,395",Land Registry
31/10/2024,The Parkland・6/F・Flat E,,$2.68M,--,285ft²,"@$9,393",Land Registry
31/10/2024,The Parkland・8/F・Flat A,,$2.85M,--,303ft²,"@$9,412",Land Registry
31/10/2024,The Parkland・8/F・Flat C,,$2.94M,--,312ft²,"@$9,414",Land Registry
31/10/2024,The Parkland・6/F・Flat C,,$2.88M,--,312ft²,"@$9,216",Land Registry
31/10/2024,On Hing House・8/F・Flat D,,$2.3M,,342ft²,"@$6,725",Land Registry
31/10/2024,Cullinan Sky・Phase 1・Tower 6・11/F・Flat A3,,$7.2M,--,299ft²,"@$24,092",Land Registry
31/10/2024,Parc Royale・Carpark・1/F・No.Cp1158,,"$380,000",--,--,--,Land Registry
31/10/2024,Parc Royale・Carpark・2/F・No.Cp2085,,"$380,000",--,--,--,Land Registry
31/10/2024,Luen Hing Building・3/F・No. 42 (Flat A),,$2.14M,--,--,--,Land Registry
31/10/2024,Park Signature・Tower 2・9/F・Flat B,,$5.15M,,598ft²,"@$8,612",Land Registry
31/10/2024,Park Central・Phase 2・Tower 10・26/F・Flat D,,$5.23M,,384ft²,"@$13,620",Land Registry
31/10/2024,Kornhill・Block K (Flat 9 - 16)・2/F・Flat 13,,$6.68M,,555ft²,"@$12,036",Land Registry
31/10/2024,Choi Fung Court・28/F・Flat 15,,$2.88M,--,426ft²,"@$6,761",Land Registry
31/10/2024,Rhythm Garden・Carpark・2/F・No.74,,$1.05M,--,--,--,Land Registry
31/10/2024,Shing On Building・5/F・Flat C (No. 40),,$2.5M,--,357ft²,"@$7,003",Land Registry
31/10/2024,Harbour Place・Tower 1・26/F・Flat E,,$7.82M,,481ft²,"@$16,258",Land Registry
31/10/2024,Ming Yuet Building・23/F・Flat B,,$2.68M,,207ft²,"@$12,947",Land Registry
31/10/2024,Le Sommet・Block 1・25/F・Flat B,,$14.6M,,794ft²,"@$18,388",Land Registry
31/10/2024,Tsui Lam Estate・Nga Lam House (Block 3)・32/F・Flat 9,,$1.38M,--,381ft²,"@$3,622",Land Registry
31/10/2024,Amber Place・18/F・Flat B,,$5.09M,--,300ft²,"@$16,970",Land Registry
31/10/2024,The Arles・Tower 1・43/F・Flat B,,$6.66M,--,337ft²,"@$19,772",Land Registry
31/10/2024,Kornhill・Block K (Flat 9 - 16)・5/F・Flat 10,,$7.2M,,605ft²,"@$11,901",Land Registry
31/10/2024,East Point City・Block 6・36/F・Flat A,,$6.55M,,524ft²,"@$12,500",Land Registry
31/10/2024,Belair Gardens・Carpark・1/F・No.138,,"$850,000",--,--,--,Land Registry
31/10/2024,The Regent・Tower 19・7/F・Flat D,,$7.18M,,586ft²,"@$12,253",Land Registry
31/10/2024,The Pavilia Forest・Phase 3 The Pavilia Forest III・Tower 1・6/F・Flat G,,$6.74M,--,395ft²,"@$17,068",Land Registry
31/10/2024,Novo Land・Phase 3B・Fiskars Tower 2A・5/F・Flat B,,$3.64M,--,292ft²,"@$12,459",Land Registry
31/10/2024,Cullinan Sky・Phase 1・Tower 5・29/F・Flat A8,,$11.32M,--,509ft²,"@$22,243",Land Registry
31/10/2024,Cullinan Sky・Phase 1・Tower 5・26/F・Flat A5,,$7.37M,--,299ft²,"@$24,640",Land Registry
31/10/2024,Cullinan Sky・Phase 1・Tower 5・11/F・Flat B5,,$5.32M,--,240ft²,"@$22,173",Land Registry
31/10/2024,Cullinan Sky・Phase 1・Tower 5・20/F・Flat B8,,$9.27M,--,460ft²,"@$20,143",Land Registry
31/10/2024,Cullinan Sky・Phase 1・Tower 6・26/F・Flat A5,,$7.59M,--,300ft²,"@$25,297",Land Registry
31/10/2024,The Belchers・Phase 1・Tower 2・25/F・Flat G,,$19M,,950ft²,"@$20,000",Land Registry
31/10/2024,Wing Fok Centre・Block 2・5/F・Flat J,,$3.85M,--,479ft²,"@$8,038",Land Registry
31/10/2024,The Papillons・Tower 3・18/F・Flat L,,$13.5M,,883ft²,"@$15,289",Land Registry
31/10/2024,Cullinan Sky・Phase 1・Tower 6・27/F・Flat B5,,$5.62M,--,240ft²,"@$23,400",Land Registry
31/10/2024,Cullinan Sky・Phase 1・Tower 6・28/F・Flat A6,,$12.75M,--,469ft²,"@$27,184",Land Registry
31/10/2024,Cullinan Sky・Phase 1・Tower 6・28/F・Flat B5,,$5.65M,--,240ft²,"@$23,539",Land Registry
31/10/2024,Cullinan Sky・Phase 1・Tower 3・5/F・Flat B5,,$6.1M,--,298ft²,"@$20,457",Land Registry
31/10/2024,Cullinan Sky・Phase 1・Tower 6・27/F・Flat B6,,$5.55M,--,236ft²,"@$23,530",Land Registry
31/10/2024,Cullinan Sky・Phase 1・Tower 6・29/F・Flat B5,,$5.68M,--,240ft²,"@$23,678",Land Registry
31/10/2024,Regentville・Grand Regentville・Block 8・37/F・Flat E,,$4.94M,,424ft²,"@$11,646",Land Registry
31/10/2024,Handsome Court・Block 9・8/F・Flat B,,$5M,,654ft²,"@$7,645",Land Registry
31/10/2024,Nan Fung Plaza・Tower 5・38/F・Flat B,,$6.73M,,608ft²,"@$11,069",Land Registry
31/10/2024,Regentville・Phase 1・Block 1・17/F・Flat H,,$4.48M,,419ft²,"@$10,692",Land Registry
31/10/2024,Ching Tao Court・20/F・Flat 12,,$1.33M,--,--,--,Land Registry
31/10/2024,The Pavilia Forest・Phase 2 The Pavilia Forest II・Tower 2・16/F・Flat F,,$5.22M,--,262ft²,"@$19,908",Land Registry
31/10/2024,Park Yoho・Phase 3 Park Yoho Bologna・Tower 8A・12/F・Flat D,,$3.15M,,279ft²,"@$11,290",Land Registry
31/10/2024,Shan Tsui Court・Tsui Lam House (Block C)・23/F・Flat 2,,$3.3M,--,374ft²,"@$8,824",Land Registry
31/10/2024,The Yoho Hub・Phase C The Yoho Hub II・Tower 6・53/F・Flat D,,$7.89M,--,462ft²,"@$17,068",Land Registry
31/10/2024,Cullinan Sky・Phase 1・Tower 5・8/F・Flat A2,,$6.85M,--,295ft²,"@$23,214",Land Registry
31/10/2024,Cullinan Sky・Phase 1・Tower 5・7/F・Flat A2,,$6.8M,--,295ft²,"@$23,043",Land Registry
31/10/2024,Cullinan Sky・Phase 1・Tower 3・6/F・Flat A1,,$11.25M,--,559ft²,"@$20,125",Land Registry
31/10/2024,Cullinan Sky・Phase 1・Tower 5・28/F・Flat B2,,$6.57M,--,299ft²,"@$21,989",Land Registry
31/10/2024,Cullinan Sky・Phase 1・Tower 5・8/F・Flat A3,,$6.88M,--,299ft²,"@$23,006",Land Registry
31/10/2024,Monterey・Tower 5・18/F・Flat C,,$10.5M,--,692ft²,"@$15,173",Land Registry
31/10/2024,Sorrento・Carpark・G/F・No.5,,$1.25M,--,--,--,Land Registry
31/10/2024,Sorrento・Phase 1・Block 5・13/F・Flat A,,$13.3M,,620ft²,"@$21,452",Land Registry
31/10/2024,Cullinan Sky・Phase 1・Tower 5・33/F・Flat F,,$9.73M,--,458ft²,"@$21,241",Land Registry
31/10/2024,City One Shatin・Commercial Block A・Carpark・2/F・No.277 (Block A),,"$710,000",--,--,--,Land Registry
31/10/2024,Po Lam Estate・Po Tai House (Block 2)・34/F・Flat 13,,$2.6M,--,490ft²,"@$5,306",Land Registry
31/10/2024,Cullinan Sky・Phase 1・Tower 6・27/F・Flat B8,,$10M,--,477ft²,"@$20,968",Land Registry
31/10/2024,Lohas Park・Phase 12B Park Seasons・Tower 2 (2B)・28/F・Flat C,,$6.67M,--,451ft²,"@$14,778",Land Registry
31/10/2024,Lohas Park・Phase 12B Park Seasons・Tower 2 (2B)・25/F・Flat D,,$6.26M,--,437ft²,"@$14,332",Land Registry
31/10/2024,Lohas Park・Phase 12B Park Seasons・Tower 2 (2A)・31/F・Flat A,,$6.66M,--,448ft²,"@$14,873",Land Registry
31/10/2024,Onmantin・Phase 2A・Tower 3・10/F・Flat F,,$10.19M,--,490ft²,"@$20,802",Land Registry
31/10/2024,Onmantin・Phase 2A・Tower 3・9/F・Flat B,,$16.75M,--,725ft²,"@$23,101",Land Registry
31/10/2024,Onmantin・Phase 2A・Tower 3・9/F・Flat F,,$10.08M,--,490ft²,"@$20,573",Land Registry
31/10/2024,Amoy Gardens・Phase 3・Block O・31/F・Flat 2,,$4.4M,,356ft²,"@$12,360",Land Registry
31/10/2024,Koko Hills・Phase 3A Koko Rosso・Tower 6・19/F・Flat A,,$9.87M,--,489ft²,"@$20,180",Land Registry
31/10/2024,The Scenicwoods・House 38,,$4.8M,,--,--,Land Registry
31/10/2024,Cullinan Sky・Phase 1・Tower 5・15/F・Flat B3,,$6.32M,--,296ft²,"@$21,340",Land Registry
31/10/2024,Cullinan Sky・Phase 1・Tower 5・25/F・Flat A2,,$7.34M,--,295ft²,"@$24,865",Land Registry
31/10/2024,Cullinan Sky・Phase 1・Tower 5・26/F・Flat B8,,$9.41M,--,460ft²,"@$20,467",Land Registry
31/10/2024,Taikoo Shing・Kao Shan Terrace・(T-06) Tung Shan Mansion・21/F・Flat B,,$10.92M,,797ft²,"@$13,701",Land Registry
31/10/2024,Jupiter Terrace・Tower 2・17/F・Flat D,,$7M,,478ft²,"@$14,644",Land Registry
31/10/2024,Double Cove・Phase 1・Block 3・8/F・Flat H,,$6.45M,,--,--,Land Registry
31/10/2024,The Yoho Hub・Phase C The Yoho Hub II・Tower 6・48/F・Flat D,,$7.74M,--,462ft²,"@$16,744",Land Registry
31/10/2024,Residence Oasis・Tower 3・41/F・Flat F,,$7M,,490ft²,"@$14,286",Land Registry
31/10/2024,Victoria Harbour・Phase 2B-3 Victoria Harbour II・Tower 2・18/F・Flat A,,$59.02M,--,"1,483ft²","@$39,800",Land Registry
31/10/2024,Jade Court・22/F・Flat B,,$2.8M,,225ft²,"@$12,444",Land Registry
31/10/2024,Cullinan Sky・Phase 1・Tower 3・11/F・Flat B3,,$6.62M,--,301ft²,"@$21,983",Land Registry
31/10/2024,Cullinan Sky・Phase 1・Tower 6・25/F・Flat A3,,$7.4M,--,299ft²,"@$24,751",Land Registry
31/10/2024,Ocean Shores・Phase 2・Tower 10・10/F・Flat B,,$6.55M,,496ft²,"@$13,206",Land Registry
31/10/2024,The Metro City・Phase 3 The Metropolis・Carpark・B/M・No.Rc89,,"$910,000",--,--,--,Land Registry
31/10/2024,Wonder Building・5/F・Flat J,,$2.78M,--,--,--,Land Registry
31/10/2024,Lohas Park・Phase 10 Lp10・Tower 2 (2A)・37/F・Flat A,,$31.2M,--,"1,521ft²","@$20,513",Land Registry
31/10/2024,Lohas Park・Phase 10 Lp10・Tower 2 (2A)・40/F・Flat A,,$31.8M,--,"1,521ft²","@$20,907",Land Registry
31/10/2024,The Corniche・Tower 6・6/F・Flat A,,$45.23M,--,"1,697ft²","@$26,652",Land Registry
31/10/2024,The Corniche・Tower 6・10/F・Flat A,,$41.58M,--,"1,697ft²","@$24,500",Land Registry
31/10/2024,Lohas Park・Phase 12B Park Seasons・Tower 2 (2B)・12/F・Flat F,,$4.66M,--,323ft²,"@$14,433",Land Registry
31/10/2024,Lohas Park・Phase 12B Park Seasons・Tower 2 (2B)・23/F・Flat D,,$6.25M,--,437ft²,"@$14,300",Land Registry
31/10/2024,Lohas Park・Phase 12B Park Seasons・Tower 2 (2B)・23/F・Flat E,,$4.64M,--,324ft²,"@$14,330",Land Registry
31/10/2024,Mantin Heights・Tower 6・7/F・Flat F,,$9.38M,,587ft²,"@$15,980",Land Registry
31/10/2024,58-60 Po Hing Fong・2/F・No. 58,,$5.68M,,344ft²,"@$16,500",Land Registry
31/10/2024,Fuk Shing Building・5/F・No. 314,,$7.73M,,505ft²,"@$15,303",Land Registry
31/10/2024,Cullinan Sky・Phase 1・Tower 5・27/F・Flat A3,,$7.39M,--,299ft²,"@$24,709",Land Registry
31/10/2024,42-42A Hollywood Road・5/F・No. 42,,$7.62M,--,397ft²,"@$19,194",Land Registry
31/10/2024,No. 26 Lyndhurst Terrace・4/F,,$7.1M,--,377ft²,"@$18,833",Land Registry
31/10/2024,Central 8・17/F・Flat A,,$4.15M,--,203ft²,"@$20,456",Land Registry
31/10/2024,Fung Shing Court・Fu Shing House (Block C)・30/F・Flat 14,,$3.05M,--,--,--,Land Registry
31/10/2024,Central 8・25/F・Flat A,,$4.46M,--,203ft²,"@$21,948",Land Registry
31/10/2024,Central 8・23/F・Flat A,,$4.38M,--,203ft²,"@$21,588",Land Registry
31/10/2024,Central 8・22/F・Flat A,,$4.32M,--,203ft²,"@$21,280",Land Registry
31/10/2024,Central 8・16/F・Flat A,,$4.12M,--,203ft²,"@$20,294",Land Registry
31/10/2024,Hopewell House・18/F・Flat T2,,$1.8M,,132ft²,"@$13,636",Land Registry
31/10/2024,City One Shatin・Site 1・Block 3・27/F・Flat B,,$5.6M,--,451ft²,"@$12,417",Land Registry
31/10/2024,Cullinan Sky・Phase 1・Tower 3・19/F・Flat B3,,$6.7M,--,301ft²,"@$22,271",Land Registry
31/10/2024,Cullinan Sky・Phase 1・Tower 3・15/F・Flat B3,,$6.65M,--,301ft²,"@$22,093",Land Registry
31/10/2024,The Aperture・11/F・Flat K,,$8.09M,--,441ft²,"@$18,342",Land Registry
31/10/2024,Aberdeen Centre・Hoi Ying Court (Block L)・11/F・Flat 3,,$4.39M,,432ft²,"@$10,162",Land Registry
31/10/2024,The Belchers・Phase 2・Tower 6・29/F・Flat B,,$14.18M,,767ft²,"@$18,488",Land Registry
31/10/2024,The Southside・Phase 3C Blue Coast II・Tower 5・23/F・Flat C,,$11.71M,--,509ft²,"@$22,998",Land Registry
31/10/2024,The Southside・Phase 3C Blue Coast II・Tower 5・32/F・Flat H,,$11.09M,--,489ft²,"@$22,685",Land Registry
31/10/2024,Miami Quay・Phase 1・Tower 2・19/F・Flat D,,$10.53M,--,457ft²,"@$23,046",Land Registry
31/10/2024,Kwun Shan Court・30/F・Flat 2,,$2.19M,--,--,--,Land Registry
31/10/2024,Cullinan Sky・Phase 1・Tower 5・17/F・Flat B8,,$9.21M,--,460ft²,"@$20,023",Land Registry
31/10/2024,Cullinan Sky・Phase 1・Tower 6・27/F・Flat A5,,$7.65M,--,300ft²,"@$25,488",Land Registry
31/10/2024,Cullinan Sky・Phase 1・Tower 6・26/F・Flat B5,,$5.51M,--,240ft²,"@$22,974",Land Registry
31/10/2024,Cullinan Sky・Phase 1・Tower 6・27/F・Flat A3,,$7.49M,--,299ft²,"@$25,036",Land Registry
31/10/2024,Cullinan Sky・Phase 1・Tower 6・23/F・Flat B5,,$5.48M,--,240ft²,"@$22,815",Land Registry
31/10/2024,June Garden・Block 3・10/F・Flat F,,$4.15M,--,445ft²,"@$9,326",Land Registry
31/10/2024,Park Yoho・Phase 1B Park Yoho Venezia・Tower 6A・9/F・Flat B,,$8.5M,--,--,--,Land Registry
31/10/2024,Ayton・Tower 1・7/F・Flat D,,$20.5M,--,651ft²,"@$31,490",Land Registry
31/10/2024,Ayton・Tower 1・2/F・Flat A,,$27.5M,--,"1,188ft²","@$23,148",Land Registry
31/10/2024,La Cite Noble・Block 4・34/F・Flat F,,$5.35M,,377ft²,"@$14,191",Land Registry
31/10/2024,The Cairnhill・Phase 1・Carpark・3/F・No.P13,,"$500,000",--,--,--,Land Registry
31/10/2024,Ka Bo Building・21/F・Flat B,,$4M,,335ft²,"@$11,940",Land Registry
31/10/2024,Hankow Centre・Block A・12/F・Flat A6,,$10.5M,--,905ft²,"@$11,602",Land Registry
31/10/2024,The Pacifica・Phase 1・Tower 5・15/F・Flat B,,$6.32M,,441ft²,"@$14,331",Land Registry
31/10/2024,Kingswood Villas・Phase 6 Maywood Court・Carpark・B/M・No.315,,$1M,--,--,--,Land Registry
31/10/2024,Holford Gardens・Fook Hey Court (Block 2)・10/F・Flat G,,$3.93M,--,482ft²,"@$8,154",Land Registry
31/10/2024,Kam Ying Court・Kam Yee House (Block K)・10/F・Flat 2,,$4.74M,--,645ft²,"@$7,349",Land Registry
31/10/2024,Ontolo・Tower 8B・3/F・Flat D,,$7.33M,,--,--,Land Registry
31/10/2024,Central 8・20/F・Flat A,,$4.24M,--,203ft²,"@$20,887",Land Registry
31/10/2024,The Yoho Hub・Phase C The Yoho Hub II・Tower 6・32/F・Flat H,,$12.88M,--,901ft²,"@$14,292",Land Registry
31/10/2024,Victoria Harbour・Phase 2B-3 Victoria Harbour II・Tower 2・6/F・Flat B,,$39.84M,--,"1,153ft²","@$34,550",Land Registry
31/10/2024,Dynasty Court・Tower 3・9/F・Flat A,,$50.3M,--,"1,530ft²","@$32,876",Land Registry
31/10/2024,Discovery Bay・Phase 5-Greenvale Village・Greenfield Court (Block 3)・8/F・Flat A,,$4.38M,,693ft²,"@$6,320",Land Registry
31/10/2024,Sorrento・Phase 1・Block 5・22/F・Flat G,,$16.28M,,772ft²,"@$21,088",Land Registry
31/10/2024,The Pavilia Farm・Phase 1・Tower 2 (2B)・12/F・Flat C,,$10.28M,,--,--,Land Registry
31/10/2024,Mei Foo Sun Chuen・Phase 8・102-104 Broadway・5/F・Flat A No. 104,,$12.58M,--,"1,327ft²","@$9,480",Land Registry
31/10/2024,Miami Quay・Phase 1・Tower 1・29/F・Flat A,,$18.9M,--,716ft²,"@$26,391",Land Registry
31/10/2024,Yoho Town・Phase 2 Yoho Midtown・Block M1・26/F・Flat A,,$6.26M,,443ft²,"@$14,131",Land Registry
31/10/2024,Heya Crystal・Tower 2・25/F・Flat C,,$7.5M,,505ft²,"@$14,851",Land Registry
31/10/2024,Bellagio・Phase 3・Tower 3・15/F・Flat G,,$5.38M,,515ft²,"@$10,447",Land Registry
31/10/2024,Ocean Pride・Phase 3A Ocean Supreme・Tower 3B・52/F・Flat A,,$9.6M,,530ft²,"@$18,109",Land Registry
31/10/2024,Tai Po Plaza・Yee Hing Court (Block 4)・15/F・Flat G,,$3.88M,--,--,--,Land Registry
31/10/2024,Cullinan Sky・Phase 1・Tower 6・30/F・Flat B5,,$5.73M,--,240ft²,"@$23,863",Land Registry
31/10/2024,Cullinan Sky・Phase 1・Tower 6・29/F・Flat B8,,$10.08M,--,477ft²,"@$21,136",Land Registry
31/10/2024,Cullinan Sky・Phase 1・Tower 5・35/F・Flat D,,$14.47M,--,655ft²,"@$22,096",Land Registry
31/10/2024,The Yoho Hub・Phase C The Yoho Hub II・Tower 6・47/F・Flat G,,$13.4M,--,856ft²,"@$15,659",Land Registry
31/10/2024,Villa Lucca・Tower 1,,$19.29M,--,"1,388ft²","@$13,900",Land Registry
31/10/2024,Novo Land・Phase 3B・Fiskars Tower 1・6/F・Flat D,,$5.16M,--,434ft²,"@$11,895",Land Registry
31/10/2024,Tin Yau Court・Yau Tai House (Block C)・11/F・Flat 10,,$3.88M,--,606ft²,"@$6,403",Land Registry
31/10/2024,Saddle Ridge Garden・Block 1・15/F・Flat A,,$3.75M,--,--,--,Land Registry
31/10/2024,Ko Wang Court・Block A・27/F・Flat 10,,$1.64M,--,--,--,Land Registry
31/10/2024,Tai On Building・14/F・Flat 25,,$3M,--,352ft²,"@$8,523",Land Registry
31/10/2024,Sky Tower・Block 5・46/F・Flat C,,$8.68M,,539ft²,"@$16,104",Land Registry
31/10/2024,Lohas Park・Phase 8 Sea To Sky・Carpark・1/F・No.R18,,$2.23M,--,--,--,Land Registry
31/10/2024,The Wings・IIIA・Tower 3A・11/F・Flat A,,$10.8M,,673ft²,"@$16,048",Land Registry
31/10/2024,Novo Land・Phase 3B・Fiskars Tower 2A・7/F・Flat B,,$3.65M,--,292ft²,"@$12,498",Land Registry
31/10/2024,Perth Garden・Grave Court・8/F・Flat C,,$9.95M,--,812ft²,"@$12,254",Land Registry
31/10/2024,Lions Rise・Tower 3A・40/F・Flat A,,$11.38M,,715ft²,"@$15,916",Land Registry
31/10/2024,Tin Ma Court・Chun Fei House (Block C)・17/F・Flat 11,,$4.15M,--,415ft²,"@$10,000",Land Registry
31/10/2024,Garden Vista・Phase 2・Block D・12/F・Flat 8,,$7.95M,,764ft²,"@$10,406",Land Registry
31/10/2024,Cheung (Cheong) Ling Mansion・5/F・Flat G,,$6.68M,,865ft²,"@$7,723",Land Registry
31/10/2024,Hong Tin Court・Kei Hong House (Block C)・21/F・Flat 7,,$4.38M,--,420ft²,"@$10,429",Land Registry
31/10/2024,Ka Wai Chuen・Ka Shing Lau (Block 7)・16/F・Flat C,,$4.8M,--,--,--,Land Registry
31/10/2024,The Signature・30/F・Flat B,,$46M,,"1,542ft²","@$29,831",Land Registry
31/10/2024,Cullinan Sky・Phase 1・Tower 3・7/F・Flat B5,,$6.4M,--,298ft²,"@$21,492",Land Registry
31/10/2024,Ocean Shores・Phase 3・Tower 17・42/F・Flat A,,$6.75M,,516ft²,"@$13,081",Land Registry
31/10/2024,Chevalier Garden・Block 11・15/F・Flat H,,$3.75M,--,484ft²,"@$7,748",Land Registry
31/10/2024,Bondlane II・7/F・Flat S10,,$5.96M,--,259ft²,"@$23,012",Land Registry
31/10/2024,Gold Coast Bay・Phase 1 The Uppland・Tower 3・16/F・Flat N,,$3.41M,--,307ft²,"@$11,091",Land Registry
31/10/2024,Cullinan Sky・Phase 1・Tower 5・28/F・Flat A3,,$7.4M,--,299ft²,"@$24,743",Land Registry
31/10/2024,Cullinan Sky・Phase 1・Tower 5・30/F・Flat A3,,$7.48M,--,299ft²,"@$25,015",Land Registry
31/10/2024,Cullinan Sky・Phase 1・Tower 5・29/F・Flat A2,,$7.37M,--,295ft²,"@$24,992",Land Registry
31/10/2024,Cullinan Sky・Phase 1・Tower 5・28/F・Flat A2,,$7.37M,--,295ft²,"@$24,971",Land Registry
31/10/2024,Cullinan Sky・Phase 1・Tower 5・30/F・Flat A2,,$7.45M,--,295ft²,"@$25,241",Land Registry
31/10/2024,Novo Land・Phase 3B・Fiskars Tower 2B・35/F・Flat B,,$5.29M,--,441ft²,"@$11,994",Land Registry
31/10/2024,Luk Yeung Sun Chuen・Block J・19/F・Flat 2,,$4.46M,,445ft²,"@$10,022",Land Registry
31/10/2024,Tsuen Wan Centre・Block 11 (Nanchang House)・19/F・Flat H,,$2.92M,--,324ft²,"@$9,012",Land Registry
31/10/2024,Hanford Garden・Block 5・19/F・Flat F,,$5.4M,,624ft²,"@$8,654",Land Registry
31/10/2024,Uptown Plaza・Block 5・19/F・Flat H,,$7M,,620ft²,"@$11,290",Land Registry
31/10/2024,Wai Wah Centre・Block 1・16/F・Flat H,,$3.5M,,297ft²,"@$11,785",Land Registry
31/10/2024,The Yoho Hub・Phase C The Yoho Hub II・Tower 6・21/F・Flat A,,$7.09M,--,462ft²,"@$15,342",Land Registry
31/10/2024,Monte Vista・Block 9・32/F・Flat A,,$7.5M,,751ft²,"@$9,987",Land Registry
31/10/2024,Shatin Centre・On Ning Building (Block E)・3/F・Flat D,,$3.7M,,--,--,Land Registry
31/10/2024,The Pavilia Forest・Phase 2 The Pavilia Forest II・Tower 3・5/F・Flat E,,$6.27M,--,383ft²,"@$16,360",Land Registry
31/10/2024,The Pavilia Forest・Phase 2 The Pavilia Forest II・Tower 3・12/F・Flat E,,$6.85M,--,383ft²,"@$17,893",Land Registry
31/10/2024,Manor Hill・Tower 1・23/F・Flat A9,,$5.57M,--,300ft²,"@$18,560",Land Registry
31/10/2024,Discovery Bay・Phase 12 Siena Two・Block 40・6/F・Flat C,,$3M,,442ft²,"@$6,787",Land Registry
31/10/2024,Sky Tower・Block 6・29/F・Flat F,,$7.58M,,539ft²,"@$14,055",Land Registry
31/10/2024,Koway Court・Block 1・15/F・Flat D,,$4.4M,--,396ft²,"@$11,111",Land Registry
31/10/2024,Manhattan Hill・Tower 3・30/F・Flat E,,$8.81M,,538ft²,"@$16,375",Land Registry
31/10/2024,The Pavilia Bay・Tower 2B・9/F・Flat D,,$4.45M,,318ft²,"@$13,994",Land Registry
31/10/2024,Kwai Fong Terrace・Block 1・19/F・Flat D,,$4.18M,,397ft²,"@$10,529",Land Registry
31/10/2024,On Ning Garden・Block 3・17/F・Flat D,,$4.8M,--,538ft²,"@$8,922",Land Registry
31/10/2024,Bauhinia Garden・Tower 6・30/F・Flat B,,$4.9M,--,484ft²,"@$10,124",Land Registry
31/10/2024,Kwai Dao (Do) Building・19/F・Flat D,,$2.88M,--,384ft²,"@$7,500",Land Registry
31/10/2024,Cullinan Harbour・Phase 1・Tower 3・18/F・Flat B,,$38.58M,--,"1,089ft²","@$35,425",Land Registry
31/10/2024,Onmantin・Phase 2A・Tower 3・22/F・Flat B,,$17.58M,--,725ft²,"@$24,254",Land Registry
31/10/2024,City One Shatin・Site 5・Carpark・1/F・No.192,,"$700,000",--,--,--,Land Registry
31/10/2024,Cullinan Sky・Phase 1・Tower 3・26/F・Flat B2,,$6.74M,--,298ft²,"@$22,630",Land Registry
31/10/2024,Discovery Bay・Phase 13 Chianti・The Barion (Block 2)・9/F・Flat A,,$8.35M,,915ft²,"@$9,126",Land Registry
31/10/2024,The Southside・Phase 2 La Marina・Tower 2 (2B)・21/F・Flat C,,$18M,,749ft²,"@$24,032",Land Registry
31/10/2024,Crystal Park・Carpark・NO.50・No.59,,$1.18M,--,--,--,Land Registry
31/10/2024,Cullinan Sky・Phase 1・Tower 5・19/F・Flat A8,,$10.85M,--,509ft²,"@$21,318",Land Registry
31/10/2024,Ching Lai Court・Lai Tai House (Block D)・6/F・Flat 3,,$3.4M,--,411ft²,"@$8,273",Land Registry
31/10/2024,Cullinan Sky・Phase 1・Tower 6・10/F・Flat A3,,$7.18M,--,299ft²,"@$24,019",Land Registry
31/10/2024,Peridot Court・Block 5・4/F・Flat A,,$7.58M,,"1,005ft²","@$7,542",Land Registry
31/10/2024,Lohas Park・Phase 12B Park Seasons・Tower 2 (2B)・10/F・Flat F,,$4.54M,--,323ft²,"@$14,059",Land Registry
31/10/2024,Lohas Park・Phase 12B Park Seasons・Tower 2 (2B)・15/F・Flat C,,$6.5M,--,451ft²,"@$14,421",Land Registry
31/10/2024,Lohas Park・Phase 12B Park Seasons・Tower 2 (2B)・35/F・Flat B,,$4.74M,--,314ft²,"@$15,089",Land Registry
30/10/2024,Greenery Place・Tower 2・Upper Floor・Flat E,,$4.82M,--,446ft²,"@$10,807",Centaline
30/10/2024,Amoy Gardens・Phase 1・Block A・Lower Floor・Flat 8,,$4.18M,--,375ft²,"@$11,147",Centaline
30/10/2024,Jubilee Garden・Block 7・Lower Floor・Flat B,,$4.73M,--,510ft²,"@$9,275",Centaline
30/10/2024,Grand Central・Phase 2・Tower 5・Upper Floor・Flat A,,$17.8M,--,958ft²,"@$18,580",Centaline
30/10/2024,Coastal Skyline・Phase 1・Block 1・Middle Floor・Flat H,,$4.7M,--,381ft²,"@$12,336",Centaline
30/10/2024,Caribbean Coast・Phase 2 Albany Cove・Tower 8・Lower Floor・Flat D,,$6.2M,--,630ft²,"@$9,841",Centaline
30/10/2024,Double Cove・Phase 2 Double Cove Starview・Block 21・Upper Floor・Flat E,,$6.98M,--,498ft²,"@$14,016",Centaline
30/10/2024,Nan Fung Sun Chuen・Block 8・Middle Floor・Flat A,,$6.08M,--,570ft²,"@$10,667",Centaline
30/10/2024,King Ming Mansion・Lower Floor・Flat A,,$5.15M,--,382ft²,"@$13,482",Centaline
30/10/2024,Mount Pavilia・Tower 15・Middle Floor・Flat D,,$15.6M,--,"1,184ft²","@$13,176",Centaline
30/10/2024,Park Avenue・Phase 1・Tower 9・Middle Floor・Flat G,,$7.94M,--,466ft²,"@$17,034",Centaline
30/10/2024,Crystal Court・Upper Floor・Flat E,,$7.38M,--,712ft²,"@$10,365",Centaline
30/10/2024,Seaside Sonata・Tower 1・Middle Floor・Flat A,,$6.91M,--,496ft²,"@$13,931",Centaline
30/10/2024,Villa Carlton・Block 3・Upper Floor・Flat B,,$11.4M,--,"1,293ft²","@$8,817",Centaline
30/10/2024,Luk Yeung Sun Chuen・Block R・Middle Floor・Flat 8,,$5.15M,--,475ft²,"@$10,842",Centaline
30/10/2024,Double Cove・Phase 4 Double Cove Grandview・Block 6・Middle Floor・Flat G,,$8.25M,--,546ft²,"@$15,110",Centaline
30/10/2024,Mayfair By The Sea・Ll・Tower 10・Upper Floor・Flat A,,$37.5M,--,"1,713ft²","@$21,891",Centaline
30/10/2024,New Kwai Fong Gardens・Block C・Lower Floor・Flat 3,,$4.43M,--,408ft²,"@$10,858",Centaline
30/10/2024,One Silversea・Tower 2・Upper Floor・Flat B,,$23.5M,--,"1,019ft²","@$23,062",Centaline
30/10/2024,One Silversea・Tower 2・Upper Floor・Flat A,,$23.5M,--,"1,019ft²","@$23,062",Centaline
30/10/2024,Coastal Skyline・Phase 4 Le Bleu Deux・Block 3・Upper Floor・Flat F,,$7.04M,--,549ft²,"@$12,820",Centaline
30/10/2024,Wetland Seasons Park・Phase 2・Tower 5・Lower Floor・Flat A8,,$5.05M,--,465ft²,"@$10,860",Centaline
30/10/2024,Lei King Wan・Sites D・Block 15 On Chak Mansion・Upper Floor・Flat B,,$7.77M,--,601ft²,"@$12,925",Centaline
30/10/2024,Oasis Kai Tak・Tower 3・Middle Floor・Flat A,,$10.5M,--,545ft²,"@$19,266",Centaline
30/10/2024,Yick Fung Garden・Block A・Lower Floor・Flat D,,$5.1M,--,405ft²,"@$12,593",Centaline
30/10/2024,South Horizons・Phase 3・Mei Hay Court (Block 18)・Upper Floor・Flat G,,$14M,--,888ft²,"@$15,766",Centaline
30/10/2024,The Beaumount・II・Tower 3・Middle Floor・Flat E,,$5.48M,--,510ft²,"@$10,745",Centaline
30/10/2024,Belvedere Garden・Phase 2・Block 5・Middle Floor・Flat A,,$5.45M,--,668ft²,"@$8,159",Centaline
30/10/2024,K. City・Tower 9・Middle Floor・Flat D,,$5.8M,--,348ft²,"@$16,667",Centaline
30/10/2024,Coastal Skyline・Phase 1・Block 1・Middle Floor・Flat C,,$9.68M,--,911ft²,"@$10,626",Centaline
30/10/2024,Metro Harbour View・Phase 2・Tower 10・Upper Floor・Flat A,,$5.48M,--,411ft²,"@$13,333",Centaline
30/10/2024,Whampoa Garden・Phase 2 Cherry Mansions・Block 12・Lower Floor・Flat C,,$5.45M,--,389ft²,"@$14,010",Centaline
30/10/2024,Harbour Green・Tower 2・Middle Floor・Flat C,,$16M,--,887ft²,"@$18,038",Centaline
30/10/2024,Emerald Green・Block 5・Upper Floor・Flat F,,$6.63M,--,667ft²,"@$9,940",Centaline
30/10/2024,Central Park Towers・Phase 2 Central Park Towers II・Tower 7・Lower Floor・Flat B,,$4.62M,--,510ft²,"@$9,059",Centaline
30/10/2024,Twin Peaks・Tower 2・Lower Floor・Flat D,,,--,516ft²,@$38,Centaline
30/10/2024,The Austin・Tower 2・Upper Floor・Flat A,,,--,"1,478ft²",@$51,Centaline
30/10/2024,Solaria・Tower 7・Upper Floor・Flat F,,,--,526ft²,@$35,Centaline
30/10/2024,Park Signature・Tower 9・Upper Floor・Flat A,,,--,512ft²,@$26,Centaline
30/10/2024,Miami Quay・Phase 1・Tower 2・Lower Floor・Flat D,,,--,452ft²,@$41,Centaline
30/10/2024,The Visionary・Tower 2・Middle Floor・Flat C,,,--,700ft²,@$33,Centaline
30/10/2024,Mantin Heights・Tower 7・Middle Floor・Flat E,,,--,527ft²,@$49,Centaline
30/10/2024,The Horizon・Court B Tower 1・Upper Floor・Flat B,,,--,506ft²,@$35,Centaline
30/10/2024,Yoho Town・Phase 1・Block 3・Upper Floor・Flat C,,,--,393ft²,@$37,Centaline
30/10/2024,Kam Hay Court・Kam Foon House (Block A)・Upper Floor・Flat 8,,,--,401ft²,@$31,Centaline
30/10/2024,Sunshine City・Phase 4・Block J・Upper Floor・Flat 2,,,--,338ft²,@$42,Centaline
30/10/2024,Century Link・Phase 1・Tower 5A・Middle Floor・Flat 7,,,--,483ft²,@$38,Centaline
30/10/2024,The Visionary・Tower 7・Middle Floor・Flat D,,,--,671ft²,@$37,Centaline
30/10/2024,Solaria・Tower 6・Upper Floor・Flat J,,,--,336ft²,@$42,Centaline
30/10/2024,Artisan House・Middle Floor・Flat B,,,--,462ft²,@$56,Centaline
30/10/2024,Yat Nga Court・Yat Yan House (Block B)・Lower Floor・Flat 12,,,--,443ft²,@$30,Centaline
30/10/2024,The Upper South・Upper Floor・Flat D,,,--,183ft²,@$73,Centaline
30/10/2024,Cullinan Sky・Phase 1・Tower 6・20/F・Flat A6,,$11.75M,--,469ft²,"@$25,049",Land Registry
30/10/2024,Fair Way Garden・Block C・23/F・Flat 5,,$4M,--,352ft²,"@$11,364",Land Registry
30/10/2024,Shing Wah Building・20/F・Flat D,,$3.21M,,--,--,Land Registry
30/10/2024,Cullinan Sky・Phase 1・Tower 5・7/F・Flat B6,,$5.17M,--,236ft²,"@$21,920",Land Registry
30/10/2024,Cullinan Sky・Phase 1・Tower 6・16/F・Flat B1,,$9.24M,--,467ft²,"@$19,785",Land Registry
30/10/2024,The Pavilia Forest・Phase 3 The Pavilia Forest III・Tower 1・20/F・Flat D,,$4.96M,--,263ft²,"@$18,840",Land Registry
30/10/2024,Novo Land・Phase 3B・Fiskars Tower 1・15/F・Flat H,,$5.03M,--,417ft²,"@$12,058",Land Registry
30/10/2024,Siu Tsui Court・Block A・26/F・Flat 3,,$3.09M,--,--,--,Land Registry
30/10/2024,Kai Yan Court・Block A・7/F・Flat 11,,$3.54M,--,--,--,Land Registry
30/10/2024,Siu Tsui Court・Block A・18/F・Flat 8,,$3.4M,--,--,--,Land Registry
30/10/2024,Kwun Shan Court・20/F・Flat 6,,$3.39M,--,--,--,Land Registry
30/10/2024,On Lai Court・Block A・21/F・Flat 2,,$3.12M,--,--,--,Land Registry
30/10/2024,Gillies Mansion・7/F・Flat G (No. 69),,$4M,,511ft²,"@$7,828",Land Registry
30/10/2024,Villa Lucca・Tower 3,,$13.34M,--,"1,160ft²","@$11,500",Land Registry
30/10/2024,Tsuen King Garden・Phase 2・Block 10・14/F・Flat H,,$5.2M,,551ft²,"@$9,437",Land Registry
30/10/2024,Ching Tao Court・13/F・Flat 2,,$1.19M,--,--,--,Land Registry
30/10/2024,Taikoo Shing・Kam Din Terrace・Carpark・1/F・No.138,,$1.1M,--,--,--,Land Registry
30/10/2024,The Reach・Tower 12・10/F・Flat K,,$4.1M,,411ft²,"@$9,976",Land Registry
30/10/2024,The Metro City・Phase 2・Tower 2・9/F・Flat F,,$5.04M,,363ft²,"@$13,879",Land Registry
30/10/2024,"Fairview Park・Section F, 1St Street・No. 1D",,$8M,--,"1,035ft²","@$7,729",Land Registry
30/10/2024,Park Central・Phase 2・Tower 11・2/F・Flat D,,$5M,,384ft²,"@$13,021",Land Registry
30/10/2024,Uptown East・Tower 1B・9/F・Flat G,,$7.22M,--,494ft²,"@$14,621",Land Registry
30/10/2024,Cullinan Sky・Phase 1・Tower 6・5/F・Flat B1,,$8.58M,--,467ft²,"@$18,363",Land Registry
30/10/2024,On Fat Building・20/F・Flat G,,$3.05M,,322ft²,"@$9,472",Land Registry
30/10/2024,Winner Building・10/F・Flat A,,$3.12M,--,334ft²,"@$9,341",Land Registry
30/10/2024,Hong Sing Gardens・Block 4・6/F・Flat B,,$4.23M,--,589ft²,"@$7,182",Land Registry
30/10/2024,Golden Dragon Garden・19/F・Flat G,,$5.98M,,614ft²,"@$9,739",Land Registry
30/10/2024,Cullinan West・Phase 3 Cullinan West Il・Tower 3B・22/F・Flat G,,$4.9M,,272ft²,"@$18,015",Land Registry
30/10/2024,Hong Lok Mansion・11/F・No. 74,,$4.3M,,541ft²,"@$7,948",Land Registry
30/10/2024,Laguna Verde・Phase 4 Laguna Grande・Carpark・BM3・No.105,,$1.65M,--,--,--,Land Registry
30/10/2024,Bell House (Block A-C)・16/F・Flat 10,,$4.25M,--,573ft²,"@$7,417",Land Registry
30/10/2024,City One Shatin・Site 4・Block 40・3/F・Flat C,,$3.9M,,304ft²,"@$12,829",Land Registry
30/10/2024,Kwai Fong Terrace・Block 1・19/F・Flat E,,$3M,,397ft²,"@$7,557",Land Registry
30/10/2024,The Latitude・Tower 8・11/F・Flat C,,$8.33M,,588ft²,"@$14,167",Land Registry
30/10/2024,Hoi Sing Building・1/F・Flat A,,$2.88M,,325ft²,"@$8,862",Land Registry
30/10/2024,Man Po Building・20/F・Flat A,,$3.62M,--,460ft²,"@$7,870",Land Registry
30/10/2024,Avon Park・Block 3・7/F・Flat H,,$3.9M,,400ft²,"@$9,750",Land Registry
30/10/2024,Cullinan Sky・Phase 1・Tower 3・15/F・Flat B5,,$6.58M,--,298ft²,"@$22,093",Land Registry
30/10/2024,Ching Tao Court・26/F・Flat 6,,$1.24M,--,--,--,Land Registry
30/10/2024,Avon Park・Block 2・27/F・Flat G,,$3.6M,,400ft²,"@$9,000",Land Registry
30/10/2024,Ching Tao Court・16/F・Flat 1,,$1.22M,--,--,--,Land Registry
30/10/2024,Hilton Plaza・Block C・27/F・Flat 6,,$4.6M,--,412ft²,"@$11,165",Land Registry
30/10/2024,Cullinan Sky・Phase 1・Tower 3・11/F・Flat B5,,$6.55M,--,298ft²,"@$21,983",Land Registry
30/10/2024,Cullinan Sky・Phase 1・Tower 3・25/F・Flat B2,,$6.73M,--,298ft²,"@$22,585",Land Registry
30/10/2024,One Victoria・Tower 2B・18/F・Flat H,,$6.82M,--,349ft²,"@$19,544",Land Registry
30/10/2024,Island Place・Block 1 (One Island Place)・35/F・Flat F,,$13M,,791ft²,"@$16,435",Land Registry
30/10/2024,Ching Tao Court・6/F・Flat 1,,$1.16M,--,--,--,Land Registry
30/10/2024,Ching Tao Court・29/F・Flat 6,,$1.25M,--,--,--,Land Registry
30/10/2024,Ching Tao Court・28/F・Flat 3,,$1.28M,--,--,--,Land Registry
30/10/2024,Ching Tao Court・28/F・Flat 2,,$1.25M,--,--,--,Land Registry
30/10/2024,Ching Tao Court・25/F・Flat 5,,$1.24M,--,--,--,Land Registry
30/10/2024,Yu Ming Court・Yu Cheong House (Block B)・17/F・Flat 13,,$5.2M,--,546ft²,"@$9,524",Land Registry
30/10/2024,The Long Beach・Tower 6・21/F・Flat A,,$8.55M,,550ft²,"@$15,545",Land Registry
30/10/2024,The Pavilia Forest・Phase 2 The Pavilia Forest II・Tower 3・16/F・Flat F,,$4.97M,--,262ft²,"@$18,958",Land Registry
30/10/2024,Cullinan Sky・Phase 1・Tower 3・9/F・Flat B6,,$9.21M,--,437ft²,"@$21,071",Land Registry
30/10/2024,The Pavilia Forest・Phase 2 The Pavilia Forest II・Tower 2・9/F・Flat E,,$6.42M,--,383ft²,"@$16,765",Land Registry
30/10/2024,Cullinan Sky・Phase 1・Tower 3・9/F・Flat B5,,$6.51M,--,298ft²,"@$21,851",Land Registry
30/10/2024,Cullinan Sky・Phase 1・Tower 3・9/F・Flat B3,,$6.58M,--,301ft²,"@$21,851",Land Registry
30/10/2024,Cullinan Sky・Phase 1・Tower 3・9/F・Flat B2,,$6.51M,--,298ft²,"@$21,851",Land Registry
30/10/2024,The Pavilia Forest・Phase 2 The Pavilia Forest II・Tower 3・11/F・Flat G,,$7.01M,--,392ft²,"@$17,870",Land Registry
30/10/2024,Cullinan Sky・Phase 1・Tower 6・18/F・Flat B8,,$9.76M,--,477ft²,"@$20,471",Land Registry
30/10/2024,Cullinan Sky・Phase 1・Tower 5・18/F・Flat B8,,$8.87M,--,460ft²,"@$19,282",Land Registry
30/10/2024,18 Durham Road・G/F・No. 18,,$73M,,"2,210ft²","@$33,032",Land Registry
30/10/2024,Ocean Camino・Phase 1・Tower 2A・17/F・Flat D,,$5.2M,,383ft²,"@$13,577",Land Registry
30/10/2024,Cullinan Sky・Phase 1・Tower 5・27/F・Flat A1,,$11.44M,--,501ft²,"@$22,840",Land Registry
30/10/2024,Cullinan Sky・Phase 1・Tower 5・30/F・Flat B6,,$5.66M,--,236ft²,"@$23,997",Land Registry
30/10/2024,Cullinan Sky・Phase 1・Tower 5・30/F・Flat B5,,$5.73M,--,240ft²,"@$23,863",Land Registry
30/10/2024,The Pacifica・Carpark・5/F・No.R179,,$1.15M,--,--,--,Land Registry
30/10/2024,93 Fuk Wa Street・1/F・No. 93,,$4.1M,--,747ft²,"@$5,489",Land Registry
30/10/2024,Cullinan Sky・Phase 1・Tower 5・33/F・Flat E,,$9.73M,--,457ft²,"@$21,287",Land Registry
30/10/2024,Ocean View・Carpark・1/F・No.L171,,"$920,000",--,--,--,Land Registry
30/10/2024,Mei Foo Sun Chuen・Phase 3・Carpark・G/F・No.72,,$1.18M,--,--,--,Land Registry
30/10/2024,Nga Tsin Wai Building・8/F・Flat E,,$4.62M,--,581ft²,"@$7,952",Land Registry
30/10/2024,Belvedere Garden・Phase 1・Block 1・3/F・Flat F,,$4.09M,--,481ft²,"@$8,503",Land Registry
30/10/2024,Taikoo Shing・Harbour View Gardens (West)・(T-37) Maple Mansion・19/F・Flat F,,$12.98M,,897ft²,"@$14,470",Land Registry
30/10/2024,Tin On House・15/F・Flat A,,$2.48M,,374ft²,"@$6,631",Land Registry
30/10/2024,Kwan Yick Building・Phase 1・Kwan Yick Building Phase 1・19/F・Flat 5D,,$2.9M,,269ft²,"@$10,781",Land Registry
30/10/2024,Ching Tao Court・18/F・Flat 15,,$1.26M,--,--,--,Land Registry
30/10/2024,Taikoo Shing・Harbour View Gardens (West)・(T-34) Banyan Mansion・15/F・Flat G,,$13.8M,,"1,015ft²","@$13,596",Land Registry
30/10/2024,Larchwood・11/F・Flat H,,$4.09M,--,204ft²,"@$20,039",Land Registry
30/10/2024,Manor Hill・Tower 2・30/F・Flat C11,,$5.64M,--,291ft²,"@$19,385",Land Registry
30/10/2024,One Jardine's Lookout・25/F・Flat A,,$3.93M,--,179ft²,"@$21,980",Land Registry
30/10/2024,Bik Lan House・7/F・Flat C,,$3M,,348ft²,"@$8,621",Land Registry
30/10/2024,Sky Tower・Block 3・20/F・Flat E,,$6.5M,,452ft²,"@$14,381",Land Registry
30/10/2024,Tai Hing Gardens・Phase 2・Tower 3・7/F・Flat B,,$3.59M,,447ft²,"@$8,031",Land Registry
30/10/2024,Helena Garden・13/F・Flat B,,$12.5M,,"1,145ft²","@$10,917",Land Registry
30/10/2024,Choi Po Court・Choi Ching House (Block B)・32/F・Flat 14,,$3.45M,--,394ft²,"@$8,756",Land Registry
30/10/2024,Harbour Green・Tower 5・38/F・Flat E,,$8.58M,,478ft²,"@$17,950",Land Registry
30/10/2024,Central Park Towers・Phase 2 Central Park Towers II・Tower 8・41/F・Flat C,,$4.53M,,502ft²,"@$9,014",Land Registry
30/10/2024,After The Rain・8/F・Flat E,,$8.81M,--,717ft²,"@$12,288",Land Registry
30/10/2024,Beverly Villa・Block 10・11/F・Flat C,,$14.38M,,"1,211ft²","@$11,874",Land Registry
30/10/2024,Beverly Villa・Carpark・G/F・No.194,,$1.62M,--,--,--,Land Registry
30/10/2024,Park Haven・27/F・Flat F,,$6.62M,,375ft²,"@$17,648",Land Registry
30/10/2024,Yen May Building・12/F・Flat C,,$3.23M,,225ft²,"@$14,356",Land Registry
30/10/2024,Regency Park・Tower 1・6/F・Flat A,,$12.8M,--,"1,139ft²","@$11,238",Land Registry
30/10/2024,Central 8・31/F・Flat A,,$4.71M,--,202ft²,"@$23,322",Land Registry
30/10/2024,South Horizons・Phase 3・Mei Hong Court (Block 19)・10/F・Flat G,,$12.3M,--,888ft²,"@$13,851",Land Registry
30/10/2024,Win Fong Heights・7/F・Flat E,,$3.8M,--,446ft²,"@$8,520",Land Registry
30/10/2024,Miami Quay・Phase 1・Tower 1・16/F・Flat C,,$12.32M,--,485ft²,"@$25,394",Land Registry
30/10/2024,Central 8・30/F・Flat A,,$4.69M,--,202ft²,"@$23,206",Land Registry
30/10/2024,Cullinan Sky・Phase 1・Tower 5・27/F・Flat A2,,$7.36M,--,295ft²,"@$24,936",Land Registry
30/10/2024,The Hazelton・House 3,,$87.8M,--,"2,634ft²","@$33,333",Land Registry
30/10/2024,Chelsea Court・Tower South (A2)・8/F・Flat F,,$5.45M,,474ft²,"@$11,498",Land Registry
30/10/2024,Marbella・Block 2 (Tower B)・20/F・Flat B,,$7.5M,,736ft²,"@$10,190",Land Registry
30/10/2024,The Pavilia Forest・Phase 2 The Pavilia Forest II・Tower 3・15/F・Flat P,,$6.79M,--,383ft²,"@$17,726",Land Registry
30/10/2024,Tin Chung Court・Chung Yan House (Block J)・7/F・Flat 8,,$4.2M,--,506ft²,"@$8,300",Land Registry
30/10/2024,Cullinan Sky・Phase 1・Tower 3・20/F・Flat B6,,$9.4M,--,437ft²,"@$21,519",Land Registry
30/10/2024,The Pavilia Forest・Phase 2 The Pavilia Forest II・Tower 2・5/F・Flat F,,$4.64M,--,262ft²,"@$17,714",Land Registry
30/10/2024,Cullinan Sky・Phase 1・Tower 3・28/F・Flat B5,,$6.78M,--,298ft²,"@$22,765",Land Registry
30/10/2024,The Pavilia Farm・Phase 1・Tower 3 (3B)・45/F・Flat F,,$6.3M,,--,--,Land Registry
30/10/2024,Tung Chung Crescent・Phase 1・Block 2・19/F・Flat A,,$5.67M,,544ft²,"@$10,423",Land Registry
30/10/2024,The Giverny・House 61,,$29.98M,--,"2,057ft²","@$14,575",Land Registry
30/10/2024,Double Cove・Phase 3 Double Cove Starview Prime・Block 17・8/F・Flat D,,$6.35M,,496ft²,"@$12,802",Land Registry
30/10/2024,Soho 189・21/F・Flat D,,$12.28M,,554ft²,"@$22,166",Land Registry
30/10/2024,Liberte・Block 1・38/F・Flat H,,$7.3M,,512ft²,"@$14,258",Land Registry
30/10/2024,Koko Hills・Phase 3B Koko Mare・Tower 8・2/F・Flat J,,$7.82M,--,425ft²,"@$18,395",Land Registry
30/10/2024,The Riverpark・Carpark・2/F・No.R180,,$3.1M,--,--,--,Land Registry
30/10/2024,The Pavilia Forest・Phase 2 The Pavilia Forest II・Tower 3・8/F・Flat H,,$6.59M,--,385ft²,"@$17,112",Land Registry
30/10/2024,Manor Hill・Tower 2・37/F・Flat C9,,$5.46M,--,283ft²,"@$19,286",Land Registry
30/10/2024,Montego Bay・Tower 3・27/F・Flat B,,$8.11M,--,460ft²,"@$17,627",Land Registry
30/10/2024,Manor Hill・Tower 2・30/F・Flat C10,,$5.47M,--,287ft²,"@$19,045",Land Registry
30/10/2024,Manor Hill・Tower 2・33/F・Flat C9,,$5.43M,--,283ft²,"@$19,173",Land Registry
30/10/2024,Aberdeen Centre・Hoi Tsing Court (Block K)・9/F・Flat 5,,$5.38M,,572ft²,"@$9,406",Land Registry
30/10/2024,Waterfront South・Block 2・8/F・Flat A,,$7.5M,,615ft²,"@$12,195",Land Registry
30/10/2024,Wah Fung Gardens・Block A・19/F・Flat A4,,$4.88M,,544ft²,"@$8,971",Land Registry
30/10/2024,Sheung Shui Centre・Block 4・17/F・Flat G,,$3.99M,,361ft²,"@$11,053",Land Registry
30/10/2024,Cullinan Sky・Phase 1・Tower 3・43/F・Flat A,,$80.15M,--,"1,993ft²","@$40,214",Land Registry
30/10/2024,Belair Gardens・Fontana Heights (Block F)・15/F・Flat B,,$5.85M,,670ft²,"@$8,731",Land Registry
30/10/2024,Manor Hill・Tower 2・31/F・Flat C11,,$5.65M,--,291ft²,"@$19,426",Land Registry
30/10/2024,Cullinan Sky・Phase 1・Tower 6・26/F・Flat A3,,$7.43M,--,299ft²,"@$24,849",Land Registry
30/10/2024,Full Scene Garden・Block 2・11/F・Flat G,,$3.85M,,432ft²,"@$8,912",Land Registry
30/10/2024,Park Yoho・Phase 1B Park Yoho Venezia・Tower 2B・18/F・Flat A,,$14M,,--,--,Land Registry
30/10/2024,Park Towers・Tower 1・34/F・Flat E,,$17.18M,,949ft²,"@$18,103",Land Registry
30/10/2024,Cullinan Sky・Phase 1・Tower 5・36/F・Flat F,,$9.79M,--,458ft²,"@$21,369",Land Registry
30/10/2024,Yiu On Estate・Yiu Ping House (Block 2)・10/F・Flat 6,,$3.05M,--,544ft²,"@$5,607",Land Registry
30/10/2024,Sorrento・Phase 2・Block 1・17/F・Flat E,,$27.6M,,"1,236ft²","@$22,330",Land Registry
30/10/2024,Cheng Wah Mansion・6/F・No. 143 (Rear),,$2.98M,,365ft²,"@$8,164",Land Registry
30/10/2024,Novo Land・Phase 3B・Fiskars Tower 2A・27/F・Flat E,,$3.3M,--,252ft²,"@$13,114",Land Registry
30/10/2024,Victoria Harbour・Phase 2B-3 Victoria Harbour II・Tower 2・8/F・Flat A,,$54.68M,--,"1,437ft²","@$38,051",Land Registry
30/10/2024,Victoria Harbour・Phase 2B-3 Victoria Harbour II・Tower 2・8/F・Flat B,,$40.87M,--,"1,107ft²","@$36,918",Land Registry
30/10/2024,Village Court・Block A・3/F・Flat 2,,$9.5M,,685ft²,"@$13,869",Land Registry
30/10/2024,Sui Wo Court・Fung Yue House (Block A)・10/F・Flat 1,,$3.5M,--,473ft²,"@$7,400",Land Registry
30/10/2024,Po Ming Building・6/F・Flat H,,$4M,--,395ft²,"@$10,127",Land Registry
30/10/2024,Cullinan Sky・Phase 1・Tower 5・12/F・Flat B8,,$9.16M,--,460ft²,"@$19,903",Land Registry
30/10/2024,San Po Kong Mansion・17/F・Flat A8,,$4.1M,,507ft²,"@$8,087",Land Registry
30/10/2024,Vianni Cove・Tower 1・38/F・Flat G,,$5.28M,,668ft²,"@$7,904",Land Registry
30/10/2024,Whampoa Estate・On Kwai Building (Block C)・7/F・Flat 5,,$4.95M,,442ft²,"@$11,199",Land Registry
30/10/2024,Discovery Bay・Phase 5-Greenvale Village・Greenery Court (Block 1)・3/F・Flat C,,$5.35M,,876ft²,"@$6,107",Land Registry
30/10/2024,Grandview Garden・Block 1・22/F・Flat E,,$4.35M,,305ft²,"@$14,262",Land Registry
30/10/2024,Cullinan Sky・Phase 1・Tower 3・26/F・Flat B5,,$6.74M,--,298ft²,"@$22,630",Land Registry
30/10/2024,The Pavilia Forest・Phase 3 The Pavilia Forest III・Tower 1・7/F・Flat H,,$6.61M,--,394ft²,"@$16,779",Land Registry
30/10/2024,K. City・Tower 7・2/F・Flat F,,$13.48M,,725ft²,"@$18,593",Land Registry
30/10/2024,535 Fuk Wing Street・M/F・No. 535,,$4.06M,--,584ft²,"@$6,959",Land Registry
30/10/2024,Hung Cheung Building・16/F・Flat A,,$3.24M,,362ft²,"@$8,945",Land Registry
30/10/2024,Cullinan Sky・Phase 1・Tower 3・35/F・Flat C,,$34.56M,--,"1,365ft²","@$25,320",Land Registry
30/10/2024,Cullinan Sky・Phase 1・Tower 5・6/F・Flat A2,,$6.53M,--,295ft²,"@$22,122",Land Registry
30/10/2024,The Aperture・9/F・Flat K,,$7.97M,--,441ft²,"@$18,079",Land Registry
30/10/2024,Kwai Fong Terrace・Block 1・9/F・Flat E,,$4M,,397ft²,"@$10,076",Land Registry
30/10/2024,Cullinan Sky・Phase 1・Tower 6・6/F・Flat A2,,$6.64M,--,298ft²,"@$22,266",Land Registry
30/10/2024,The Long Beach・Tower 9・17/F・Flat A,,$15M,,816ft²,"@$18,382",Land Registry
30/10/2024,Cullinan Sky・Phase 1・Tower 3・27/F・Flat A1,,$12.54M,--,559ft²,"@$22,431",Land Registry
30/10/2024,The Pavilia Forest・Phase 1 The Pavilia Forest I・Tower 5・15/F・Flat C,,$11.42M,--,560ft²,"@$20,388",Land Registry
30/10/2024,Novo Land・Phase 3B・Fiskars Tower 1・7/F・Flat D,,$5.17M,--,434ft²,"@$11,919",Land Registry
30/10/2024,The Yoho Hub・Phase C The Yoho Hub II・Tower 6・47/F・Flat H,,$13.45M,--,901ft²,"@$14,927",Land Registry
30/10/2024,Novo Land・Phase 3B・Fiskars Tower 1・20/F・Flat H,,$5.08M,--,417ft²,"@$12,178",Land Registry
30/10/2024,Cullinan Sky・Phase 1・Tower 5・7/F・Flat A3,,$6.83M,--,299ft²,"@$22,837",Land Registry
30/10/2024,Cullinan Sky・Phase 1・Tower 5・27/F・Flat B6,,$5.34M,--,236ft²,"@$22,614",Land Registry
30/10/2024,Cullinan Sky・Phase 1・Tower 6・25/F・Flat A5,,$7.56M,--,300ft²,"@$25,197",Land Registry
30/10/2024,The Yoho Hub・Phase C The Yoho Hub II・Tower 6・17/F・Flat G,,$11.76M,--,858ft²,"@$13,709",Land Registry
30/10/2024,Cullinan Sky・Phase 1・Tower 6・20/F・Flat B6,,$5.39M,--,236ft²,"@$22,842",Land Registry
30/10/2024,Leung King Estate・Leung Wai House (Block 1)・9/F・Flat 31,,$1.5M,--,443ft²,"@$3,386",Land Registry
30/10/2024,Tin King Estate・Tin Yue House (Block 12)・3/F・Flat 21,,$1.98M,--,482ft²,"@$4,108",Land Registry
30/10/2024,Parc City・Tower 3・31/F・Flat C,,$8.73M,,536ft²,"@$16,287",Land Registry
30/10/2024,The Parcville・Tower 1・5/F・Flat D,,$4.9M,,460ft²,"@$10,652",Land Registry
30/10/2024,Lily Mansion・12/F・Flat A,,$3M,,343ft²,"@$8,746",Land Registry
30/10/2024,May Court・6/F・Flat B,,$3.5M,,332ft²,"@$10,542",Land Registry
30/10/2024,Hong Lok Building (House)・4/F・Flat K,,$3.62M,--,485ft²,"@$7,464",Land Registry
30/10/2024,Gold Coast Bay・Phase 1 The Uppland・Tower 5A・3/F・Flat P,,$3.69M,--,277ft²,"@$13,303",Land Registry
30/10/2024,Tak Bo Garden・Block B・28/F・Flat B2,,$3.37M,,282ft²,"@$11,950",Land Registry
30/10/2024,The Pavilia Forest・Phase 2 The Pavilia Forest II・Tower 2・11/F・Flat E,,$6.91M,--,383ft²,"@$18,044",Land Registry
30/10/2024,Cullinan Sky・Phase 1・Tower 5・22/F・Flat A8,,$10.95M,--,509ft²,"@$21,509",Land Registry
30/10/2024,Cullinan Sky・Phase 1・Tower 5・22/F・Flat B3,,$6.42M,--,296ft²,"@$21,684",Land Registry
30/10/2024,Cullinan Sky・Phase 1・Tower 6・26/F・Flat B1,,$9.46M,--,467ft²,"@$20,266",Land Registry
30/10/2024,Cullinan Sky・Phase 1・Tower 5・20/F・Flat B3,,$6.38M,--,296ft²,"@$21,554",Land Registry
30/10/2024,Novum West・Tower 2・35/F・Flat E,,$4.8M,,224ft²,"@$21,429",Land Registry
30/10/2024,Green Code・Tower 3・16/F・Flat G,,$4.75M,,461ft²,"@$10,304",Land Registry
30/10/2024,One Jardine's Lookout・1/F・Flat C,,$12.86M,--,536ft²,"@$24,000",Land Registry
30/10/2024,Cullinan Sky・Phase 1・Tower 5・20/F・Flat A8,,$10.87M,--,509ft²,"@$21,361",Land Registry
30/10/2024,Cullinan Sky・Phase 1・Tower 5・23/F・Flat B3,,$6.44M,--,296ft²,"@$21,749",Land Registry
30/10/2024,Cullinan Sky・Phase 1・Tower 5・25/F・Flat A6,,$7.36M,--,297ft²,"@$24,797",Land Registry
30/10/2024,University Heights・Tower 3・1/F・Flat B,,$64M,--,"1,438ft²","@$44,506",Land Registry
30/10/2024,Ching Tao Court・10/F・Flat 17,,$1.62M,--,--,--,Land Registry
30/10/2024,Lime Habitat・Carpark・2/F・No.12,,$1.28M,--,--,--,Land Registry
30/10/2024,Harmony Garden・Block 8・1/F・Flat C,,$3.54M,--,592ft²,"@$5,976",Land Registry
30/10/2024,Kingswood Villas・Phase 7 Kenswood Court・Carpark・B/M・No.211,,"$950,000",--,--,--,Land Registry
30/10/2024,Cullinan Sky・Phase 1・Tower 3・38/F・Flat C,,$36.99M,--,"1,365ft²","@$27,099",Land Registry
30/10/2024,Shui Ning House・Block B・U/G・Flat B9,,$2.5M,--,360ft²,"@$6,944",Land Registry
30/10/2024,Cullinan Sky・Phase 1・Tower 3・27/F・Flat B6,,$9.65M,--,437ft²,"@$22,084",Land Registry
30/10/2024,Grand Yoho・Phase 1・Tower 10・47/F・Flat A,,$6.6M,,536ft²,"@$12,313",Land Registry
30/10/2024,Novo Land・Phase 3B・Fiskars Tower 1・2/F・Flat G,,$3.92M,--,276ft²,"@$14,196",Land Registry
30/10/2024,Golden Lion Garden・Phase 2・Golden Comfort Court (Block D)・23/F・Flat 8,,$3.5M,,321ft²,"@$10,903",Land Registry
30/10/2024,Tin Oi Court・Oi Chiu House (Block A)・2/F・Flat 6,,$3M,--,438ft²,"@$6,849",Land Registry
30/10/2024,Grand Jete・Phase 2・Tower 5・6/F・Flat D,,$3.68M,,--,--,Land Registry
30/10/2024,Novo Land・Phase 1B・Bergen Tower 2・6/F・Flat G,,$5.32M,,409ft²,"@$13,007",Land Registry
30/10/2024,Double Cove・Phase 3 Double Cove Starview Prime・Block 17・23/F・Flat E,,$6.6M,,496ft²,"@$13,306",Land Registry
30/10/2024,Lohas Park・Phase 12B Park Seasons・Tower 2 (2B)・11/F・Flat F,,$4.55M,--,323ft²,"@$14,087",Land Registry
30/10/2024,Chelsea Court・Tower East (A1)・47/F・Flat D,,$5.98M,,461ft²,"@$12,972",Land Registry
30/10/2024,Chong Yip Centre・Block A・8/F・Flat H,,$5.3M,,417ft²,"@$12,710",Land Registry
30/10/2024,Tsuen Cheong Centre・Cheong Ning Building・7/F・Flat G,,$3.5M,,316ft²,"@$11,076",Land Registry
30/10/2024,Healthy Gardens・Block F・21/F・Flat 2,,$5M,,456ft²,"@$10,965",Land Registry
30/10/2024,Tseung Kwan O Plaza・Phase 2・Tower 7・36/F・Flat B,,$6.2M,,441ft²,"@$14,059",Land Registry
30/10/2024,78-80 Nga Tsin Wai Road/26-28 Nam Kok Road・5/F・Flat A (No. 78),,$5.56M,,692ft²,"@$8,035",Land Registry
30/10/2024,Kai King Mansion・2/F・Flat B,,$3.98M,--,322ft²,"@$12,360",Land Registry
30/10/2024,Belvedere Garden・Phase 2・Block 1・26/F・Flat A,,$6.09M,,668ft²,"@$9,114",Land Registry
30/10/2024,Cullinan Sky・Phase 1・Tower 5・6/F・Flat B2,,$6.13M,--,299ft²,"@$20,489",Land Registry
30/10/2024,Cullinan Sky・Phase 1・Tower 6・8/F・Flat B1,,$9.05M,--,467ft²,"@$19,381",Land Registry
30/10/2024,Jade Court・Block B・6/F・Flat 1,,$3.8M,,313ft²,"@$12,141",Land Registry
30/10/2024,Des Voeux W Residence・7/F・Flat C,,$4.5M,--,215ft²,"@$20,924",Land Registry
30/10/2024,Goodview Garden・Carpark・1/F・No.B37,,"$770,000",--,--,--,Land Registry
30/10/2024,Siu Shan Court・Min King House (Block A)・1/F・Flat 6,,$2.9M,--,546ft²,"@$5,311",Land Registry
30/10/2024,Oscar By The Sea・Phase 2・Block 8・41/F・Flat D,,$5.8M,,522ft²,"@$11,111",Land Registry
30/10/2024,Siu Tsui Court・Block A・28/F・Flat 4,,$2.65M,--,--,--,Land Registry
30/10/2024,Kai Chuen Court・Block 4 (Kai Tao House)・19/F・Flat 18,,$1.84M,--,--,--,Land Registry
30/10/2024,Royal Green・Tower 1・40/F・Flat E,,$4.8M,,548ft²,"@$8,759",Land Registry
30/10/2024,Dawning Views・Block 5・21/F・Flat E,,$4.28M,,393ft²,"@$10,891",Land Registry
30/10/2024,Festival City・Phase 1・Tower 5・7/F・Flat Sa,,$9.14M,,679ft²,"@$13,458",Land Registry
30/10/2024,The Parkland・6/F・Flat K,,$2.71M,--,302ft²,"@$8,982",Land Registry
30/10/2024,The Parkland・8/F・Flat F,,$2.73M,--,285ft²,"@$9,595",Land Registry
30/10/2024,The Parkland・8/F・Flat G,,$2.67M,--,286ft²,"@$9,327",Land Registry
30/10/2024,The Parkland・8/F・Flat K,,$2.77M,--,302ft²,"@$9,181",Land Registry
30/10/2024,The Parkland・8/F・Flat J,,$2.59M,--,282ft²,"@$9,184",Land Registry
30/10/2024,The Parkland・2/F・Flat F,,$2.6M,--,285ft²,"@$9,112",Land Registry
30/10/2024,The Parkland・2/F・Flat G,,$2.53M,--,286ft²,"@$8,843",Land Registry
30/10/2024,The Parkland・2/F・Flat J,,$2.45M,--,282ft²,"@$8,703",Land Registry
30/10/2024,The Parkland・2/F・Flat K,,$2.63M,--,302ft²,"@$8,706",Land Registry
30/10/2024,The Parkland・6/F・Flat F,,$2.68M,--,285ft²,"@$9,393",Land Registry
30/10/2024,The Parkland・6/F・Flat G,,$2.61M,--,286ft²,"@$9,123",Land Registry
30/10/2024,Cullinan Sky・Phase 1・Tower 5・25/F・Flat A3,,$7.37M,--,299ft²,"@$24,637",Land Registry
30/10/2024,Cullinan Sky・Phase 1・Tower 5・18/F・Flat A8,,$10.84M,--,509ft²,"@$21,295",Land Registry
30/10/2024,Cullinan Sky・Phase 1・Tower 6・12/F・Flat B2,,$6.3M,--,296ft²,"@$21,297",Land Registry
30/10/2024,Grand Victoria・Phase 3・Tower 2・22/F・Flat E,,$13.67M,--,525ft²,"@$26,045",Land Registry
30/10/2024,Elize Park・12/F・Flat A,,$8.26M,--,341ft²,"@$24,217",Land Registry
30/10/2024,Elize Park・18/F・Flat A,,$8.59M,--,341ft²,"@$25,185",Land Registry
30/10/2024,One Kai Tak・Il・Tower 5・21/F・Flat E,,$10.08M,,563ft²,"@$17,904",Land Registry
30/10/2024,Caribbean Coast・Phase 1 Monterey Cove・Carpark・B/M・No.104,,$1.13M,--,--,--,Land Registry
30/10/2024,Caribbean Coast・Phase 1 Monterey Cove・Carpark・B/M・No.98,,$1.12M,--,--,--,Land Registry
30/10/2024,Novo Land・Phase 3B・Fiskars Tower 2A・32/F・Flat A1,,$8.74M,--,697ft²,"@$12,544",Land Registry
30/10/2024,One Innovale・Phase 1・Tower B・18/F・Flat 1,,$4.13M,,322ft²,"@$12,826",Land Registry
30/10/2024,Luk Yeung Sun Chuen・Block Q・7/F・Flat 8,,$5.3M,,475ft²,"@$11,158",Land Registry
30/10/2024,On Sau Court・Block A・10/F・Flat 13,,$2.91M,--,--,--,Land Registry
30/10/2024,Kai Chuen Court・Block 3 (Kai Chi House)・29/F・Flat 5,,$1.24M,--,--,--,Land Registry
30/10/2024,Riviena (Riviera) Lodge・36/F・Flat C,,$5.76M,,608ft²,"@$9,474",Land Registry
30/10/2024,Cullinan Sky・Phase 1・Tower 6・20/F・Flat A5,,$7.47M,--,300ft²,"@$24,896",Land Registry
30/10/2024,Seaview Crescent・Block 2・8/F・Flat E,,$5.3M,,506ft²,"@$10,474",Land Registry
30/10/2024,Yuccie Square・Tower 1・30/F・Flat B,,$5.42M,,426ft²,"@$12,723",Land Registry
30/10/2024,Chung Yuen Building・5/F・Flat 6,,$2.9M,--,419ft²,"@$6,921",Land Registry
30/10/2024,Gold Coast Bay・Phase 1 The Uppland・Tower 5A・19/F・Flat F,,$4.54M,--,350ft²,"@$12,983",Land Registry
30/10/2024,Cullinan Sky・Phase 1・Tower 5・36/F・Flat E,,$9.79M,--,457ft²,"@$21,416",Land Registry
30/10/2024,Ching Tao Court・24/F・Flat 3,,$1.27M,--,--,--,Land Registry
30/10/2024,Cullinan Sky・Phase 1・Tower 5・33/F・Flat D,,$14.43M,--,655ft²,"@$22,030",Land Registry
30/10/2024,The Yoho Hub・Phase C The Yoho Hub II・Tower 6・31/F・Flat H,,$12.72M,--,901ft²,"@$14,116",Land Registry
30/10/2024,Park Central・Phase 2・Tower 2・18/F・Flat D,,$6.5M,,465ft²,"@$13,978",Land Registry
30/10/2024,Island Resort・Tower 6・9/F・Flat B,,$11M,,811ft²,"@$13,564",Land Registry
30/10/2024,Cullinan Sky・Phase 1・Tower 6・30/F・Flat A6,,$13.07M,--,469ft²,"@$27,868",Land Registry
30/10/2024,Cullinan West・Phase 5 Cullinan West Ill・Tower 7・42/F・Flat K,,$7.35M,,380ft²,"@$19,342",Land Registry
30/10/2024,Banyan Garden・Phase 3・Tower 6・32/F・Flat G,,$7.2M,,511ft²,"@$14,090",Land Registry
30/10/2024,Peace Tower・23/F・Flat B,,$5M,,311ft²,"@$16,077",Land Registry
30/10/2024,Cullinan Sky・Phase 1・Tower 3・8/F・Flat B6,,$9.14M,--,437ft²,"@$20,911",Land Registry
30/10/2024,Mei Foo Sun Chuen・Phase 2・40-42 Broadway・10/F・Flat D No. 40,,$6.33M,--,708ft²,"@$8,941",Land Registry
30/10/2024,Victoria Harbour・Phase 2B-2 Victoria Harbour II・Tower 3・10/F・Flat B,,$39.62M,--,"1,111ft²","@$35,658",Land Registry
30/10/2024,Cullinan Sky・Phase 1・Tower 6・19/F・Flat B1,,$9.3M,--,467ft²,"@$19,904",Land Registry
30/10/2024,Cullinan Sky・Phase 1・Tower 5・5/F・Flat B8,,$8.5M,--,460ft²,"@$18,483",Land Registry
30/10/2024,Cullinan Sky・Phase 1・Tower 5・5/F・Flat A6,,$5.77M,--,297ft²,"@$19,418",Land Registry
30/10/2024,Coastal Skyline・Phase 1・Block 3・41/F・Flat H,,$5.55M,,490ft²,"@$11,327",Land Registry
30/10/2024,Royal Court・Carpark・5/F・No.2,,$1.1M,--,--,--,Land Registry
30/10/2024,Grand Waterfront・Tower 6・6/F・Flat F,,$8.12M,,550ft²,"@$14,764",Land Registry
30/10/2024,Lei On Court・Lei Hong House (Block A)・8/F・Flat 1,,$4.45M,--,516ft²,"@$8,624",Land Registry
30/10/2024,Riviera Gardens・Hoi Ngan Mansion (Block 4)・6/F・Flat G,,$5.38M,,577ft²,"@$9,324",Land Registry
30/10/2024,Shung Ling Building・Block A・19/F・Flat A6,,$2.37M,,265ft²,"@$8,925",Land Registry
30/10/2024,Riviera Gardens・Carpark・2/F・No.36 (Podium D),,"$800,000",--,--,--,Land Registry
30/10/2024,Cullinan Sky・Phase 1・Tower 6・19/F・Flat A6,,$11.72M,--,469ft²,"@$24,999",Land Registry
30/10/2024,Ka Keung Court・Ka Wui House (Block A)・22/F・Flat 10,,$3.73M,--,407ft²,"@$9,165",Land Registry
30/10/2024,Tin Chung Court・Chung Wa House (Block P)・30/F・Flat 1,,$3.72M,--,636ft²,"@$5,849",Land Registry
30/10/2024,Double Cove・Phase 3 Double Cove Starview Prime・Block 25・26/F・Flat D,,$6.65M,,498ft²,"@$13,353",Land Registry
30/10/2024,The Pavilia Forest・Phase 3 The Pavilia Forest III・Tower 1・28/F・Flat K,,$4.94M,--,260ft²,"@$18,988",Land Registry
30/10/2024,Sky Tower・Carpark・2/F・No.R108,,$1.45M,--,--,--,Land Registry
30/10/2024,Manor Hill・Tower 1・37/F・Flat B1,,$5.4M,--,288ft²,"@$18,740",Land Registry
30/10/2024,Tai Po Centre・Phase 3・Block 22・12/F・Flat D,,$3.22M,,325ft²,"@$9,908",Land Registry
30/10/2024,Novo Land・Phase 3B・Fiskars Tower 1・26/F・Flat L,,$6.58M,--,512ft²,"@$12,848",Land Registry
30/10/2024,The Yoho Hub・Phase C The Yoho Hub II・Tower 6・40/F・Flat D,,$7.44M,--,462ft²,"@$16,111",Land Registry
30/10/2024,Cullinan Sky・Phase 1・Tower 5・28/F・Flat A8,,$11.18M,--,509ft²,"@$21,969",Land Registry
30/10/2024,Park Avenue・Central Park・Tower 2・18/F・Flat E,,$10.9M,,592ft²,"@$18,412",Land Registry
30/10/2024,Sun Tuen Mun Centre・Block 5・15/F・Flat F,,$3.89M,,--,--,Land Registry
30/10/2024,Manor Hill・Tower 2・26/F・Flat D7,,$5.53M,--,285ft²,"@$19,396",Land Registry
30/10/2024,Winner Centre・Block C・20/F・Flat 3,,$3.1M,,254ft²,"@$12,205",Land Registry
30/10/2024,Serenade Cove・Tower B・10/F・Flat 6,,$4.23M,,394ft²,"@$10,736",Land Registry
30/10/2024,The Pavilia Forest・Phase 1 The Pavilia Forest I・Tower 6・7/F・Flat E,,$8.1M,--,380ft²,"@$21,318",Land Registry
30/10/2024,Cullinan Sky・Phase 1・Tower 3・25/F・Flat B5,,$6.73M,--,298ft²,"@$22,585",Land Registry
30/10/2024,Cullinan Sky・Phase 1・Tower 5・21/F・Flat A8,,$10.92M,--,509ft²,"@$21,445",Land Registry
30/10/2024,Cullinan Sky・Phase 1・Tower 5・29/F・Flat A3,,$7.41M,--,299ft²,"@$24,767",Land Registry
30/10/2024,Kt Marina・Phase 1・Tower 2B・10/F・Flat B,,$8.72M,--,474ft²,"@$18,392",Land Registry
30/10/2024,Ming Wah Court・11/F・Flat F,,$5M,--,499ft²,"@$10,020",Land Registry
30/10/2024,Lower Wong Tai Sin (1) Estate・Lung Tat House (Block 1)・9/F・Flat 20,,$2.39M,--,385ft²,"@$6,208",Land Registry
30/10/2024,Charming Garden・Block 11・10/F・Flat B,,$6.08M,--,592ft²,"@$10,270",Land Registry
30/10/2024,Tsui Wan Estate・Tsui Shou House (Block B)・13/F・Flat 13,,$1.92M,--,443ft²,"@$4,334",Land Registry
30/10/2024,Onmantin・Phase 2A・Tower 1・12/F・Flat D,,$14.04M,--,636ft²,"@$22,072",Land Registry
30/10/2024,Onmantin・Phase 2A・Tower 1・12/F・Flat E,,$10.71M,--,482ft²,"@$22,212",Land Registry
30/10/2024,The Vertex・West Wing・27/F・Flat H,,$8.88M,--,438ft²,"@$20,272",Land Registry
30/10/2024,Chelsea Heights・Phase 1・Block 3・22/F・Flat G,,$5.2M,,511ft²,"@$10,176",Land Registry
30/10/2024,Kai Yan Court・Block A・1/F・Flat 10,,$3.4M,--,--,--,Land Registry
30/10/2024,Vista Paradiso・Phase 1・Tower 11・11/F・Flat E,,$8.15M,,787ft²,"@$10,356",Land Registry
30/10/2024,Cullinan Sky・Phase 1・Tower 3・23/F・Flat A1,,$12.85M,--,559ft²,"@$22,990",Land Registry
30/10/2024,Cullinan Sky・Phase 1・Tower 6・12/F・Flat B3,,$6.3M,--,296ft²,"@$21,297",Land Registry
30/10/2024,Cullinan Sky・Phase 1・Tower 3・12/F・Flat B2,,$6.57M,--,298ft²,"@$22,049",Land Registry
30/10/2024,Golden Lion Garden・Phase 2・Golden Comfort Court (Block D)・6/F・Flat 1,,$3.25M,,306ft²,"@$10,621",Land Registry
30/10/2024,Cullinan Sky・Phase 1・Tower 5・26/F・Flat A1,,$11.36M,--,501ft²,"@$22,674",Land Registry
30/10/2024,The Pavilia Forest・Phase 2 The Pavilia Forest II・Tower 2・7/F・Flat F,,$4.52M,--,262ft²,"@$17,263",Land Registry
30/10/2024,Lohas Park・Phase 12B Park Seasons・Tower 2 (2B)・10/F・Flat D,,$6.18M,--,437ft²,"@$14,142",Land Registry
30/10/2024,Lohas Park・Phase 12B Park Seasons・Tower 2 (2B)・16/F・Flat A,,$7.91M,--,537ft²,"@$14,726",Land Registry
30/10/2024,Lohas Park・Phase 12B Park Seasons・Tower 2 (2B)・16/F・Flat C,,$6.52M,--,451ft²,"@$14,448",Land Registry
30/10/2024,Lohas Park・Phase 12B Park Seasons・Tower 2 (2B)・16/F・Flat E,,$4.84M,--,324ft²,"@$14,941",Land Registry
30/10/2024,Lohas Park・Phase 12B Park Seasons・Tower 2 (2B)・16/F・Flat F,,$4.58M,--,323ft²,"@$14,170",Land Registry
30/10/2024,Lohas Park・Phase 12B Park Seasons・Tower 2 (2B)・19/F・Flat B,,$4.6M,--,314ft²,"@$14,662",Land Registry
30/10/2024,Lohas Park・Phase 12B Park Seasons・Tower 2 (2B)・19/F・Flat F,,$4.61M,--,323ft²,"@$14,282",Land Registry
30/10/2024,Lohas Park・Phase 12B Park Seasons・Tower 2 (2B)・22/F・Flat D,,$6.24M,--,437ft²,"@$14,284",Land Registry
30/10/2024,Lohas Park・Phase 12B Park Seasons・Tower 2 (2B)・22/F・Flat E,,$4.63M,--,324ft²,"@$14,299",Land Registry
30/10/2024,Lohas Park・Phase 12B Park Seasons・Tower 2 (2A)・29/F・Flat G,,$4.81M,--,325ft²,"@$14,791",Land Registry
30/10/2024,Lohas Park・Phase 12B Park Seasons・Tower 2 (2B)・30/F・Flat D,,$6.34M,--,437ft²,"@$14,497",Land Registry
30/10/2024,Lohas Park・Phase 12B Park Seasons・Tower 2 (2B)・30/F・Flat E,,$4.71M,--,324ft²,"@$14,540",Land Registry
30/10/2024,Sing Fai Building・10/F・Flat D,,$4.1M,,424ft²,"@$9,670",Land Registry
30/10/2024,Twilight Court・Block B・8/F・Flat B1,,$8.45M,--,638ft²,"@$13,241",Land Registry
30/10/2024,Taikoo Shing・Tsui Woo Terrace・(T-02) Poyang Mansion・13/F・Flat A,,$6.88M,,583ft²,"@$11,801",Land Registry
30/10/2024,Tung Yan Court・Foon Yan House (Block A)・5/F・Flat 13,,$5.92M,--,601ft²,"@$9,850",Land Registry
30/10/2024,Hollywood Hill・15/F・Flat B,,$7.9M,--,--,--,Land Registry
30/10/2024,The Harbourside・Tower 2・31/F・Flat F,,$26M,,"1,053ft²","@$24,691",Land Registry
30/10/2024,Luen Wai Apartment・21/F・Flat 9,,$4.08M,--,372ft²,"@$10,968",Land Registry
30/10/2024,Celestial Heights・Phase 2・22 Celestial Avenue・11/F・No. 22,,$19M,,"1,155ft²","@$16,450",Land Registry
30/10/2024,Lohas Park・Phase 5A Malibu・Tower 2A・19/F・Flat C,,$6.28M,,462ft²,"@$13,593",Land Registry
30/10/2024,Topside Residences・Tower A2・29/F・Flat E,,$8.53M,--,377ft²,"@$22,613",Land Registry
30/10/2024,The Pavilia Forest・Phase 2 The Pavilia Forest II・Tower 2・9/F・Flat F,,$4.76M,--,262ft²,"@$18,179",Land Registry
30/10/2024,Luen King Mansion・2/F・Flat C,,$2.27M,,224ft²,"@$10,134",Land Registry
30/10/2024,Man Fat House・1/F・Flat B,,$3.53M,,320ft²,"@$11,031",Land Registry
30/10/2024,74-80 Nga Tsin Long Road・6/F・No. 76 (Flat B),,$2.93M,--,379ft²,"@$7,731",Land Registry
30/10/2024,48-48B Nga Tsin Long Road・3/F・No. 48A,,$4.1M,,501ft²,"@$8,184",Land Registry
30/10/2024,Fook Chi Building・3/F・Flat A,,$2.67M,--,254ft²,"@$10,512",Land Registry
30/10/2024,The Yoho Hub・Phase C The Yoho Hub II・Tower 6・6/F・Flat G,,$11.43M,--,858ft²,"@$13,321",Land Registry
30/10/2024,Laguna Verde・Phase 1 Green Wood・Tower 1・17/F・Flat A,,$5.6M,,370ft²,"@$15,135",Land Registry
30/10/2024,25-27 Nam Kok Road・3/F・No. 25A,,$3.5M,,409ft²,"@$8,557",Land Registry
30/10/2024,Man Fat House・4/F・Flat B,,$3.07M,,320ft²,"@$9,594",Land Registry
30/10/2024,Shing Yip Mansion・2/F・Flat C,,$2.94M,,293ft²,"@$10,034",Land Registry
30/10/2024,Yatley Building・3/F・Flat B,,$3.76M,,395ft²,"@$9,519",Land Registry
30/10/2024,Ching Tao Court・11/F・Flat 3,,$1.21M,--,--,--,Land Registry
30/10/2024,Ching Tao Court・6/F・Flat 18,,$1.17M,--,--,--,Land Registry
30/10/2024,Ching Tao Court・8/F・Flat 6,,$1.16M,--,--,--,Land Registry
30/10/2024,Ching Tao Court・14/F・Flat 5,,$1.19M,--,--,--,Land Registry
30/10/2024,Taikoo Shing・Harbour View Gardens (West)・(T-35) Willow Mansion・6/F・Flat G,,$15.18M,--,"1,015ft²","@$14,956",Land Registry
29/10/2024,Shan Lai Court・Block C・Lower Floor・Flat 10,,$3.12M,--,447ft²,"@$6,980",Centaline
29/10/2024,The Reach・Tower 8・Lower Floor・Flat E,,$3.65M,--,355ft²,"@$10,282",Centaline
29/10/2024,Upper East・Middle Floor・Flat F (T1C),,$4.81M,--,311ft²,"@$15,466",Centaline
29/10/2024,Sky Tower・Block 5・Upper Floor・Flat D,,$7.1M,--,452ft²,"@$15,708",Centaline
29/10/2024,Tung Chung Crescent・Phase 2・Block 7・Middle Floor・Flat A,,$9.3M,--,868ft²,"@$10,714",Centaline
29/10/2024,The Metro City・Phase 2・Tower 1・Middle Floor・Flat F,,$6.78M,--,545ft²,"@$12,440",Centaline
29/10/2024,Flora Plaza・Block 2・Lower Floor・Flat B,,$5.04M,--,526ft²,"@$9,578",Centaline
29/10/2024,Island Resort・Tower 1・Lower Floor・Flat D,,$8.7M,--,741ft²,"@$11,741",Centaline
29/10/2024,The Belchers・Phase 2・Tower 5・Lower Floor・Flat H,,$20M,--,"1,077ft²","@$18,570",Centaline
29/10/2024,Evergreen Villa・Block D・Lower Floor・Flat 1,,$46.5M,--,"2,363ft²","@$19,678",Centaline
29/10/2024,Grand Central・Phase 1・Tower 2・Upper Floor・Flat B,,$14.45M,--,861ft²,"@$16,783",Centaline
29/10/2024,Metro Town・Phase 2 Le Point・Tower 10・Lower Floor・Flat E,,$8.35M,--,651ft²,"@$12,826",Centaline
29/10/2024,Grand Central・Phase 1・Tower 2・Lower Floor・Flat K,,$8.69M,--,550ft²,"@$15,800",Centaline
29/10/2024,Telford Gardens・Block O・Upper Floor・Flat 3,,$5.28M,--,538ft²,"@$9,805",Centaline
29/10/2024,Beverly Garden・Block 1・Upper Floor・Flat D,,$5.29M,--,592ft²,"@$8,932",Centaline
29/10/2024,Larvotto・Tower 5・Lower Floor・Flat C,,$12.9M,--,763ft²,"@$16,907",Centaline
29/10/2024,Luen Hong Apartments・Upper Floor・Flat 3,,$3.9M,--,372ft²,"@$10,484",Centaline
29/10/2024,Mount Pavilia・Tower 15・Middle Floor・Flat D,,$15.6M,--,"1,183ft²","@$13,187",Centaline
29/10/2024,Mont Vert・Phase 1・Tower 9・Upper Floor・Flat E,,$6.15M,--,751ft²,"@$8,189",Centaline
29/10/2024,Century Link・Phase 1・Tower 6A・Upper Floor・Flat 5,,$5.55M,--,463ft²,"@$11,987",Centaline
29/10/2024,Caribbean Coast・Phase 2 Albany Cove・Tower 7・Upper Floor・Flat E,,$5.5M,--,548ft²,"@$10,036",Centaline
29/10/2024,Kornhill・Block F (Flat 1 - 8)・Lower Floor・Flat 5,,$6.3M,--,596ft²,"@$10,570",Centaline
29/10/2024,The Avenue・Phase 1・Tower 5・Upper Floor・Flat H,,$12.25M,--,551ft²,"@$22,232",Centaline
29/10/2024,Yoho Town・Phase 1・Block 5・Upper Floor・Flat G,,$5.3M,--,393ft²,"@$13,486",Centaline
29/10/2024,Caribbean Coast・Phase 1 Monterey Cove・Tower 2・Upper Floor・Flat C,,$5.35M,--,520ft²,"@$10,288",Centaline
29/10/2024,Tuen Mun Fa Yuen・Lower Floor・Flat C,,,--,316ft²,@$28,Centaline
29/10/2024,Grand Central・Phase 1・Tower 1・Middle Floor・Flat C,,,--,765ft²,@$39,Centaline
29/10/2024,The Victoria Towers・Tower 3・Upper Floor・Flat D,,,--,927ft²,@$53,Centaline
29/10/2024,One Silversea・Tower 8・Upper Floor・Flat A,,,--,781ft²,@$46,Centaline
29/10/2024,Honeley (Honley) Court・Lower Floor・Flat E,,,--,295ft²,@$33,Centaline
29/10/2024,Novo Land・Phase 1A・Elverum Tower 1・Middle Floor・Flat G,,,--,237ft²,@$48,Centaline
29/10/2024,Lohas Park・Phase 5A Malibu・Tower 1B・Middle Floor・Flat B,,,--,553ft²,@$38,Centaline
29/10/2024,L'wanchai・Middle Floor・Flat C,,,--,315ft²,@$59,Centaline
29/10/2024,Tavistock II・Lower Floor・Flat B,,,--,"1,236ft²",@$55,Centaline
29/10/2024,Vision City・Block 6・Lower Floor・Flat F,,,--,508ft²,@$43,Centaline
29/10/2024,Greenland Garden・Block B・Lower Floor・Flat 7,,,--,429ft²,@$26,Centaline
29/10/2024,Park Yoho・Phase 3 Park Yoho Bologna・Tower 8B・Lower Floor・Flat E,,,--,390ft²,@$33,Centaline
29/10/2024,Riva・Enna Boulevard Tower 6・Middle Floor・Flat A,,,--,779ft²,@$28,Centaline
29/10/2024,Island Harbourview・Carpark・M/F・No.M193,,$1.53M,--,--,--,Land Registry
29/10/2024,Kai Chuen Court・Block 4 (Kai Tao House)・8/F・Flat 6,,$1.11M,--,--,--,Land Registry
29/10/2024,Kai Chuen Court・Block 3 (Kai Chi House)・3/F・Flat 9,,$1.66M,--,--,--,Land Registry
29/10/2024,Kwun Shan Court・15/F・Flat 6,,$3.33M,--,--,--,Land Registry
29/10/2024,Kwun Shan Court・17/F・Flat 2,,$2.09M,--,--,--,Land Registry
29/10/2024,On Sau Court・Block A・25/F・Flat 10,,$2.59M,--,--,--,Land Registry
29/10/2024,On Sau Court・Block A・12/F・Flat 6,,$1.82M,--,--,--,Land Registry
29/10/2024,On Sau Court・Block A・19/F・Flat 14,,$2.54M,--,--,--,Land Registry
29/10/2024,On Sau Court・Block A・26/F・Flat 23,,$2.73M,--,--,--,Land Registry
29/10/2024,On Sau Court・Block B・6/F・Flat 11,,$2.36M,--,--,--,Land Registry
29/10/2024,On Sau Court・Block B・15/F・Flat 17,,$2.52M,--,--,--,Land Registry
29/10/2024,On Sau Court・Block B・20/F・Flat 4,,$1.97M,--,--,--,Land Registry
29/10/2024,On Sau Court・Block A・22/F・Flat 4,,$1.97M,--,--,--,Land Registry
29/10/2024,On Sau Court・Block A・29/F・Flat 29,,$2.51M,--,--,--,Land Registry
29/10/2024,On Sau Court・Block A・21/F・Flat 18,,$2.56M,--,--,--,Land Registry
29/10/2024,On Sau Court・Block A・7/F・Flat 20,,$1.89M,--,--,--,Land Registry
29/10/2024,On Sau Court・Block A・13/F・Flat 30,,$2.43M,--,--,--,Land Registry
29/10/2024,On Sau Court・Block A・21/F・Flat 26,,$3.09M,--,--,--,Land Registry
29/10/2024,Ko Wang Court・Block A・39/F・Flat 8,,$1.6M,--,--,--,Land Registry
29/10/2024,Ko Wang Court・Block A・1/F・Flat 14,,$1.71M,--,--,--,Land Registry
29/10/2024,Ko Wang Court・Block B・28/F・Flat 6,,$2.59M,--,--,--,Land Registry
29/10/2024,Ko Wang Court・Block A・15/F・Flat 11,,$1.53M,--,--,--,Land Registry
29/10/2024,On Wah Court・Block A・23/F・Flat 11,,$3.64M,--,--,--,Land Registry
29/10/2024,Lai Yuet Court・Block C・4/F・Flat 5,,$2.33M,--,375ft²,"@$6,224",Land Registry
29/10/2024,Lai Yuet Court・Block B・4/F・Flat 12,,$2.33M,--,388ft²,"@$6,009",Land Registry
29/10/2024,Kai Yan Court・Block A・22/F・Flat 14,,$3.7M,--,--,--,Land Registry
29/10/2024,Kai Yan Court・Block B・37/F・Flat 16,,$4.07M,--,--,--,Land Registry
29/10/2024,Kai Yan Court・Block A・31/F・Flat 3,,$2.42M,--,--,--,Land Registry
29/10/2024,Siu Tsui Court・Block B・18/F・Flat 1,,$2.06M,--,--,--,Land Registry
29/10/2024,Siu Tsui Court・Block A・1/F・Flat 1,,$2.74M,--,--,--,Land Registry
29/10/2024,Loong King Mansion・Block B・11/F・Flat B6,,$4M,--,277ft²,"@$14,440",Land Registry
29/10/2024,Yuccie Square・Tower 2・16/F・Flat D,,$5M,,426ft²,"@$11,737",Land Registry
29/10/2024,Fu Lee Loy Mansion・Block B・19/F・Flat 1,,$3.5M,--,225ft²,"@$15,556",Land Registry
29/10/2024,One Victoria・Tower 1A・3/F・Flat C,,$8.12M,--,438ft²,"@$18,527",Land Registry
29/10/2024,Parkland Villas・Block 6・3/F・Flat H,,$4M,,376ft²,"@$10,638",Land Registry
29/10/2024,Whitty Street Court・No. 22-28・5/F・Flat 10 (No. 26),,$5.2M,,521ft²,"@$9,981",Land Registry
29/10/2024,Lohas Park・Phase 4B Wings At Sea Il・Tower 3A・56/F・Flat A,,$15.5M,,916ft²,"@$16,921",Land Registry
29/10/2024,Lai Yuet Court・Block A・35/F・Flat 20,,$1.93M,--,281ft²,"@$6,881",Land Registry
29/10/2024,The Aperture・19/F・Flat K,,$8.29M,--,441ft²,"@$18,787",Land Registry
29/10/2024,Kai Yan Court・Block A・5/F・Flat 25,,$2.92M,--,--,--,Land Registry
29/10/2024,Prince Edward Park・4/F・Flat A,,$8.2M,--,807ft²,"@$10,161",Land Registry
29/10/2024,Yee Fai Building・22/F・Flat B,,$2.8M,--,251ft²,"@$11,155",Land Registry
29/10/2024,Whampoa Garden・Phase 9 Lily Mansions・Block 5・6/F・Flat C,,$8.5M,,728ft²,"@$11,676",Land Registry
29/10/2024,Braemar Hill Mansions・Block 4・18/F・Flat B,,$31.68M,--,"1,467ft²","@$21,595",Land Registry
29/10/2024,Shun Lee Building・Block A・3/F・Flat A6,,$2.83M,,340ft²,"@$8,324",Land Registry
29/10/2024,Jubilant Place・Tower 2・13/F・Flat B,,$8.65M,--,778ft²,"@$11,118",Land Registry
29/10/2024,Parc Oasis・Carpark・2/F・No.287,,"$828,000",--,--,--,Land Registry
29/10/2024,Fuk Ming Building・Block B・11/F・Flat B2,,$3.15M,--,360ft²,"@$8,750",Land Registry
29/10/2024,Mei Foo Sun Chuen・Phase 1・10-12 Broadway・15/F・Flat A No. 12,,$8M,,868ft²,"@$9,217",Land Registry
29/10/2024,Charming Garden・Carpark・3/F・No.345,,$1.39M,--,--,--,Land Registry
29/10/2024,Ching Tao Court・26/F・Flat 16,,$1.71M,--,--,--,Land Registry
29/10/2024,Ching Tao Court・17/F・Flat 1,,$1.22M,--,--,--,Land Registry
29/10/2024,Nga Tsin Wai Building・3/F・Flat F,,$5.17M,,581ft²,"@$8,898",Land Registry
29/10/2024,Century Link・Phase 1・Tower 6B・25/F・Flat 6,,$5.88M,,484ft²,"@$12,149",Land Registry
29/10/2024,Riviera Gardens・Hoi Tao Mansion (Block 5)・18/F・Flat D,,$4M,,422ft²,"@$9,479",Land Registry
29/10/2024,Tin Chung Court・Chung Kam House (Block N)・7/F・Flat 14,,$3.17M,--,433ft²,"@$7,316",Land Registry
29/10/2024,Wetland Seasons Park・Phase 1・Tower 22・6/F・Flat B5,,$4.39M,,409ft²,"@$10,733",Land Registry
29/10/2024,Novo Land・Phase 3B・Fiskars Tower 2A・12/F・Flat B,,$3.68M,--,292ft²,"@$12,593",Land Registry
29/10/2024,Park Island・Phase 3・Block 20・28/F・Flat A,,$7.2M,,709ft²,"@$10,155",Land Registry
29/10/2024,St Michel・Phase 2・King Tower 2・9/F・Flat A,,$17.5M,--,"1,060ft²","@$16,506",Land Registry
29/10/2024,Lohas Park・Phase 1 The Capitol・Madrid (Tower 2 - R Wing)・35/F・Flat D,,$6.98M,,704ft²,"@$9,915",Land Registry
29/10/2024,Novo Land・Phase 3B・Fiskars Tower 2A・25/F・Flat B,,$3.73M,--,292ft²,"@$12,779",Land Registry
29/10/2024,Kwong Yuen Estate・Pine House (Block 8)・16/F・Flat 10,,$2.8M,--,598ft²,"@$4,682",Land Registry
29/10/2024,Cullinan Sky・Phase 1・Tower 5・25/F・Flat A8,,$11.01M,--,509ft²,"@$21,639",Land Registry
29/10/2024,Cullinan Sky・Phase 1・Tower 5・8/F・Flat B3,,$6.2M,--,296ft²,"@$20,949",Land Registry
29/10/2024,Cullinan Sky・Phase 1・Tower 5・23/F・Flat B8,,$9.35M,--,460ft²,"@$20,325",Land Registry
29/10/2024,Cullinan Sky・Phase 1・Tower 5・9/F・Flat B5,,$5.29M,--,240ft²,"@$22,039",Land Registry
29/10/2024,The Highline・8/F・Flat E,,$4.55M,--,220ft²,"@$20,682",Land Registry
29/10/2024,Victoria Harbour・Phase 2B-3 Victoria Harbour II・Tower 2・11/F・Flat B,,$41.19M,--,"1,107ft²","@$37,207",Land Registry
29/10/2024,Fairview Park・Bauhinia Road West・No. 168 (S.J Ss.301),,$8M,,848ft²,"@$9,434",Land Registry
29/10/2024,Ching Tao Court・37/F・Flat 14,,$1.35M,--,--,--,Land Registry
29/10/2024,Whampoa Estate・Wing Wing Building (Block J)・4/F・Flat 4,,$4.05M,,374ft²,"@$10,829",Land Registry
29/10/2024,Cullinan Sky・Phase 1・Tower 6・9/F・Flat B1,,$9.12M,--,467ft²,"@$19,530",Land Registry
29/10/2024,The Vertex・West Wing・35/F・Flat F,,$9.5M,--,435ft²,"@$21,839",Land Registry
29/10/2024,Lohas Park・Phase 10 Lp10・Tower 2 (2A)・35/F・Flat A,,$30.8M,--,"1,521ft²","@$20,250",Land Registry
29/10/2024,Wyler Gardens・Chong Chien Court・Block C・4/F・Flat 5,,$4.2M,,426ft²,"@$9,859",Land Registry
29/10/2024,Sereno Verde・Phase 1・Block 7・10/F・Flat C,,$4.04M,,483ft²,"@$8,362",Land Registry
29/10/2024,Cullinan Sky・Phase 1・Tower 3・27/F・Flat B5,,$6.76M,--,298ft²,"@$22,675",Land Registry
29/10/2024,Fortune Plaza・Wah Cheong Court (Block 4)・9/F・Flat E,,$4M,,342ft²,"@$11,696",Land Registry
29/10/2024,Riva・Helorus Boulevard Tower 5・21/F・Flat A,,$10.4M,,"1,086ft²","@$9,576",Land Registry
29/10/2024,Provident Centre・Block 17・19/F・Flat D,,$12M,,874ft²,"@$13,730",Land Registry
29/10/2024,Cullinan Sky・Phase 1・Tower 5・5/F・Flat B5,,$4.96M,--,240ft²,"@$20,658",Land Registry
29/10/2024,Po Nga Court・Ka Wo House (Block C)・7/F・Flat 14,,$3.5M,--,443ft²,"@$7,901",Land Registry
29/10/2024,Metro Harbour View・Phase 1・Tower 6・13/F・Flat A,,$5.2M,,321ft²,"@$16,199",Land Registry
29/10/2024,Tai On Building・20/F・Flat 18,,$3.15M,--,352ft²,"@$8,949",Land Registry
29/10/2024,Wan Hon Mansion・Rear Block・7/F・Flat J,,$2M,--,296ft²,"@$6,757",Land Registry
29/10/2024,King Shan Court・King Pik House (Block B)・15/F・Flat 2,,$2.8M,--,568ft²,"@$4,930",Land Registry
29/10/2024,Chuk Yuen North Estate・Toa Yuen House (Block 15)・25/F・Flat 13,,$1.98M,--,447ft²,"@$4,430",Land Registry
29/10/2024,One Princeton・3/F・Flat E,,$8.39M,--,448ft²,"@$18,737",Land Registry
29/10/2024,One Jardine's Lookout・17/F・Flat A,,$3.85M,--,180ft²,"@$21,380",Land Registry
29/10/2024,Kt Marina・Phase 1・Tower 2B・7/F・Flat J,,$9.49M,--,538ft²,"@$17,643",Land Registry
29/10/2024,Victoria Harbour・Phase 2B-3 Victoria Harbour II・Tower 2・16/F・Flat B,,$44.5M,--,"1,107ft²","@$40,199",Land Registry
29/10/2024,Kt Marina・Phase 1・Tower 2A・12/F・Flat H,,$4.99M,--,305ft²,"@$16,367",Land Registry
29/10/2024,One Princeton・6/F・Flat E,,$9.02M,--,448ft²,"@$20,127",Land Registry
29/10/2024,Century Link・Phase 2・Tower 1A・18/F・Flat 3,,$5.78M,,453ft²,"@$12,759",Land Registry
29/10/2024,Manor Hill・Tower 2・35/F・Flat C10,,$5.51M,--,287ft²,"@$19,199",Land Registry
29/10/2024,Manor Hill・Tower 2・31/F・Flat C10,,$5.48M,--,287ft²,"@$19,084",Land Registry
29/10/2024,Manor Hill・Tower 2・32/F・Flat C9,,$5.42M,--,283ft²,"@$19,134",Land Registry
29/10/2024,Cullinan Sky・Phase 1・Tower 5・11/F・Flat B8,,$9.13M,--,460ft²,"@$19,843",Land Registry
29/10/2024,Manor Hill・Tower 2・32/F・Flat C10,,$5.49M,--,287ft²,"@$19,125",Land Registry
29/10/2024,Manor Hill・Tower 2・31/F・Flat C9,,$5.4M,--,283ft²,"@$19,095",Land Registry
29/10/2024,Manor Hill・Tower 2・36/F・Flat C9,,$5.45M,--,283ft²,"@$19,247",Land Registry
29/10/2024,Manor Hill・Tower 2・35/F・Flat C9,,$5.44M,--,283ft²,"@$19,208",Land Registry
29/10/2024,Heya Green・Tower 2・9/F・Flat E,,$6.35M,,461ft²,"@$13,774",Land Registry
29/10/2024,Belair Gardens・Carpark・BM2・No.1305,,"$450,000",--,--,--,Land Registry
29/10/2024,Mei Foo Sun Chuen・Phase 4・Carpark・1/F・No. 324,,"$870,000",--,--,--,Land Registry
29/10/2024,The Long Beach・Tower 7・22/F・Flat D,,$14.03M,,816ft²,"@$17,191",Land Registry
29/10/2024,Lohas Park・Phase 2B Le Prime・Tower 6 - L Wing・17/F・Flat D,,$9.05M,,977ft²,"@$9,263",Land Registry
29/10/2024,Heng Fa Villa・Block 2・13/F・Flat C,,$12M,,"1,046ft²","@$11,472",Land Registry
29/10/2024,Ching Tao Court・10/F・Flat 3,,$1.2M,--,--,--,Land Registry
29/10/2024,High West・12/F・Flat D,,$6.35M,,377ft²,"@$16,844",Land Registry
29/10/2024,Park Avenue・Phase 1・Tower 8・39/F・Flat E,,$8.38M,,449ft²,"@$18,664",Land Registry
29/10/2024,Gar Fook Court・Carpark・L/G・No.37,,$1M,--,--,--,Land Registry
29/10/2024,Saiwanho Building・12/F・Flat D,,$3.7M,--,361ft²,"@$10,249",Land Registry
29/10/2024,Wah Bo Building・13/F・Flat A,,$2.5M,,202ft²,"@$12,376",Land Registry
29/10/2024,Yee Fung Court・3/F・Flat A,,$5.8M,--,438ft²,"@$13,242",Land Registry
29/10/2024,Cullinan Sky・Phase 1・Tower 5・29/F・Flat A6,,$7.4M,--,297ft²,"@$24,927",Land Registry
29/10/2024,Cullinan Sky・Phase 1・Tower 5・16/F・Flat B3,,$6.32M,--,296ft²,"@$21,349",Land Registry
29/10/2024,Cullinan Sky・Phase 1・Tower 5・17/F・Flat B3,,$6.33M,--,296ft²,"@$21,392",Land Registry
29/10/2024,Macpherson Place・Tower 1A・18/F・Flat E,,$10.5M,,636ft²,"@$16,509",Land Registry
29/10/2024,Grand Central・Phase 2・Tower 5・11/F・Flat F,,$9.4M,,607ft²,"@$15,486",Land Registry
29/10/2024,Pearl City Mansion・Block C・21/F・Flat C2,,$5.98M,,521ft²,"@$11,478",Land Registry
29/10/2024,Yau Tong Centre・Block 4・2/F・Flat D,,$4.8M,--,489ft²,"@$9,816",Land Registry
29/10/2024,Scenery Garden・Block C・24/F・Flat 2,,$4M,--,408ft²,"@$9,804",Land Registry
29/10/2024,San Wai Court・San Yin House (Block A)・22/F・Flat 4,,$3M,--,645ft²,"@$4,651",Land Registry
29/10/2024,Monte Vista・Carpark・BM1・No.240,,$1.1M,--,--,--,Land Registry
29/10/2024,8 Lasalle・2/F・Flat D,,$19.98M,,944ft²,"@$21,165",Land Registry
29/10/2024,The Forest Hills・15/F・Flat A,,$5.2M,,439ft²,"@$11,845",Land Registry
29/10/2024,Tin Chung Court・Chung Kam House (Block N)・30/F・Flat 4,,$3.25M,--,531ft²,"@$6,121",Land Registry
29/10/2024,No. 1 Star Street・6/F・Flat B,,$5.8M,,295ft²,"@$19,661",Land Registry
29/10/2024,Belvedere Garden・Phase 2・Carpark・1/F・No.71,,"$820,000",--,--,--,Land Registry
29/10/2024,Tuen Mun Town Plaza・Phase 1・Block 4・7/F・Flat F,,$3.9M,,392ft²,"@$9,949",Land Registry
29/10/2024,Ka Tin Court・Ka Yee House (Block E)・26/F・Flat 2,,$4.17M,--,469ft²,"@$8,887",Land Registry
29/10/2024,The Pavilia Forest・Phase 3 The Pavilia Forest III・Tower 1・27/F・Flat D,,$5.19M,--,263ft²,"@$19,719",Land Registry
29/10/2024,The Pavilia Forest・Phase 2 The Pavilia Forest II・Tower 3・11/F・Flat B,,$7.09M,--,383ft²,"@$18,499",Land Registry
29/10/2024,The Arles・Tower 2・48/F・Flat A,,$6.73M,--,325ft²,"@$20,698",Land Registry
29/10/2024,Sorrento・Carpark・1/F・No.211,,$1.32M,--,--,--,Land Registry
29/10/2024,2-8 Fuk Lo Tsun Road・3/F・Flat B (No.6 Front),,$4.6M,--,544ft²,"@$8,456",Land Registry
29/10/2024,Des Voeux W Residence・28/F・Flat E,,$4.86M,--,213ft²,"@$22,794",Land Registry
29/10/2024,Miami Quay・Phase 1・Tower 1・12/F・Flat C,,$12.24M,--,485ft²,"@$25,243",Land Registry
29/10/2024,Manor Hill・Tower 1・32/F・Flat B1,,$5.37M,--,288ft²,"@$18,646",Land Registry
29/10/2024,Manor Hill・Tower 1・32/F・Flat A9,,$5.7M,--,300ft²,"@$19,000",Land Registry
29/10/2024,Kingsland Villa・Block B・7/F・Flat B1,,$7.05M,,741ft²,"@$9,514",Land Registry
29/10/2024,Kingsland Villa・Carpark・B/M・No.61,,"$500,000",--,--,--,Land Registry
29/10/2024,City One Shatin・Site 1・Block 3・12/F・Flat F,,$5.1M,,451ft²,"@$11,308",Land Registry
29/10/2024,Riviera Gardens・Hoi Sing Mansion (Block 10)・23/F・Flat B,,$4.62M,,439ft²,"@$10,524",Land Registry
29/10/2024,Ching Tao Court・16/F・Flat 20,,$1.66M,--,--,--,Land Registry
29/10/2024,Cullinan Sky・Phase 1・Tower 5・9/F・Flat A8,,$10.66M,--,509ft²,"@$20,936",Land Registry
29/10/2024,Cullinan Sky・Phase 1・Tower 6・9/F・Flat B3,,$6.24M,--,296ft²,"@$21,072",Land Registry
29/10/2024,The Pavilia Forest・Phase 3 The Pavilia Forest III・Tower 1・29/F・Flat K,,$4.99M,--,260ft²,"@$19,181",Land Registry
29/10/2024,Novo Land・Phase 3B・Fiskars Tower 2A・3/F・Flat B,,$3.63M,--,292ft²,"@$12,442",Land Registry
29/10/2024,Manor Hill・Tower 2・35/F・Flat A8,,$7.82M,--,406ft²,"@$19,268",Land Registry
29/10/2024,The Yoho Hub・Phase C The Yoho Hub II・Tower 6・9/F・Flat D,,$6.74M,--,462ft²,"@$14,594",Land Registry
29/10/2024,Cullinan Sky・Phase 1・Tower 5・26/F・Flat B3,,$6.48M,--,296ft²,"@$21,901",Land Registry
29/10/2024,Liberte・Block 7・40/F・Flat F,,$7.25M,,517ft²,"@$14,023",Land Registry
29/10/2024,Central Park Towers・Phase 1・Tower 6・21/F・Flat A,,$4.43M,,494ft²,"@$8,968",Land Registry
29/10/2024,Cullinan Sky・Phase 1・Tower 6・10/F・Flat B3,,$6.27M,--,296ft²,"@$21,170",Land Registry
29/10/2024,Cullinan Sky・Phase 1・Tower 5・8/F・Flat A8,,$10.58M,--,509ft²,"@$20,795",Land Registry
29/10/2024,Kt Marina・Phase 1・Tower 2B・5/F・Flat G,,$7M,--,432ft²,"@$16,199",Land Registry
29/10/2024,The Yoho Hub・Phase C The Yoho Hub II・Tower 6・9/F・Flat G,,$11.56M,--,858ft²,"@$13,475",Land Registry
29/10/2024,Manor Hill・Tower 1・31/F・Flat A3,,$4.77M,--,203ft²,"@$23,517",Land Registry
29/10/2024,Metro Town・Phase 2 Le Point・Tower 7・23/F・Flat H,,$7.56M,,594ft²,"@$12,727",Land Registry
29/10/2024,South Horizons・Phase 3・Mei Cheung Court (Block 20)・26/F・Flat C,,$6.87M,,581ft²,"@$11,824",Land Registry
29/10/2024,The Yoho Hub・Phase C The Yoho Hub II・Tower 6・32/F・Flat G,,$12.47M,--,856ft²,"@$14,573",Land Registry
29/10/2024,The Pavilia Forest・Phase 3 The Pavilia Forest III・Tower 1・8/F・Flat H,,$6.63M,--,394ft²,"@$16,830",Land Registry
29/10/2024,Cullinan Sky・Phase 1・Tower 3・10/F・Flat B3,,$6.6M,--,301ft²,"@$21,917",Land Registry
29/10/2024,Cullinan Sky・Phase 1・Tower 3・23/F・Flat B2,,$6.71M,--,298ft²,"@$22,517",Land Registry
29/10/2024,Cullinan Sky・Phase 1・Tower 5・10/F・Flat B6,,$5.27M,--,236ft²,"@$22,330",Land Registry
29/10/2024,Cullinan Sky・Phase 1・Tower 5・10/F・Flat B3,,$6.27M,--,296ft²,"@$21,170",Land Registry
29/10/2024,Jubilant Place・Tower 3・13/F・Flat D,,$6.53M,--,566ft²,"@$11,537",Land Registry
29/10/2024,Discovery Park・Phase 3・Block 11・45/F・Flat F,,$6M,,493ft²,"@$12,170",Land Registry
29/10/2024,"Fairview Park・Section J, 2Nd Street・No. 58 (S.J Ss.108)",,$9.17M,,848ft²,"@$10,811",Land Registry
29/10/2024,Po Man Court・1/F・Flat D,,$2.02M,,154ft²,"@$13,117",Land Registry
29/10/2024,Po Man Court・5/F・Flat C,,$1.52M,,145ft²,"@$10,483",Land Registry
29/10/2024,Monaco・Phase 2 Grande Monaco・Mansion D,,$41.76M,--,"1,376ft²","@$30,347",Land Registry
29/10/2024,The Aster・27/F・Flat B,,$16.26M,--,617ft²,"@$26,360",Land Registry
29/10/2024,#Lyos・Maisonette Building C,,$12.5M,--,793ft²,"@$15,759",Land Registry
29/10/2024,Pano Harbour・Tower 3B・17/F・Flat A,,$15.87M,--,656ft²,"@$24,185",Land Registry
29/10/2024,Pano Harbour・Tower 3A・28/F・Flat A,,$14.69M,--,577ft²,"@$25,454",Land Registry
29/10/2024,Pano Harbour・Tower 3B・11/F・Flat B,,$12.41M,--,526ft²,"@$23,601",Land Registry
29/10/2024,Pano Harbour・Tower 3B・12/F・Flat A,,$15.63M,--,656ft²,"@$23,825",Land Registry
29/10/2024,Pano Harbour・Tower 3A・17/F・Flat A,,$13.68M,--,577ft²,"@$23,713",Land Registry
29/10/2024,The Aster・2/F・Flat A,,$18.05M,--,699ft²,"@$25,820",Land Registry
29/10/2024,The Aster・2/F・Flat B,,$13.96M,--,617ft²,"@$22,629",Land Registry
29/10/2024,The Aster・3/F・Flat A,,$18.12M,--,699ft²,"@$25,924",Land Registry
29/10/2024,The Aster・5/F・Flat D,,$18.34M,--,699ft²,"@$26,240",Land Registry
29/10/2024,The Aster・6/F・Flat B,,$14.15M,--,617ft²,"@$22,930",Land Registry
29/10/2024,The Aster・8/F・Flat D,,$19.21M,--,699ft²,"@$27,479",Land Registry
29/10/2024,Yee Nga Court・Yee Hau House (Block C)・1/F・Flat 7,,$3.9M,--,554ft²,"@$7,040",Land Registry
29/10/2024,Cullinan Sky・Phase 1・Tower 5・11/F・Flat B6,,$5.29M,--,236ft²,"@$22,397",Land Registry
29/10/2024,Cullinan Sky・Phase 1・Tower 5・9/F・Flat B6,,$5.25M,--,236ft²,"@$22,263",Land Registry
29/10/2024,Cullinan Sky・Phase 1・Tower 6・12/F・Flat B1,,$9.2M,--,467ft²,"@$19,706",Land Registry
29/10/2024,Bellagio・Carpark・7/F・No.R7360,,"$580,000",--,--,--,Land Registry
29/10/2024,Manor Hill・Tower 2・31/F・Flat A8,,$7.75M,--,406ft²,"@$19,094",Land Registry
29/10/2024,Park Avenue・Central Park・B/M・No.226,,$1.92M,--,--,--,Land Registry
29/10/2024,Golden Lion Garden・Phase 1・Golden Carnival Court (Block D)・9/F・Flat 3,,$2.8M,,285ft²,"@$9,825",Land Registry
29/10/2024,Park Yoho・Phase 1B Park Yoho Venezia・Tower 7B・11/F・Flat D,,$5.95M,,583ft²,"@$10,206",Land Registry
29/10/2024,Discovery Bay・Phase 4-Peninsula Vl Coastline・24 Discovery Bay Road,,$10.85M,,"1,347ft²","@$8,055",Land Registry
29/10/2024,Kt Marina・Phase 1・Tower 2B・12/F・Flat C,,$8.48M,--,450ft²,"@$18,833",Land Registry
29/10/2024,Central 8・26/F・Flat A,,$4.63M,--,202ft²,"@$22,931",Land Registry
29/10/2024,Regency Park・Carpark・G/F・No.G30,,$1M,--,--,--,Land Registry
29/10/2024,Cullinan Sky・Phase 1・Tower 6・18/F・Flat B1,,$9.28M,--,467ft²,"@$19,865",Land Registry
29/10/2024,Kwong Yuen Estate・Banyan House (Block 2)・11/F・Flat 10,,$2.7M,--,598ft²,"@$4,515",Land Registry
29/10/2024,Cullinan Sky・Phase 1・Tower 5・36/F・Flat A,,$30.01M,--,929ft²,"@$32,305",Land Registry
29/10/2024,Kam Fung Court・Kam Ling House (Block B)・26/F・Flat 4,,$4.2M,--,536ft²,"@$7,836",Land Registry
29/10/2024,South Horizons・Phase 3・Mei Hin Court (Block 23)・30/F・Flat D,,$7M,,584ft²,"@$11,986",Land Registry
29/10/2024,Lake Silver・Tower 8・11/F・Flat C,,$7.18M,,539ft²,"@$13,321",Land Registry
29/10/2024,The Met. Blossom・Tower 1・6/F・Flat A05,,$2.92M,,224ft²,"@$13,036",Land Registry
29/10/2024,Well On Garden・Block 3・8/F・Flat H,,$4.03M,,413ft²,"@$9,758",Land Registry
29/10/2024,Sunway Gardens・Carpark・2/F・No.30,,"$880,000",--,--,--,Land Registry
29/10/2024,The Albany・29/F・Flat C,,$124M,,"1,948ft²","@$63,655",Land Registry
29/10/2024,The Albany・29/F・Flat B,,$85M,,"1,308ft²","@$64,985",Land Registry
29/10/2024,Discovery Bay・Phase 5-Greenvale Village・Greenwood Court (Block 7)・2/F・Flat C,,$6.6M,,947ft²,"@$6,969",Land Registry
29/10/2024,Cullinan Sky・Phase 1・Tower 5・35/F・Flat C,,$26.63M,--,919ft²,"@$28,972",Land Registry
29/10/2024,Chung Hing Building・4/F・Flat 30,,$2.8M,,319ft²,"@$8,777",Land Registry
29/10/2024,Villa Premiere・Block 2・2/F・Flat F,,$5M,,531ft²,"@$9,416",Land Registry
29/10/2024,Taikoo Shing・On Shing Terrace・(T-29) Shun On Mansion・9/F・Flat H,,$9M,,703ft²,"@$12,802",Land Registry
29/10/2024,Brilliant Court・18/F・Flat E,,$8.08M,,567ft²,"@$14,250",Land Registry
29/10/2024,The Yoho Hub・Phase C The Yoho Hub II・Tower 6・33/F・Flat H,,$13.01M,--,901ft²,"@$14,437",Land Registry
29/10/2024,Lohas Park・Phase 12B Park Seasons・Tower 2 (2A)・43/F・Flat E,,$4.82M,--,322ft²,"@$14,966",Land Registry
29/10/2024,Lohas Park・Phase 12B Park Seasons・Tower 2 (2B)・15/F・Flat D,,$6.21M,--,437ft²,"@$14,204",Land Registry
29/10/2024,Lohas Park・Phase 12B Park Seasons・Tower 2 (2B)・15/F・Flat F,,$4.57M,--,323ft²,"@$14,142",Land Registry
29/10/2024,Lohas Park・Phase 12B Park Seasons・Tower 2 (2B)・20/F・Flat F,,$4.62M,--,323ft²,"@$14,313",Land Registry
29/10/2024,Lohas Park・Phase 12B Park Seasons・Tower 2 (2B)・35/F・Flat C,,$6.73M,--,451ft²,"@$14,911",Land Registry
29/10/2024,Lohas Park・Phase 12B Park Seasons・Tower 2 (2B)・18/F・Flat F,,$4.6M,--,323ft²,"@$14,254",Land Registry
29/10/2024,Onmantin・Phase 2A・Tower 3・21/F・Flat B,,$17.6M,--,725ft²,"@$24,280",Land Registry
29/10/2024,Lohas Park・Phase 12B Park Seasons・Tower 2 (2B)・11/F・Flat A,,$7.85M,--,537ft²,"@$14,609",Land Registry
29/10/2024,Sea Ranch・Chalet 10・1/F・Flat A,,$1.8M,--,--,--,Land Registry
29/10/2024,Po Pui Court・Po Shan House (Block A)・24/F・Flat 1,,$4.2M,--,554ft²,"@$7,581",Land Registry
29/10/2024,Hop Shing Mansion・3/F・Flat D (No. 99),,$3.25M,,393ft²,"@$8,270",Land Registry
29/10/2024,Java Mansion・9/F・Flat B (No. 31),,$3.8M,,299ft²,"@$12,709",Land Registry
29/10/2024,Grandview Mansion・4/F・Flat A,,$3M,--,332ft²,"@$9,036",Land Registry
29/10/2024,Royal Court・Carpark・3/F・No.9,,$1.5M,--,--,--,Land Registry
29/10/2024,The Yoho Hub・Phase C The Yoho Hub II・Tower 6・37/F・Flat D,,$7.17M,--,462ft²,"@$15,512",Land Registry
29/10/2024,Kai Tak Garden・Block 1・30/F・Flat H,,$5M,--,612ft²,"@$8,170",Land Registry
29/10/2024,Manor Hill・Tower 2・38/F・Flat C10,,$5.54M,--,287ft²,"@$19,314",Land Registry
29/10/2024,Cullinan Sky・Phase 1・Tower 5・7/F・Flat A6,,$6.83M,--,297ft²,"@$22,985",Land Registry
29/10/2024,Novo Land・Phase 3B・Fiskars Tower 1・9/F・Flat D,,$5.19M,--,434ft²,"@$11,962",Land Registry
29/10/2024,Cullinan Sky・Phase 1・Tower 5・7/F・Flat A8,,$10.51M,--,509ft²,"@$20,639",Land Registry
29/10/2024,Lok Nga Court・Nga Ping House (Block F)・21/F・Flat 2,,$3.45M,--,467ft²,"@$7,388",Land Registry
29/10/2024,Ocean Shores・Phase 3・Tower 11・22/F・Flat D,,$6.9M,,533ft²,"@$12,946",Land Registry
29/10/2024,Fanling Town Center・Brilliant Court (Block 2)・3/F・Flat H,,$3.7M,,376ft²,"@$9,840",Land Registry
29/10/2024,Manor Hill・Tower 2・31/F・Flat D9,,$7.86M,--,403ft²,"@$19,496",Land Registry
29/10/2024,Mei Foo Sun Chuen・Phase 5・1-3 Nassau Street・6/F・Flat D No. 3,,$5.7M,,556ft²,"@$10,252",Land Registry
29/10/2024,Sun Yuen Long Centre・Block 2・2/F・Flat E,,$6.75M,,639ft²,"@$10,563",Land Registry
29/10/2024,The Merton・Tower 1・27/F・Flat F,,$9.58M,,496ft²,"@$19,315",Land Registry
29/10/2024,Lei Cheng Uk Estate・Wo Muk House (Block 7)・18/F・Flat 16,,$2.98M,--,494ft²,"@$6,032",Land Registry
29/10/2024,Tung Hei Court・Yat Hei House (Block B)・21/F・Flat 5,,$4M,--,541ft²,"@$7,394",Land Registry
29/10/2024,Island Harbourview・Tower 8・30/F・Flat A,,$13.28M,,700ft²,"@$18,971",Land Registry
29/10/2024,Ching Tao Court・18/F・Flat 18,,$1.23M,--,--,--,Land Registry
29/10/2024,Bauhinia Garden・Carpark・1/F・No.13,,"$850,000",--,--,--,Land Registry
29/10/2024,23 High Street・G/F・No. 23 (Rear),,$3M,--,338ft²,"@$8,876",Land Registry
29/10/2024,The Pacifica・Phase 2・Tower 6 (Belle Mer)・57/F・Flat H,,$8.38M,,484ft²,"@$17,314",Land Registry
29/10/2024,Twin Peaks・Tower 1・21/F・Flat G,,$11.5M,,738ft²,"@$15,583",Land Registry
29/10/2024,The Yoho Hub・Phase C The Yoho Hub II・Tower 6・20/F・Flat D,,$6.93M,--,462ft²,"@$15,005",Land Registry
29/10/2024,Century Link・Phase 1・Tower 5B・G/F・Flat 6,,$6.28M,,459ft²,"@$13,682",Land Registry
29/10/2024,Cullinan Sky・Phase 1・Tower 6・5/F・Flat B2,,$5.88M,--,296ft²,"@$19,861",Land Registry
29/10/2024,Cullinan Sky・Phase 1・Tower 5・9/F・Flat B3,,$6.25M,--,296ft²,"@$21,106",Land Registry
29/10/2024,Discovery Bay・Phase 13 Chianti・The Premier (Block 6)・3/F・Flat C,,$9M,,996ft²,"@$9,036",Land Registry
29/10/2024,Winsome Park・15/F・Flat A,,$12.88M,,829ft²,"@$15,537",Land Registry
29/10/2024,Discovery Bay・Phase 10 Neo Horizon・Neo Horizon I (Block I)・20/F・Flat C,,$5.15M,,629ft²,"@$8,188",Land Registry
29/10/2024,Cullinan Sky・Phase 1・Tower 6・20/F・Flat B5,,$5.43M,--,240ft²,"@$22,612",Land Registry
29/10/2024,Cullinan Sky・Phase 1・Tower 6・18/F・Flat A6,,$11.7M,--,469ft²,"@$24,949",Land Registry
29/10/2024,Novo Land・Phase 3B・Fiskars Tower 2A・35/F・Flat E,,$3.16M,--,232ft²,"@$13,605",Land Registry
29/10/2024,Miami Quay・Phase 1・Tower 2・23/F・Flat D,,$10.66M,--,457ft²,"@$23,324",Land Registry
29/10/2024,Cullinan Sky・Phase 1・Tower 3・10/F・Flat A5,,$22.04M,--,887ft²,"@$24,848",Land Registry
29/10/2024,Cullinan Sky・Phase 1・Tower 6・21/F・Flat A5,,$7.49M,--,300ft²,"@$24,971",Land Registry
29/10/2024,Manor Hill・Tower 2・37/F・Flat B1,,$5.65M,--,287ft²,"@$19,676",Land Registry
29/10/2024,Kingswood Villas・Phase 1 Locwood Court・Block 3・15/F・Flat C,,$4.08M,,551ft²,"@$7,405",Land Registry
29/10/2024,Hollywood Hill・16/F・Flat B,,$8.1M,--,--,--,Land Registry
29/10/2024,Manhattan Hill・Tower 3・50/F・Flat D,,$9.08M,,538ft²,"@$16,877",Land Registry
29/10/2024,The Pinnacle・Block 2・22/F・Flat B,,$6M,--,614ft²,"@$9,772",Land Registry
29/10/2024,Sui Wo Court・Fung Yue House (Block A)・21/F・Flat 7,,$3.93M,--,473ft²,"@$8,309",Land Registry
29/10/2024,The Vantage・10/F・Flat D8,,$4.28M,,266ft²,"@$16,090",Land Registry
29/10/2024,The Pavilia Forest・Phase 2 The Pavilia Forest II・Tower 3・6/F・Flat P,,$6.31M,--,383ft²,"@$16,486",Land Registry
29/10/2024,Upper East・31/F・Flat A (T1B),,$3.05M,,228ft²,"@$13,377",Land Registry
29/10/2024,Double Cove・Phase 4 Double Cove Grandview・Block 6・30/F・Flat C,,$7.28M,,501ft²,"@$14,531",Land Registry
29/10/2024,Sun Shing Centre・Block 4・4/F・Flat D,,$3M,,287ft²,"@$10,453",Land Registry
29/10/2024,Cullinan Sky・Phase 1・Tower 5・8/F・Flat B2,,$6.02M,--,299ft²,"@$20,134",Land Registry
29/10/2024,The Parkland・10/F・Flat J,,$2.65M,--,282ft²,"@$9,382",Land Registry
29/10/2024,The Parkland・10/F・Flat K,,$2.83M,--,302ft²,"@$9,383",Land Registry
29/10/2024,The Parkland・10/F・Flat G,,$2.72M,--,286ft²,"@$9,524",Land Registry
29/10/2024,The Parkland・10/F・Flat F,,$2.79M,--,285ft²,"@$9,793",Land Registry
29/10/2024,The Parkland・12/F・Flat F,,$2.85M,--,285ft²,"@$9,994",Land Registry
29/10/2024,The Parkland・12/F・Flat G,,$2.78M,--,286ft²,"@$9,725",Land Registry
29/10/2024,The Parkland・12/F・Flat J,,$2.7M,--,282ft²,"@$9,585",Land Registry
29/10/2024,The Parkland・12/F・Flat K,,$2.89M,--,302ft²,"@$9,582",Land Registry
29/10/2024,Manor Hill・Tower 1・31/F・Flat A7,,$4.78M,--,205ft²,"@$23,307",Land Registry
29/10/2024,The Royale・Phase 1 Seacoast Royale・Tower 5・5/F・Flat 11,,$2.8M,,212ft²,"@$13,208",Land Registry
29/10/2024,Novo Land・Phase 3B・Fiskars Tower 2A・17/F・Flat J,,$4.92M,--,400ft²,"@$12,296",Land Registry
29/10/2024,Eight Regency・27/F・Flat L,,$4M,,390ft²,"@$10,256",Land Registry
29/10/2024,The Pavilia Bay・Tower 1A・26/F・Flat C,,$7.3M,,421ft²,"@$17,340",Land Registry
29/10/2024,Luk Yeung Sun Chuen・Block F・7/F・Flat 6,,$4.9M,,445ft²,"@$11,011",Land Registry
29/10/2024,Maya・Tower 1・25/F・Flat D,,$7.3M,,548ft²,"@$13,321",Land Registry
29/10/2024,Kingswood Villas・Phase 3 Chestwood Court・Block 6・2/F・Flat B,,$4.88M,,633ft²,"@$7,709",Land Registry
29/10/2024,Royal Green・Tower 1・45/F・Flat G,,$4.77M,,417ft²,"@$11,439",Land Registry
29/10/2024,Fung Shing Court・Wah Shing House (Block B)・3/F・Flat 9,,$2.98M,--,381ft²,"@$7,822",Land Registry
29/10/2024,The Pavilia Forest・Phase 2 The Pavilia Forest II・Tower 3・10/F・Flat G,,$7.15M,--,392ft²,"@$18,247",Land Registry
29/10/2024,Po Nga Court・Ka Wo House (Block C)・2/F・Flat 21,,$3.43M,--,531ft²,"@$6,460",Land Registry
29/10/2024,Cullinan Sky・Phase 1・Tower 6・7/F・Flat B1,,$8.97M,--,467ft²,"@$19,201",Land Registry
29/10/2024,Cullinan Sky・Phase 1・Tower 6・6/F・Flat B1,,$8.84M,--,467ft²,"@$18,931",Land Registry
29/10/2024,Ching Tao Court・32/F・Flat 3,,$1.29M,--,--,--,Land Registry
29/10/2024,Coastal Skyline・Phase 3 La Rossa・La Rossa A (Tower 7)・18/F・Flat E,,$6.74M,,638ft²,"@$10,564",Land Registry
29/10/2024,Kingswood Villas・Phase 1 Locwood Court・Block 14・17/F・Flat E,,$3.88M,,448ft²,"@$8,661",Land Registry
29/10/2024,Chun Man Court・Man Fuk House (Block A)・1/F・Flat 8,,$4.57M,--,525ft²,"@$8,705",Land Registry
29/10/2024,Kingston Terrace・Block 4・10/F・Flat G,,$3.58M,--,499ft²,"@$7,174",Land Registry
29/10/2024,Sun Tuen Mun Centre・Block 1・23/F・Flat A,,$4.33M,,603ft²,"@$7,181",Land Registry
29/10/2024,Sheung Shui Centre・Block 3・8/F・Flat E,,$4M,,351ft²,"@$11,396",Land Registry
29/10/2024,Wing Po Mansion・17/F・Flat D,,$8.6M,,678ft²,"@$12,684",Land Registry
29/10/2024,Garden Rivera・Block B・19/F・Flat 2,,$3.11M,,269ft²,"@$11,554",Land Registry
29/10/2024,Riviera Gardens・Hoi Yue Mansion (Block 22)・23/F・Flat E,,$4.25M,--,453ft²,"@$9,382",Land Registry
29/10/2024,The Yoho Hub・Phase C The Yoho Hub II・Tower 6・10/F・Flat A,,$6.94M,--,462ft²,"@$15,027",Land Registry
29/10/2024,The Pavilia Forest・Phase 2 The Pavilia Forest II・Tower 3・7/F・Flat H,,$6.39M,--,385ft²,"@$16,608",Land Registry
29/10/2024,The Pavilia Forest・Phase 2 The Pavilia Forest II・Tower 3・7/F・Flat P,,$6.46M,--,383ft²,"@$16,864",Land Registry
29/10/2024,The Pavilia Forest・Phase 3 The Pavilia Forest III・Tower 1・23/F・Flat D,,$5.03M,--,263ft²,"@$19,125",Land Registry
29/10/2024,The Pavilia Forest・Phase 3 The Pavilia Forest III・Tower 1・25/F・Flat D,,$5.06M,--,263ft²,"@$19,224",Land Registry
29/10/2024,Upper Riverbank・Mansion A,,$95.1M,--,"2,182ft²","@$43,584",Land Registry
29/10/2024,K. City・Tower 8・15/F・Flat A,,$6.3M,--,371ft²,"@$16,981",Land Registry
29/10/2024,K‧Summit・Tower 2B・31/F・Flat D,,$10.5M,,--,--,Land Registry
29/10/2024,Manor Hill・Tower 2・23/F・Flat D6,,$5.44M,--,283ft²,"@$19,216",Land Registry
29/10/2024,Dawning Views・Block 9・4/F・Flat B,,$6M,--,634ft²,"@$9,464",Land Registry
29/10/2024,Ching Tao Court・5/F・Flat 20,,$1.56M,--,--,--,Land Registry
29/10/2024,The Aurora・Tower 3・15/F・Flat C,,$3.96M,,219ft²,"@$18,082",Land Registry
29/10/2024,Yoho Town・Phase 1・Block 7・20/F・Flat B,,$7.38M,,637ft²,"@$11,586",Land Registry
29/10/2024,Grand Del Sol・Block 1・11/F・Flat E,,$6.43M,,739ft²,"@$8,701",Land Registry
29/10/2024,Ching Tao Court・27/F・Flat 13,,$1.31M,--,--,--,Land Registry
29/10/2024,The Yoho Hub・Phase C The Yoho Hub II・Tower 6・20/F・Flat H,,$12.36M,--,905ft²,"@$13,657",Land Registry
29/10/2024,The Yoho Hub・Phase C The Yoho Hub II・Tower 6・26/F・Flat B,,$8.32M,--,538ft²,"@$15,464",Land Registry
29/10/2024,Kingswood Villas・Phase 1 Locwood Court・Block 7・23/F・Flat C,,$4.78M,,551ft²,"@$8,675",Land Registry
29/10/2024,The Yoho Hub・Phase C The Yoho Hub II・Tower 6・49/F・Flat G,,$12.94M,--,856ft²,"@$15,122",Land Registry
29/10/2024,Cullinan Sky・Phase 1・Tower 5・6/F・Flat B8,,$9.1M,--,460ft²,"@$19,792",Land Registry
29/10/2024,Cullinan Sky・Phase 1・Tower 6・6/F・Flat B3,,$6.26M,--,296ft²,"@$21,158",Land Registry
29/10/2024,Cullinan Sky・Phase 1・Tower 6・10/F・Flat B1,,$9.45M,--,467ft²,"@$20,241",Land Registry
29/10/2024,Cullinan Sky・Phase 1・Tower 6・11/F・Flat B1,,$9.48M,--,467ft²,"@$20,302",Land Registry
29/10/2024,Cullinan Sky・Phase 1・Tower 6・6/F・Flat B2,,$6.26M,--,296ft²,"@$21,158",Land Registry
29/10/2024,Cullinan Sky・Phase 1・Tower 6・7/F・Flat B2,,$6.35M,--,296ft²,"@$21,452",Land Registry
29/10/2024,Cullinan Sky・Phase 1・Tower 6・8/F・Flat B2,,$6.41M,--,296ft²,"@$21,647",Land Registry
29/10/2024,Cullinan Sky・Phase 1・Tower 6・9/F・Flat B2,,$6.46M,--,296ft²,"@$21,809",Land Registry
29/10/2024,Cullinan Sky・Phase 1・Tower 6・10/F・Flat B2,,$6.48M,--,296ft²,"@$21,875",Land Registry
29/10/2024,Cullinan Sky・Phase 1・Tower 6・11/F・Flat B2,,$6.49M,--,296ft²,"@$21,941",Land Registry
29/10/2024,Cullinan Sky・Phase 1・Tower 6・7/F・Flat A2,,$7.06M,--,298ft²,"@$23,679",Land Registry
29/10/2024,Onmantin・Phase 2B・Tower 5 (5A)・22/F・Flat E,,$11.58M,--,488ft²,"@$23,732",Land Registry
29/10/2024,De Novo・Tower H1・21/F・Flat G,,$12.1M,--,658ft²,"@$18,389",Land Registry
29/10/2024,Kt Marina・Phase 1・Tower 2A・5/F・Flat M,,$8.46M,--,481ft²,"@$17,593",Land Registry
29/10/2024,La Grove・Block 3・9/F・Flat E,,$4.1M,,450ft²,"@$9,111",Land Registry
29/10/2024,Kingswood Villas・Phase 7 Kenswood Court・Block 1・26/F・Flat F,,$4.1M,,442ft²,"@$9,276",Land Registry
29/10/2024,Lohas Park・Phase 12B Park Seasons・Tower 2 (2B)・32/F・Flat A,,$8.14M,--,537ft²,"@$15,151",Land Registry
29/10/2024,Onmantin・Phase 2A・Tower 3・8/F・Flat D,,$12.73M,--,629ft²,"@$20,242",Land Registry
29/10/2024,Sze Bo Building・2/F・No. 61,,$5M,--,575ft²,"@$8,696",Land Registry
29/10/2024,Hollywood Hill・17/F・Flat A,,$8.4M,--,--,--,Land Registry
29/10/2024,Golden Fair Mansion・6/F・No. 4D,,$15M,--,"1,119ft²","@$13,405",Land Registry
29/10/2024,Cullinan Sky・Phase 1・Tower 3・46/F・Flat C,,$40.78M,--,"1,367ft²","@$29,832",Land Registry
29/10/2024,Ching Tao Court・11/F・Flat 9,,$1.94M,--,--,--,Land Registry
28/10/2024,Aberdeen Centre・Hoi Chu Court (Block B)・Upper Floor・Flat 6,,$5.17M,--,432ft²,"@$11,956",Centaline
28/10/2024,119 Wan Chai Road・No. 119,,$3.7M,--,506ft²,"@$7,312",Centaline
28/10/2024,Oceanaire・Tower 3A・Middle Floor・Flat C,,$9.65M,--,811ft²,"@$11,899",Centaline
28/10/2024,Banyan Garden・Phase 1・Tower 2・Middle Floor・Flat H,,$6.5M,--,464ft²,"@$14,009",Centaline
28/10/2024,The Pacifica・Phase 1・Tower 2・Upper Floor・Flat A,,$6.68M,--,464ft²,"@$14,397",Centaline
28/10/2024,Hollywood Terrace・Block A・Upper Floor・Flat F,,$10.38M,--,615ft²,"@$16,878",Centaline
28/10/2024,Garden Vista・Phase 2・Block E・Upper Floor・Flat 8,,$8.2M,--,764ft²,"@$10,733",Centaline
28/10/2024,Coastal Skyline・Phase 4 Le Bleu Deux・Block 3・Upper Floor・Flat B,,$6.75M,--,568ft²,"@$11,884",Centaline
28/10/2024,East Point City・Block 5・Middle Floor・Flat H,,$6.38M,--,524ft²,"@$12,176",Centaline
28/10/2024,Ying Ming Court・Ming On House (Block E)・Upper Floor・Flat 3,,$3.85M,--,401ft²,"@$9,601",Centaline
28/10/2024,Residence Bel-Air・Phase 1・Tower 8・Lower Floor・Flat B,,$34.5M,--,"1,552ft²","@$22,229",Centaline
28/10/2024,Crescendo,,$20.8M,--,"1,938ft²","@$10,733",Centaline
28/10/2024,Lohas Park・Phase 1 The Capitol・Lucerne (Tower 2 - L Wing)・Lower Floor・Flat C,,$5.68M,--,518ft²,"@$10,965",Centaline
28/10/2024,Lei King Wan・Sites A・Block 4 Kwun Fung Mansion・Middle Floor・Flat E,,$7.16M,--,536ft²,"@$13,358",Centaline
28/10/2024,Mount Haven・Block 2・Lower Floor・Flat G,,$5.68M,--,546ft²,"@$10,403",Centaline
28/10/2024,Lei King Wan・Sites D・Block 13 On Hiu Mansion・Upper Floor・Flat F,,$7.8M,--,565ft²,"@$13,805",Centaline
28/10/2024,Nan Fung Sun Chuen・Block 8・Upper Floor・Flat H,,$6.03M,--,570ft²,"@$10,579",Centaline
28/10/2024,Beverly Hill・Block B・Lower Floor・Flat 1,,$26M,--,"1,424ft²","@$18,258",Centaline
28/10/2024,Hong Lok Yuen・Hong Lok Yuen Town Centre Cres・Block C2・Flat C,,$8.58M,--,750ft²,"@$11,440",Centaline
28/10/2024,Festival City・Phase 1・Tower 3・Upper Floor・Flat Sa,,$9.98M,--,679ft²,"@$14,698",Centaline
28/10/2024,Lung Poon Court・Lung San House (Block A)・Lower Floor・Flat 15,,$4.89M,--,426ft²,"@$11,474",Centaline
28/10/2024,Laguna Verde・Phase 3 Costa Del Sol・Tower 8・Lower Floor・Flat D,,$7.7M,--,586ft²,"@$13,140",Centaline
28/10/2024,Ocean Shores・Phase 2・Tower 8・Lower Floor・Flat C,,$7.96M,--,645ft²,"@$12,341",Centaline
28/10/2024,Tseung Kwan O Plaza・Phase 2・Tower 7・Lower Floor・Flat C,,$9.43M,--,728ft²,"@$12,953",Centaline
28/10/2024,Park Central・Phase 2・Tower 2・Upper Floor・Flat H,,$7.3M,--,465ft²,"@$15,699",Centaline
28/10/2024,Cullinan West・Phase 3 Cullinan West Il・Tower 3B・Lower Floor・Flat C,,$7.15M,--,363ft²,"@$19,697",Centaline
28/10/2024,Laguna Verde・Phase 5(4B) Ocean Vista・Tower 23A・Lower Floor・Flat G,,$7.08M,--,537ft²,"@$13,184",Centaline
28/10/2024,New Kwai Fong Gardens・Block C・Middle Floor・Flat 5,,$4.85M,--,400ft²,"@$12,125",Centaline
28/10/2024,The Hermitage・Tower 7・Middle Floor・Flat B,,$5.62M,--,300ft²,"@$18,733",Centaline
28/10/2024,Tai Ming House・Upper Floor・Flat H,,$3.14M,--,380ft²,"@$8,258",Centaline
28/10/2024,Cayman Rise・Block 1・Middle Floor・Flat F,,$6.9M,--,464ft²,"@$14,871",Centaline
28/10/2024,Novum West・Tower 2・Middle Floor・Flat C,,$4.53M,--,225ft²,"@$20,133",Centaline
28/10/2024,Jade Plaza・Block B・Lower Floor・Flat 1,,$2.66M,--,262ft²,"@$10,153",Centaline
28/10/2024,Goodrich Garden・Tower 1・Lower Floor・Flat F,,$3.1M,--,367ft²,"@$8,447",Centaline
28/10/2024,Tuen Mun Town Plaza・Phase 3・Block 8・Lower Floor・Flat J,,$3.45M,--,351ft²,"@$9,829",Centaline
28/10/2024,Monterey・Tower 9B・Lower Floor・Flat A,,$15.8M,--,860ft²,"@$18,372",Centaline
28/10/2024,Tierra Verde・Phase 2・Block 1・Lower Floor・Flat F,,$7.28M,--,523ft²,"@$13,920",Centaline
28/10/2024,Taikoo Shing・Horizon Gardens・(T-62) Nam Tien Mansion・Middle Floor・Flat C,,$10.5M,--,680ft²,"@$15,441",Centaline
28/10/2024,Taikoo Shing・Horizon Gardens・(T-56) Hoi Tien Mansion・Lower Floor・Flat G,,$10.5M,--,717ft²,"@$14,644",Centaline
28/10/2024,The Regent・Tower 1・Lower Floor・Flat C,,$6.22M,--,524ft²,"@$11,870",Centaline
28/10/2024,Hong Chiang Building・Upper Floor・Flat A,,$3.6M,--,362ft²,"@$9,945",Centaline
28/10/2024,Residence Bel-Air・Phase 4 Bel-Air On The Peak・Tower 6・Middle Floor・Flat B,,$16.88M,--,723ft²,"@$23,347",Centaline
28/10/2024,Shatin Centre・Kwong Ning Building (Block H)・Lower Floor・Flat G,,$4.25M,--,310ft²,"@$13,710",Centaline
28/10/2024,Festival City・Phase 2・Tower 1・Lower Floor・Flat Sd,,$9.52M,--,686ft²,"@$13,878",Centaline
28/10/2024,South Horizons・Phase 2・Yee Tsui Court (Block 16)・Lower Floor・Flat H,,$13.38M,--,863ft²,"@$15,504",Centaline
28/10/2024,K‧Summit・Tower 2B・Lower Floor・Flat C,,$8.38M,--,461ft²,"@$18,178",Centaline
28/10/2024,Serenity Place・Block 5・Lower Floor・Flat F,,$4.18M,--,497ft²,"@$8,410",Centaline
28/10/2024,Double Cove・Phase 1・Block 1・Middle Floor・Flat D,,$10.73M,--,797ft²,"@$13,463",Centaline
28/10/2024,Parc Oasis・Tower 25 (34 Grandeur Rd)・Middle Floor・Flat D,,$8.6M,--,559ft²,"@$15,385",Centaline
28/10/2024,Ho Shun Yee Building・Block B・Upper Floor・Flat 6,,$2.98M,--,283ft²,"@$10,530",Centaline
28/10/2024,Lake Silver・Tower 2・Lower Floor・Flat G,,,--,549ft²,@$34,Centaline
28/10/2024,Belvedere Garden・Phase 1・Block 2・Lower Floor・Flat A,,,--,644ft²,@$28,Centaline
28/10/2024,Affluence Garden・Pacific House (Block 4)・Middle Floor・Flat H,,,--,579ft²,@$22,Centaline
28/10/2024,Eltanin‧Square Mile・Tower 1・Middle Floor・Flat F,,,--,198ft²,@$66,Centaline
28/10/2024,Discovery Bay・Phase 12 Siena Two・Block 36・Lower Floor・Flat B,,,--,457ft²,@$27,Centaline
28/10/2024,Yee Fung Court・Middle Floor・Flat E,,,--,438ft²,@$50,Centaline
28/10/2024,Laichikok Bay Garden・Block C・Middle Floor・Flat C1,,,--,532ft²,@$32,Centaline
28/10/2024,The Quinn ‧ Square Mile・Tower 2・Middle Floor・Flat E,,,--,291ft²,@$58,Centaline
28/10/2024,Prince Wesidence・Upper Floor・Flat A,,,--,--,--,Centaline
28/10/2024,Yoho Town・Phase 2 Yoho Midtown・Block M9・Middle Floor・Flat E,,,--,538ft²,@$34,Centaline
28/10/2024,Lei King Wan・Sites D・Block 16 On Tsui Mansion・Middle Floor・Flat D,,,--,495ft²,@$43,Centaline
28/10/2024,Lohas Park・Phase 10 Lp10・Tower 2 (2A)・Middle Floor・Flat B,,,--,867ft²,@$42,Centaline
28/10/2024,Kornhill・Block N (Flat 1 - 8)・Upper Floor・Flat 1,,,--,490ft²,@$48,Centaline
28/10/2024,Carado Garden・Block 6・Upper Floor・Flat E,,,--,591ft²,@$31,Centaline
28/10/2024,Grand Central・Phase 2・Tower 5・Middle Floor・Flat E,,,--,593ft²,@$40,Centaline
28/10/2024,The Metropolis Residence・Tower 1・Lower Floor・Flat 22,,,--,474ft²,@$49,Centaline
28/10/2024,Highland Park・Tower 5・Lower Floor・Flat F,,,--,581ft²,@$30,Centaline
28/10/2024,The Quinn ‧ Square Mile・Tower 2・Upper Floor・Flat G,,,--,269ft²,@$60,Centaline
28/10/2024,Skypark・Upper Floor・Flat B1,,,--,463ft²,@$49,Centaline
28/10/2024,Tuen Mun Town Plaza・Phase 3・Block 8・Upper Floor・Flat H,,,--,363ft²,@$32,Centaline
28/10/2024,Tai Hing Gardens・Phase 1・Block 3・Upper Floor・Flat A,,,--,428ft²,@$27,Centaline
28/10/2024,Ma On Shan Centre・Tower 3・Upper Floor・Flat D,,,--,590ft²,@$35,Centaline
28/10/2024,Park Island・Phase 5 Oceancrest・Tower 28・Middle Floor・Flat F,,,--,575ft²,@$29,Centaline
28/10/2024,St Martin・Phase 2・Tower 8・Upper Floor・Flat B5,,,--,339ft²,@$44,Centaline
28/10/2024,The Zenith・Phase 1・Tower 1・Middle Floor・Flat C,,,--,492ft²,@$52,Centaline
28/10/2024,South Horizons・Phase 1・Hoi Ning Court (Block 5)・Upper Floor・Flat E,,,--,598ft²,@$38,Centaline
28/10/2024,Ping Yan Court・Block A (Ping Oi House)・Lower Floor・Flat 5,,,--,445ft²,@$27,Centaline
28/10/2024,The Papillons・Tower 1・Lower Floor・Flat C,,,--,638ft²,@$41,Centaline
28/10/2024,K‧Summit・Tower 2A・Lower Floor・Flat D,,,--,515ft²,@$49,Centaline
28/10/2024,Yoho Town・Phase 2 Yoho Midtown・Block M8・Lower Floor・Flat D,,,--,893ft²,@$29,Centaline
28/10/2024,Kingswood Villas・Phase 1 Locwood Court・Block 4・Upper Floor・Flat B,,,--,633ft²,@$25,Centaline
28/10/2024,The Cairnhill・Phase 2・Block 18・Lower Floor・Flat B,,,--,629ft²,@$30,Centaline
28/10/2024,Vibe Centro・Tower 2B・Upper Floor・Flat D,,,--,306ft²,@$57,Centaline
28/10/2024,South Horizons・Phase 2・Yee Fai Court (Block 13A)・Lower Floor・Flat A,,,--,623ft²,@$42,Centaline
28/10/2024,Silicon Hill・Phase 1・Greenwood Tower 1・Middle Floor・Flat B5,,,--,398ft²,@$40,Centaline
28/10/2024,Brilliant Court・Lower Floor・Flat B,,,--,405ft²,@$49,Centaline
28/10/2024,Village Mansion・Lower Floor・Flat A,,,--,719ft²,@$40,Centaline
28/10/2024,Metro Harbour View・Phase 1・Tower 1・Upper Floor・Flat E,,,--,344ft²,@$49,Centaline
28/10/2024,Lux Theatre Building・Block A・Lower Floor・Flat 15,,,--,556ft²,@$23,Centaline
28/10/2024,Ho King Building・Lower Floor・Flat C,,,--,276ft²,@$34,Centaline
28/10/2024,Prince Central・Lower Floor・Flat H,,,--,266ft²,@$60,Centaline
28/10/2024,The Long Beach・Tower 3・Middle Floor・Flat E,,,--,763ft²,@$41,Centaline
28/10/2024,Seaview Crescent・Block 1・Upper Floor・Flat A,,,--,582ft²,@$38,Centaline
28/10/2024,Cullinan Sky・Phase 1・Tower 5・12/F・Flat A8,,$10.75M,--,509ft²,"@$21,126",Land Registry
28/10/2024,Novo Land・Phase 3B・Fiskars Tower 2A・31/F・Flat B,,$3.77M,--,292ft²,"@$12,895",Land Registry
28/10/2024,Centra Horizon・Tower 9・8/F・Flat J,,$12.35M,,"1,019ft²","@$12,120",Land Registry
28/10/2024,Kwong Sang Hong Building・Block C・5/F・Flat K,,$4.48M,--,403ft²,"@$11,117",Land Registry
28/10/2024,The Yoho Hub・Phase C The Yoho Hub II・Tower 6・12/F・Flat F,,$10.17M,--,749ft²,"@$13,583",Land Registry
28/10/2024,Tak Cheong Building・2/F・Flat N,,$2.9M,,434ft²,"@$6,682",Land Registry
28/10/2024,Chun Fai Building・2/F・Flat A,,$5.38M,,456ft²,"@$11,798",Land Registry
28/10/2024,Long Ping Estate・Hor Ping House・3/F・Flat 41,,$1.6M,--,349ft²,"@$4,585",Land Registry
28/10/2024,Sea Crest Villa・Phase 1・Block 1・10/F・Flat F,,$5.37M,,614ft²,"@$8,746",Land Registry
28/10/2024,Hin Keng Estate・Hin Pui House (Block 1)・11/F・Flat 12,,$2.6M,--,--,--,Land Registry
28/10/2024,Uptown East・Tower 2B・32/F・Flat E,,$8.37M,--,516ft²,"@$16,217",Land Registry
28/10/2024,Monterey・Carpark・B/M・No.R074,,$1.8M,--,--,--,Land Registry
28/10/2024,The Aperture・10/F・Flat K,,$8M,--,441ft²,"@$18,150",Land Registry
28/10/2024,The Wings・II・Tower 3A・30/F・Flat C,,$10.4M,,648ft²,"@$16,049",Land Registry
28/10/2024,Kwai Chun Court・Kwai Yue House (Block B)・35/F・Flat 10,,$4.5M,--,401ft²,"@$11,222",Land Registry
28/10/2024,Ching Tao Court・7/F・Flat 6,,$1.16M,--,--,--,Land Registry
28/10/2024,Ching Tao Court・34/F・Flat 2,,$1.26M,--,--,--,Land Registry
28/10/2024,Ching Tao Court・12/F・Flat 13,,$1.25M,--,--,--,Land Registry
28/10/2024,Ching Tao Court・5/F・Flat 12,,$1.24M,--,--,--,Land Registry
28/10/2024,Ching Tao Court・15/F・Flat 2,,$1.2M,--,--,--,Land Registry
28/10/2024,Choi Ming Court・Choi Chung House (Block C)・37/F・Flat 4,,$4.35M,--,506ft²,"@$8,597",Land Registry
28/10/2024,Cullinan Sky・Phase 1・Tower 6・17/F・Flat B1,,$9.26M,--,467ft²,"@$19,825",Land Registry
28/10/2024,Cullinan Sky・Phase 1・Tower 3・5/F・Flat A1,,$10.12M,--,559ft²,"@$18,112",Land Registry
28/10/2024,The Pavilia Forest・Phase 2 The Pavilia Forest II・Tower 2・8/F・Flat E,,$6.39M,--,383ft²,"@$16,681",Land Registry
28/10/2024,The Pavilia Forest・Phase 2 The Pavilia Forest II・Tower 2・2/F・Flat F,,$4.38M,--,262ft²,"@$16,721",Land Registry
28/10/2024,The Pavilia Forest・Phase 2 The Pavilia Forest II・Tower 2・3/F・Flat F,,$4.46M,--,262ft²,"@$17,004",Land Registry
28/10/2024,The Pavilia Forest・Phase 2 The Pavilia Forest II・Tower 2・6/F・Flat F,,$4.5M,--,262ft²,"@$17,172",Land Registry
28/10/2024,The Pavilia Forest・Phase 2 The Pavilia Forest II・Tower 2・7/F・Flat E,,$6.36M,--,383ft²,"@$16,601",Land Registry
28/10/2024,Cullinan Sky・Phase 1・Tower 5・5/F・Flat B3,,$5.85M,--,296ft²,"@$19,759",Land Registry
28/10/2024,Cullinan Sky・Phase 1・Tower 5・7/F・Flat B3,,$6.14M,--,296ft²,"@$20,759",Land Registry
28/10/2024,Cullinan Sky・Phase 1・Tower 5・10/F・Flat B2,,$6.33M,--,299ft²,"@$21,170",Land Registry
28/10/2024,Cullinan Sky・Phase 1・Tower 5・6/F・Flat B3,,$6.06M,--,296ft²,"@$20,476",Land Registry
28/10/2024,Hop Chung House・8/F・No. 39,,$5.55M,--,471ft²,"@$11,783",Land Registry
28/10/2024,Upper Central・16/F・Flat B,,$4.07M,--,167ft²,"@$24,359",Land Registry
28/10/2024,Park Avenue・Phase 1・Tower 6・25/F・Flat B,,$16M,,848ft²,"@$18,868",Land Registry
28/10/2024,Luk Yeung Sun Chuen・Block R・7/F・Flat 7,,$5.05M,,445ft²,"@$11,348",Land Registry
28/10/2024,Serene Garden・Carpark・G/F・No.94,,"$500,000",--,--,--,Land Registry
28/10/2024,Hampton Place・Carpark・3/F・No.11,,$1.32M,--,--,--,Land Registry
28/10/2024,Shung Ling Building・Block B・16/F・Flat B5,,$3.28M,--,380ft²,"@$8,632",Land Registry
28/10/2024,Kt Marina・Phase 1・Tower 2B・12/F・Flat B,,$8.7M,--,474ft²,"@$18,361",Land Registry
28/10/2024,Affluence Garden・Pacific House (Block 4)・26/F・Flat J,,$3.08M,--,--,--,Land Registry
28/10/2024,Venice Garden・Block 2・10/F・Flat D,,$3.5M,--,436ft²,"@$8,028",Land Registry
28/10/2024,Siu Hong Court・Siu Ping House (Block N)・26/F・Flat 4,,$3.22M,--,483ft²,"@$6,667",Land Registry
28/10/2024,Chung Ah Mansion・5/F・Flat 3 (No. 356),,$4M,,512ft²,"@$7,813",Land Registry
28/10/2024,Manor Hill・Tower 1・36/F・Flat B1,,$5.39M,--,288ft²,"@$18,701",Land Registry
28/10/2024,June Garden・Block 1・3/F・Flat D,,$3.9M,--,372ft²,"@$10,484",Land Registry
28/10/2024,Hiu Lai Court・Hiu Ching House (Block C)・4/F・Flat 6,,$2.78M,--,436ft²,"@$6,376",Land Registry
28/10/2024,Hong Kong Garden・Phase 1・Beverly Heights (Block 6)・3/F・Flat C,,$2.8M,,365ft²,"@$7,671",Land Registry
28/10/2024,Healthy Gardens・Block E・11/F・Flat 7,,$5.6M,--,456ft²,"@$12,281",Land Registry
28/10/2024,Regentville・Phase 1・Block 2・5/F・Flat C,,$5.6M,,607ft²,"@$9,226",Land Registry
28/10/2024,Parc Oasis・Tower 28 (33 Grandeur Rd)・5/F・Flat A,,$9.3M,,606ft²,"@$15,347",Land Registry
28/10/2024,Glorydays Building・8/F・Flat C,,$2M,,149ft²,"@$13,423",Land Registry
28/10/2024,Cullinan Sky・Phase 1・Tower 5・21/F・Flat B2,,$6.45M,--,299ft²,"@$21,585",Land Registry
28/10/2024,Cullinan Sky・Phase 1・Tower 5・20/F・Flat B2,,$6.43M,--,299ft²,"@$21,521",Land Registry
28/10/2024,Cullinan Sky・Phase 1・Tower 5・5/F・Flat A3,,$5.77M,--,299ft²,"@$19,292",Land Registry
28/10/2024,Cullinan Sky・Phase 1・Tower 5・5/F・Flat A2,,$5.74M,--,295ft²,"@$19,467",Land Registry
28/10/2024,Cullinan Sky・Phase 1・Tower 6・5/F・Flat A2,,$6.24M,--,298ft²,"@$20,930",Land Registry
28/10/2024,Cullinan Sky・Phase 1・Tower 5・10/F・Flat B8,,$9.1M,--,460ft²,"@$19,783",Land Registry
28/10/2024,Cullinan Sky・Phase 1・Tower 5・5/F・Flat B6,,$4.93M,--,236ft²,"@$20,885",Land Registry
28/10/2024,Cullinan Sky・Phase 1・Tower 5・25/F・Flat B2,,$6.52M,--,299ft²,"@$21,814",Land Registry
28/10/2024,Montane Mansion・6/F・Flat 4,,$3.6M,--,388ft²,"@$9,278",Land Registry
28/10/2024,The Yoho Hub・Phase C The Yoho Hub II・Tower 6・31/F・Flat F,,$10.73M,--,747ft²,"@$14,363",Land Registry
28/10/2024,Cullinan Sky・Phase 1・Tower 5・26/F・Flat B2,,$6.55M,--,299ft²,"@$21,901",Land Registry
28/10/2024,Hong Tin Court・Yue Hong House (Block A)・16/F・Flat 1,,$4.87M,--,531ft²,"@$9,168",Land Registry
28/10/2024,Kwong Yuen Building・8/F・Flat Q,,$3M,,389ft²,"@$7,712",Land Registry
28/10/2024,Mount Haven・Block 2・6/F・Flat A,,$7.28M,,773ft²,"@$9,418",Land Registry
28/10/2024,Vibe Centro・Tower 1A・30/F・Flat E,,$6M,,350ft²,"@$17,143",Land Registry
28/10/2024,Sunshine City・Phase 3・Block R・27/F・Flat 6,,$4.43M,,337ft²,"@$13,145",Land Registry
28/10/2024,73A Tai Nan Street・2/F・No. 73A,,$2.05M,--,274ft²,"@$7,482",Land Registry
28/10/2024,Novo Land・Phase 3B・Fiskars Tower 2A・33/F・Flat B,,$3.78M,--,292ft²,"@$12,933",Land Registry
28/10/2024,Novo Land・Phase 3B・Fiskars Tower 2A・32/F・Flat E,,$3.23M,--,253ft²,"@$12,766",Land Registry
28/10/2024,Cullinan Sky・Phase 1・Tower 6・20/F・Flat A3,,$7.31M,--,299ft²,"@$24,456",Land Registry
28/10/2024,Park Avenue・Central Park・Tower 5・7/F・Flat D,,$14.31M,,743ft²,"@$19,257",Land Registry
28/10/2024,Cullinan Sky・Phase 1・Tower 5・25/F・Flat B3,,$6.46M,--,296ft²,"@$21,814",Land Registry
28/10/2024,Cullinan Sky・Phase 1・Tower 5・25/F・Flat A5,,$7.37M,--,299ft²,"@$24,637",Land Registry
28/10/2024,After The Rain・11/F・Flat E,,$9.66M,--,717ft²,"@$13,474",Land Registry
28/10/2024,Onmantin・Phase 2A・Tower 3・11/F・Flat B,,$16.82M,--,725ft²,"@$23,193",Land Registry
28/10/2024,Onmantin・Phase 2A・Tower 3・10/F・Flat B,,$16.73M,--,725ft²,"@$23,077",Land Registry
28/10/2024,The Pavilia Forest・Phase 2 The Pavilia Forest II・Tower 3・2/F・Flat B,,$6.48M,--,383ft²,"@$16,924",Land Registry
28/10/2024,The Pavilia Forest・Phase 1 The Pavilia Forest I・Tower 6・6/F・Flat F,,$8.02M,--,381ft²,"@$21,052",Land Registry
28/10/2024,Kwan Yick Building・Phase 3・Block B・6/F・Flat B10,,$3.8M,,374ft²,"@$10,160",Land Registry
28/10/2024,Grandeur Villa・Block 1・8/F・Flat C,,$10.5M,,858ft²,"@$12,238",Land Registry
28/10/2024,Fairview Park・Bauhinia Road West・No. 69 (S.A Ss. 35),,$12.8M,,"1,100ft²","@$11,636",Land Registry
28/10/2024,The Beachfront・House 3,,$160M,--,"2,821ft²","@$56,717",Land Registry
28/10/2024,Island Crest・Tower 2・19/F・Flat C,,$17.3M,,764ft²,"@$22,644",Land Registry
28/10/2024,Novo Land・Phase 3B・Fiskars Tower 2B・9/F・Flat F,,$4.94M,--,416ft²,"@$11,879",Land Registry
28/10/2024,Cullinan Sky・Phase 1・Tower 6・21/F・Flat B1,,$9.34M,--,467ft²,"@$20,004",Land Registry
28/10/2024,Cullinan Sky・Phase 1・Tower 5・27/F・Flat B8,,$9.45M,--,460ft²,"@$20,549",Land Registry
28/10/2024,Bellagio・Phase 1・Tower 6・13/F・Flat C,,$9.3M,,891ft²,"@$10,438",Land Registry
28/10/2024,"Fairview Park・Section D, 2Nd Street・No. 21 (S.D Ss.125)",,$8.38M,,848ft²,"@$9,882",Land Registry
28/10/2024,Savanna Garden・Block 44・2/F・Flat C,,$10.43M,,"1,110ft²","@$9,396",Land Registry
28/10/2024,The Yoho Hub・Phase C The Yoho Hub II・Tower 6・25/F・Flat D,,$7M,--,462ft²,"@$15,153",Land Registry
28/10/2024,The Highline・23/F・Flat G,,$5.41M,--,266ft²,"@$20,342",Land Registry
28/10/2024,Cullinan Sky・Phase 1・Tower 5・12/F・Flat B2,,$6.37M,--,299ft²,"@$21,297",Land Registry
28/10/2024,Cullinan Sky・Phase 1・Tower 5・23/F・Flat A8,,$10.98M,--,509ft²,"@$21,574",Land Registry
28/10/2024,On Lok Garden Mansion・10/F・Flat E,,$5.05M,,650ft²,"@$7,769",Land Registry
28/10/2024,The Long Beach・Tower 5・7/F・Flat C,,$7.6M,,564ft²,"@$13,475",Land Registry
28/10/2024,One Princeton・3/F・Flat C,,$15.68M,--,819ft²,"@$19,140",Land Registry
28/10/2024,The Pavilia Forest・Phase 2 The Pavilia Forest II・Tower 3・11/F・Flat A,,$9.27M,--,451ft²,"@$20,554",Land Registry
28/10/2024,Yin Lai Court・Yin Kwong House (Block A)・23/F・Flat 5,,$3.68M,--,504ft²,"@$7,302",Land Registry
28/10/2024,Novo Land・Phase 3B・Fiskars Tower 1・23/F・Flat J,,$5.93M,--,472ft²,"@$12,570",Land Registry
28/10/2024,City One Shatin・Site 3・Block 30・28/F・Flat D,,$4.25M,--,327ft²,"@$12,997",Land Registry
28/10/2024,Ming Nga Court・Ming Hoi House (Block A)・22/F・Flat 11,,$3.9M,--,438ft²,"@$8,904",Land Registry
28/10/2024,No. 93 Pau Chung Street・3/F・Flat G,,$4.5M,,294ft²,"@$15,306",Land Registry
28/10/2024,The Belchers・Phase 1・Tower 1・17/F・Flat D,,$16.88M,,889ft²,"@$18,988",Land Registry
28/10/2024,St Michel・Phase 1・Crown Tower・9/F・Flat A,,$24.64M,--,"1,502ft²","@$16,408",Land Registry
28/10/2024,Cullinan Sky・Phase 1・Tower 5・10/F・Flat B5,,$5.31M,--,240ft²,"@$22,106",Land Registry
28/10/2024,Pacific Palisades・Phase 1・Tower 3・20/F・Flat C,,$12.25M,--,825ft²,"@$14,848",Land Registry
28/10/2024,City One Shatin・Site 6・Block 24・30/F・Flat D,,$5.09M,,326ft²,"@$15,607",Land Registry
28/10/2024,Flora Plaza・Block 4・32/F・Flat E,,$3.85M,,--,--,Land Registry
28/10/2024,Ching Tao Court・14/F・Flat 3,,$1.22M,--,--,--,Land Registry
28/10/2024,Ching Tao Court・29/F・Flat 12,,$1.36M,--,--,--,Land Registry
28/10/2024,One Jardine's Lookout・12/F・Flat A,,$3.79M,--,180ft²,"@$21,080",Land Registry
28/10/2024,The Cullinan・Tower 21 - Zone 1 (Sun Sky)・89/F・Flat A,,$137.36M,--,"1,679ft²","@$81,811",Land Registry
28/10/2024,Victoria Harbour・Phase 2B-3 Victoria Harbour II・Tower 2・12/F・Flat A,,$58.87M,--,"1,483ft²","@$39,696",Land Registry
28/10/2024,Novo Land・Phase 3B・Fiskars Tower 2A・17/F・Flat B,,$3.69M,--,292ft²,"@$12,646",Land Registry
28/10/2024,Novo Land・Phase 3B・Fiskars Tower 2A・32/F・Flat B,,$3.77M,--,292ft²,"@$12,913",Land Registry
28/10/2024,Cullinan Sky・Phase 1・Tower 5・28/F・Flat B3,,$6.5M,--,296ft²,"@$21,955",Land Registry
28/10/2024,Cullinan Sky・Phase 1・Tower 6・30/F・Flat B1,,$9.64M,--,467ft²,"@$20,633",Land Registry
28/10/2024,Cullinan Sky・Phase 1・Tower 6・29/F・Flat B1,,$9.58M,--,467ft²,"@$20,510",Land Registry
28/10/2024,Cullinan Sky・Phase 1・Tower 6・28/F・Flat A2,,$7.44M,--,298ft²,"@$24,966",Land Registry
28/10/2024,Cullinan Sky・Phase 1・Tower 5・28/F・Flat B8,,$9.49M,--,460ft²,"@$20,632",Land Registry
28/10/2024,The Yoho Hub・Phase C The Yoho Hub II・Tower 6・32/F・Flat K,,$7.55M,--,490ft²,"@$15,412",Land Registry
28/10/2024,The Yoho Hub・Phase C The Yoho Hub II・Tower 6・32/F・Flat A,,$7.28M,--,462ft²,"@$15,762",Land Registry
28/10/2024,Novo Land・Phase 3B・Fiskars Tower 2A・18/F・Flat B,,$3.7M,--,292ft²,"@$12,685",Land Registry
28/10/2024,Serenade Cove・Tower A・16/F・Flat 8,,$4.73M,,420ft²,"@$11,262",Land Registry
28/10/2024,Bayview Garden・Block 5・10/F・Flat D,,$6.95M,,708ft²,"@$9,816",Land Registry
28/10/2024,Tsuen Wan Centre・Block 6 (Chungking House)・12/F・Flat E,,$3.13M,,324ft²,"@$9,660",Land Registry
28/10/2024,The Yoho Hub・Phase C The Yoho Hub II・Tower 6・45/F・Flat J,,$9.66M,--,638ft²,"@$15,135",Land Registry
28/10/2024,On Sau Court・Block B・4/F・Flat 8,,$2.45M,--,--,--,Land Registry
28/10/2024,The Yoho Hub・Phase C The Yoho Hub II・Tower 6・12/F・Flat D,,$6.78M,--,462ft²,"@$14,679",Land Registry
28/10/2024,The Paddington・Block A・15/F・Flat A9,,$3.06M,--,185ft²,"@$16,565",Land Registry
28/10/2024,The Arles・Tower 3・42/F・Flat H,,$14.34M,--,755ft²,"@$18,987",Land Registry
28/10/2024,Manor Hill・Tower 1・21/F・Flat B1,,$5.26M,--,288ft²,"@$18,250",Land Registry
28/10/2024,El Futuro・Tower 1・12/F・Flat A,,$19.49M,--,"1,213ft²","@$16,070",Land Registry
28/10/2024,Manor Hill・Tower 2・33/F・Flat C8,,$5.45M,--,284ft²,"@$19,176",Land Registry
28/10/2024,The Aperture・7/F・Flat G,,$7.71M,--,443ft²,"@$17,411",Land Registry
28/10/2024,Golden Lion Garden・Phase 2・Golden Wealth Court (Block A)・9/F・Flat 7,,$3.5M,,336ft²,"@$10,417",Land Registry
28/10/2024,Cullinan Sky・Phase 1・Tower 3・47/F・Flat B,,$91.03M,--,"1,991ft²","@$45,722",Land Registry
28/10/2024,Cullinan Sky・Phase 1・Tower 3・47/F・Flat C,,$39.89M,--,"1,367ft²","@$29,180",Land Registry
28/10/2024,Hoc Tam Garden・4/F・Flat A,,$12M,--,"1,069ft²","@$11,225",Land Registry
28/10/2024,Taikoo Shing・Horizon Gardens・(T-62) Nam Tien Mansion・14/F・Flat F,,$9.48M,,646ft²,"@$14,675",Land Registry
28/10/2024,The Victoria Towers・Tower 3・41/F・Flat C,,$16.86M,,827ft²,"@$20,387",Land Registry
28/10/2024,Ching Tao Court・9/F・Flat 20,,$1.61M,--,--,--,Land Registry
28/10/2024,University Heights・Tower 2・28/F・Flat B,,$12.8M,,790ft²,"@$16,203",Land Registry
28/10/2024,Ching Tao Court・35/F・Flat 14,,$1.35M,--,--,--,Land Registry
28/10/2024,Fu Shin Estate・Shin Lun House (Block 2)・25/F・Flat 7,,"$451,300",--,--,--,Land Registry
28/10/2024,Grand Del Sol・Block 6・10/F・Flat D,,$5.35M,,573ft²,"@$9,337",Land Registry
28/10/2024,South Horizons・Phase 1・Hoi Sing Court (Block 1)・14/F・Flat C,,$7.2M,,629ft²,"@$11,447",Land Registry
28/10/2024,Kin On Mansion・9/F・Flat 3,,$2.95M,--,--,--,Land Registry
28/10/2024,Villa Athena・Block 7・22/F・Flat C,,$9.5M,,874ft²,"@$10,870",Land Registry
28/10/2024,Hiu Lai Court・Hiu On House (Block E)・36/F・Flat 6,,$2.78M,--,431ft²,"@$6,450",Land Registry
28/10/2024,Tsui Ping (North) Estate・Tsui Mui House・6/F・Flat 7,,$1.9M,--,--,--,Land Registry
28/10/2024,Cetus‧Square Mile・Tower 1・7/F・Flat L,,$2.99M,,193ft²,"@$15,492",Land Registry
28/10/2024,Novo Land・Phase 3B・Fiskars Tower 2A・31/F・Flat E,,$3.22M,--,253ft²,"@$12,736",Land Registry
28/10/2024,Mei Foo Sun Chuen・Phase 5・18-20 Nassau Street・2/F・Flat A No. 18,,$5.15M,--,556ft²,"@$9,263",Land Registry
28/10/2024,Cullinan Sky・Phase 1・Tower 6・8/F・Flat A2,,$6.88M,--,298ft²,"@$23,084",Land Registry
28/10/2024,Novo Land・Phase 3B・Fiskars Tower 2A・35/F・Flat B,,$3.78M,--,292ft²,"@$12,954",Land Registry
28/10/2024,Uptown East・Tower 2B・30/F・Flat A,,$5.66M,--,336ft²,"@$16,839",Land Registry
28/10/2024,Kwun Hei Court・31/F・Flat 9,,$4.8M,--,421ft²,"@$11,401",Land Registry
28/10/2024,Kwong Ming Court・Kwong Ying House (Block E)・9/F・Flat 11,,$4.55M,--,601ft²,"@$7,571",Land Registry
28/10/2024,Parc Oasis・Tower 27 (35 Grandeur Rd)・10/F・Flat F,,$9.2M,,560ft²,"@$16,429",Land Registry
28/10/2024,Goa Building・10/F・Flat B,,$4.5M,,337ft²,"@$13,353",Land Registry
28/10/2024,Lohas Park・Phase 6 Lp6・Tower 3・61/F・Flat F,,$8.75M,,636ft²,"@$13,758",Land Registry
28/10/2024,Lohas Park・Phase 12B Park Seasons・Tower 2 (2B)・33/F・Flat C,,$6.71M,--,451ft²,"@$14,880",Land Registry
28/10/2024,New Fortune House・Block A・16/F・Flat 5,,$4.45M,--,400ft²,"@$11,125",Land Registry
28/10/2024,Summit Terrace・Block 5・19/F・Flat C,,$5.9M,,--,--,Land Registry
28/10/2024,Jade Court・Block A・1/F・Flat 1,,$4.1M,--,313ft²,"@$13,099",Land Registry
28/10/2024,Heng Fa Chuen・Block 23・15/F・Flat 3,,$7.85M,--,--,--,Land Registry
28/10/2024,Smithfield Court・Block 1・15/F・Flat C,,$4.2M,--,372ft²,"@$11,290",Land Registry
28/10/2024,Allway Garden・Block P・36/F・Flat 8,,$4M,--,574ft²,"@$6,969",Land Registry
28/10/2024,Ka Shing Court・Ka Yeung House (Block D)・7/F・Flat 4,,$3.16M,--,546ft²,"@$5,788",Land Registry
28/10/2024,Tai Po Centre・Phase 3・Block 23・5/F・Flat D,,$3.38M,,325ft²,"@$10,400",Land Registry
28/10/2024,K. City・Tower 8・17/F・Flat C,,$8.58M,,501ft²,"@$17,126",Land Registry
28/10/2024,The Yoho Hub・Phase C The Yoho Hub II・Tower 6・43/F・Flat F,,$11.9M,--,747ft²,"@$15,930",Land Registry
28/10/2024,The Yoho Hub・Phase C The Yoho Hub II・Tower 6・22/F・Flat B,,$8.19M,--,538ft²,"@$15,219",Land Registry
28/10/2024,Kt Marina・Phase 1・Tower 2A・17/F・Flat A,,$16.5M,--,771ft²,"@$21,401",Land Registry
28/10/2024,The Arles・Tower 2・46/F・Flat A,,$6.63M,--,325ft²,"@$20,400",Land Registry
28/10/2024,Cullinan Sky・Phase 1・Tower 5・23/F・Flat B2,,$6.5M,--,299ft²,"@$21,749",Land Registry
28/10/2024,Cullinan Sky・Phase 1・Tower 5・6/F・Flat B6,,$5.11M,--,236ft²,"@$21,643",Land Registry
28/10/2024,Cullinan Sky・Phase 1・Tower 5・25/F・Flat B8,,$9.38M,--,460ft²,"@$20,386",Land Registry
28/10/2024,Cullinan Sky・Phase 1・Tower 5・30/F・Flat B3,,$6.55M,--,296ft²,"@$22,121",Land Registry
28/10/2024,Sun Yuen Long Centre・Block 4・25/F・Flat A,,$5.21M,,485ft²,"@$10,740",Land Registry
28/10/2024,The Vertex・West Wing・33/F・Flat H,,$9.04M,--,438ft²,"@$20,648",Land Registry
28/10/2024,Heng Fa Chuen・Carpark・1/F (C/P BUILDING)・No.P72,,$1.46M,--,--,--,Land Registry
28/10/2024,Hong Lok Yuen・Tenth Street・56A Hong Lok Yuen Tenth Street (S S 556),,$16.38M,,"1,214ft²","@$13,493",Land Registry
28/10/2024,The Campton・10/F・Flat H,,$7.5M,,515ft²,"@$14,563",Land Registry
28/10/2024,Kwong Fai Court・3/F・Flat D,,$9.6M,,745ft²,"@$12,886",Land Registry
28/10/2024,Shing To Building・12/F・Flat H,,$2.18M,,212ft²,"@$10,283",Land Registry
28/10/2024,Gold Ming Building・10/F・Flat B,,$2.63M,--,256ft²,"@$10,273",Land Registry
28/10/2024,Hiu Lai Court・Hiu Sing House (Block B)・31/F・Flat 6,,$4.48M,--,431ft²,"@$10,394",Land Registry
28/10/2024,June Garden・Block 3・11/F・Flat H,,$4.48M,--,389ft²,"@$11,517",Land Registry
28/10/2024,Upper East・29/F・Flat B (T1B),,$3.15M,,216ft²,"@$14,583",Land Registry
28/10/2024,Taikoo Shing・Kwun Hoi Terrace・Carpark・1/F・No.26,,$1.35M,--,--,--,Land Registry
28/10/2024,Lok Hin Terrace・Carpark・M/F・No.172,,"$900,000",--,--,--,Land Registry
28/10/2024,Nam Cheong Estate・Cheong Yin House (Block 2)・3/F・Flat 16,,$3.15M,--,--,--,Land Registry
28/10/2024,Manor Hill・Tower 2・38/F・Flat C9,,$5.47M,--,283ft²,"@$19,325",Land Registry
28/10/2024,Taikoo Shing・Kao Shan Terrace・Carpark・1/F・No.200 (3-11),,$1.74M,--,--,--,Land Registry
28/10/2024,19 Ying Yeung Street・6/F・No. 19,,$3M,,447ft²,"@$6,711",Land Registry
28/10/2024,Bal Residence・23/F・Flat A,,$5.61M,--,338ft²,"@$16,596",Land Registry
28/10/2024,Cullinan Sky・Phase 1・Tower 5・8/F・Flat B8,,$9M,--,460ft²,"@$19,574",Land Registry
28/10/2024,Cullinan Sky・Phase 1・Tower 5・9/F・Flat B2,,$6.31M,--,299ft²,"@$21,106",Land Registry
28/10/2024,The Metropolis Residence・Tower 1・17/F・Flat 21,,$7.2M,,460ft²,"@$15,652",Land Registry
28/10/2024,Tak Bo Garden・Block H・14/F・Flat H8,,$2.82M,,253ft²,"@$11,146",Land Registry
28/10/2024,Cullinan Sky・Phase 1・Tower 5・15/F・Flat B8,,$9.17M,--,460ft²,"@$19,943",Land Registry
28/10/2024,The Arles・Tower 2・28/F・Flat H,,$5.09M,--,259ft²,"@$19,664",Land Registry
28/10/2024,Island Harbourview・Tower 10・12/F・Flat C,,$14.88M,,786ft²,"@$18,931",Land Registry
28/10/2024,The Yoho Hub・Phase C The Yoho Hub II・Tower 6・15/F・Flat F,,$10.36M,--,749ft²,"@$13,829",Land Registry
28/10/2024,Hong Kong Parkview・Parkview Club & Suites・Tower 5・1/F・Flat 39,,$17.8M,,"1,045ft²","@$17,033",Land Registry
28/10/2024,Lohas Park・Phase 9A Marini・Tower 3 (3B)・50/F・Flat E,,$4.9M,,380ft²,"@$12,895",Land Registry
28/10/2024,Aberdeen Centre・Hoi Wu Court (Block D)・8/F・Flat 5,,$6.3M,--,572ft²,"@$11,014",Land Registry
28/10/2024,Tseung Kwan O Plaza・Phase 1・Tower 1・7/F・Flat G,,$9.5M,,736ft²,"@$12,908",Land Registry
28/10/2024,Caribbean Coast・Phase 6・Carpark・BM1・No.C25,,$1.3M,--,--,--,Land Registry
28/10/2024,Uptown East・Tower 1B・8/F・Flat G,,$7.19M,--,494ft²,"@$14,549",Land Registry
28/10/2024,Cullinan Sky・Phase 1・Tower 5・9/F・Flat B8,,$9.07M,--,460ft²,"@$19,724",Land Registry
28/10/2024,Avon Park・Block 6・25/F・Flat F,,$2.83M,,400ft²,"@$7,075",Land Registry
28/10/2024,Tak Bo Garden・Block D・7/F・Flat D8,,$2.65M,,265ft²,"@$10,000",Land Registry
28/10/2024,J C Place・Block 1・18/F・Flat E,,$4.5M,,504ft²,"@$8,929",Land Registry
28/10/2024,The Yoho Hub・Phase C The Yoho Hub II・Tower 6・37/F・Flat H,,$13M,--,901ft²,"@$14,430",Land Registry
28/10/2024,Cullinan Sky・Phase 1・Tower 6・18/F・Flat B5,,$5.41M,--,240ft²,"@$22,522",Land Registry
28/10/2024,Cullinan Sky・Phase 1・Tower 5・8/F・Flat A6,,$6.88M,--,297ft²,"@$23,155",Land Registry
28/10/2024,Metro Town・Phase 1・Tower 1・46/F・Flat H,,$11M,,888ft²,"@$12,387",Land Registry
28/10/2024,Ching Tao Court・39/F・Flat 6,,$1.27M,--,--,--,Land Registry
28/10/2024,The Wings・The Wings・Tower 7・10/F・Flat B,,$14.6M,,872ft²,"@$16,743",Land Registry
28/10/2024,Des Voeux W Residence・17/F・Flat C,,$4.78M,--,215ft²,"@$22,249",Land Registry
28/10/2024,The Apex・Tower 1・10/F・Flat E,,$4.55M,,450ft²,"@$10,111",Land Registry
28/10/2024,Novo Land・Phase 3B・Fiskars Tower 2A・9/F・Flat B,,$3.66M,--,292ft²,"@$12,536",Land Registry
28/10/2024,Villa Esplanada・Phase 3・Block 10・28/F・Flat F,,$6.55M,,498ft²,"@$13,153",Land Registry
28/10/2024,The Cliveden・Block 7・12/F・Flat A,,$10.89M,,"1,107ft²","@$9,837",Land Registry
28/10/2024,Grand Homm・Tower 3・5/F・Flat A,,$23.64M,--,"1,228ft²","@$19,250",Land Registry
28/10/2024,Tai Shing Building・1/F・Flat E,,$8.6M,--,820ft²,"@$10,488",Land Registry
28/10/2024,Novo Land・Phase 3B・Fiskars Tower 2B・15/F・Flat F,,$4.98M,--,416ft²,"@$11,975",Land Registry
28/10/2024,Shaukiwan Centre・Block 3 (Block C)・16/F・Flat C,,$3.56M,--,304ft²,"@$11,711",Land Registry
28/10/2024,Cullinan Sky・Phase 1・Tower 5・16/F・Flat B8,,$9.19M,--,460ft²,"@$19,983",Land Registry
28/10/2024,Cullinan Sky・Phase 1・Tower 5・7/F・Flat B2,,$6.21M,--,299ft²,"@$20,760",Land Registry
28/10/2024,One Victoria・Tower 2A・20/F・Flat F,,$8.64M,--,445ft²,"@$19,416",Land Registry
28/10/2024,Belgravia Place・Phase 1・Tower 1B・25/F・Flat 16,,$3.61M,--,199ft²,"@$18,131",Land Registry
28/10/2024,Lions Rise・Tower 6A・23/F・Flat B,,$8.8M,,567ft²,"@$15,520",Land Registry
28/10/2024,Mantin Heights・Tower 1・19/F・Flat D,,$11.58M,,--,--,Land Registry
28/10/2024,Elegant Garden・Block 1・28/F・Flat E,,$6.25M,,374ft²,"@$16,711",Land Registry
28/10/2024,The Pavilia Farm・Phase 2・Tower 7 (7A)・32/F・Flat B,,$13.38M,,690ft²,"@$19,391",Land Registry
28/10/2024,Bauhinia Garden・Tower 4・4/F・Flat K,,$5.15M,--,590ft²,"@$8,729",Land Registry
28/10/2024,The Pavilia Forest・Phase 3 The Pavilia Forest III・Tower 1・29/F・Flat L,,$7.51M,--,390ft²,"@$19,251",Land Registry
28/10/2024,The Pavilia Forest・Phase 3 The Pavilia Forest III・Tower 1・11/F・Flat L,,$6.7M,--,390ft²,"@$17,169",Land Registry
28/10/2024,Chung Yuen Building・7/F・Flat 5,,$3M,--,368ft²,"@$8,152",Land Registry
28/10/2024,Kt Marina・Phase 1・Tower 2A・16/F・Flat H,,$5.01M,--,305ft²,"@$16,430",Land Registry
28/10/2024,Festival City・Phase 2・Tower 1・28/F・Flat Nd,,$9.83M,,678ft²,"@$14,499",Land Registry
28/10/2024,Metro City・Phase 1・Tower 4・5/F・Flat F,,$7.5M,,701ft²,"@$10,699",Land Registry
28/10/2024,Seaside Sonata・Tower 2・5/F・Flat A,,$9.29M,,736ft²,"@$12,620",Land Registry
28/10/2024,The Vantage・8/F・Flat D7,,$6.5M,,--,--,Land Registry
28/10/2024,Cullinan Sky・Phase 1・Tower 6・21/F・Flat B8,,$9.83M,--,477ft²,"@$20,615",Land Registry
28/10/2024,Wellesley・21/F・Flat B,,$26M,,"1,024ft²","@$25,391",Land Registry
28/10/2024,Tin Ma Court・Chun Fei House (Block C)・36/F・Flat 14,,$4.2M,--,--,--,Land Registry
28/10/2024,Manor Hill・Tower 2・29/F・Flat A8,,$7.71M,--,406ft²,"@$18,980",Land Registry
28/10/2024,Bondlane II・7/F・Flat S2,,$9.13M,--,365ft²,"@$25,019",Land Registry
28/10/2024,Manor Hill・Tower 2・32/F・Flat C11,,$5.66M,--,290ft²,"@$19,531",Land Registry
28/10/2024,Gold Coast Bay・Phase 1 The Uppland・Tower 3・18/F・Flat N,,$3.27M,--,307ft²,"@$10,645",Land Registry
28/10/2024,The Prominence・19/F・Flat B,,$4.9M,,336ft²,"@$14,583",Land Registry
28/10/2024,Kam Ling Court・Block 2 (B)・17/F・Flat 6,,$4M,--,382ft²,"@$10,471",Land Registry
28/10/2024,The Zenith・Phase 1・Tower 1・48/F・Flat D,,$12.5M,,612ft²,"@$20,425",Land Registry
28/10/2024,Yuet Wu Villa・Block 10・12/F・Flat K,,$3.36M,--,431ft²,"@$7,796",Land Registry
28/10/2024,27 Mei King Street・2/F・No. 27,,$2.6M,--,408ft²,"@$6,373",Land Registry
28/10/2024,Cullinan Sky・Phase 1・Tower 5・28/F・Flat A6,,$7.4M,--,297ft²,"@$24,903",Land Registry
28/10/2024,Metro Town・Phase 2 Le Point・Tower 10・49/F・Flat G,,$14.3M,,897ft²,"@$15,942",Land Registry
28/10/2024,Chi Lok Fa Yuen・Lok Wing Yuen (Block 7)・15/F・Flat H,,$3.3M,--,511ft²,"@$6,458",Land Registry
28/10/2024,Cullinan Sky・Phase 1・Tower 5・30/F・Flat B2,,$6.61M,--,299ft²,"@$22,121",Land Registry
28/10/2024,Cullinan Sky・Phase 1・Tower 5・29/F・Flat B2,,$6.59M,--,299ft²,"@$22,033",Land Registry
28/10/2024,Cullinan Sky・Phase 1・Tower 5・27/F・Flat B2,,$6.56M,--,299ft²,"@$21,945",Land Registry
28/10/2024,Cullinan Sky・Phase 1・Tower 6・30/F・Flat A2,,$7.53M,--,298ft²,"@$25,266",Land Registry
28/10/2024,Cullinan Sky・Phase 1・Tower 6・29/F・Flat A2,,$7.46M,--,298ft²,"@$25,018",Land Registry
28/10/2024,Cullinan Sky・Phase 1・Tower 5・6/F・Flat A3,,$6.56M,--,299ft²,"@$21,923",Land Registry
28/10/2024,Cullinan Sky・Phase 1・Tower 5・29/F・Flat B8,,$9.53M,--,460ft²,"@$20,714",Land Registry
28/10/2024,Cullinan Sky・Phase 1・Tower 5・30/F・Flat B8,,$9.59M,--,460ft²,"@$20,838",Land Registry
28/10/2024,Ching Tao Court・25/F・Flat 3,,$1.27M,--,--,--,Land Registry
28/10/2024,Residence Oasis・Tower 7・16/F・Flat C,,$6.3M,,484ft²,"@$13,017",Land Registry
28/10/2024,Parkvale・Tower 1 Cheung Pak Mansion・14/F・Flat D,,$8.6M,,663ft²,"@$12,971",Land Registry
28/10/2024,Sky Tower・Carpark・1/F・No.R68,,$1.45M,--,--,--,Land Registry
28/10/2024,Hung Fai Building・20/F・Flat 7,,$2.99M,--,--,--,Land Registry
28/10/2024,The Pavilia Farm・Phase 1・Tower 2 (2B)・28/F・Flat B,,$13M,,663ft²,"@$19,608",Land Registry
28/10/2024,The Vantage・10/F・Flat D3,,$4.25M,,268ft²,"@$15,858",Land Registry
28/10/2024,Upper East・3/F・Flat G (T1A),,$4.7M,,304ft²,"@$15,461",Land Registry
28/10/2024,No. 2 Park Road・32/F・Flat C,,$14.98M,,650ft²,"@$23,046",Land Registry
28/10/2024,Cullinan Sky・Phase 1・Tower 5・8/F・Flat B5,,$5.25M,--,240ft²,"@$21,881",Land Registry
28/10/2024,Cullinan Sky・Phase 1・Tower 5・40/F・Flat A,,$33M,--,929ft²,"@$35,522",Land Registry
28/10/2024,Lisa House・15/F・Flat C,,$6M,--,--,--,Land Registry
28/10/2024,Ching Tao Court・9/F・Flat 5,,$1.17M,--,--,--,Land Registry
28/10/2024,Po Yuen Mansion・3/F・Flat D,,$4.43M,,471ft²,"@$9,406",Land Registry
27/10/2024,Novum Point・Lower Floor・Flat B,,$5.99M,--,287ft²,"@$20,871",Centaline
27/10/2024,South View Garden・Lower Floor・Flat E,,,--,254ft²,@$41,Centaline
27/10/2024,One．Artlane・Upper Floor・Flat A,,,--,422ft²,@$69,Centaline
27/10/2024,Baguio Villa・Block 27・Middle Floor・Flat B,,,--,"1,012ft²",@$36,Centaline
27/10/2024,Grand Waterfront・Tower 2・Middle Floor・Flat B,,,--,384ft²,@$44,Centaline
27/10/2024,Mangrove・Upper Floor・Flat C,,,--,186ft²,@$70,Centaline
27/10/2024,Mei Foo Sun Chuen・Phase 6・6-8 Humbert Street・Middle Floor・Flat D No. 8,,,--,553ft²,@$33,Centaline
27/10/2024,Silicon Hill・University Hill Phase 2B・Scenic Tower 2・Upper Floor・Flat A8,,,--,420ft²,@$39,Centaline
27/10/2024,Bellagio・Phase 3・Tower 1・Lower Floor・Flat A,,,--,952ft²,@$27,Centaline
27/10/2024,The Waterfront・Phase 1・Tower 1・Upper Floor・Flat D,,,--,649ft²,@$52,Centaline
27/10/2024,One Victoria・Tower 2A・Lower Floor・Flat C,,,--,439ft²,@$43,Centaline
27/10/2024,Ho Ming Court・Middle Floor・Flat 4,,,--,447ft²,@$31,Centaline
27/10/2024,Lions Rise・Tower 3A・Middle Floor・Flat A,,,--,715ft²,@$43,Centaline
27/10/2024,Cullinan West・Phase 3 Cullinan West Il・Tower 5B・Middle Floor・Flat H,,,--,350ft²,@$60,Centaline
27/10/2024,The Southside・Phase 1 Southland・Tower 1 (1A)・Lower Floor・Flat E,,,--,581ft²,@$60,Centaline
27/10/2024,King Ming Court・Yuk King House (Block C)・Lower Floor・Flat 7,,,--,554ft²,@$27,Centaline
27/10/2024,The Long Beach・Tower 7・Lower Floor・Flat E,,,--,559ft²,@$45,Centaline
27/10/2024,Cullinan West・Phase 2A・Tower 1B・Upper Floor・Flat B,,,--,440ft²,@$60,Centaline
27/10/2024,Park Central・Phase 3・Central Heights (Tower 13)・Middle Floor・Flat D,,,--,465ft²,@$40,Centaline
27/10/2024,Grand Jete・Phase 2・Tower 3・Middle Floor・Flat F,,,--,258ft²,@$40,Centaline
27/10/2024,Festival City・Phase 1・Tower 3・Lower Floor・Flat Sd,,,--,739ft²,@$38,Centaline
27/10/2024,Century Link・Phase 1・Tower 5A・Upper Floor・Flat 3,,,--,601ft²,@$38,Centaline
27/10/2024,Sun Yuen Long Centre・Block 3・Middle Floor・Flat H,,,--,639ft²,@$26,Centaline
27/10/2024,Wah Shun Gardens・Upper Floor・Flat G,,,--,441ft²,@$45,Centaline
27/10/2024,Parker33・Lower Floor・Flat G,,,--,209ft²,@$62,Centaline
27/10/2024,Yan King Court・Upper Floor・Flat B (No. 119),,,--,273ft²,@$55,Centaline
27/10/2024,Festival City・Phase 3・Tower 2・Upper Floor・Flat Nb,,,--,787ft²,@$37,Centaline
27/10/2024,Rose Dale Garden・Middle Floor・Flat H,,,--,421ft²,@$28,Centaline
27/10/2024,OMA by the Sea・Tower 2・Middle Floor・Flat B1,,,--,463ft²,@$29,Centaline
27/10/2024,Grand Jete・Phase 2・Tower 3・Upper Floor・Flat H,,,--,269ft²,@$38,Centaline
27/10/2024,The Legend・Tower 5・Middle Floor・Flat D,,,--,871ft²,@$54,Centaline
26/10/2024,Oceania Heights・Tower 1・Lower Floor・Flat G,,$4.68M,--,457ft²,"@$10,241",Centaline
26/10/2024,The Nova・Upper Floor・Flat H,,,--,853ft²,@$61,Centaline
26/10/2024,Sceneway Garden・Block 15・Middle Floor・Flat H,,,--,720ft²,@$36,Centaline
26/10/2024,Lucky Plaza・Shung Lam Court (Block A1)・Upper Floor・Flat F,,,--,334ft²,@$43,Centaline
26/10/2024,Lohas Park・Phase 4A Wings At Sea・Tower 2A・Middle Floor・Flat B,,,--,620ft²,@$36,Centaline
26/10/2024,Hilton Plaza・Block C・Upper Floor・Flat 4,,,--,283ft²,@$55,Centaline
26/10/2024,Discovery Bay・Phase 4-Peninsula Vl Capeland・Jovial Court・Upper Floor・Flat D,,,--,755ft²,@$24,Centaline
26/10/2024,Discovery Bay・Phase 1-Parkridge Village・Sunrise・Lower Floor・Flat F,,,--,440ft²,@$28,Centaline
26/10/2024,Upper East・Upper Floor・Flat F (T1C),,,--,311ft²,@$49,Centaline
26/10/2024,Laguna Verde・Phase 2 Villa Verde・Tower 7・Lower Floor・Flat G,,,--,541ft²,@$35,Centaline
26/10/2024,Choi Po Court・Choi Ngan House (Block D)・Upper Floor・Flat 7,,,--,438ft²,@$21,Centaline
26/10/2024,Upper East・Middle Floor・Flat J (T1B),,,--,322ft²,@$51,Centaline
26/10/2024,The Latitude・Tower 8・Upper Floor・Flat G,,,--,758ft²,@$40,Centaline
26/10/2024,Fanling Town Center・Elegant Court (Block 5)・Upper Floor・Flat B,,,--,399ft²,@$31,Centaline
26/10/2024,Sol City・Tower 1・Upper Floor・Flat A,,,--,578ft²,@$33,Centaline
26/10/2024,Mount Haven・Block 3・Lower Floor・Flat H,,,--,812ft²,@$28,Centaline
26/10/2024,Castle One By V・Middle Floor・Flat E,,,--,401ft²,@$72,Centaline
26/10/2024,The Hermitage・Tower 6・Lower Floor・Flat D,,,--,333ft²,@$50,Centaline
26/10/2024,One Homantin・Tower 3・Middle Floor・Flat E,,,--,513ft²,@$45,Centaline
26/10/2024,Park Central・Phase 1・Tower 9・Lower Floor・Flat A,,,--,541ft²,@$38,Centaline
26/10/2024,Metro Town・Phase 2 Le Point・Tower 10・Lower Floor・Flat G,,,--,897ft²,@$35,Centaline
26/10/2024,The Quinn ‧ Square Mile・Tower 1・Middle Floor・Flat R,,,--,269ft²,@$65,Centaline
26/10/2024,Montego Bay・Tower 2・Lower Floor・Flat B,,,--,"1,023ft²",@$43,Centaline
26/10/2024,Maya・Tower 2・Middle Floor・Flat F,,,--,499ft²,@$38,Centaline
26/10/2024,Koko Hills・Phase 3A Koko Rosso・Tower 7・Upper Floor・Flat E,,,--,452ft²,@$43,Centaline
26/10/2024,The Wings・II・Tower 3B・Middle Floor・Flat D,,,--,550ft²,@$41,Centaline
26/10/2024,South Horizons・Phase 2・Yee Mei Court (Block 7)・Middle Floor・Flat E,,,--,739ft²,@$39,Centaline
26/10/2024,Royal Peninsula・Block 1・Lower Floor・Flat G,,,--,647ft²,@$40,Centaline
26/10/2024,Laguna Verde・Phase 4(4A) Laguna Grande・Tower 16・Lower Floor・Flat A,,,--,"1,096ft²",@$36,Centaline
26/10/2024,Providence Bay・Phase 2 Providence Peak・Tower 11・Upper Floor・Flat B,,,--,897ft²,@$27,Centaline
26/10/2024,Sorrento・Phase 1・Block 3・Upper Floor・Flat G,,,--,781ft²,@$50,Centaline
26/10/2024,Kornhill・Block M (Flat 1 - 8)・Upper Floor・Flat 8,,,--,707ft²,@$39,Centaline
26/10/2024,Luen Gay Apartments・Lower Floor・Flat 12,,,--,339ft²,@$47,Centaline
26/10/2024,Century Link・Phase 1・Tower 5A・Middle Floor・Flat 9,,,--,482ft²,@$37,Centaline
26/10/2024,Lohas Park・Phase 7B Grand Montara・Tower 1 (1B)・Lower Floor・Flat D,,,--,527ft²,@$37,Centaline
26/10/2024,Eden Manor・Tower 7・Lower Floor・Flat J,,,--,277ft²,@$34,Centaline
26/10/2024,Wai Wah Centre・Block 2・Middle Floor・Flat C,,,--,308ft²,@$49,Centaline
26/10/2024,Century Link・Phase 1・Tower 6A・Middle Floor・Flat 2,,,--,646ft²,@$39,Centaline
26/10/2024,Park Yoho・Phase 2A Park Yoho Genova・Tower 18B・Upper Floor・Flat B,,,--,493ft²,@$30,Centaline
26/10/2024,The Avenue・Phase 2・Tower 2・Upper Floor・Flat P,,,--,339ft²,@$62,Centaline
26/10/2024,The Richmond・Lower Floor・Flat B,,,--,217ft²,@$67,Centaline
26/10/2024,Botania Villa・Block 3・Upper Floor・Flat G,,,--,509ft²,@$24,Centaline
26/10/2024,Manor Hill・Tower 1・Middle Floor・Flat A2,,,--,321ft²,@$48,Centaline
26/10/2024,Double Cove・Phase 4 Double Cove Grandview・Block 8・Upper Floor・Flat E,,,--,496ft²,@$38,Centaline
26/10/2024,Kam Hay Court・Kam Foon House (Block A)・Middle Floor・Flat 6,,,--,401ft²,@$30,Centaline
26/10/2024,Chuen Fai Centre・Block A・Lower Floor・Flat 3,,,--,287ft²,@$43,Centaline
26/10/2024,Monaco One・Phase 2 Monaco Marine・Mansion B・Middle Floor・Flat D,,,--,337ft²,@$54,Centaline
26/10/2024,The Grand Marine・Tower 1・Upper Floor・Flat G,,,--,299ft²,@$49,Centaline
26/10/2024,Lung Fung Garden・Block B・Upper Floor・Flat B4,,,--,312ft²,@$35,Centaline
26/10/2024,Wai Fat Building・Lower Floor・Flat G,,,--,353ft²,@$30,Centaline
25/10/2024,Dragons Range・Court B Tower 3・Middle Floor・Flat A,,$9.6M,--,963ft²,"@$9,969",Centaline
25/10/2024,Sunshine City・Phase 4・Block L・Lower Floor・Flat 2,,$5.17M,--,363ft²,"@$14,237",Centaline
25/10/2024,Sunningdale Garden・Block 3・Upper Floor・Flat C,,$3.82M,--,583ft²,"@$6,552",Centaline
25/10/2024,Ocean Pride・Phase 3A Ocean Supreme・Tower 5A・Lower Floor・Flat C,,$14.38M,--,812ft²,"@$17,709",Centaline
25/10/2024,Ocean Pride・Phase 3A Ocean Supreme・Tower 3B・Middle Floor・Flat A,,$8.9M,--,530ft²,"@$16,792",Centaline
25/10/2024,Grand Del Sol・Block 15・Lower Floor・Flat E,,$5.38M,--,739ft²,"@$7,280",Centaline
25/10/2024,Parc City・Tower 7・Middle Floor・Flat A,,$14.1M,--,859ft²,"@$16,414",Centaline
25/10/2024,Lung Poon Court・Lung Wu House (Block B)・Middle Floor・Flat 13,,$3.52M,--,340ft²,"@$10,353",Centaline
25/10/2024,Lohas Park・Phase 6 Lp6・Tower 3・Lower Floor・Flat B,,$9.7M,--,790ft²,"@$12,278",Centaline
25/10/2024,Chelsea Court・Tower North (B2)・Lower Floor・Flat F,,$5.12M,--,450ft²,"@$11,378",Centaline
25/10/2024,Chelsea Court・Tower West (B1)・Upper Floor・Flat B,,$10.94M,--,898ft²,"@$12,183",Centaline
25/10/2024,Cullinan West・Phase 3 Cullinan West Il・Tower 5B・Upper Floor・Flat C,,$7.23M,--,362ft²,"@$19,972",Centaline
25/10/2024,Upper East・Upper Floor・Flat A (T1B),,$3.2M,--,228ft²,"@$14,035",Centaline
25/10/2024,Grand Waterfront・Tower 6・Upper Floor・Flat A,,$5.9M,--,382ft²,"@$15,445",Centaline
25/10/2024,Sceneway Garden・Block 17・Lower Floor・Flat E,,$8M,--,720ft²,"@$11,111",Centaline
25/10/2024,Park Metropolitan・Middle Floor・Flat D,,$9.6M,--,636ft²,"@$15,094",Centaline
25/10/2024,Tung Chung Crescent・Phase 1・Block 1・Upper Floor・Flat A,,$6.18M,--,544ft²,"@$11,360",Centaline
25/10/2024,Metro Town・Phase 1・Tower 3・Upper Floor・Flat D,,$8.58M,--,642ft²,"@$13,364",Centaline
25/10/2024,Handsome Court・Block 5・Upper Floor・Flat A,,$8.45M,--,"1,028ft²","@$8,220",Centaline
25/10/2024,Opulence Height・Lower Floor・Flat B,,$3.8M,--,370ft²,"@$10,270",Centaline
25/10/2024,Lohas Park・Phase 1 The Capitol・Milan (Tower 3 - L Wing)・Upper Floor・Flat B,,$9.01M,--,840ft²,"@$10,725",Centaline
25/10/2024,Lohas Park・Phase 4A Wings At Sea・Tower 2A・Lower Floor・Flat F,,$4.91M,--,340ft²,"@$14,441",Centaline
25/10/2024,The Hermitage・Tower 1・Middle Floor・Flat C,,$14M,--,753ft²,"@$18,592",Centaline
25/10/2024,Lime Gala・Tower 2・Middle Floor・Flat E,,$7.8M,--,--,--,Centaline
25/10/2024,Kornhill・Block K (Flat 9 - 16)・Middle Floor・Flat 13,,$6.88M,--,555ft²,"@$12,396",Centaline
25/10/2024,Tseung Kwan O Plaza・Phase 1・Tower 3・Upper Floor・Flat E,,$6.7M,--,429ft²,"@$15,618",Centaline
25/10/2024,Flora Garden・Block A・Middle Floor・Flat 2,,$11.18M,--,837ft²,"@$13,357",Centaline
25/10/2024,Sorrento・Phase 1・Block 3・Lower Floor・Flat F,,$19.68M,--,961ft²,"@$20,479",Centaline
25/10/2024,Nan Fung Plaza・Tower 1・Upper Floor・Flat C,,$7.8M,--,607ft²,"@$12,850",Centaline
25/10/2024,The Metro City・Phase 2・Tower 7・Upper Floor・Flat D,,$5.93M,--,441ft²,"@$13,447",Centaline
25/10/2024,Tseung Kwan O Plaza・Phase 2・Tower 6・Upper Floor・Flat C,,$6.6M,--,451ft²,"@$14,634",Centaline
25/10/2024,Amoy Gardens・Phase 3・Block P・Lower Floor・Flat 5,,$4.45M,--,356ft²,"@$12,500",Centaline
25/10/2024,The Wings・Ocean Wings・Tower 7A・Lower Floor・Flat D,,$8.5M,--,558ft²,"@$15,233",Centaline
25/10/2024,Lei King Wan・Sites C・Block 10 Yee Qun Mansion・Middle Floor・Flat A,,$9.74M,--,808ft²,"@$12,052",Centaline
25/10/2024,Kingston Lodge・Lower Floor・Flat C,,$6.43M,--,473ft²,"@$13,594",Centaline
25/10/2024,On Foo Building・Lower Floor・Flat C,,$3.7M,--,363ft²,"@$10,193",Centaline
25/10/2024,Parc City・Tower 5・Upper Floor・Flat B,,$7.98M,--,433ft²,"@$18,430",Centaline
25/10/2024,Whampoa Garden・Phase 2 Cherry Mansions・Block 9・Upper Floor・Flat H,,$5.2M,--,389ft²,"@$13,368",Centaline
25/10/2024,The Waterside・Tower 1・Middle Floor・Flat C,,$7.68M,--,696ft²,"@$11,034",Centaline
25/10/2024,Sunshine City・Phase 3・Block P・Upper Floor・Flat 5,,$4.85M,--,361ft²,"@$13,435",Centaline
25/10/2024,Park Avenue・Phase 1・Tower 8・Middle Floor・Flat G,,$8.68M,--,466ft²,"@$18,627",Centaline
25/10/2024,La Cite Noble・Block 3・Lower Floor・Flat C,,$4.48M,--,377ft²,"@$11,883",Centaline
25/10/2024,Lung Cheung Garden・Middle Floor・Flat B,,$6.42M,--,356ft²,"@$18,034",Centaline
25/10/2024,Cayman Rise・Block 1・Upper Floor・Flat D,,$10.78M,--,639ft²,"@$16,870",Centaline
25/10/2024,Kingswood Villas・Phase 5 Lynwood Court・Block 2・Upper Floor・Flat F,,$8.68M,--,986ft²,"@$8,803",Centaline
25/10/2024,Lohas Park・Phase 4A Wings At Sea・Tower 1A・Lower Floor・Flat E,,$6.01M,--,497ft²,"@$12,093",Centaline
25/10/2024,Metropolis Plaza・Block 3・Upper Floor・Flat H,,$4.8M,--,468ft²,"@$10,256",Centaline
25/10/2024,Discovery Park・Phase 2・Block 8・Middle Floor・Flat E,,$7.49M,--,645ft²,"@$11,609",Centaline
25/10/2024,Novo Land・Phase 2A・Arreso Tower 5・Middle Floor・Flat F,,$2.89M,--,248ft²,"@$11,648",Centaline
25/10/2024,Eltanin‧Square Mile・Tower 2・Upper Floor・Flat E,,$3.1M,--,203ft²,"@$15,271",Centaline
25/10/2024,Tai Po Centre・Phase 4・Block 8・Lower Floor・Flat C,,$3.9M,--,371ft²,"@$10,512",Centaline
25/10/2024,Oceanaire・Tower 6A・Lower Floor・Flat B,,$7.38M,--,694ft²,"@$10,634",Centaline
25/10/2024,Centra Horizon・Tower 8・Lower Floor・Flat D,,$3.75M,--,276ft²,"@$13,587",Centaline
25/10/2024,Mandarin Garden・Upper Floor・Flat A,,$7.23M,--,724ft²,"@$9,986",Centaline
25/10/2024,Rhine Garden・Block 1・Middle Floor・Flat C,,$4.43M,--,630ft²,"@$7,032",Centaline
25/10/2024,Harbour Green・Tower 3・Upper Floor・Flat H,,$8.2M,--,482ft²,"@$17,012",Centaline
25/10/2024,Ontolo・Tower 6A・Upper Floor・Flat D,,$5.38M,--,396ft²,"@$13,586",Centaline
25/10/2024,South Horizons・Phase 4 The Oasis・Dover Court (Block 25)・Middle Floor・Flat F,,$9.3M,--,743ft²,"@$12,517",Centaline
25/10/2024,Ocean Shores・Phase 2・Tower 8・Lower Floor・Flat E,,$5.38M,--,498ft²,"@$10,803",Centaline
25/10/2024,Lohas Park・Phase 3A Hemera・Diamond (Tower 1)・Upper Floor・Flat Ra,,$10.55M,--,815ft²,"@$12,945",Centaline
25/10/2024,Lucky Mansion・Middle Floor・Flat A,,$2.74M,--,315ft²,"@$8,698",Centaline
25/10/2024,Kingston Terrace・Block 4・Lower Floor・Flat D,,$3.5M,--,662ft²,"@$5,287",Centaline
25/10/2024,Ocean View・Tower 5・Upper Floor・Flat D,,$6.43M,--,495ft²,"@$12,986",Centaline
25/10/2024,Coastal Skyline・Phase 1・Block 5・Upper Floor・Flat C,,$9M,--,874ft²,"@$10,297",Centaline
25/10/2024,Parc Oasis・Tower 19 (47 Tat Chee Ave)・Lower Floor・Flat F,,$8.68M,--,584ft²,"@$14,863",Centaline
25/10/2024,Harbour Green・Tower 5・Middle Floor・Flat E,,$8.35M,--,478ft²,"@$17,469",Centaline
25/10/2024,The Arch・Moon Tower (Block 2A)・Middle Floor・Flat D,,$16.4M,--,518ft²,"@$31,660",Centaline
25/10/2024,Yoho Town・Phase 1・Block 1・Upper Floor・Flat E,,$5.73M,--,433ft²,"@$13,233",Centaline
25/10/2024,Solaria・Tower 6・Middle Floor・Flat H,,,--,248ft²,@$48,Centaline
25/10/2024,Fanling Town Center・Brilliant Court (Block 2)・Lower Floor・Flat A,,,--,399ft²,@$32,Centaline
25/10/2024,Garden Rivera・Block B・Middle Floor・Flat 7,,,--,242ft²,@$53,Centaline
25/10/2024,The Yoho Hub・Phase C The Yoho Hub II・Tower 8・Upper Floor・Flat C,,,--,538ft²,@$43,Centaline
25/10/2024,Mayfair By The Sea・I・Tower 21・Upper Floor・Flat B,,,--,891ft²,@$36,Centaline
25/10/2024,Koko Hills・Phase 3A Koko Rosso・Tower 6・Lower Floor・Flat C,,,--,431ft²,@$48,Centaline
25/10/2024,Grand Central・Phase 1・Tower 1・Lower Floor・Flat H,,,--,759ft²,@$41,Centaline
25/10/2024,Cullinan West・Phase 5 Cullinan West Ill・Tower 7・Middle Floor・Flat G,,,--,351ft²,@$61,Centaline
25/10/2024,The Pacifica・Phase 2・Tower 6 (Belle Mer)・Middle Floor・Flat B,,,--,554ft²,@$45,Centaline
25/10/2024,Western Garden・Evergreen Tower (Block 1)・Middle Floor・Flat A,,,--,365ft²,@$47,Centaline
25/10/2024,Tsuen Wan Plaza・Block 2・Upper Floor・Flat E,,,--,433ft²,@$41,Centaline
25/10/2024,Discovery Bay・Phase 16 Poggibonsi・Block 6・Middle Floor・Flat E,,,--,717ft²,@$33,Centaline
25/10/2024,One Victoria・Tower 1B・Lower Floor・Flat C,,,--,460ft²,@$39,Centaline
25/10/2024,Tseung Kwan O Plaza・Phase 2・Tower 7・Middle Floor・Flat E,,,--,459ft²,@$40,Centaline
25/10/2024,Sky Tower・Block 3・Middle Floor・Flat G,,,--,522ft²,@$42,Centaline
25/10/2024,Sorrento・Phase 1・Block 5・Middle Floor・Flat D,,,--,755ft²,@$49,Centaline
25/10/2024,One Innovale・Phase 3・Tower D・Lower Floor・Flat 1,,,--,425ft²,@$40,Centaline
25/10/2024,Siu Hong Court・Siu Chun House (Block C)・Lower Floor・Flat 6,,,--,493ft²,@$22,Centaline
25/10/2024,Lohas Park・Phase 7B Grand Montara・Tower 1 (1B)・Lower Floor・Flat D,,,--,527ft²,@$38,Centaline
25/10/2024,Kingswood Villas・Phase 6 Maywood Court・Block 8・Middle Floor・Flat A,,,--,629ft²,@$22,Centaline
25/10/2024,Azura・Lower Floor・Flat B,,,--,"1,589ft²",@$50,Centaline
25/10/2024,Grand Promenade・Tower 5・Middle Floor・Flat E,,,--,494ft²,@$45,Centaline
25/10/2024,The Holborn・Tower A・Lower Floor・Flat A8,,,--,200ft²,@$75,Centaline
25/10/2024,The Quinn ‧ Square Mile・Tower 2・Lower Floor・Flat N,,,--,258ft²,@$60,Centaline
25/10/2024,Island Resort・Tower 1・Middle Floor・Flat G,,,--,455ft²,@$42,Centaline
25/10/2024,Tavistock II・Lower Floor・Flat A,,,--,"1,524ft²",@$53,Centaline
25/10/2024,Beverly Hill・Block B・Upper Floor・Flat 1,,,--,"1,424ft²",@$49,Centaline
25/10/2024,Whampoa Garden・Phase 12 Bamboo Mansions・Block 8・Middle Floor・Flat F,,,--,729ft²,@$38,Centaline
25/10/2024,Baker Circle One・Phase 1・Baker Circle ‧ Dover・Upper Floor・Flat D,,,--,205ft²,@$74,Centaline
25/10/2024,Galaxia・Tower B・Upper Floor・Flat 8,,,--,517ft²,@$44,Centaline
25/10/2024,The Paseo・Upper Floor・Flat A,,,--,220ft²,@$64,Centaline
25/10/2024,One East Coast・Tower 1B・Upper Floor・Flat B,,,--,269ft²,@$58,Centaline
25/10/2024,Laguna City・Phase 1・Block 6・Middle Floor・Flat F,,,--,517ft²,@$32,Centaline
25/10/2024,Monterey・Tower 8・Middle Floor・Flat B,,,--,865ft²,@$46,Centaline
25/10/2024,Grand Central・Phase 2・Tower 5・Upper Floor・Flat K,,,--,468ft²,@$43,Centaline
25/10/2024,The Wings・II・Tower 5A・Middle Floor・Flat C,,,--,845ft²,@$41,Centaline
25/10/2024,The Wings・The Wings・Tower 2・Upper Floor・Flat D,,,--,536ft²,@$44,Centaline
25/10/2024,Island Lodge・Middle Floor・Flat B,,,--,643ft²,@$40,Centaline
25/10/2024,Mayfair By The Sea・Ll・Tower 10・Middle Floor・Flat C,,,--,"1,073ft²",@$31,Centaline
25/10/2024,East Point City・Block 6・Upper Floor・Flat G,,,--,466ft²,@$40,Centaline
25/10/2024,One Homantin・Tower 2・Upper Floor・Flat E,,,--,498ft²,@$46,Centaline
25/10/2024,Mantin Heights・Tower 5・Lower Floor・Flat F,,,--,587ft²,@$44,Centaline
25/10/2024,T Plus・Upper Floor・Flat 16,,,--,172ft²,@$49,Centaline
25/10/2024,Parkes Residence・Upper Floor・Flat F,,,--,245ft²,@$63,Centaline
25/10/2024,Mayson Garden Building・Middle Floor・Flat J,,,--,592ft²,@$42,Centaline
25/10/2024,The Long Beach・Tower 1・Lower Floor・Flat E,,,--,559ft²,@$44,Centaline
25/10/2024,Metro Town・Phase 1・Tower 5・Lower Floor・Flat E,,,--,487ft²,@$38,Centaline
25/10/2024,Park Central・Phase 1・Tower 5・Upper Floor・Flat C,,,--,684ft²,@$36,Centaline
25/10/2024,Coastal Skyline・Phase 4 Le Bleu Deux・Block 5・Lower Floor・Flat C,,,--,568ft²,@$37,Centaline
25/10/2024,Lohas Park・Phase 7B Grand Montara・Tower 1 (1A)・Lower Floor・Flat D,,,--,743ft²,@$41,Centaline
25/10/2024,Les Saisons・Le Printemps (Tower 1)・Upper Floor・Flat B,,,--,602ft²,@$47,Centaline
25/10/2024,Burnside Estate,,,--,"2,084ft²",@$43,Centaline
25/10/2024,The Avenue・Phase 2・Tower 2・Middle Floor・Flat J,,,--,532ft²,@$60,Centaline
25/10/2024,J Residence・Middle Floor・Flat 8,,,--,438ft²,@$50,Centaline
25/10/2024,Casa Marina・Phase 2,,,--,"1,425ft²",@$28,Centaline
25/10/2024,The Avenue・Phase 1・Tower 5・Upper Floor・Flat H,,,--,551ft²,@$63,Centaline
25/10/2024,The Avenue・Phase 2・Tower 2・Upper Floor・Flat L,,,--,329ft²,@$64,Centaline
25/10/2024,Vision City・Block 3・Lower Floor・Flat F,,,--,508ft²,@$43,Centaline
25/10/2024,The Reach・Tower 12・Upper Floor・Flat D,,,--,443ft²,@$30,Centaline
25/10/2024,Waterside Plaza・Block 2・Middle Floor・Flat E,,,--,572ft²,@$31,Centaline
25/10/2024,H Cube・Middle Floor・Flat 1,,,--,244ft²,@$49,Centaline
25/10/2024,Sun Tuen Mun Centre・Block 7・Middle Floor・Flat F,,,--,455ft²,@$26,Centaline
25/10/2024,Novo Land・Phase 2A・Charlot Tower 1A・Middle Floor・Flat C,,,--,431ft²,@$36,Centaline
25/10/2024,Choi Po Court・Choi Ngan House (Block D)・Lower Floor・Flat 11,,,--,438ft²,@$25,Centaline
25/10/2024,Whampoa Garden・Phase 5 Oak Mansions・Block 6・Upper Floor・Flat D,,,--,503ft²,@$41,Centaline
25/10/2024,Metro Harbour View・Phase 2・Tower 9・Lower Floor・Flat A,,,--,347ft²,@$49,Centaline
25/10/2024,Kingswood Villas・Phase 6 Maywood Court・Block 2・Upper Floor・Flat G,,,--,544ft²,@$23,Centaline
25/10/2024,Ying Ga Garden・Tai Pak Court (Tower 2)・24/F・Flat C,,$5.9M,--,377ft²,"@$15,650",Land Registry
25/10/2024,New Haven・Tower 1・5/F・Flat E,,$5.7M,,526ft²,"@$10,837",Land Registry
25/10/2024,Ching Tao Court・38/F・Flat 13,,$1.34M,--,--,--,Land Registry
25/10/2024,Ching Tao Court・39/F・Flat 16,,$1.75M,--,--,--,Land Registry
25/10/2024,Wing Wah Mansion・No. 425W - 425X・5/F・No. 425X (Rear),,$3.95M,,476ft²,"@$8,298",Land Registry
25/10/2024,Saddle Ridge Garden・Block 10・14/F・Flat J,,$2.67M,--,482ft²,"@$5,535",Land Registry
25/10/2024,Ko Wang Court・Block A・15/F・Flat 20,,$2.55M,--,--,--,Land Registry
25/10/2024,Chung Mei Building・5/F・Flat 12,,$2.1M,,343ft²,"@$6,122",Land Registry
25/10/2024,Win Fong Heights・10/F・Flat H,,$4M,--,459ft²,"@$8,715",Land Registry
25/10/2024,Mei (Mee) Lee Building・5/F・Flat H,,$3M,,344ft²,"@$8,721",Land Registry
25/10/2024,Ealing Court・6/F・Flat A,,$3.5M,--,260ft²,"@$13,462",Land Registry
25/10/2024,Cheung Wo Court・Wo Kin House (Block D)・9/F・Flat 5,,$3.8M,--,434ft²,"@$8,756",Land Registry
25/10/2024,Kai Chuen Court・Block 5 (Kai Wu House)・3/F・Flat 18,,$1.65M,--,--,--,Land Registry
25/10/2024,The Pavilia Forest・Phase 2 The Pavilia Forest II・Tower 3・10/F・Flat E,,$6.59M,--,383ft²,"@$17,196",Land Registry
25/10/2024,Hong Pak Court・Kam Pak House (Block G)・25/F・Flat 2,,$3.99M,--,554ft²,"@$7,195",Land Registry
25/10/2024,Ching Tao Court・25/F・Flat 18,,$1.25M,--,--,--,Land Registry
25/10/2024,Tsuen Wan Plaza・Block 1・18/F・Flat C,,$7.59M,,552ft²,"@$13,750",Land Registry
25/10/2024,Avon Park・Block 8・7/F・Flat G,,$4.59M,--,488ft²,"@$9,406",Land Registry
25/10/2024,Rammon Mansion・7/F・Flat B,,$2.65M,,249ft²,"@$10,643",Land Registry
25/10/2024,City One Shatin・Site 4・Block 44・11/F・Flat E,,$4M,,284ft²,"@$14,085",Land Registry
25/10/2024,Wai Wah Centre・Block 2・10/F・Flat C,,$3.76M,,308ft²,"@$12,201",Land Registry
25/10/2024,Wah Yuen Chuen・Wah Lai Court (Block 3)・29/F・Flat D,,$4.6M,--,510ft²,"@$9,020",Land Registry
25/10/2024,Manor Centre・Block 4・6/F・Flat H,,$3.9M,,322ft²,"@$12,112",Land Registry
25/10/2024,Novo Land・Phase 3B・Fiskars Tower 2A・25/F・Flat E,,$3.16M,--,252ft²,"@$12,539",Land Registry
25/10/2024,Novo Land・Phase 3B・Fiskars Tower 2A・28/F・Flat B,,$3.75M,--,292ft²,"@$12,857",Land Registry
25/10/2024,Novo Land・Phase 3B・Fiskars Tower 2A・30/F・Flat B,,$3.76M,--,292ft²,"@$12,877",Land Registry
25/10/2024,Ching Tao Court・15/F・Flat 6,,$1.2M,--,--,--,Land Registry
25/10/2024,Ching Tao Court・32/F・Flat 12,,$1.37M,--,--,--,Land Registry
25/10/2024,Ching Tao Court・32/F・Flat 1,,$1.28M,--,--,--,Land Registry
25/10/2024,Ching Tao Court・33/F・Flat 1,,$1.28M,--,--,--,Land Registry
25/10/2024,Ching Tao Court・36/F・Flat 15,,$1.32M,--,--,--,Land Registry
25/10/2024,Ching Tao Court・29/F・Flat 18,,$1.27M,--,--,--,Land Registry
25/10/2024,Ching Tao Court・38/F・Flat 15,,$1.32M,--,--,--,Land Registry
25/10/2024,Ching Tao Court・10/F・Flat 18,,$1.19M,--,--,--,Land Registry
25/10/2024,Ching Tao Court・11/F・Flat 1,,$1.2M,--,--,--,Land Registry
25/10/2024,Ching Tao Court・28/F・Flat 5,,$1.25M,--,--,--,Land Registry
25/10/2024,Ching Tao Court・12/F・Flat 15,,$1.23M,--,--,--,Land Registry
25/10/2024,Wai Wah Centre・Block 2・18/F・Flat H,,$3.7M,,297ft²,"@$12,458",Land Registry
25/10/2024,The Arch・Moon Tower (Block 2A)・17/F・Flat E,,$9.7M,,395ft²,"@$24,557",Land Registry
25/10/2024,The Rednaxela・21/F・Flat B,,$9.58M,,637ft²,"@$15,039",Land Registry
25/10/2024,Monterey・Tower 6B・2/F・Flat A,,$32.2M,--,"1,607ft²","@$20,037",Land Registry
25/10/2024,Mei Foo Sun Chuen・Phase 2・Carpark・G/F・No.224,,$1M,--,--,--,Land Registry
25/10/2024,The Colonnades・The Colonnades・6/F・Flat B,,$7.1M,,612ft²,"@$11,601",Land Registry
25/10/2024,Tai Po Centre・Phase 3・Block 21・23/F・Flat G,,$3.16M,,315ft²,"@$10,032",Land Registry
25/10/2024,The Wings・Ocean Wings・Tower 3・9/F・Flat A,,$18.03M,,978ft²,"@$18,436",Land Registry
25/10/2024,The Pavilia Forest・Phase 2 The Pavilia Forest II・Tower 2・8/F・Flat F,,$4.55M,--,262ft²,"@$17,347",Land Registry
25/10/2024,Kt Marina・Phase 1・Tower 2B・10/F・Flat J,,$9.65M,--,538ft²,"@$17,929",Land Registry
25/10/2024,Cullinan Sky・Phase 1・Tower 6・28/F・Flat B1,,$9.54M,--,467ft²,"@$20,428",Land Registry
25/10/2024,No. 8 Waterloo Road・Block 1・30/F・Flat G,,$10M,,581ft²,"@$17,212",Land Registry
25/10/2024,Ching Tao Court・9/F・Flat 13,,$1.24M,--,--,--,Land Registry
25/10/2024,Ching Tao Court・12/F・Flat 7,,$1.23M,--,--,--,Land Registry
25/10/2024,The Met. Blossom・Tower 2・17/F・Flat A01,,$2.99M,,229ft²,"@$13,057",Land Registry
25/10/2024,Grand Jete・Phase 1・Tower 1・19/F・Flat K,,$5.41M,--,482ft²,"@$11,218",Land Registry
25/10/2024,Grand Horizon・Block 1・41/F・Flat D,,$4.95M,,364ft²,"@$13,599",Land Registry
25/10/2024,15 Hok Ling Street・3/F・No. 15,,$3.61M,--,473ft²,"@$7,632",Land Registry
25/10/2024,Cullinan Sky・Phase 1・Tower 6・7/F・Flat B3,,$6.14M,--,296ft²,"@$20,759",Land Registry
25/10/2024,Century Link・Phase 1・Tower 5A・8/F・Flat 10,,$5.4M,,483ft²,"@$11,180",Land Registry
25/10/2024,Luk Yeung Sun Chuen・Block R・14/F・Flat 1,,$5.42M,,475ft²,"@$11,411",Land Registry
25/10/2024,True Light Building・3/F・Flat C,,$4.14M,--,417ft²,"@$9,923",Land Registry
25/10/2024,Liang Ga Building・19/F・Flat A,,$4.68M,,382ft²,"@$12,251",Land Registry
25/10/2024,Lei Tung Estate・Tung Yat House・5/F・Flat 20,,$3.25M,--,490ft²,"@$6,633",Land Registry
25/10/2024,Yue Fai Court・Yat Fai House (Block B)・28/F・Flat 1,,$4.2M,--,419ft²,"@$10,024",Land Registry
25/10/2024,Nan Fung Plaza・Tower 6・19/F・Flat H,,$6M,,454ft²,"@$13,216",Land Registry
25/10/2024,Goldmine Building・Block A・18/F・Flat 5,,$2.28M,,260ft²,"@$8,769",Land Registry
25/10/2024,South Horizons・Phase 2・Yee Tsui Court (Block 16)・25/F・Flat G,,$14.2M,--,882ft²,"@$16,100",Land Registry
25/10/2024,King's Park Hill・House 2,,$62.3M,,"2,333ft²","@$26,704",Land Registry
25/10/2024,Cullinan Sky・Phase 1・Tower 3・15/F・Flat B6,,$9.31M,--,437ft²,"@$21,305",Land Registry
25/10/2024,Cullinan Sky・Phase 1・Tower 5・18/F・Flat B3,,$6.34M,--,296ft²,"@$21,434",Land Registry
25/10/2024,Cullinan Sky・Phase 1・Tower 5・19/F・Flat B2,,$6.42M,--,299ft²,"@$21,478",Land Registry
25/10/2024,Cullinan Sky・Phase 1・Tower 3・27/F・Flat B2,,$6.76M,--,298ft²,"@$22,675",Land Registry
25/10/2024,Union Mansion・16/F・Flat E,,$5M,--,739ft²,"@$6,766",Land Registry
25/10/2024,One Jardine's Lookout・10/F・Flat B,,$9.55M,--,538ft²,"@$17,750",Land Registry
25/10/2024,One Jardine's Lookout・10/F・Flat C,,$6.84M,--,392ft²,"@$17,450",Land Registry
25/10/2024,Galaxia・Tower C・5/F・Flat 5,,$7.63M,,593ft²,"@$12,863",Land Registry
25/10/2024,Wealthy Garden・8/F・Flat B,,$4.43M,,299ft²,"@$14,809",Land Registry
25/10/2024,Heng Fa Chuen・Block 33・6/F・Flat 5,,$6.28M,,560ft²,"@$11,214",Land Registry
25/10/2024,One Jardine's Lookout・21/F・Flat B,,$10.59M,--,535ft²,"@$19,800",Land Registry
25/10/2024,One Jardine's Lookout・21/F・Flat C,,$9.77M,--,479ft²,"@$20,400",Land Registry
25/10/2024,Kam Fung Court・Kam Lan House (Block J)・32/F・Flat 1,,$4.68M,--,540ft²,"@$8,667",Land Registry
25/10/2024,Ching Tao Court・10/F・Flat 11,,$1.74M,--,--,--,Land Registry
25/10/2024,City One Shatin・Site 4・Carpark・1/F・No.62,,"$510,000",--,--,--,Land Registry
25/10/2024,The Pavilia Forest・Phase 2 The Pavilia Forest II・Tower 3・8/F・Flat J,,$4.86M,--,283ft²,"@$17,166",Land Registry
25/10/2024,The Pavilia Forest・Phase 2 The Pavilia Forest II・Tower 3・7/F・Flat J,,$4.72M,--,283ft²,"@$16,664",Land Registry
25/10/2024,The Pavilia Forest・Phase 2 The Pavilia Forest II・Tower 3・12/F・Flat F,,$4.77M,--,262ft²,"@$18,214",Land Registry
25/10/2024,The Pavilia Forest・Phase 2 The Pavilia Forest II・Tower 3・5/F・Flat F,,$4.36M,--,262ft²,"@$16,656",Land Registry
25/10/2024,The Pavilia Forest・Phase 2 The Pavilia Forest II・Tower 3・6/F・Flat J,,$4.69M,--,283ft²,"@$16,580",Land Registry
25/10/2024,The Pavilia Forest・Phase 2 The Pavilia Forest II・Tower 3・15/F・Flat F,,$4.87M,--,262ft²,"@$18,584",Land Registry
25/10/2024,The Pavilia Forest・Phase 2 The Pavilia Forest II・Tower 3・5/F・Flat J,,$4.67M,--,283ft²,"@$16,498",Land Registry
25/10/2024,The Pavilia Forest・Phase 2 The Pavilia Forest II・Tower 3・7/F・Flat F,,$4.41M,--,262ft²,"@$16,821",Land Registry
25/10/2024,Larchwood・11/F・Flat G,,$3.99M,--,206ft²,"@$19,359",Land Registry
25/10/2024,Fu Chau Building・9/F・Flat D,,$2.28M,,260ft²,"@$8,769",Land Registry
25/10/2024,Ching Tao Court・27/F・Flat 6,,$1.24M,--,--,--,Land Registry
25/10/2024,One Jardine's Lookout・11/F・Flat B,,$9.68M,--,538ft²,"@$18,000",Land Registry
25/10/2024,The Yoho Hub・Phase C The Yoho Hub II・Tower 6・43/F・Flat A,,$7.54M,--,462ft²,"@$16,311",Land Registry
25/10/2024,The Yoho Hub・Phase C The Yoho Hub II・Tower 6・39/F・Flat G,,$12.44M,--,856ft²,"@$14,535",Land Registry
25/10/2024,The Yoho Hub・Phase C The Yoho Hub II・Tower 6・21/F・Flat H,,$12.39M,--,905ft²,"@$13,693",Land Registry
25/10/2024,One Innovale・Phase 3・Tower E・1/F・Flat 1,,$9.53M,--,684ft²,"@$13,938",Land Registry
25/10/2024,Cullinan Sky・Phase 1・Tower 5・27/F・Flat A8,,$11.13M,--,509ft²,"@$21,871",Land Registry
25/10/2024,The Pavilia Forest・Phase 3 The Pavilia Forest III・Tower 1・5/F・Flat L,,$6.6M,--,390ft²,"@$16,931",Land Registry
25/10/2024,Villa Lucca・Tower 3,,$43.82M,--,"2,344ft²","@$18,695",Land Registry
25/10/2024,King's Hill・22/F・Flat D,,$7.38M,,332ft²,"@$22,229",Land Registry
25/10/2024,The Yoho Hub・Phase C The Yoho Hub II・Tower 6・27/F・Flat F,,$10.73M,--,749ft²,"@$14,330",Land Registry
25/10/2024,Mount Regency・Phase 1・Tower 1B・3/F・Flat A,,$7.64M,--,468ft²,"@$16,324",Land Registry
25/10/2024,Cullinan Sky・Phase 1・Tower 5・27/F・Flat B3,,$6.5M,--,296ft²,"@$21,945",Land Registry
25/10/2024,Cullinan Sky・Phase 1・Tower 5・26/F・Flat A6,,$7.38M,--,297ft²,"@$24,833",Land Registry
25/10/2024,Fook On Building (Fuk On House)・2/F・Flat A,,$1.88M,,306ft²,"@$6,144",Land Registry
25/10/2024,Tuen Mun Town Plaza・Phase 2・Block 2・10/F・Flat A,,$3.5M,,318ft²,"@$11,006",Land Registry
25/10/2024,Grand Del Sol・Block 15・8/F・Flat C,,$5.68M,,600ft²,"@$9,467",Land Registry
25/10/2024,Kwai Cheong Building・18/F・Flat D,,$2.99M,,291ft²,"@$10,275",Land Registry
25/10/2024,Wing Hing Building・10/F・Flat B,,$2.9M,--,248ft²,"@$11,694",Land Registry
25/10/2024,Wonderland Villas・Block 15・27/F・Flat B,,$7.8M,--,700ft²,"@$11,143",Land Registry
25/10/2024,I-Feng Mansions・Block C・14/F・Flat 7,,$2.3M,,242ft²,"@$9,504",Land Registry
25/10/2024,Metro Harbour View・Phase 1・Tower 4・47/F・Flat F,,$9.03M,,545ft²,"@$16,569",Land Registry
25/10/2024,Seven Victory Avenue・29/F・Flat A,,$7M,,389ft²,"@$17,995",Land Registry
25/10/2024,Yuen Fat Building・13/F・Flat B,,$4.1M,,540ft²,"@$7,593",Land Registry
25/10/2024,Park One・11/F・Flat B,,$5.5M,,365ft²,"@$15,068",Land Registry
25/10/2024,The Yoho Hub・Phase C The Yoho Hub II・Tower 6・49/F・Flat F,,$11.71M,--,747ft²,"@$15,671",Land Registry
25/10/2024,Hung Fai Building・20/F・Flat 5,,$3M,--,335ft²,"@$8,955",Land Registry
25/10/2024,111 Yu Chau Street・7/F・No. 111,,$3.8M,--,508ft²,"@$7,480",Land Registry
25/10/2024,Ching Tao Court・23/F・Flat 18,,$1.25M,--,--,--,Land Registry
25/10/2024,Ching Tao Court・38/F・Flat 6,,$1.27M,--,--,--,Land Registry
25/10/2024,Choi Hing Court・Block A (Choi Huen House)・11/F・Flat 7,,$4.05M,--,368ft²,"@$11,005",Land Registry
25/10/2024,Fung Shing Court・Fu Shing House (Block C)・28/F・Flat 21,,$2.5M,--,490ft²,"@$5,102",Land Registry
25/10/2024,Edition 178・11/F・Flat D,,$4M,,273ft²,"@$14,652",Land Registry
25/10/2024,Amoy Gardens・Phase 1・Block F・16/F・Flat 6,,$4.3M,,390ft²,"@$11,026",Land Registry
25/10/2024,Cullinan Sky・Phase 1・Tower 5・5/F・Flat B2,,$5.91M,--,299ft²,"@$19,772",Land Registry
25/10/2024,Century Link・Phase 2・Tower 2B・18/F・Flat 8,,$5.73M,,461ft²,"@$12,419",Land Registry
25/10/2024,Kornhill・Block C (Flat 9 - 16)・11/F・Flat 16,,$7.6M,,594ft²,"@$12,795",Land Registry
25/10/2024,Park Towers・Tower 1・36/F・Flat D,,$22M,,998ft²,"@$22,044",Land Registry
25/10/2024,Novo Land・Phase 3B・Fiskars Tower 1・3/F・Flat D,,$5.14M,--,434ft²,"@$11,851",Land Registry
25/10/2024,Cullinan Sky・Phase 1・Tower 5・29/F・Flat B3,,$6.52M,--,296ft²,"@$22,033",Land Registry
25/10/2024,Hung Luen Building・6/F・Flat B,,$2.3M,--,224ft²,"@$10,268",Land Registry
25/10/2024,The Visionary・Tower 8・20/F・Flat A,,$11M,,"1,033ft²","@$10,649",Land Registry
25/10/2024,Ching Tao Court・27/F・Flat 16,,$1.71M,--,--,--,Land Registry
25/10/2024,Lohas Park・Phase 4B Wings At Sea Il・Tower 5B・17/F・Flat C,,$6.25M,,491ft²,"@$12,729",Land Registry
25/10/2024,The Yoho Hub・Phase C The Yoho Hub II・Tower 6・3/F・Flat G,,$11.65M,--,858ft²,"@$13,574",Land Registry
25/10/2024,Novo Land・Phase 3B・Fiskars Tower 2A・26/F・Flat B,,$3.74M,--,292ft²,"@$12,800",Land Registry
25/10/2024,Novo Land・Phase 3B・Fiskars Tower 2A・11/F・Flat B,,$3.67M,--,292ft²,"@$12,575",Land Registry
25/10/2024,The Pavilia Forest・Phase 2 The Pavilia Forest II・Tower 3・15/F・Flat E,,$6.99M,--,383ft²,"@$18,253",Land Registry
25/10/2024,The Yoho Hub・Phase C The Yoho Hub II・Tower 6・32/F・Flat F,,$10.57M,--,747ft²,"@$14,150",Land Registry
25/10/2024,Cullinan West・Phase 3 Cullinan West Il・Tower 5B・9/F・Flat H,,$6.3M,,350ft²,"@$18,000",Land Registry
25/10/2024,The Yoho Hub・Phase C The Yoho Hub II・Tower 6・40/F・Flat B,,$8.58M,--,538ft²,"@$15,951",Land Registry
25/10/2024,The Yoho Hub・Phase C The Yoho Hub II・Tower 6・3/F・Flat D,,$6.78M,--,462ft²,"@$14,674",Land Registry
25/10/2024,The Yoho Hub・Phase C The Yoho Hub II・Tower 6・20/F・Flat A,,$7.2M,--,462ft²,"@$15,577",Land Registry
25/10/2024,One Jardine's Lookout・2/F・Flat B,,$12.91M,--,538ft²,"@$24,000",Land Registry
25/10/2024,One Jardine's Lookout・15/F・Flat F,,$4.85M,--,262ft²,"@$18,500",Land Registry
25/10/2024,Cullinan Sky・Phase 1・Tower 5・28/F・Flat B6,,$5.59M,--,236ft²,"@$23,669",Land Registry
25/10/2024,Cullinan Sky・Phase 1・Tower 5・29/F・Flat B6,,$5.62M,--,236ft²,"@$23,808",Land Registry
25/10/2024,One Jardine's Lookout・12/F・Flat F,,$5M,--,272ft²,"@$18,400",Land Registry
25/10/2024,Cullinan Sky・Phase 1・Tower 5・6/F・Flat A6,,$6.55M,--,297ft²,"@$22,065",Land Registry
25/10/2024,Novo Land・Phase 3B・Fiskars Tower 1・23/F・Flat L,,$6.54M,--,512ft²,"@$12,781",Land Registry
25/10/2024,Novo Land・Phase 3B・Fiskars Tower 2A・27/F・Flat B,,$3.74M,--,292ft²,"@$12,818",Land Registry
25/10/2024,Nerine Cove・Block 6・38/F・Flat H,,$5.4M,,524ft²,"@$10,305",Land Registry
25/10/2024,Manor Hill・Tower 1・29/F・Flat A1,,$5.4M,--,288ft²,"@$18,747",Land Registry
25/10/2024,The Yoho Hub・Phase C The Yoho Hub II・Tower 6・39/F・Flat D,,$7.22M,--,462ft²,"@$15,620",Land Registry
25/10/2024,The Yoho Hub・Phase C The Yoho Hub II・Tower 6・33/F・Flat J,,$9.27M,--,638ft²,"@$14,533",Land Registry
25/10/2024,The Yoho Hub・Phase C The Yoho Hub II・Tower 6・20/F・Flat G,,$12.06M,--,858ft²,"@$14,062",Land Registry
25/10/2024,Discovery Park・Phase 2・Block 8・39/F・Flat E,,$7.9M,,645ft²,"@$12,248",Land Registry
25/10/2024,Ocean Shores・Phase 1・Tower 2・47/F・Flat C,,$7.25M,,505ft²,"@$14,356",Land Registry
25/10/2024,Century Gateway・Phase 2・Tower 6・33/F・Flat E,,$6.23M,,474ft²,"@$13,143",Land Registry
25/10/2024,Kt Marina・Phase 1・Tower 2B・5/F・Flat F,,$4.98M,--,307ft²,"@$16,225",Land Registry
25/10/2024,Metro Town・Phase 1・Tower 5・51/F・Flat G,,$6M,,476ft²,"@$12,605",Land Registry
25/10/2024,Cullinan Sky・Phase 1・Tower 5・15/F・Flat A8,,$10.77M,--,509ft²,"@$21,168",Land Registry
25/10/2024,Cullinan Sky・Phase 1・Tower 5・16/F・Flat A8,,$10.8M,--,509ft²,"@$21,210",Land Registry
25/10/2024,Convention Plaza Apartments・21/F・Flat 13,,$7M,--,417ft²,"@$16,787",Land Registry
25/10/2024,Sea Crest Villa・Phase 1・Block 1・11/F・Flat D,,$3.93M,,471ft²,"@$8,344",Land Registry
25/10/2024,City Point・Block 7・43/F・Flat B,,$6.88M,,497ft²,"@$13,843",Land Registry
25/10/2024,Lohas Park・Phase 12B Park Seasons・Tower 2 (2A)・39/F・Flat G,,$4.9M,--,325ft²,"@$15,083",Land Registry
25/10/2024,Onmantin・Phase 2B・Tower 6 (6A)・18/F・Flat E,,$7.24M,--,388ft²,"@$18,652",Land Registry
25/10/2024,The Pavilia Forest・Phase 1 The Pavilia Forest I・Tower 6・5/F・Flat E,,$8.2M,--,380ft²,"@$21,576",Land Registry
25/10/2024,Lohas Park・Phase 12B Park Seasons・Tower 2 (2B)・29/F・Flat C,,$6.67M,--,451ft²,"@$14,798",Land Registry
25/10/2024,Lohas Park・Phase 12B Park Seasons・Tower 2 (2A)・55/F・Flat E,,$4.91M,--,322ft²,"@$15,245",Land Registry
25/10/2024,City Point・Carpark・G/F・No.R32,,$1.67M,--,--,--,Land Registry
25/10/2024,Dragon View・Carpark・2/F・No.21,,$1.3M,--,--,--,Land Registry
25/10/2024,Discovery Bay・Phase 3-Parkvale Village・Crystal Court・18/F・Flat F,,$5.7M,--,689ft²,"@$8,273",Land Registry
25/10/2024,Discovery Bay・Phase 5-Greenvale Village・Greenery Court (Block 1)・5/F・Flat F,,$4.8M,,693ft²,"@$6,926",Land Registry
25/10/2024,Discovery Bay・Phase 5-Greenvale Village・Greenwood Court (Block 7)・1/F・Flat A,,$4.08M,,649ft²,"@$6,287",Land Registry
25/10/2024,Discovery Bay・Phase 13 Chianti・The Barion (Block 2)・23/F・Flat A,,$8.5M,,915ft²,"@$9,290",Land Registry
25/10/2024,Discovery Bay・Phase 3-Hillgrove Village・Elegance Court・1/F・Flat F,,$5.5M,,776ft²,"@$7,088",Land Registry
25/10/2024,After The Rain・15/F・Flat F,,$6.23M,--,475ft²,"@$13,123",Land Registry
25/10/2024,Taikoo Shing・Kao Shan Terrace・(T-13) Wah Shan Mansion・8/F・Flat A,,$9.04M,,689ft²,"@$13,120",Land Registry
25/10/2024,The Merton・Tower 2・18/F・Flat B,,$9.08M,,488ft²,"@$18,607",Land Registry
25/10/2024,Metro Town・Phase 1・Tower 3・50/F・Flat A,,$6.2M,,492ft²,"@$12,602",Land Registry
25/10/2024,Metro Town・Phase 1・Tower 3・53/F・Flat H,,$12.28M,,888ft²,"@$13,829",Land Registry
25/10/2024,Wing On Building・4/F・Flat A,,$9.29M,--,489ft²,"@$19,000",Land Registry
25/10/2024,Wing On Building・4/F・Flat B,,$8.84M,--,465ft²,"@$19,000",Land Registry
25/10/2024,Wing On Building・3/F・Flat A,,$9.29M,--,489ft²,"@$19,000",Land Registry
25/10/2024,16 Gough Street・5/F・No. 16,,$6.9M,--,351ft²,"@$19,658",Land Registry
25/10/2024,32 Staunton Street・1/F・No. 32,,$8.95M,,512ft²,"@$17,480",Land Registry
25/10/2024,Wing On Building・2/F・Flat A,,$9.29M,,489ft²,"@$19,000",Land Registry
25/10/2024,Tai Kok Tsui Building・1/F・Flat P,,$3.13M,--,539ft²,"@$5,807",Land Registry
25/10/2024,Peaceful Mansion・17/F・Flat C,,$5.75M,,381ft²,"@$15,092",Land Registry
25/10/2024,The Yoho Hub・Phase C The Yoho Hub II・Tower 6・40/F・Flat G,,$12.47M,--,856ft²,"@$14,571",Land Registry
25/10/2024,Century Link・Phase 2・Tower 1B・20/F・Flat 11,,$4.78M,,381ft²,"@$12,546",Land Registry
25/10/2024,Cullinan Sky・Phase 1・Tower 5・6/F・Flat B5,,$5.14M,--,240ft²,"@$21,408",Land Registry
25/10/2024,Lux Theatre Building・Block A・9/F・Flat 2,,$3.95M,--,521ft²,"@$7,582",Land Registry
25/10/2024,The Visionary・Tower 10・9/F・Flat C,,$5.48M,,445ft²,"@$12,315",Land Registry
25/10/2024,Riviera Gardens・Hoi Fai Mansion (Block 18)・6/F・Flat D,,$4.31M,,450ft²,"@$9,578",Land Registry
25/10/2024,Elegance House・Block A・9-10/F・Flat 4,,$9M,,"1,163ft²","@$7,739",Land Registry
25/10/2024,Ocean Shores・Phase 2・Tower 7・8/F・Flat D,,$7.2M,,498ft²,"@$14,458",Land Registry
25/10/2024,The Yoho Hub・Phase C The Yoho Hub II・Tower 6・20/F・Flat F,,$10.25M,--,749ft²,"@$13,691",Land Registry
25/10/2024,Cullinan Harbour・Phase 1・Tower 3・15/F・Flat B,,$35.29M,--,"1,089ft²","@$32,405",Land Registry
25/10/2024,Double Cove・Phase 3 Double Cove Starview Prime・Block 16・8/F・Flat B,,$8M,,546ft²,"@$14,652",Land Registry
25/10/2024,The Aperture・7/F・Flat D,,$9.26M,--,498ft²,"@$18,600",Land Registry
25/10/2024,Yoho Town・Phase 1・Block 3・29/F・Flat H,,$4.8M,,433ft²,"@$11,085",Land Registry
25/10/2024,Waldorf Garden・Block 1・20/F・Flat H,,$3.68M,,414ft²,"@$8,889",Land Registry
25/10/2024,Larchwood・6/F・Flat D,,$3.89M,--,203ft²,"@$19,153",Land Registry
25/10/2024,The Pavilia Forest・Phase 2 The Pavilia Forest II・Tower 3・8/F・Flat P,,$6.43M,--,383ft²,"@$16,789",Land Registry
25/10/2024,Cullinan Sky・Phase 1・Tower 5・21/F・Flat B8,,$9.29M,--,460ft²,"@$20,203",Land Registry
25/10/2024,Novo Land・Phase 3B・Fiskars Tower 2A・10/F・Flat B,,$3.67M,--,292ft²,"@$12,554",Land Registry
25/10/2024,Novo Land・Phase 3B・Fiskars Tower 2A・21/F・Flat B,,$3.72M,--,292ft²,"@$12,723",Land Registry
25/10/2024,The Pavilia Forest・Phase 2 The Pavilia Forest II・Tower 3・7/F・Flat E,,$6.33M,--,383ft²,"@$16,527",Land Registry
25/10/2024,The Sherwood・Carpark・G/F・No.R150,,"$830,000",--,--,--,Land Registry
25/10/2024,Ho Ming Court・2/F・Flat 10,,$3.68M,--,443ft²,"@$8,307",Land Registry
25/10/2024,Sereno Verde・Phase 5 Reach Summit・Tower 1・3/F・Flat A,,$4.04M,,378ft²,"@$10,683",Land Registry
25/10/2024,Serenity Park・Phase 1・Block 7・12/F・Flat C,,$3.65M,,355ft²,"@$10,282",Land Registry
25/10/2024,Ocean Pride・Phase 3A Ocean Supreme・Tower 3B・11/F・Flat B,,$8.08M,,527ft²,"@$15,332",Land Registry
25/10/2024,The Pavilia Forest・Phase 2 The Pavilia Forest II・Tower 3・11/F・Flat E,,$6.72M,--,383ft²,"@$17,540",Land Registry
25/10/2024,Park Yoho・Phase 2B Park Yoho Napoli・Tower 25A・11/F・Flat C,,$6.45M,,634ft²,"@$10,174",Land Registry
25/10/2024,Douvres Building・6/F・Flat A,,$2.88M,,221ft²,"@$13,032",Land Registry
25/10/2024,The Riverpark・Tower 1・16/F・Flat D,,$11.5M,,720ft²,"@$15,972",Land Registry
25/10/2024,Eltanin‧Square Mile・Tower 2・17/F・Flat J,,$4.4M,,249ft²,"@$17,671",Land Registry
25/10/2024,Park Yoho・Phase 2A Park Yoho Genova・Tower 18A・5/F・Flat B,,$4.95M,,493ft²,"@$10,041",Land Registry
25/10/2024,Lower Wong Tai Sin (1) Estate・Lung Tat House (Block 1)・30/F・Flat 15,,$2.8M,--,443ft²,"@$6,321",Land Registry
25/10/2024,Ching Tao Court・39/F・Flat 2,,$1.27M,--,--,--,Land Registry
25/10/2024,Tsui Ping (North) Estate・Tsui To House・11/F・Flat 2,,"$436,600",--,--,--,Land Registry
25/10/2024,The Yoho Hub・Phase C The Yoho Hub II・Tower 6・23/F・Flat B,,$8.5M,--,538ft²,"@$15,792",Land Registry
25/10/2024,Po Lam Estate・Po Chi House (Block 5)・21/F・Flat 19,,$1.8M,--,381ft²,"@$4,724",Land Registry
25/10/2024,Kingswood Villas・Phase 1 Locwood Court・Block 13・1/F・Flat C,,$4.08M,,551ft²,"@$7,405",Land Registry
25/10/2024,Belgravia Place・Phase 1・Tower 1A・18/F・Flat 20,,$5.49M,--,--,--,Land Registry
25/10/2024,The Sparkle・Block 1・30/F・Flat F,,$11.28M,,776ft²,"@$14,536",Land Registry
25/10/2024,Ocean Shores・Phase 1・Tower 1・18/F・Flat C,,$7.08M,,504ft²,"@$14,048",Land Registry
25/10/2024,Lok Nga Court・Nga Ping House (Block F)・24/F・Flat 3,,$3.55M,--,431ft²,"@$8,237",Land Registry
25/10/2024,Royal Ascot・Phase 1・Block 7・16/F・Flat E,,$16.63M,,"1,373ft²","@$12,112",Land Registry
25/10/2024,Belvedere Garden・Phase 2・Block 5・41/F・Flat G,,$5.05M,,572ft²,"@$8,829",Land Registry
25/10/2024,Grand Waterfront・Tower 2・61/F・Flat F,,$11.86M,,805ft²,"@$14,733",Land Registry
25/10/2024,The Yoho Hub・Phase C The Yoho Hub II・Tower 6・23/F・Flat J,,$9.33M,--,639ft²,"@$14,608",Land Registry
25/10/2024,City One Shatin・Site 5・Block 49・20/F・Flat A,,$3.55M,,284ft²,"@$12,500",Land Registry
25/10/2024,Luen Tak Apartments・12/F・Flat 1,,$4.48M,,460ft²,"@$9,739",Land Registry
25/10/2024,Manhattan Hill・Tower 6・55/F・Flat A,,$18M,,906ft²,"@$19,868",Land Registry
25/10/2024,One Kai Tak・Il・Tower 5・30/F・Flat E,,$11M,,563ft²,"@$19,538",Land Registry
25/10/2024,The Yoho Hub・Phase C The Yoho Hub II・Tower 6・21/F・Flat G,,$12.31M,--,858ft²,"@$14,344",Land Registry
25/10/2024,The Pavilia Forest・Phase 2 The Pavilia Forest II・Tower 3・10/F・Flat B,,$6.92M,--,383ft²,"@$18,063",Land Registry
25/10/2024,Kwong Lam Court・Fook Lam House (Block C)・19/F・Flat 7,,$3.8M,--,543ft²,"@$6,998",Land Registry
25/10/2024,Majestic Park・Block 2・12/F・Flat E,,$7.18M,,510ft²,"@$14,078",Land Registry
25/10/2024,Grand Waterfront・Tower 6・17/F・Flat E,,$8.8M,,616ft²,"@$14,286",Land Registry
25/10/2024,The Aperture・6/F・Flat D,,$9.21M,--,498ft²,"@$18,500",Land Registry
25/10/2024,The Aperture・5/F・Flat K,,$7.27M,--,441ft²,"@$16,481",Land Registry
25/10/2024,Kt Marina・Phase 1・Tower 2B・16/F・Flat B,,$8.75M,--,474ft²,"@$18,466",Land Registry
25/10/2024,Lohas Park・Phase 12B Park Seasons・Tower 2 (2A)・30/F・Flat G,,$4.82M,--,325ft²,"@$14,822",Land Registry
25/10/2024,Lohas Park・Phase 12B Park Seasons・Tower 2 (2A)・60/F・Flat C,,$6.81M,--,453ft²,"@$15,033",Land Registry
25/10/2024,Lohas Park・Phase 12B Park Seasons・Tower 2 (2B)・12/F・Flat A,,$7.95M,--,537ft²,"@$14,804",Land Registry
25/10/2024,Lohas Park・Phase 12B Park Seasons・Tower 2 (2B)・12/F・Flat B,,$4.65M,--,314ft²,"@$14,818",Land Registry
25/10/2024,Onmantin・Phase 2B・Tower 6 (6A)・6/F・Flat C,,$10.42M,--,497ft²,"@$20,960",Land Registry
25/10/2024,The Yoho Hub・Phase C The Yoho Hub II・Tower 6・3/F・Flat F,,$9.75M,--,749ft²,"@$13,020",Land Registry
25/10/2024,The Yoho Hub・Phase C The Yoho Hub II・Tower 6・33/F・Flat D,,$7.09M,--,462ft²,"@$15,354",Land Registry
25/10/2024,Ocean Shores・Phase 3・Carpark・LG3・No.282,,$1.3M,--,--,--,Land Registry
25/10/2024,Cullinan Sky・Phase 1・Tower 5・26/F・Flat A3,,$7.38M,--,299ft²,"@$24,673",Land Registry
25/10/2024,Cullinan Sky・Phase 1・Tower 5・26/F・Flat A2,,$7.35M,--,295ft²,"@$24,901",Land Registry
25/10/2024,Cullinan Sky・Phase 1・Tower 5・11/F・Flat A8,,$10.72M,--,509ft²,"@$21,062",Land Registry
25/10/2024,Cullinan Sky・Phase 1・Tower 3・28/F・Flat A1,,$12.77M,--,559ft²,"@$22,851",Land Registry
25/10/2024,Wah Koon Building・19/F・Flat B,,$3.1M,,245ft²,"@$12,653",Land Registry
25/10/2024,Stars By The Harbour・Tower 5・6/F・Flat C,,$13.18M,,731ft²,"@$18,030",Land Registry
25/10/2024,Topside Residences・Tower A1・28/F・Flat G,,$8.37M,--,385ft²,"@$21,732",Land Registry
25/10/2024,Hollywood Hill・7/F・Flat A,,$7.05M,--,--,--,Land Registry
25/10/2024,The Pavilia Forest・Phase 2 The Pavilia Forest II・Tower 3・2/F・Flat F,,$4.25M,--,262ft²,"@$16,210",Land Registry
25/10/2024,Yung Ming Court・Block B (Chak Ming House)・13/F・Flat 37,,$4.25M,--,378ft²,"@$11,243",Land Registry
25/10/2024,Wah Kwai Estate・Wah Lai House (Block 1)・30/F・Flat 9,,$2.98M,--,407ft²,"@$7,322",Land Registry
25/10/2024,Manor Hill・Tower 2・37/F・Flat C8,,$5.48M,--,284ft²,"@$19,289",Land Registry
25/10/2024,The Haddon・20/F・Flat E,,$5.43M,--,276ft²,"@$19,670",Land Registry
25/10/2024,Discovery Bay・Phase 4-Peninsula Vl Caperidge・11 Caperidge Drive,,$8.35M,--,"1,158ft²","@$7,211",Land Registry
25/10/2024,The Pavilia Forest・Phase 2 The Pavilia Forest II・Tower 3・3/F・Flat F,,$4.34M,--,262ft²,"@$16,573",Land Registry
25/10/2024,Connaught Garden・Block 3・29/F・Flat G,,$5.7M,,334ft²,"@$17,066",Land Registry
25/10/2024,Discovery Bay・Phase 3-Headland Vil.Seabee Lane・211 Seabee Lane,,$26.2M,,"2,403ft²","@$10,903",Land Registry
25/10/2024,The Yoho Hub・Phase C The Yoho Hub II・Tower 6・32/F・Flat B,,$8.36M,--,538ft²,"@$15,541",Land Registry
25/10/2024,The Aperture・7/F・Flat K,,$7.53M,--,441ft²,"@$17,070",Land Registry
25/10/2024,Richmond Court・11/F・Flat C,,$4.08M,,344ft²,"@$11,860",Land Registry
25/10/2024,City One Shatin・Site 4・Block 44・11/F・Flat F,,$3.66M,,284ft²,"@$12,887",Land Registry
25/10/2024,Chuen Fai Centre・Block B・10/F・Flat 1,,$2.9M,,295ft²,"@$9,831",Land Registry
25/10/2024,Celeste Court・19/F・Flat A,,$18.7M,,946ft²,"@$19,767",Land Registry
25/10/2024,Celeste Court・Carpark・CP1・No.10,,"$500,000",--,--,--,Land Registry
25/10/2024,Grandeur Garden・Block 5・5/F・Flat G,,$4.5M,,328ft²,"@$13,720",Land Registry
25/10/2024,69 Kai Tak Road・7/F・No. 69,,$2.68M,--,517ft²,"@$5,184",Land Registry
25/10/2024,Ching Tao Court・12/F・Flat 1,,$1.2M,--,--,--,Land Registry
25/10/2024,Nan Fung Sun Chuen・Block 5・22/F・Flat E,,$5.5M,--,516ft²,"@$10,659",Land Registry
25/10/2024,Grand Waterfront・Tower 3・55/F・Flat A,,$5.7M,,367ft²,"@$15,531",Land Registry
25/10/2024,Two．Artlane・27/F・Flat A,,$10.5M,,381ft²,"@$27,559",Land Registry
25/10/2024,Cullinan Sky・Phase 1・Tower 5・11/F・Flat B3,,$6.29M,--,296ft²,"@$21,233",Land Registry
25/10/2024,Cullinan Sky・Phase 1・Tower 6・8/F・Flat B3,,$6.2M,--,296ft²,"@$20,949",Land Registry
25/10/2024,Cullinan Sky・Phase 1・Tower 5・12/F・Flat B3,,$6.3M,--,296ft²,"@$21,297",Land Registry
25/10/2024,Grandeur Gardens・Carpark・G/F・No.44,,"$900,000",--,--,--,Land Registry
25/10/2024,Floral Tower・17/F・Flat B,,$6M,,344ft²,"@$17,442",Land Registry
25/10/2024,Belvedere Garden・Phase 2・Block 9・36/F・Flat G,,$5.58M,,572ft²,"@$9,755",Land Registry
25/10/2024,The Parkside・Carpark・B/M・No.P096,,$1.46M,--,--,--,Land Registry
25/10/2024,Wetland Seasons Park・Phase 2・Villa 2,,$6.7M,,677ft²,"@$9,897",Land Registry
25/10/2024,Manor Hill・Tower 1・31/F・Flat B1,,$5.37M,--,288ft²,"@$18,628",Land Registry
25/10/2024,Manor Hill・Tower 2・28/F・Flat C9,,$5.37M,--,283ft²,"@$18,982",Land Registry
25/10/2024,Mori・Tower 5・7/F・Flat J,,$3.42M,--,291ft²,"@$11,739",Land Registry
25/10/2024,Manor Hill・Tower 2・30/F・Flat D5,,$5.34M,--,283ft²,"@$18,855",Land Registry
25/10/2024,The Pavilia Forest・Phase 3 The Pavilia Forest III・Tower 1・26/F・Flat D,,$5.11M,--,263ft²,"@$19,418",Land Registry
25/10/2024,Festival City・Phase 3・Tower 2・17/F・Flat Nd,,$12.66M,,757ft²,"@$16,724",Land Registry
25/10/2024,Cullinan Sky・Phase 1・Tower 5・28/F・Flat A5,,$7.4M,--,299ft²,"@$24,743",Land Registry
25/10/2024,Lohas Park・Phase 1 The Capitol・Carpark・2/F・No.2-157,,$1.79M,--,--,--,Land Registry
25/10/2024,Lohas Park・Phase 2A Le Prestige・Carpark・3/F・No.854,,$1.85M,--,--,--,Land Registry
25/10/2024,Park Central・Phase 1・Tower 5・52/F・Flat D,,$6.38M,,465ft²,"@$13,720",Land Registry
25/10/2024,Hilton Plaza・Block C・18/F・Flat 8,,$5.6M,--,475ft²,"@$11,789",Land Registry
25/10/2024,One Kai Tak・Il・Tower 3・23/F・Flat K,,$10.28M,,561ft²,"@$18,324",Land Registry
25/10/2024,Coo Residence・12/F・Flat H,,$4.3M,,332ft²,"@$12,952",Land Registry
25/10/2024,Man Fung Building・16/F・Flat E,,$2.8M,,258ft²,"@$10,853",Land Registry
25/10/2024,The Richmond・6/F・Flat C,,$4.28M,,--,--,Land Registry
25/10/2024,Ocean Shores・Phase 2・Tower 10・53/F・Flat C,,$9.05M,,660ft²,"@$13,712",Land Registry
25/10/2024,Kam Tai Court・Kam Hing House (Block C)・38/F・Flat 8,,$5.83M,--,650ft²,"@$8,969",Land Registry
25/10/2024,Lohas Park・Phase 2A Le Prestige・Carpark・1/F・No.113,,$1.63M,--,--,--,Land Registry
25/10/2024,327-329 Reclamation Street・1/F・No. 327,,$2.8M,--,463ft²,"@$6,048",Land Registry
25/10/2024,Laguna Verde・Phase 2 Villa Verde・Tower 6・6/F・Flat H,,$12.06M,,868ft²,"@$13,894",Land Registry
25/10/2024,Jubilant Place・Tower 5・3/F・Flat F,,$8.44M,--,781ft²,"@$10,807",Land Registry
25/10/2024,2-8 Fuk Lo Tsun Road・2/F・Flat C (No.4 Front),,$4.5M,--,544ft²,"@$8,272",Land Registry
25/10/2024,Cullinan Sky・Phase 1・Tower 5・6/F・Flat A8,,$10.08M,--,509ft²,"@$19,813",Land Registry
25/10/2024,Cullinan Sky・Phase 1・Tower 5・26/F・Flat A8,,$11.06M,--,509ft²,"@$21,725",Land Registry
25/10/2024,Cullinan Sky・Phase 1・Tower 5・17/F・Flat A8,,$10.82M,--,509ft²,"@$21,253",Land Registry
25/10/2024,"Fairview Park・Section K, 3Rd Street・No. 24 (S.K Ss.209)",,$9.14M,,848ft²,"@$10,776",Land Registry
25/10/2024,Manor Hill・Tower 1・29/F・Flat B1,,$5.35M,--,288ft²,"@$18,590",Land Registry
25/10/2024,The Met. Bliss・Tower 2・3/F・Flat A03,,$3.85M,,337ft²,"@$11,424",Land Registry
25/10/2024,Hoi Hong Building・Tower II・14/F・Flat D,,$4.8M,--,428ft²,"@$11,215",Land Registry
25/10/2024,Well On Garden・Block 3・31/F・Flat G,,$5.48M,,502ft²,"@$10,916",Land Registry
25/10/2024,Oceanaire・Tower 5B・21/F・Flat A,,$8.98M,,821ft²,"@$10,938",Land Registry
25/10/2024,Amoy Gardens・Phase 1・Block D・24/F・Flat 7,,$4.25M,,375ft²,"@$11,333",Land Registry
25/10/2024,Royal Ascot・Phase 2・Block 9・13/F・Flat G,,$10.5M,,974ft²,"@$10,780",Land Registry
25/10/2024,Whampoa Garden・Phase 11 Bauhinia Mansions・Block 3・5/F・Flat B,,$6.95M,,639ft²,"@$10,876",Land Registry
25/10/2024,Swiss Towers・Block 4 (Gh)・8/F・Flat H,,$20.28M,,"1,265ft²","@$16,032",Land Registry
25/10/2024,Tierra Verde・Phase 2・Block 9・27/F・Flat F,,$7.18M,,523ft²,"@$13,728",Land Registry
25/10/2024,Tierra Verde・Phase 2・Block 9・27/F・Flat H,,$7M,,513ft²,"@$13,645",Land Registry
25/10/2024,Lai Yan Court・Lai Lam House (Block C)・21/F・Flat 13,,$4.5M,--,535ft²,"@$8,411",Land Registry
25/10/2024,Moonway Mansion・10/F・Flat C,,$5.8M,,575ft²,"@$10,087",Land Registry
25/10/2024,234 Yu Chau Street・4/F・No. 234,,$2.95M,--,633ft²,"@$4,660",Land Registry
25/10/2024,Cheong Wing Mansion・9/F・Flat B,,$2.91M,--,372ft²,"@$7,823",Land Registry
25/10/2024,Cullinan West・Carpark・BM2・No.8809,,$3M,--,--,--,Land Registry
25/10/2024,Island Resort・Tower 8・45/F・Flat A,,$10.68M,,728ft²,"@$14,670",Land Registry
25/10/2024,Island Resort・Tower 6・60/F・Flat G,,$7.23M,,492ft²,"@$14,695",Land Registry
25/10/2024,Tsuen Lok Building・17/F・Flat B,,$3.35M,,406ft²,"@$8,251",Land Registry
25/10/2024,Luk Yeung Sun Chuen・Block L・23/F・Flat 5,,$6.27M,,582ft²,"@$10,773",Land Registry
25/10/2024,Kwai Chung Plaza・Carpark・B/M・No.L25,,$1.8M,--,--,--,Land Registry
25/10/2024,Wo Ming Court・Wo Fai House (Block B)・11/F・Flat 15,,$3.5M,--,433ft²,"@$8,083",Land Registry
25/10/2024,Cullinan Sky・Phase 1・Tower 5・10/F・Flat A8,,$10.69M,--,509ft²,"@$20,999",Land Registry
25/10/2024,Yuccie Square・Tower 2・20/F・Flat H,,$5M,,--,--,Land Registry
25/10/2024,Kornhill・Block Q (Flat 9 - 16)・15/F・Flat 13,,$7.38M,,616ft²,"@$11,981",Land Registry
25/10/2024,One Homantin・Tower 7・3/F・Flat E,,$11.6M,,730ft²,"@$15,890",Land Registry
25/10/2024,Tsuen King Garden・Phase 2・Block 12・4/F・Flat H,,$5.1M,,551ft²,"@$9,256",Land Registry
25/10/2024,La Cite Noble・Block 1・31/F・Flat C,,$4.65M,,377ft²,"@$12,334",Land Registry
25/10/2024,Oscar By The Sea・Phase 2・Block 6・30/F・Flat C,,$5.95M,,523ft²,"@$11,377",Land Registry
25/10/2024,Manor Hill・Tower 1・30/F・Flat A1,,$5.4M,--,288ft²,"@$18,757",Land Registry
25/10/2024,New Jade Garden・Block 3・30/F・Flat F,,$5.95M,,531ft²,"@$11,205",Land Registry
25/10/2024,Tai Hong Building・Block B・7/F・Flat B5,,$2.88M,,340ft²,"@$8,471",Land Registry
25/10/2024,Ching Tao Court・33/F・Flat 12,,$1.38M,--,--,--,Land Registry
25/10/2024,Ching Tao Court・27/F・Flat 12,,$1.36M,--,--,--,Land Registry
25/10/2024,Lok Hin Terrace・Block 3・31/F・Flat E,,$3M,--,426ft²,"@$7,042",Land Registry
25/10/2024,Kwong Lam Court・Mau Lam House (Block B)・4/F・Flat 8,,$3M,--,376ft²,"@$7,979",Land Registry
25/10/2024,Sunshine City・Phase 4・Block M・24/F・Flat 7,,$4.7M,,338ft²,"@$13,905",Land Registry
25/10/2024,Castello・Block 6・28/F・Flat G,,$8.88M,,873ft²,"@$10,172",Land Registry
25/10/2024,Fu Fai Garden・Block 1・20/F・Flat A,,$4.1M,--,431ft²,"@$9,513",Land Registry
25/10/2024,Lok Hin Terrace・Block 2・14/F・Flat D,,$4.19M,--,564ft²,"@$7,429",Land Registry
25/10/2024,Charming Garden・Block 5・19/F・Flat E,,$4.3M,--,431ft²,"@$9,977",Land Registry
25/10/2024,Amoy Gardens・Phase 3・Block O・11/F・Flat 3,,$3.8M,,322ft²,"@$11,801",Land Registry
25/10/2024,The Yoho Hub・Phase C The Yoho Hub II・Tower 6・37/F・Flat A,,$7.64M,--,462ft²,"@$16,547",Land Registry
25/10/2024,One Jardine's Lookout・15/F・Flat A,,$3.81M,--,180ft²,"@$21,180",Land Registry
25/10/2024,Tai Cheong Mansion・3/F・Flat D,,$1.8M,,220ft²,"@$8,182",Land Registry
25/10/2024,Cullinan Sky・Phase 1・Tower 5・7/F・Flat A5,,$6.83M,--,299ft²,"@$22,837",Land Registry
25/10/2024,Grand Victoria・Phase 3・Tower 2・28/F・Flat A,,$14.53M,--,584ft²,"@$24,885",Land Registry
25/10/2024,Onmantin・Phase 2B・Tower 5 (5A)・15/F・Flat A,,$19.06M,--,783ft²,"@$24,340",Land Registry
25/10/2024,Ellery Terrace・17/F・Flat A,,$10.28M,,949ft²,"@$10,832",Land Registry
25/10/2024,Metro Harbour View・Phase 1・Tower 4・14/F・Flat H,,$4.8M,,321ft²,"@$14,953",Land Registry
25/10/2024,The Grandeur・Block 2・5/F・Flat B,,$42M,,"2,102ft²","@$19,981",Land Registry
25/10/2024,Cullinan West・Phase 2A・Tower 1A・16/F・Flat C,,$25M,--,"1,368ft²","@$18,275",Land Registry
25/10/2024,Gateway．Square Mile・12/F・Flat F,,$5.17M,--,273ft²,"@$18,936",Land Registry
25/10/2024,Ching Lai Court・Lai Kin House (Block C)・12/F・Flat 3,,$3.9M,--,411ft²,"@$9,489",Land Registry
25/10/2024,Apollo Building・10/F・Flat I,,$3.05M,,320ft²,"@$9,531",Land Registry
25/10/2024,Tung Chung Crescent・Phase 2・Block 8・45/F・Flat B,,$8.8M,,821ft²,"@$10,719",Land Registry
25/10/2024,Lions Rise・Carpark・1/F・No.P7,,$1.95M,--,--,--,Land Registry
25/10/2024,Ching Tao Court・33/F・Flat 18,,$1.28M,--,--,--,Land Registry
25/10/2024,Novo Land・Phase 3B・Fiskars Tower 1・3/F・Flat J,,$5.72M,--,472ft²,"@$12,128",Land Registry
25/10/2024,On Ning Garden・Carpark・G/F・No.56,,$1M,--,--,--,Land Registry
25/10/2024,Tsuen King Garden・Phase 1・Block 4・13/F・Flat B,,$4.75M,,522ft²,"@$9,100",Land Registry
25/10/2024,City Garden・Phase 2・Block 14・27/F・Flat E,,$7.8M,,568ft²,"@$13,732",Land Registry
25/10/2024,Sceneway Garden・Block 6・6/F・Flat A,,$6.1M,,537ft²,"@$11,359",Land Registry
25/10/2024,Siu Hin Court・Yat Sang House (Block B)・9/F・Flat 12,,$3.48M,--,544ft²,"@$6,397",Land Registry
25/10/2024,Uptown East・Tower 2B・16/F・Flat G,,$4.4M,--,287ft²,"@$15,324",Land Registry
25/10/2024,Cullinan Sky・Phase 1・Tower 5・7/F・Flat B5,,$5.21M,--,240ft²,"@$21,696",Land Registry
25/10/2024,Cullinan Sky・Phase 1・Tower 6・11/F・Flat B3,,$6.29M,--,296ft²,"@$21,233",Land Registry
25/10/2024,Mount Regency・Phase 2・Tower 2B・26/F・Flat H,,$3.4M,,--,--,Land Registry
25/10/2024,Tin Fu Court・Hing Fu House (Block G)・17/F・Flat 2,,$4.2M,--,650ft²,"@$6,462",Land Registry
25/10/2024,The Yoho Hub・Phase C The Yoho Hub II・Tower 6・21/F・Flat F,,$10.18M,--,749ft²,"@$13,597",Land Registry
25/10/2024,The Yoho Hub・Phase C The Yoho Hub II・Tower 6・25/F・Flat H,,$12.71M,--,905ft²,"@$14,044",Land Registry
25/10/2024,The Yoho Hub・Phase C The Yoho Hub II・Tower 6・37/F・Flat J,,$9.67M,--,638ft²,"@$15,153",Land Registry
25/10/2024,The Yoho Hub・Phase C The Yoho Hub II・Tower 6・38/F・Flat K,,$7.82M,--,490ft²,"@$15,952",Land Registry
25/10/2024,Novo Land・Phase 3B・Fiskars Tower 1・16/F・Flat H,,$5.04M,--,417ft²,"@$12,081",Land Registry
25/10/2024,Wetland Seasons Bay・Phase 1・Villa Wv7,,$15.99M,--,"1,158ft²","@$13,807",Land Registry
25/10/2024,Yuccie Square・Tower 5・15/F・Flat G,,$5.62M,,428ft²,"@$13,131",Land Registry
25/10/2024,Grand Victoria・Phase 3・Tower 1 (1A)・25/F・Flat B,,$30.18M,--,929ft²,"@$32,487",Land Registry
25/10/2024,Grand Victoria・Phase 3・Tower 2・30/F・Flat A,,$14.61M,--,584ft²,"@$25,011",Land Registry
25/10/2024,Manor Hill・Tower 2・28/F・Flat C11,,$5.47M,--,291ft²,"@$18,808",Land Registry
25/10/2024,Vision City・Block 2・12/F・Flat C,,$13.5M,,829ft²,"@$16,285",Land Registry
25/10/2024,The Pavilia Forest・Phase 3 The Pavilia Forest III・Tower 1・6/F・Flat E,,$6.71M,--,383ft²,"@$17,507",Land Registry
25/10/2024,The Pavilia Forest・Phase 2 The Pavilia Forest II・Tower 3・5/F・Flat H,,$6.33M,--,385ft²,"@$16,444",Land Registry
25/10/2024,Tak Bo Garden・Block B・28/F・Flat B4,,$2.8M,,254ft²,"@$11,024",Land Registry
25/10/2024,Ocean Shores・Phase 1・Tower 2・33/F・Flat E,,$7.6M,,516ft²,"@$14,729",Land Registry
25/10/2024,Tak Bo Garden・Block H・11/F・Flat H4,,$2.75M,,253ft²,"@$10,870",Land Registry
25/10/2024,Lohas Park・Phase 9A Marini・Carpark・2/F・No.R122,,$2.28M,--,--,--,Land Registry
25/10/2024,East Point City・Block 7・8/F・Flat F,,$5.2M,,463ft²,"@$11,231",Land Registry
25/10/2024,The Yoho Hub・Phase C The Yoho Hub II・Tower 6・10/F・Flat K,,$7.48M,--,492ft²,"@$15,204",Land Registry
25/10/2024,Taikoo Shing・Kam Din Terrace・(T-24) Han Kung Mansion・15/F・Flat C,,$8.38M,,580ft²,"@$14,448",Land Registry
25/10/2024,Richland Gardens・Block 10・19/F・Flat G,,$3.8M,--,407ft²,"@$9,337",Land Registry
25/10/2024,Whampoa Building・Block C・9/F・Flat 9,,$3M,--,423ft²,"@$7,092",Land Registry
25/10/2024,Ching Wah Court・Wah Woon House (Block A)・7/F・Flat 12,,$2.19M,--,363ft²,"@$6,028",Land Registry
25/10/2024,Kwai Yin Court・Kwai Yee House (Block A)・6/F・Flat 5,,$3.7M,--,401ft²,"@$9,227",Land Registry
25/10/2024,Dao Shing Building・2/F・Flat G,,$3.67M,,415ft²,"@$8,839",Land Registry
25/10/2024,Shatin Centre・Hoi Ning Building (Block B)・4/F・Flat F,,$4.08M,,297ft²,"@$13,737",Land Registry
25/10/2024,The Apex・Carpark・B/M・No.P6,,$1.25M,--,--,--,Land Registry
25/10/2024,Novo Land・Phase 3B・Fiskars Tower 2A・33/F・Flat E,,$3.24M,--,253ft²,"@$12,804",Land Registry
24/10/2024,Double Cove・Phase 1・Block 5・Middle Floor・Flat C,,$6.6M,--,512ft²,"@$12,891",Centaline
24/10/2024,Sunshine City・Phase 4・Block J・Upper Floor・Flat 5,,$6.15M,--,519ft²,"@$11,850",Centaline
24/10/2024,Ontolo・Tower 2・Middle Floor・Flat A,,$23.5M,--,"1,367ft²","@$17,191",Centaline
24/10/2024,Fanling Town Center・Brilliant Court (Block 2)・Upper Floor・Flat E,,$3.92M,--,399ft²,"@$9,825",Centaline
24/10/2024,Providence Bay・Phase 1・Tower 21・Upper Floor・Flat D,,$9.5M,--,964ft²,"@$9,855",Centaline
24/10/2024,Yin Lai Court・Yin Kwong House (Block A)・Lower Floor・Flat 2,,$3.47M,--,--,--,Centaline
24/10/2024,The Beaumount・II・Tower 2・Middle Floor・Flat H,,$5.45M,--,512ft²,"@$10,645",Centaline
24/10/2024,Lei King Wan・Sites A・Block 1 Kwun Hoi Mansion・Middle Floor・Flat G,,$8.6M,--,583ft²,"@$14,751",Centaline
24/10/2024,The Pacifica・Phase 2・Tower 7・Upper Floor・Flat A,,$8.9M,--,554ft²,"@$16,065",Centaline
24/10/2024,Island Harbourview・Tower 10・Upper Floor・Flat B,,$13.88M,--,786ft²,"@$17,659",Centaline
24/10/2024,Yuk Ming Court・Hei Ming House (Block C)・Upper Floor・Flat 4,,$4.16M,--,541ft²,"@$7,689",Centaline
24/10/2024,Sun Kwai Hing Gardens・Block A・Upper Floor・Flat 6,,$6.3M,--,570ft²,"@$11,058",Centaline
24/10/2024,Lohas Park・Phase 2B Le Prime・Tower 6 - L Wing・Lower Floor・Flat D,,$9.05M,--,977ft²,"@$9,263",Centaline
24/10/2024,Hilton Plaza・Block B・Upper Floor・Flat 4,,$3.93M,--,283ft²,"@$13,887",Centaline
24/10/2024,Ocean View・Tower 3・Upper Floor・Flat B,,$10.3M,--,783ft²,"@$13,155",Centaline
24/10/2024,Flora Plaza・Block 2・Middle Floor・Flat F,,$4.2M,--,413ft²,"@$10,169",Centaline
24/10/2024,Jubilee Garden・Block 6・Lower Floor・Flat G,,$5.16M,--,510ft²,"@$10,118",Centaline
24/10/2024,Tsuen Fung Centre・Middle Floor・Flat F,,$4.25M,--,376ft²,"@$11,303",Centaline
24/10/2024,Tsuen King Garden・Phase 2・Block 11・Upper Floor・Flat G,,$4.15M,--,380ft²,"@$10,921",Centaline
24/10/2024,The Palazzo・Block 1・Middle Floor・Flat D,,$8.1M,--,561ft²,"@$14,439",Centaline
24/10/2024,Tai Hing Gardens・Phase 2・Tower 1・Upper Floor・Flat A,,$3.5M,--,419ft²,"@$8,353",Centaline
24/10/2024,Manhattan Heights・Lower Floor・Flat K,,$7.9M,--,434ft²,"@$18,203",Centaline
24/10/2024,Coastal Skyline・Phase 3 La Rossa・La Rossa A (Tower 7)・Upper Floor・Flat H,,$6.9M,--,569ft²,"@$12,127",Centaline
24/10/2024,Taikoo Shing・Kao Shan Terrace・(T-06) Tung Shan Mansion・Lower Floor・Flat B,,$10.28M,--,797ft²,"@$12,898",Centaline
24/10/2024,Glamour Garden・Middle Floor・Flat C,,$4.65M,--,365ft²,"@$12,740",Centaline
24/10/2024,Royal Ascot・Phase 2・Block 9・Upper Floor・Flat A,,$11.5M,--,"1,039ft²","@$11,068",Centaline
24/10/2024,Double Cove・Phase 1・Block 1・Lower Floor・Flat B,,$6.28M,--,491ft²,"@$12,790",Centaline
24/10/2024,Skyline Plaza・Lower Floor・Flat F,,$8.8M,--,643ft²,"@$13,686",Centaline
24/10/2024,Shatin Centre・Kwong Ning Building (Block H)・Middle Floor・Flat H,,$4.1M,--,292ft²,"@$14,041",Centaline
24/10/2024,The Spectra・Tower 2・Lower Floor・Flat B,,$3.36M,--,246ft²,"@$13,659",Centaline
24/10/2024,High West・Middle Floor・Flat C,,,--,306ft²,@$67,Centaline
24/10/2024,The Palazzo・Block 2・Middle Floor・Flat D,,,--,559ft²,@$41,Centaline
24/10/2024,K‧Summit・Tower 1B・Middle Floor・Flat E,,,--,290ft²,@$60,Centaline
24/10/2024,Kingswood Villas・Phase 3 Chestwood Court・Block 6・Lower Floor・Flat H,,,--,552ft²,@$22,Centaline
24/10/2024,Bayview Villa,,,--,--,--,Centaline
24/10/2024,Kornhill・Block R (Flat 1 - 8)・Upper Floor・Flat 4,,,--,490ft²,@$41,Centaline
24/10/2024,The Unit・Upper Floor・Flat C,,,--,--,--,Centaline
24/10/2024,Laguna Verde・Phase 5(4B) Ocean Vista・Tower 22・Middle Floor・Flat E,,,--,543ft²,@$41,Centaline
24/10/2024,Heya Aqua・Tower 1・Upper Floor・Flat C,,,--,489ft²,@$45,Centaline
24/10/2024,One Kai Tak・Il・Tower 5・Lower Floor・Flat G,,,--,799ft²,@$44,Centaline
24/10/2024,Hillsborough Court・Tower 2・Upper Floor・Flat B,,,--,625ft²,@$56,Centaline
24/10/2024,The Met. Blossom・Tower 1・Middle Floor・Flat A08,,,--,296ft²,@$47,Centaline
24/10/2024,Tung Chung Crescent・Phase 1・Block 1・Lower Floor・Flat G,,,--,536ft²,@$35,Centaline
24/10/2024,Tai Po Centre・Phase 4・Block 9・Upper Floor・Flat C,,,--,371ft²,@$36,Centaline
24/10/2024,J Residence・Middle Floor・Flat 3,,,--,439ft²,@$50,Centaline
24/10/2024,Caine Hill・Lower Floor・Flat A,,,--,288ft²,@$66,Centaline
24/10/2024,Royal Court・Upper Floor・Flat A,,,--,493ft²,@$56,Centaline
24/10/2024,Lohas Park・Phase 3A Hemera・Emerald (Tower 2)・Lower Floor・Flat La,,,--,803ft²,@$31,Centaline
24/10/2024,Luk Yeung Sun Chuen・Block B・Lower Floor・Flat 3,,,--,451ft²,@$34,Centaline
24/10/2024,The Arles・Tower 2・Upper Floor・Flat E,,,--,384ft²,@$52,Centaline
24/10/2024,Victoria Skye・Ocean Waves Tower 1・Upper Floor・Flat C,,,--,461ft²,@$48,Centaline
24/10/2024,The Legend・Tower 1・Middle Floor・Flat B,,,--,"1,104ft²",@$54,Centaline
24/10/2024,Prince Central・Middle Floor・Flat D,,,--,346ft²,@$77,Centaline
24/10/2024,The Quinn ‧ Square Mile・Tower 1・Upper Floor・Flat L,,,--,388ft²,@$59,Centaline
24/10/2024,Taikoo Shing・Sing Fai Terrace・(T-48) Hoi Sing Mansion・26/F・Flat D,,$7.7M,--,503ft²,"@$15,308",Land Registry
24/10/2024,Hong Lok Yuen・Sixteenth Street・27 Hong Lok Yuen Sixteenth Street (S S 483),,$29.5M,,"2,121ft²","@$13,909",Land Registry
24/10/2024,Jubilant Place・Tower 1・16/F・Flat C,,$8.95M,--,842ft²,"@$10,629",Land Registry
24/10/2024,The Pavilia Forest・Phase 3 The Pavilia Forest III・Tower 1・8/F・Flat G,,$6.76M,--,395ft²,"@$17,101",Land Registry
24/10/2024,Fortress Garden・Fu Wai Court・4/F・Flat E,,$7.4M,,645ft²,"@$11,470",Land Registry
24/10/2024,Taikoo Shing・Kao Shan Terrace・(T-13) Wah Shan Mansion・6/F・Flat F,,$7.88M,--,685ft²,"@$11,504",Land Registry
24/10/2024,Taikoo Shing・Harbour View Gardens (West)・(T-38) Juniper Mansion・28/F・Flat H,,$25.8M,,"1,277ft²","@$20,204",Land Registry
24/10/2024,Upper East・31/F・Flat D (T1A),,$6.82M,--,376ft²,"@$18,130",Land Registry
24/10/2024,Upper East・26/F・Flat D (T1A),,$6.72M,--,376ft²,"@$17,872",Land Registry
24/10/2024,Grand Homm・Tower 3・7/F・Flat A,,$23.95M,--,"1,118ft²","@$21,419",Land Registry
24/10/2024,Kwun Shan Court・33/F・Flat 3,,$3.03M,--,--,--,Land Registry
24/10/2024,Lai Yuet Court・Block A・2/F・Flat 15,,$2.13M,--,371ft²,"@$5,742",Land Registry
24/10/2024,Siu Tsui Court・Block B・8/F・Flat 9,,$2.49M,--,--,--,Land Registry
24/10/2024,Ko Wang Court・Block A・41/F・Flat 19,,$2.34M,--,--,--,Land Registry
24/10/2024,Kai Chuen Court・Block 4 (Kai Tao House)・15/F・Flat 15,,$1.77M,--,--,--,Land Registry
24/10/2024,On Sau Court・Block A・5/F・Flat 8,,$2.84M,--,--,--,Land Registry
24/10/2024,On Sau Court・Block A・19/F・Flat 6,,$1.87M,--,--,--,Land Registry
24/10/2024,Greenland Garden・Block E・11/F・Flat 1,,$4.47M,--,602ft²,"@$7,422",Land Registry
24/10/2024,Laguna Verde・Phase 2 Villa Verde・Tower 6・25/F・Flat G,,$9M,,543ft²,"@$16,575",Land Registry
24/10/2024,Century Link・Phase 1・Tower 3B・18/F・Flat 8,,$4.45M,,379ft²,"@$11,741",Land Registry
24/10/2024,Double Cove・Phase 3 Double Cove Starview Prime・Block 17・8/F・Flat C,,$6.08M,,491ft²,"@$12,383",Land Registry
24/10/2024,The Yoho Hub・Phase C The Yoho Hub II・Tower 6・10/F・Flat G,,$12.02M,--,858ft²,"@$14,012",Land Registry
24/10/2024,Liberte・Block 5・12/F・Flat D,,$5.5M,,378ft²,"@$14,550",Land Registry
24/10/2024,On Ming Building/On King Building/Man Tak Building・2/F・Flat D,,$3M,--,519ft²,"@$5,780",Land Registry
24/10/2024,Downtown 38・19/F・Flat L,,$4.68M,,309ft²,"@$15,146",Land Registry
24/10/2024,The Wings・IIIA・Tower 3B・15/F・Flat C,,$8.98M,,606ft²,"@$14,818",Land Registry
24/10/2024,K. City・Tower 3・2/F・Flat G,,$5.8M,--,358ft²,"@$16,201",Land Registry
24/10/2024,Cosmopolitan Estates・Tai Chuen Building (Block P)・3/F・Flat 8,,$2.76M,,325ft²,"@$8,492",Land Registry
24/10/2024,Tak Tin Estate・Tak Lai House (Block 2)・8/F・Flat 12,,"$534,300",--,--,--,Land Registry
24/10/2024,Tin King Estate・Tin Lok House (Block 10)・4/F・Flat 35,,"$352,100",--,--,--,Land Registry
24/10/2024,Serenade Cove・Tower A・21/F・Flat 9,,$4.87M,,445ft²,"@$10,939",Land Registry
24/10/2024,Carson Mansion・Block B・16/F・Flat 1,,$5.2M,--,435ft²,"@$11,954",Land Registry
24/10/2024,Grand Del Sol・Block 13・7/F・Flat E,,$5M,,573ft²,"@$8,726",Land Registry
24/10/2024,Sceneway Garden・Block 7・24/F・Flat C,,$6M,--,537ft²,"@$11,173",Land Registry
24/10/2024,Shatinpark・Stage 2・Archie Garden (Block 2)・16/F・Flat C,,$3M,,269ft²,"@$11,152",Land Registry
24/10/2024,Metro Harbour View・Phase 2・Tower 8・20/F・Flat D,,$5.3M,,348ft²,"@$15,230",Land Registry
24/10/2024,Ching Tao Court・16/F・Flat 8,,$1.68M,--,--,--,Land Registry
24/10/2024,Lee Man Building・1/F・Flat H,,$2.15M,,340ft²,"@$6,324",Land Registry
24/10/2024,Man Wah Building・9/F・Flat 19(No.5),,$4.5M,,565ft²,"@$7,965",Land Registry
24/10/2024,Chung Ying Building・6/F・Flat 3,,$3.38M,,600ft²,"@$5,633",Land Registry
24/10/2024,Tung Lo Court・Block B・4/F・Flat 7,,$3.21M,--,510ft²,"@$6,294",Land Registry
24/10/2024,Serenity Park・Phase 1・Block 2・11/F・Flat D,,$6.35M,,590ft²,"@$10,763",Land Registry
24/10/2024,Chun Man Court・Man Hei House (Block H)・9/F・Flat 6,,$6M,--,596ft²,"@$10,067",Land Registry
24/10/2024,Wyler Gardens・Wei Chien Court・Block G・5/F・Flat 3,,$3.78M,,372ft²,"@$10,161",Land Registry
24/10/2024,Kiu Yip Mansion・8/F・Flat M,,$4.18M,,450ft²,"@$9,289",Land Registry
24/10/2024,Choi Ming Court・Choi Mui House (Block F)・21/F・Flat 7,,$4M,--,506ft²,"@$7,905",Land Registry
24/10/2024,Manor Hill・Tower 2・38/F・Flat C7,,$5.41M,--,281ft²,"@$19,246",Land Registry
24/10/2024,The Yoho Hub・Phase C The Yoho Hub II・Tower 6・21/F・Flat B,,$8.17M,--,538ft²,"@$15,191",Land Registry
24/10/2024,Ching Tao Court・33/F・Flat 15,,$1.31M,--,--,--,Land Registry
24/10/2024,Ching Tao Court・27/F・Flat 18,,$1.26M,--,--,--,Land Registry
24/10/2024,Ching Tao Court・25/F・Flat 14,,$1.32M,--,--,--,Land Registry
24/10/2024,Harbour Heights・Carpark・3/F・No.9,,$1.35M,--,--,--,Land Registry
24/10/2024,Harbour Heights・Carpark・2/F・No.7,,$1.35M,--,--,--,Land Registry
24/10/2024,Harbour Heights・Carpark・2/F・No.6,,$1.25M,--,--,--,Land Registry
24/10/2024,Harbour Heights・Carpark・1/F・No.2,,$1.25M,--,--,--,Land Registry
24/10/2024,Harbour Heights・Carpark・2/F・No.8,,$1.35M,--,--,--,Land Registry
24/10/2024,Harbour Heights・Carpark・2/F・No.30,,$1.25M,--,--,--,Land Registry
24/10/2024,Harbour Heights・Carpark・3/F・No.23,,$1.35M,--,--,--,Land Registry
24/10/2024,Kt Marina・Phase 1・Tower 2A・15/F・Flat D,,$9.76M,--,534ft²,"@$18,270",Land Registry
24/10/2024,Lei Cheng Uk Estate・Hau Chi House (Block 9)・16/F・Flat 7,,$2.9M,--,544ft²,"@$5,331",Land Registry
24/10/2024,Luen Gay Apartments・14/F・Flat 6,,$3.2M,--,327ft²,"@$9,786",Land Registry
24/10/2024,Sorrento・Phase 2・Block 2・19/F・Flat G,,$17M,,886ft²,"@$19,187",Land Registry
24/10/2024,Cullinan Sky・Phase 1・Tower 5・27/F・Flat B5,,$5.62M,--,240ft²,"@$23,400",Land Registry
24/10/2024,Cullinan Sky・Phase 1・Tower 5・28/F・Flat B5,,$5.65M,--,240ft²,"@$23,539",Land Registry
24/10/2024,Kwong Fai Building (Mansion)・11/F・No. 9 (Flat B),,$3M,--,461ft²,"@$6,508",Land Registry
24/10/2024,25-29 Kai Tak Road・5/F・No. 27,,$5.55M,,676ft²,"@$8,210",Land Registry
24/10/2024,42 Nga Tsin Long Road・2/F・No. 42,,$5.4M,--,664ft²,"@$8,133",Land Registry
24/10/2024,Wing Shing House・7/F・Flat A (No. 19),,$3.64M,,447ft²,"@$8,143",Land Registry
24/10/2024,Peak One・Phase 1・Block 1・23/F・Flat A,,$56.8M,,"3,319ft²","@$17,114",Land Registry
24/10/2024,Kingsford Terrace・Phase 2・Block 1・25/F・Flat C,,$5.39M,--,592ft²,"@$9,105",Land Registry
24/10/2024,Man Fuk Building・3/F・Flat 21,,$3.05M,,375ft²,"@$8,133",Land Registry
24/10/2024,Kimley House (Building)・14/F・Flat B,,$4.7M,--,340ft²,"@$13,824",Land Registry
24/10/2024,East Point City・Block 2・45/F・Flat D,,$8.28M,--,619ft²,"@$13,376",Land Registry
24/10/2024,Central Park Towers・Phase 2 Central Park Towers II・Tower 8・43/F・Flat D,,$4.18M,,512ft²,"@$8,164",Land Registry
24/10/2024,Caribbean Coast・Phase 3 Carmel Cove・Tower 9・42/F・Flat H,,$9.2M,--,928ft²,"@$9,914",Land Registry
24/10/2024,Coastal Skyline・Phase 4 Le Bleu Deux・Block 1・9/F・Flat C,,$6.78M,,539ft²,"@$12,579",Land Registry
24/10/2024,One Princeton・11/F・Flat D,,$9.4M,--,423ft²,"@$22,227",Land Registry
24/10/2024,Hong Fook Building・12/F・Flat A,,$3.2M,,353ft²,"@$9,065",Land Registry
24/10/2024,Amoy Gardens・Phase 3・Block L・32/F・Flat 1,,$4.2M,,356ft²,"@$11,798",Land Registry
24/10/2024,Tung Shun Hing Building・15/F・Flat 12,,$2.86M,,266ft²,"@$10,752",Land Registry
24/10/2024,Greenfield Court・Carpark・G/F・No.9,,"$700,000",--,--,--,Land Registry
24/10/2024,Foo Yue Building・13/F・Flat B,,$2.16M,,240ft²,"@$9,000",Land Registry
24/10/2024,The Vantage・6/F・Flat D3,,$4.38M,,268ft²,"@$16,343",Land Registry
24/10/2024,Chun Chu Lau・Block A・1/F・Flat A1,,$2.44M,,360ft²,"@$6,772",Land Registry
24/10/2024,Shiu Yat Building (House)・Block 1・1/F・Flat C,,$2.93M,,388ft²,"@$7,546",Land Registry
24/10/2024,Walton Estate・Tak Luk House (Block 2)・16/F・Flat C,,$3.88M,--,434ft²,"@$8,940",Land Registry
24/10/2024,Kam Fai Court・17/F・Flat 9,,$2.65M,--,283ft²,"@$9,364",Land Registry
24/10/2024,Sea Crest Villa・Phase 3・Block 8・18/F・Flat D,,$4.5M,,460ft²,"@$9,783",Land Registry
24/10/2024,Shun Lee Building・Block B・13/F・Flat B5,,$2.98M,,340ft²,"@$8,765",Land Registry
24/10/2024,Tivoli Garden・Tower 1・13/F・Flat G,,$5.8M,--,550ft²,"@$10,545",Land Registry
24/10/2024,The Yoho Hub・Phase C The Yoho Hub II・Tower 6・22/F・Flat A,,$7.11M,--,462ft²,"@$15,380",Land Registry
24/10/2024,The Yoho Hub・Phase C The Yoho Hub II・Tower 6・9/F・Flat H,,$12.27M,--,905ft²,"@$13,558",Land Registry
24/10/2024,Cullinan Sky・Phase 1・Tower 5・19/F・Flat B8,,$9.24M,--,460ft²,"@$20,081",Land Registry
24/10/2024,Jade House・10/F・Flat B,,$5M,--,483ft²,"@$10,352",Land Registry
24/10/2024,Twin Regency・Tower 1・25/F・Flat E,,$4.88M,,433ft²,"@$11,270",Land Registry
24/10/2024,Regence Royale・Tower 2・21/F・Flat A,,$68M,,"1,933ft²","@$35,178",Land Registry
24/10/2024,Regence Royale・Tower 2・21/F・Flat B,,$62M,--,"1,805ft²","@$34,349",Land Registry
24/10/2024,312 Queen's Road West・5/F・No. 312,,$7.58M,--,492ft²,"@$15,407",Land Registry
24/10/2024,Tai Lee Building・1/F・Flat B,,$5.3M,--,292ft²,"@$18,151",Land Registry
24/10/2024,15 Old Bailey Street・2/F・No. 15,,$8.92M,,488ft²,"@$18,279",Land Registry
24/10/2024,27 Staunton Street・2/F・No. 27,,$7.95M,,439ft²,"@$18,109",Land Registry
24/10/2024,Manor Hill・Tower 2・33/F・Flat C10,,$5.5M,--,287ft²,"@$19,160",Land Registry
24/10/2024,Manor Hill・Tower 2・37/F・Flat C12,,$5.65M,--,298ft²,"@$18,966",Land Registry
24/10/2024,Manor Hill・Tower 2・29/F・Flat C10,,$5.46M,--,287ft²,"@$19,007",Land Registry
24/10/2024,Manor Hill・Tower 2・28/F・Flat C10,,$5.44M,--,287ft²,"@$18,969",Land Registry
24/10/2024,Bo Fung Gardens・Block B・12/F・Flat 3,,$6.35M,--,626ft²,"@$10,144",Land Registry
24/10/2024,Manor Hill・Tower 2・37/F・Flat C10,,$5.53M,--,287ft²,"@$19,275",Land Registry
24/10/2024,Manor Hill・Tower 2・36/F・Flat C10,,$5.52M,--,287ft²,"@$19,237",Land Registry
24/10/2024,Manor Hill・Tower 2・36/F・Flat C12,,$5.64M,--,298ft²,"@$18,930",Land Registry
24/10/2024,Kt Marina・Phase 1・Tower 2B・15/F・Flat J,,$9.73M,--,538ft²,"@$18,093",Land Registry
24/10/2024,Ching Tao Court・20/F・Flat 18,,$1.24M,--,--,--,Land Registry
24/10/2024,Kai Tsui Court・Hin Tsui House (Block A)・16/F・Flat 13,,$3.68M,--,546ft²,"@$6,740",Land Registry
24/10/2024,Victoria Harbour・Phase 2B-3 Victoria Harbour II・Tower 2・11/F・Flat A,,$54.54M,--,"1,437ft²","@$37,957",Land Registry
24/10/2024,Scenic View・Block 2・38/F・Flat G,,$5.25M,,464ft²,"@$11,315",Land Registry
24/10/2024,One Jardine's Lookout・23/F・Flat A,,$3.58M,--,180ft²,"@$19,880",Land Registry
24/10/2024,Mei Foo Sun Chuen・Phase 7・10-12 Lai Wan Road・15/F・Flat C No. 10,,$6.2M,,640ft²,"@$9,688",Land Registry
24/10/2024,One Jardine's Lookout・23/F・Flat B,,$11.53M,--,535ft²,"@$21,550",Land Registry
24/10/2024,One Jardine's Lookout・23/F・Flat C,,$10.01M,--,479ft²,"@$20,900",Land Registry
24/10/2024,One Jardine's Lookout・23/F・Flat E,,$5.1M,--,264ft²,"@$19,300",Land Registry
24/10/2024,One Jardine's Lookout・23/F・Flat D,,$6.95M,--,379ft²,"@$18,350",Land Registry
24/10/2024,Mount Regency・Phase 1・Tower 1B・30/F・Flat A,,$9.08M,--,468ft²,"@$19,412",Land Registry
24/10/2024,The Haddon・18/F・Flat R,,$6.63M,--,346ft²,"@$19,165",Land Registry
24/10/2024,New Town Mansion・Block A・16/F・Flat 1,,$4.1M,,465ft²,"@$8,817",Land Registry
24/10/2024,Siu Shan Court・Cheung King House (Block B)・6/F・Flat 8,,$3.35M,--,546ft²,"@$6,136",Land Registry
24/10/2024,Lohas Park・Phase 12B Park Seasons・Tower 2 (2B)・29/F・Flat B,,$4.69M,--,314ft²,"@$14,943",Land Registry
24/10/2024,The Pavilia Forest・Phase 2 The Pavilia Forest II・Tower 3・9/F・Flat B,,$6.68M,--,383ft²,"@$17,436",Land Registry
24/10/2024,Belvedere Garden・Phase 2・Carpark・2/F・No.92,,"$750,000",--,--,--,Land Registry
24/10/2024,The Arles・Tower 5・46/F・Flat F,,$6.7M,--,347ft²,"@$19,320",Land Registry
24/10/2024,The Arles・Tower 5・48/F・Flat F,,$6.8M,--,347ft²,"@$19,605",Land Registry
24/10/2024,The Yoho Hub・Phase C The Yoho Hub II・Tower 6・15/F・Flat B,,$8.22M,--,538ft²,"@$15,275",Land Registry
24/10/2024,The Yoho Hub・Phase C The Yoho Hub II・Tower 6・26/F・Flat H,,$12.52M,--,905ft²,"@$13,836",Land Registry
24/10/2024,Sereno Verde・Carpark・1/F・No.178 (Phase 1),,$1.28M,--,--,--,Land Registry
24/10/2024,The Metro City・Phase 3 The Metropolis・Tower 2・24/F・Flat F,,$7.5M,,626ft²,"@$11,981",Land Registry
24/10/2024,Kwong Wah Centre・8/F・Flat A,,$2.7M,,437ft²,"@$6,178",Land Registry
24/10/2024,Siu Lun Court・Fu Lun House (Block G)・13/F・Flat 5,,$2.88M,--,401ft²,"@$7,182",Land Registry
24/10/2024,Kam Fung Court・Kam Yung House (Block A)・25/F・Flat 6,,$3.25M,--,433ft²,"@$7,506",Land Registry
24/10/2024,Ching Tao Court・12/F・Flat 14,,$1.27M,--,--,--,Land Registry
24/10/2024,Novo Land・Phase 3B・Fiskars Tower 2A・26/F・Flat E,,$3.17M,--,252ft²,"@$12,570",Land Registry
24/10/2024,Win Fong Heights・14/F・Flat C,,$4.06M,--,459ft²,"@$8,845",Land Registry
24/10/2024,Vau Residence・16/F・Flat A,,$5.48M,--,282ft²,"@$19,418",Land Registry
24/10/2024,Vau Residence・12/F・Flat E,,$4.14M,--,209ft²,"@$19,794",Land Registry
24/10/2024,The Pavilia Forest・Phase 2 The Pavilia Forest II・Tower 3・8/F・Flat B,,$6.65M,--,383ft²,"@$17,350",Land Registry
24/10/2024,The Metro City・Phase 3 The Metropolis・Tower 1・22/F・Flat G,,$6.45M,,626ft²,"@$10,304",Land Registry
24/10/2024,Ching Tao Court・22/F・Flat 1,,$1.24M,--,--,--,Land Registry
24/10/2024,Ching Tao Court・22/F・Flat 2,,$1.23M,--,--,--,Land Registry
24/10/2024,Ching Tao Court・20/F・Flat 3,,$1.25M,--,--,--,Land Registry
24/10/2024,Gateway．Square Mile・9/F・Flat M,,$5.01M,--,268ft²,"@$18,705",Land Registry
24/10/2024,The Avery・19/F・Flat C,,$3.18M,,224ft²,"@$14,196",Land Registry
24/10/2024,Kornhill・Block D (Flat 1 - 8)・21/F・Flat 3,,$5.3M,--,524ft²,"@$10,115",Land Registry
24/10/2024,Southorn Garden・38/F・Flat 12,,$6.2M,,401ft²,"@$15,461",Land Registry
24/10/2024,Yu Chui Court・Yu Fun House (Block A)・6/F・Flat 8,,$5.9M,--,650ft²,"@$9,077",Land Registry
24/10/2024,The Arles・Tower 2・36/F・Flat C,,$15.8M,,849ft²,"@$18,610",Land Registry
24/10/2024,Jade Field Garden・Ka Lai Building (Block B)・22/F・Flat H,,$3.65M,,346ft²,"@$10,549",Land Registry
24/10/2024,Lions Rise・Tower 6A・17/F・Flat B,,$7.8M,,567ft²,"@$13,757",Land Registry
24/10/2024,One Jardine's Lookout・16/F・Flat A,,$3.83M,--,180ft²,"@$21,280",Land Registry
24/10/2024,Heng On Estate・Heng Kong House (Block 1)・6/F・Flat 47,,"$498,300",--,--,--,Land Registry
24/10/2024,Manor Hill・Tower 2・38/F・Flat C8,,$5.49M,--,284ft²,"@$19,331",Land Registry
24/10/2024,The Pavilia Forest・Phase 2 The Pavilia Forest II・Tower 3・12/F・Flat P,,$6.89M,--,383ft²,"@$17,977",Land Registry
24/10/2024,Parkvale・Tower 2 Shui Pak Mansion・9/F・Flat F,,$7M,,550ft²,"@$12,727",Land Registry
24/10/2024,Nan Sang Building・11/F・Flat A,,$6M,--,451ft²,"@$13,304",Land Registry
24/10/2024,Fullview Garden・Block 4・18/F・Flat J,,$3.05M,--,484ft²,"@$6,302",Land Registry
24/10/2024,Lung Cheung Court・1/F・Flat G,,$2.54M,,241ft²,"@$10,539",Land Registry
24/10/2024,Lung Cheung Court・2/F・Flat C,,$1.8M,--,194ft²,"@$9,278",Land Registry
24/10/2024,Monti・3/F・Flat F,,$5.18M,,385ft²,"@$13,455",Land Registry
24/10/2024,Vista Mount Davis・20/F・Flat B,,$38M,,"1,844ft²","@$20,607",Land Registry
24/10/2024,Whampoa Garden・Phase 2 Cherry Mansions・Block 6・8/F・Flat F,,$5.18M,--,389ft²,"@$13,316",Land Registry
24/10/2024,Hollywood Hill・8/F・Flat A,,$6.9M,--,--,--,Land Registry
24/10/2024,Altadena House・3-4/F・House A,,$248M,--,"4,201ft²","@$59,034",Land Registry
24/10/2024,28 Tsun Fat Street・4/F・No. 28,,$5.8M,--,760ft²,"@$7,632",Land Registry
24/10/2024,Novo Land・Phase 3B・Fiskars Tower 2A・23/F・Flat B,,$3.73M,--,292ft²,"@$12,762",Land Registry
24/10/2024,Victoria Harbour・Phase 2B-3 Victoria Harbour II・Tower 2・12/F・Flat B,,$42.8M,--,"1,107ft²","@$38,663",Land Registry
24/10/2024,Double Cove・Phase 3 Double Cove Starview Prime・Block 23・7/F・Flat C,,$6.23M,,511ft²,"@$12,192",Land Registry
24/10/2024,Tsui Chuk Garden・Block 1・10/F・Flat F,,$3.63M,--,431ft²,"@$8,422",Land Registry
24/10/2024,The Aperture・6/F・Flat K,,$7.35M,--,441ft²,"@$16,671",Land Registry
24/10/2024,The Pavilia Forest・Phase 3 The Pavilia Forest III・Tower 1・18/F・Flat G,,$7.04M,--,395ft²,"@$17,818",Land Registry
24/10/2024,Long Ping Estate・Cheuk Ping House・19/F・Flat 15,,$1.47M,--,358ft²,"@$4,106",Land Registry
24/10/2024,Ching Tao Court・29/F・Flat 3,,$1.28M,--,--,--,Land Registry
24/10/2024,Wealthy Garden・25/F・Flat B,,$4.5M,,299ft²,"@$15,050",Land Registry
24/10/2024,Topside Residences・Tower A1・19/F・Flat C,,$9.29M,--,414ft²,"@$22,444",Land Registry
24/10/2024,Villa Lucca・Tower 18,,$98M,--,"3,760ft²","@$26,064",Land Registry
24/10/2024,Glorious Garden・Block 4・15/F・Flat B,,$3.88M,--,592ft²,"@$6,554",Land Registry
24/10/2024,Park Avenue・Central Park・Tower 1・46/F・Flat G,,$9.03M,,480ft²,"@$18,808",Land Registry
24/10/2024,The Pavilia Forest・Phase 3 The Pavilia Forest III・Tower 1・21/F・Flat D,,$4.98M,--,263ft²,"@$18,935",Land Registry
24/10/2024,Century Gateway・Phase 1・Tower 5・25/F・Flat E,,$6.2M,,475ft²,"@$13,053",Land Registry
24/10/2024,Harbour Green・Tower 5・47/F・Flat G,,$8M,,474ft²,"@$16,878",Land Registry
24/10/2024,Lai Tsui Court・Tower 4 (Lai Ki House)・27/F・Flat 4,,$4.5M,--,379ft²,"@$11,873",Land Registry
24/10/2024,Ching Tao Court・22/F・Flat 14,,$1.31M,--,--,--,Land Registry
24/10/2024,Oscar By The Sea・Carpark・BM1・No.P122,,"$890,000",--,--,--,Land Registry
24/10/2024,Tak Lee Court・1/F・Flat B,,$5.7M,,445ft²,"@$12,809",Land Registry
24/10/2024,Yue Fai Court・Yuk Fai House (Block A)・8/F・Flat 7,,$3.65M,--,384ft²,"@$9,505",Land Registry
24/10/2024,Portfield Building・24/F・Flat C,,$8.38M,,596ft²,"@$14,060",Land Registry
24/10/2024,Chuk Yuen North Estate・Wai Yuen House (Block 10)・33/F・Flat 15,,$2.03M,--,443ft²,"@$4,582",Land Registry
24/10/2024,South Horizons・Phase 1・Hoi Yat Court (Block 6)・11/F・Flat D,,$8.38M,--,721ft²,"@$11,623",Land Registry
24/10/2024,City One Shatin・Site 2・Block 23・13/F・Flat C,,$4M,,327ft²,"@$12,232",Land Registry
24/10/2024,Top Jade Mansion・19/F・Flat B,,$3.33M,,286ft²,"@$11,643",Land Registry
24/10/2024,Hing Wah Apartments・18/F・Flat C,,$3.3M,--,327ft²,"@$10,092",Land Registry
24/10/2024,Mei Foo Sun Chuen・Phase 5・5-7 Humbert Street・9/F・Flat C No. 7,,$6.74M,--,715ft²,"@$9,424",Land Registry
24/10/2024,Kornhill・Block D (Flat 1 - 8)・12/F・Flat 2,,$5.5M,,524ft²,"@$10,496",Land Registry
24/10/2024,Century Gateway・Phase 1・Tower 5・29/F・Flat K,,$6.45M,,475ft²,"@$13,579",Land Registry
24/10/2024,May Ka Mansion・12/F・Flat B,,$7.3M,--,868ft²,"@$8,410",Land Registry
24/10/2024,The Pavilia Forest・Phase 3 The Pavilia Forest III・Tower 1・17/F・Flat G,,$7M,--,395ft²,"@$17,729",Land Registry
24/10/2024,The Pavilia Forest・Phase 1 The Pavilia Forest I・Tower 6・6/F・Flat E,,$7.94M,--,380ft²,"@$20,897",Land Registry
24/10/2024,The Pavilia Forest・Phase 3 The Pavilia Forest III・Tower 1・9/F・Flat C,,$12.16M,--,579ft²,"@$20,997",Land Registry
24/10/2024,Cheong Wai Mansion・13/F・Flat D,,$4M,--,438ft²,"@$9,132",Land Registry
24/10/2024,The Pavilia Forest・Phase 3 The Pavilia Forest III・Tower 1・22/F・Flat H,,$7.2M,--,394ft²,"@$18,277",Land Registry
24/10/2024,La Maison Du Nord・16/F・Flat B,,$5M,,344ft²,"@$14,535",Land Registry
24/10/2024,The Arles・Tower 2・45/F・Flat F,,$15.46M,--,774ft²,"@$19,978",Land Registry
24/10/2024,Manor Hill・Tower 2・38/F・Flat C2,,$4.3M,--,223ft²,"@$19,287",Land Registry
24/10/2024,Shan Lai Court・Block B・32/F・Flat 1,,$1.41M,--,292ft²,"@$4,812",Land Registry
24/10/2024,Novo Land・Phase 3B・Fiskars Tower 2A・6/F・Flat B,,$3.64M,--,292ft²,"@$12,480",Land Registry
24/10/2024,Cullinan West・Phase 5 Cullinan West Ill・Tower 7・9/F・Flat H,,$6.35M,,350ft²,"@$18,143",Land Registry
24/10/2024,The Aurora・Tower 2・33/F・Flat C,,$4.06M,,219ft²,"@$18,539",Land Registry
24/10/2024,The Victoria Towers・Tower 2・53/F・Flat E,,$9.7M,,546ft²,"@$17,766",Land Registry
24/10/2024,Lido Garden・Block 5・16/F・Flat H,,$4.7M,,570ft²,"@$8,246",Land Registry
24/10/2024,Sausalito・Tower 1・27/F・Flat E,,$9.4M,,814ft²,"@$11,548",Land Registry
24/10/2024,Festival City・Phase 2・Tower 5・21/F・Flat Na,,$11M,,741ft²,"@$14,845",Land Registry
24/10/2024,Hin Keng Estate・Hin Yau House (Block 5)・35/F・Flat 21,,$3M,--,489ft²,"@$6,135",Land Registry
24/10/2024,The Yoho Hub・Phase C The Yoho Hub II・Tower 6・15/F・Flat A,,$6.99M,--,462ft²,"@$15,129",Land Registry
24/10/2024,Mayfair By The Sea 8・Tower 3B・5/F・Flat D,,$6.15M,,494ft²,"@$12,449",Land Registry
24/10/2024,Sceneway Garden・Block 2・26/F・Flat C,,$6.2M,,537ft²,"@$11,546",Land Registry
24/10/2024,Gateway．Square Mile・6/F・Flat A,,$5.08M,--,285ft²,"@$17,815",Land Registry
24/10/2024,The Parcville・Tower 12・12/F・Flat H,,$5.1M,,460ft²,"@$11,087",Land Registry
24/10/2024,Smithfield Court・Block 1・11/F・Flat A,,$4.5M,--,348ft²,"@$12,931",Land Registry
24/10/2024,Kam Wa Building・4/F・Flat A,,$4.2M,,380ft²,"@$11,053",Land Registry
24/10/2024,City One Shatin・Site 1・Block 11・9/F・Flat D,,$5.53M,,504ft²,"@$10,972",Land Registry
24/10/2024,Tak Tin Estate・Tak Lung House (Block 8)・3/F・Flat 15,,$2.25M,--,443ft²,"@$5,079",Land Registry
24/10/2024,The Yoho Hub・Phase C The Yoho Hub II・Tower 6・11/F・Flat A,,$7.2M,--,462ft²,"@$15,595",Land Registry
24/10/2024,Harmony Court・25/F・Flat A,,$10.29M,--,658ft²,"@$15,638",Land Registry
24/10/2024,Lohas Park・Phase 4A Wings At Sea・Carpark・B2・No.C372,,$1.65M,--,--,--,Land Registry
24/10/2024,The Pavilia Forest・Phase 3 The Pavilia Forest III・Tower 1・27/F・Flat K,,$4.86M,--,260ft²,"@$18,692",Land Registry
24/10/2024,Upper East・32/F・Flat D (T1A),,$6.87M,--,376ft²,"@$18,277",Land Registry
24/10/2024,The Yoho Hub・Phase C The Yoho Hub II・Tower 6・19/F・Flat D,,$6.85M,--,462ft²,"@$14,829",Land Registry
24/10/2024,Novo Land・Phase 3B・Fiskars Tower 1・18/F・Flat J,,$5.88M,--,472ft²,"@$12,447",Land Registry
24/10/2024,Island Harbourview・Tower 6・29/F・Flat C,,$12.38M,,788ft²,"@$15,711",Land Registry
24/10/2024,Cullinan Harbour・Phase 1・Tower 5・11/F・Flat A,,$57.72M,--,"1,401ft²","@$41,200",Land Registry
24/10/2024,The Pavilia Forest・Phase 2 The Pavilia Forest II・Tower 3・6/F・Flat H,,$6.36M,--,385ft²,"@$16,527",Land Registry
24/10/2024,City One Shatin・Commercial Block A・Carpark・2/F・No.163 (Block A),,"$800,000",--,--,--,Land Registry
24/10/2024,City One Shatin・Site 2・Block 16・19/F・Flat C,,$4.25M,,327ft²,"@$12,997",Land Registry
24/10/2024,Greenland Garden・Block B・10/F・Flat 3,,$3.25M,,429ft²,"@$7,576",Land Registry
24/10/2024,Tsuen Fung Centre・17/F・Flat E,,$4.03M,,376ft²,"@$10,718",Land Registry
24/10/2024,Noble Hill・Tower 3・20/F・Flat D,,$5.3M,,506ft²,"@$10,474",Land Registry
24/10/2024,Wing Lam Mansion・9/F・Flat B,,$2.65M,--,270ft²,"@$9,815",Land Registry
24/10/2024,Manor Hill・Tower 2・32/F・Flat D3,,$5.35M,--,284ft²,"@$18,827",Land Registry
24/10/2024,Tung Chung Crescent・Phase 2・Block 5・10/F・Flat H,,$7.75M,,772ft²,"@$10,039",Land Registry
24/10/2024,Larchwood・5/F・Flat H,,$3.89M,--,204ft²,"@$19,059",Land Registry
24/10/2024,The Yoho Hub・Phase C The Yoho Hub II・Tower 6・10/F・Flat F,,$10.09M,--,749ft²,"@$13,471",Land Registry
24/10/2024,The Yoho Hub・Phase C The Yoho Hub II・Tower 6・21/F・Flat K,,$7.38M,--,492ft²,"@$14,990",Land Registry
24/10/2024,Central 8・19/F・Flat A,,$4.22M,--,202ft²,"@$20,891",Land Registry
24/10/2024,Bondlane II・16/F・Flat N5,,$7.21M,--,282ft²,"@$25,582",Land Registry
24/10/2024,Bondlane II・10/F・Flat N5,,$6.68M,--,282ft²,"@$23,677",Land Registry
24/10/2024,Bondlane II・10/F・Flat S10,,$6.05M,--,259ft²,"@$23,367",Land Registry
24/10/2024,Bondlane II・10/F・Flat N3,,$6.73M,--,281ft²,"@$23,964",Land Registry
24/10/2024,Bondlane II・9/F・Flat N3,,$6.7M,--,281ft²,"@$23,843",Land Registry
24/10/2024,Manor Hill・Tower 2・33/F・Flat C11,,$5.68M,--,291ft²,"@$19,502",Land Registry
24/10/2024,Royal Peninsula・Block 2・17/F・Flat E,,$4.9M,,370ft²,"@$13,243",Land Registry
24/10/2024,New Town Plaza・Phase 3・Orchid Court (Block 3)・6/F・Flat C,,$7.6M,,578ft²,"@$13,149",Land Registry
24/10/2024,Sausalito・Tower 2 - Oceanus・16/F・Flat D,,$9.8M,,795ft²,"@$12,327",Land Registry
24/10/2024,Carson Mansion・12/F・Flat E,,$4.5M,,424ft²,"@$10,613",Land Registry
24/10/2024,The Pavilia Bay・Tower 1B・16/F・Flat A,,$8.53M,,535ft²,"@$15,944",Land Registry
24/10/2024,Heng On Estate・Heng Yat House (Block 8)・5/F・Flat 21,,$2.28M,--,489ft²,"@$4,663",Land Registry
24/10/2024,The Waterfront・Phase 1・Tower 2・28/F・Flat A,,$17.88M,,941ft²,"@$19,001",Land Registry
24/10/2024,The Merton・Tower 3・25/F・Flat H,,$6.48M,,313ft²,"@$20,703",Land Registry
24/10/2024,Island Harbourview・Carpark・B/M・No.B47,,$1.3M,--,--,--,Land Registry
24/10/2024,Discovery Bay・Phase 12 Siena Two・Celestial Mansion (Block H1)・3/F・Flat D,,$3.9M,,487ft²,"@$8,008",Land Registry
24/10/2024,The Yoho Hub・Phase C The Yoho Hub II・Tower 6・45/F・Flat F,,$11.39M,--,747ft²,"@$15,248",Land Registry
24/10/2024,L．Living 23・3/F・Flat B,,$8.55M,--,584ft²,"@$14,642",Land Registry
24/10/2024,Gardenview Building・8/F・Flat D,,$5.55M,,492ft²,"@$11,280",Land Registry
24/10/2024,Diva・7/F・Flat C,,$8.25M,,493ft²,"@$16,734",Land Registry
24/10/2024,Villa Lucca・Tower 17,,$19.02M,--,"1,160ft²","@$16,400",Land Registry
24/10/2024,High Park・Phase 1・Tower 1・1/F・Flat A11,,$5.3M,--,409ft²,"@$12,965",Land Registry
24/10/2024,High Park・Phase 1・Tower 1・1/F・Flat B07,,$4.91M,--,409ft²,"@$11,997",Land Registry
24/10/2024,High Park・Phase 1・Tower 3・5/F・Flat A11,,$4.43M,--,439ft²,"@$10,102",Land Registry
24/10/2024,High Park・Phase 1・Tower 2・5/F・Flat A03,,$4.17M,--,345ft²,"@$12,079",Land Registry
24/10/2024,The Pavilia Forest・Phase 3 The Pavilia Forest III・Tower 1・3/F・Flat D,,$4.64M,--,263ft²,"@$17,643",Land Registry
24/10/2024,Sunshine City・Phase 3・Block N・8/F・Flat 8,,$6.18M,,512ft²,"@$12,070",Land Registry
24/10/2024,Ho Wang Building・15/F・Flat A,,$2.22M,,281ft²,"@$7,900",Land Registry
24/10/2024,Siu Cheong Building・7/F・Flat C,,$3M,,260ft²,"@$11,538",Land Registry
24/10/2024,Onmantin・Phase 2A・Tower 3・6/F・Flat E,,$9.8M,--,490ft²,"@$20,002",Land Registry
24/10/2024,Grand Victoria・Phase 3・Tower 1 (1B)・1/F・Flat D,,$8.38M,--,309ft²,"@$27,120",Land Registry
24/10/2024,St. George's Mansions・Tower 3・1/F・Flat B,,$64.5M,--,"1,723ft²","@$37,435",Land Registry
24/10/2024,Onmantin・Phase 2B・Tower 5 (5A)・26/F・Flat A,,$20.21M,--,783ft²,"@$25,808",Land Registry
24/10/2024,Regency Bay・Phase 1・Tower 2・3/F・Flat E,,$10.32M,--,513ft²,"@$20,124",Land Registry
24/10/2024,Grand Victoria・Phase 3・Tower 2・1/F・Flat A,,$13.5M,--,547ft²,"@$24,680",Land Registry
24/10/2024,Flora Plaza・Block 2・15/F・Flat D,,$3.58M,,370ft²,"@$9,676",Land Registry
24/10/2024,Hong Wah Building・2/F・Flat B,,$2.4M,,230ft²,"@$10,435",Land Registry
24/10/2024,Lohas Park・Phase 1 The Capitol・Oslo (Tower 5 - L Wing)・38/F・Flat C,,$5M,,519ft²,"@$9,634",Land Registry
24/10/2024,Florida Mansion・8/F・Flat D,,$9M,,"1,023ft²","@$8,798",Land Registry
24/10/2024,Yen Yau Mansion・5/F・Flat A,,$2.29M,,227ft²,"@$10,088",Land Registry
24/10/2024,Novo Land・Phase 3B・Fiskars Tower 2A・6/F・Flat C,,$3.64M,--,292ft²,"@$12,480",Land Registry
24/10/2024,The Yoho Hub・Phase C The Yoho Hub II・Tower 6・38/F・Flat H,,$12.93M,--,901ft²,"@$14,356",Land Registry
24/10/2024,Discovery Bay・Phase 4-Peninsula Vl Coastline・4 Discovery Bay Road,,$12M,,"1,314ft²","@$9,132",Land Registry
24/10/2024,Discovery Bay・Phase 5-Greenvale Village・Greenmont Court (Block 8)・13/F・Flat E,,$5.76M,,870ft²,"@$6,621",Land Registry
24/10/2024,Tak On Mansion・9/F・Flat A,,$3.22M,--,389ft²,"@$8,272",Land Registry
24/10/2024,Chee On Building・17/F・Flat N,,$5.7M,--,555ft²,"@$10,270",Land Registry
24/10/2024,Ching Tao Court・25/F・Flat 16,,$1.7M,--,--,--,Land Registry
24/10/2024,Ching Tao Court・24/F・Flat 13,,$1.3M,--,--,--,Land Registry
24/10/2024,The Metro City・Phase 2・Tower 1・18/F・Flat H,,$7.25M,,538ft²,"@$13,476",Land Registry
24/10/2024,Hong Tin Court・Yue Hong House (Block A)・5/F・Flat 3,,$3.85M,--,420ft²,"@$9,167",Land Registry
24/10/2024,The Pavilia Forest・Phase 3 The Pavilia Forest III・Tower 1・15/F・Flat B,,$8.23M,--,382ft²,"@$21,542",Land Registry
24/10/2024,The Arch・Sun Tower (Block 1A)・71/F・Flat C,,$50M,,"1,033ft²","@$48,403",Land Registry
24/10/2024,One Princeton・5/F・Flat E,,$8.58M,--,448ft²,"@$19,141",Land Registry
24/10/2024,Novo Land・Phase 3B・Fiskars Tower 2A・32/F・Flat F,,$3.87M,--,300ft²,"@$12,891",Land Registry
24/10/2024,Cullinan Sky・Phase 1・Tower 6・27/F・Flat B1,,$9.5M,--,467ft²,"@$20,347",Land Registry
24/10/2024,Park View Garden・Block 1・19/F・Flat B,,$4.85M,,420ft²,"@$11,548",Land Registry
24/10/2024,Ching Tao Court・17/F・Flat 5,,$1.21M,--,--,--,Land Registry
24/10/2024,Ching Tao Court・37/F・Flat 18,,$1.33M,--,--,--,Land Registry
24/10/2024,74-80 Nga Tsin Long Road・1/F・No. 78A (Flat F),,$4.32M,--,429ft²,"@$10,070",Land Registry
24/10/2024,74-80 Nga Tsin Long Road・2/F・No. 78A (Flat F),,$3.6M,--,429ft²,"@$8,392",Land Registry
24/10/2024,25-27 Nam Kok Road・2/F・No. 25A,,$3.57M,,409ft²,"@$8,729",Land Registry
24/10/2024,Luen King Mansion・2/F・Flat B,,$3.17M,,320ft²,"@$9,906",Land Registry
24/10/2024,25-27 Nam Kok Road・1/F・No. 25,,$5.23M,--,554ft²,"@$9,440",Land Registry
24/10/2024,Luen King Mansion・3/F・Flat C,,$2.22M,,224ft²,"@$9,911",Land Registry
24/10/2024,Fook Chi Building・4/F・Flat A,,$2.62M,--,254ft²,"@$10,315",Land Registry
24/10/2024,Fook Chi Building・2/F・Flat B,,$2.9M,,281ft²,"@$10,320",Land Registry
24/10/2024,Luen King Mansion・2/F・Flat A,,$3.32M,,333ft²,"@$9,970",Land Registry
24/10/2024,Ching Tao Court・5/F・Flat 15,,$1.17M,--,--,--,Land Registry
24/10/2024,Ching Tao Court・8/F・Flat 14,,$1.25M,--,--,--,Land Registry
24/10/2024,Ching Tao Court・26/F・Flat 15,,$1.29M,--,--,--,Land Registry
24/10/2024,Ching Tao Court・18/F・Flat 3,,$1.24M,--,--,--,Land Registry
24/10/2024,Ching Tao Court・38/F・Flat 5,,$1.27M,--,--,--,Land Registry
24/10/2024,Ching Tao Court・26/F・Flat 14,,$1.32M,--,--,--,Land Registry
24/10/2024,Ching Tao Court・39/F・Flat 14,,$1.36M,--,--,--,Land Registry
24/10/2024,Ching Tao Court・5/F・Flat 2,,$1.13M,--,--,--,Land Registry
24/10/2024,Sun Yuen Long Centre・Block 2・13/F・Flat A,,$5.62M,,485ft²,"@$11,588",Land Registry
24/10/2024,Tin Ma Court・Chun On House (Block D)・31/F・Flat 15,,$3M,--,415ft²,"@$7,229",Land Registry
24/10/2024,Manor Hill・Tower 2・35/F・Flat C8,,$5.46M,--,284ft²,"@$19,211",Land Registry
24/10/2024,Chi Fu Fa Yuen・Fu Yan Yuen (Block H-8)・10/F・Flat D,,$4.85M,,439ft²,"@$11,048",Land Registry
24/10/2024,Kar Fu Building・23/F・Flat B,,$3.28M,,222ft²,"@$14,775",Land Registry
24/10/2024,Tak Bo Garden・Block E・8/F・Flat E5,,$3.78M,--,398ft²,"@$9,497",Land Registry
24/10/2024,Ching Tao Court・36/F・Flat 2,,$1.27M,--,--,--,Land Registry
24/10/2024,Wealth Court・16/F・Flat B,,$3.98M,,294ft²,"@$13,537",Land Registry
24/10/2024,Park Avenue・Central Park・Tower 5・21/F・Flat H,,$10.7M,,592ft²,"@$18,074",Land Registry
24/10/2024,Cambridge Heights・2/F・Flat A,,$5.58M,,327ft²,"@$17,064",Land Registry
24/10/2024,The Arles・Tower 2・27/F・Flat H,,$4.99M,--,259ft²,"@$19,278",Land Registry
24/10/2024,Dynasty Court・Tower 4・16/F・Flat B,,$46M,,"1,522ft²","@$30,223",Land Registry
23/10/2024,Lake Silver・Tower 6・Lower Floor・Flat C,,$12.28M,--,"1,012ft²","@$12,134",Centaline
23/10/2024,City 151・Upper Floor・Flat B,,$5.8M,--,423ft²,"@$13,712",Centaline
23/10/2024,Ocean Shores・Phase 2・Tower 9・Middle Floor・Flat G,,$7.38M,--,496ft²,"@$14,879",Centaline
23/10/2024,Les Saisons・L Hiver (Tower 4)・Lower Floor・Flat B,,$9.3M,--,561ft²,"@$16,578",Centaline
23/10/2024,Tai Po Garden・Block B・Flat 4,,$8.2M,--,803ft²,"@$10,212",Centaline
23/10/2024,The Latitude・Tower 8・Upper Floor・Flat C,,$9.45M,--,588ft²,"@$16,071",Centaline
23/10/2024,Monterey・Tower 2B・Upper Floor・Flat B,,$9.7M,--,581ft²,"@$16,695",Centaline
23/10/2024,Nan Fung Plaza・Tower 5・Lower Floor・Flat A,,$6.98M,--,659ft²,"@$10,592",Centaline
23/10/2024,K‧Summit・Tower 1B・Lower Floor・Flat E,,$5.2M,--,290ft²,"@$17,931",Centaline
23/10/2024,Lohas Park・Phase 6 Lp6・Tower 1・Lower Floor・Flat D,,$10.96M,--,905ft²,"@$12,110",Centaline
23/10/2024,Harbour Green・Tower 5・Upper Floor・Flat H,,$8.4M,--,482ft²,"@$17,427",Centaline
23/10/2024,Yen Yin Building・Middle Floor・Flat A,,$3.09M,--,252ft²,"@$12,262",Centaline
23/10/2024,Imperial Kennedy・Middle Floor・Flat B,,$12M,--,515ft²,"@$23,301",Centaline
23/10/2024,Marina Habitat・Tower 2・Lower Floor・Flat G,,$5.5M,--,427ft²,"@$12,881",Centaline
23/10/2024,Festival City・Phase 3・Tower 3・Middle Floor・Flat Nc,,$15.9M,--,958ft²,"@$16,597",Centaline
23/10/2024,Villa Athena・Block 8・Middle Floor・Flat D,,$8.25M,--,727ft²,"@$11,348",Centaline
23/10/2024,Sunshine City・Phase 2・Block C・Lower Floor・Flat 3,,$4.5M,--,321ft²,"@$14,019",Centaline
23/10/2024,Whampoa Garden・Phase 9 Lily Mansions・Block 2・Lower Floor・Flat E,,$6.38M,--,617ft²,"@$10,340",Centaline
23/10/2024,Crystal Park・Block 2・Upper Floor・Flat B,,$4.3M,--,477ft²,"@$9,015",Centaline
23/10/2024,Kam Yuen Mansion・Middle Floor・Flat B,,$2.7M,--,372ft²,"@$7,253",Centaline
23/10/2024,Tin Oi Court・Oi Tao House (Block B)・Upper Floor・Flat 2,,$2.9M,--,603ft²,"@$4,809",Centaline
23/10/2024,Tierra Verde・Phase 2・Block 12・Middle Floor・Flat D,,,--,653ft²,@$38,Centaline
23/10/2024,Lake Silver・Tower 6・Middle Floor・Flat C,,,--,"1,012ft²",@$33,Centaline
23/10/2024,Dawning Views・Block 10・Lower Floor・Flat H,,,--,386ft²,@$35,Centaline
23/10/2024,Grand Waterfront・Tower 3・Upper Floor・Flat H,,,--,367ft²,@$47,Centaline
23/10/2024,The Harbourside・Tower 3・Middle Floor・Flat E,,,--,755ft²,@$53,Centaline
23/10/2024,New Town Plaza・Phase 3・Pittosporum Court (Block 1)・Lower Floor・Flat E,,,--,733ft²,@$38,Centaline
23/10/2024,The Mediterranean・Tower 5・Lower Floor・Flat B,,,--,992ft²,@$41,Centaline
23/10/2024,Grand Promenade・Tower 1・Upper Floor・Flat E,,,--,493ft²,@$47,Centaline
23/10/2024,Cadogan・Upper Floor・Flat B,,,--,346ft²,@$71,Centaline
23/10/2024,Heng Fa Chuen・Block 20・Middle Floor・Flat 1,,,--,547ft²,@$36,Centaline
23/10/2024,Serenity Heights,,,--,--,--,Centaline
23/10/2024,Lohas Park・Phase 9A Marini・Tower 3 (3B)・Lower Floor・Flat C,,,--,457ft²,@$39,Centaline
23/10/2024,Victoria Skye・Ocean Waves Tower 3・Upper Floor・Flat J,,,--,439ft²,@$48,Centaline
23/10/2024,Lime Stardom・Upper Floor・Flat E,,,--,370ft²,@$49,Centaline
23/10/2024,Upper West・Lower Floor・Flat B,,,--,263ft²,@$63,Centaline
23/10/2024,The Arch・Moon Tower (Block 2A)・Lower Floor・Flat C,,,--,419ft²,@$62,Centaline
23/10/2024,Lohas Park・Phase 7B Grand Montara・Tower 1 (1B)・Upper Floor・Flat D,,,--,525ft²,@$37,Centaline
23/10/2024,Grand Promenade・Tower 6・Upper Floor・Flat C,,,--,749ft²,@$51,Centaline
23/10/2024,Riviera Gardens・Hoi Chu Mansion (Block 2)・Lower Floor・Flat H,,,--,583ft²,@$31,Centaline
23/10/2024,Kingswood Villas・Phase 7 Kenswood Court・Block 6・Upper Floor・Flat H,,,--,547ft²,@$24,Centaline
23/10/2024,Fleur Pavilia・Tower 3・Lower Floor・Flat D,,,--,548ft²,@$49,Centaline
23/10/2024,Metro Harbour View・Phase 1・Tower 2・Upper Floor・Flat F,,,--,386ft²,@$44,Centaline
23/10/2024,Wetland Seasons Park・Phase 2・Tower 19・Lower Floor・Flat A3,,,--,442ft²,@$31,Centaline
23/10/2024,Yee Hong Building・Middle Floor・Flat B,,,--,302ft²,@$50,Centaline
23/10/2024,The Southside・Phase 2 La Marina・Tower 2 (2A)・Lower Floor・Flat E,,,--,341ft²,@$60,Centaline
23/10/2024,Garden Rivera・Block D・Middle Floor・Flat 2,,,--,269ft²,@$45,Centaline
23/10/2024,Celeste Court・Upper Floor・Flat G,,,--,935ft²,@$46,Centaline
23/10/2024,The Great Hill・Tower 3・Lower Floor・Flat B,,,--,"2,587ft²",@$30,Centaline
23/10/2024,Park Yoho・Phase 2A Park Yoho Genova・Tower 29・Middle Floor・Flat D,,,--,647ft²,@$26,Centaline
23/10/2024,L'wanchai・Middle Floor・Flat A,,,--,422ft²,@$51,Centaline
23/10/2024,La Grove・Block 2・Upper Floor・Flat G,,,--,511ft²,@$24,Centaline
23/10/2024,Festival City・Phase 3・Tower 3・22/F・Flat Sd,,$12.3M,,757ft²,"@$16,248",Land Registry
23/10/2024,Ching Tao Court・12/F・Flat 18,,$1.2M,--,--,--,Land Registry
23/10/2024,Banyan Garden・Phase 1・Tower 2・9/F・Flat D,,$5.78M,--,447ft²,"@$12,931",Land Registry
23/10/2024,The Southside・Phase 1 Southland・Tower 2 (2A)・31/F・Flat G,,$9.34M,--,370ft²,"@$25,249",Land Registry
23/10/2024,Hollywood Hill・7/F・Flat B,,$6.95M,--,--,--,Land Registry
23/10/2024,Dynasty Court・Tower 3・18/F・Flat B,,$52.8M,--,"1,513ft²","@$34,898",Land Registry
23/10/2024,One Jardine's Lookout・10/F・Flat A,,$3.76M,--,180ft²,"@$20,880",Land Registry
23/10/2024,Cullinan Sky・Phase 1・Tower 6・25/F・Flat B1,,$9.43M,--,467ft²,"@$20,185",Land Registry
23/10/2024,Royal Peninsula・Block 3・42/F・Flat E,,$12.42M,,778ft²,"@$15,964",Land Registry
23/10/2024,Lyton Building・7/F・No. 48 (Flat F),,$7.92M,,850ft²,"@$9,318",Land Registry
23/10/2024,Hiu Lai Court・Hiu On House (Block E)・34/F・Flat 15,,$3.09M,--,431ft²,"@$7,169",Land Registry
23/10/2024,Lohas Park・Phase 6 Lp6・Tower 5・31/F・Flat F,,$4.7M,,349ft²,"@$13,467",Land Registry
23/10/2024,Villa Premiere・Block 2・2/F・Flat E,,$4.4M,,552ft²,"@$7,967",Land Registry
23/10/2024,Gateway．Square Mile・6/F・Flat G,,$4.6M,--,260ft²,"@$17,677",Land Registry
23/10/2024,Amoy Gardens・Phase 2A・Block H・14/F・Flat 2,,$4.5M,,391ft²,"@$11,509",Land Registry
23/10/2024,Kam Ying Court・Kam Yee House (Block K)・34/F・Flat 3,,$3.13M,--,401ft²,"@$7,805",Land Registry
23/10/2024,Grand Central・Phase 1・Tower 1・31/F・Flat J,,$9.45M,,583ft²,"@$16,209",Land Registry
23/10/2024,Wang Fung Building・5/F・Flat B,,$3M,--,438ft²,"@$6,849",Land Registry
23/10/2024,Aqua Marine・Tower 6・40/F・Flat G,,$7.28M,,501ft²,"@$14,531",Land Registry
23/10/2024,Kai Chuen Court・Block 3 (Kai Chi House)・24/F・Flat 9,,$1.82M,--,--,--,Land Registry
23/10/2024,Chiu Ming Court・19/F・Flat 15,,$2.79M,--,--,--,Land Registry
23/10/2024,On Sau Court・Block A・29/F・Flat 26,,$3.15M,--,--,--,Land Registry
23/10/2024,On Sau Court・Block A・11/F・Flat 12,,$2.55M,--,--,--,Land Registry
23/10/2024,Ko Wang Court・Block A・4/F・Flat 1,,$1.36M,--,--,--,Land Registry
23/10/2024,The Yoho Hub・Phase C The Yoho Hub II・Tower 6・17/F・Flat D,,$6.82M,--,462ft²,"@$14,769",Land Registry
23/10/2024,Ching Tao Court・8/F・Flat 4,,$1.62M,--,--,--,Land Registry
23/10/2024,Ching Tao Court・6/F・Flat 8,,$1.6M,--,--,--,Land Registry
23/10/2024,Yan Ming Court・Yan Chuk House (Block B)・11/F・Flat 2,,$4.45M,--,645ft²,"@$6,899",Land Registry
23/10/2024,Cullinan Sky・Phase 1・Tower 5・18/F・Flat B2,,$6.42M,--,299ft²,"@$21,468",Land Registry
23/10/2024,The Yoho Hub・Phase C The Yoho Hub II・Tower 6・27/F・Flat J,,$9.08M,--,639ft²,"@$14,217",Land Registry
23/10/2024,The Pavilia Forest・Phase 2 The Pavilia Forest II・Tower 3・2/F・Flat E,,$6.22M,--,383ft²,"@$16,245",Land Registry
23/10/2024,The Pavilia Forest・Phase 2 The Pavilia Forest II・Tower 3・3/F・Flat E,,$6.24M,--,383ft²,"@$16,279",Land Registry
23/10/2024,One Jardine's Lookout・6/F・Flat A,,$3.68M,--,180ft²,"@$20,430",Land Registry
23/10/2024,One Jardine's Lookout・2/F・Flat A,,$3.6M,--,180ft²,"@$19,980",Land Registry
23/10/2024,The Pavilia Forest・Phase 2 The Pavilia Forest II・Tower 3・11/F・Flat F,,$4.68M,--,262ft²,"@$17,859",Land Registry
23/10/2024,Manor Hill・Tower 2・30/F・Flat C9,,$5.39M,--,283ft²,"@$19,057",Land Registry
23/10/2024,The Pavilia Forest・Phase 3 The Pavilia Forest III・Tower 1・16/F・Flat F,,$6.81M,--,382ft²,"@$17,825",Land Registry
23/10/2024,World Fair Court・26/F・Flat B,,$3.5M,--,400ft²,"@$8,750",Land Registry
23/10/2024,Ming Nga Court・Ming Yan House (Block B)・17/F・Flat 14,,$3.8M,--,394ft²,"@$9,645",Land Registry
23/10/2024,The Yoho Hub・Phase C The Yoho Hub II・Tower 6・27/F・Flat D,,$6.96M,--,462ft²,"@$15,073",Land Registry
23/10/2024,Ching Tao Court・21/F・Flat 5,,$1.22M,--,--,--,Land Registry
23/10/2024,Double Cove・Phase 1・Block 1・25/F・Flat H,,$6.45M,,496ft²,"@$13,004",Land Registry
23/10/2024,Mori・Tower 5・12/F・Flat H,,$4.76M,--,396ft²,"@$12,028",Land Registry
23/10/2024,The Palazzo・Block 11・52/F・Flat B,,$14.65M,,927ft²,"@$15,804",Land Registry
23/10/2024,Mei Foo Sun Chuen・Phase 1・15-17 Broadway・9/F・Flat C No. 15,,$4.82M,--,485ft²,"@$9,938",Land Registry
23/10/2024,Ching Wah Court・Wah Pik House (Block C)・31/F・Flat 6,,$4.22M,--,554ft²,"@$7,617",Land Registry
23/10/2024,83 Lai Chi Kok Road・3/F・Flat A,,$2.08M,,236ft²,"@$8,814",Land Registry
23/10/2024,Sunway Gardens・Block C・25/F・Flat 4,,$5.15M,,506ft²,"@$10,178",Land Registry
23/10/2024,St. Barths・Phase 2 Crown Of St Barths・Jasmine Avenue Villa 6,,$49.13M,--,"2,142ft²","@$22,938",Land Registry
23/10/2024,The Yoho Hub・Phase C The Yoho Hub II・Tower 6・55/F・Flat G,,$13.76M,--,856ft²,"@$16,071",Land Registry
23/10/2024,Chak Fung House・8/F・Flat E,,$2.83M,--,312ft²,"@$9,071",Land Registry
23/10/2024,One Innovale・Phase 1・Tower A・17/F・Flat 18,,$3.05M,,208ft²,"@$14,663",Land Registry
23/10/2024,The Pavilia Forest・Phase 2 The Pavilia Forest II・Tower 3・1/F・Flat F,,$4.25M,--,262ft²,"@$16,202",Land Registry
23/10/2024,Vista Paradiso・Phase 2・Tower 4・12/F・Flat B,,$8.9M,,788ft²,"@$11,294",Land Registry
23/10/2024,City One Shatin・Site 5・Block 48・17/F・Flat D,,$4.2M,,304ft²,"@$13,816",Land Registry
23/10/2024,One Jardine's Lookout・7/F・Flat A,,$3.7M,--,180ft²,"@$20,580",Land Registry
23/10/2024,Cullinan Sky・Phase 1・Tower 5・22/F・Flat B8,,$9.31M,--,460ft²,"@$20,242",Land Registry
23/10/2024,Lake Silver・Tower 8・57/F・Flat D,,$7.59M,,543ft²,"@$13,978",Land Registry
23/10/2024,One Jardine's Lookout・1/F・Flat B,,$5.59M,--,241ft²,"@$23,203",Land Registry
23/10/2024,Monterey・Tower 3・3/F・Flat D,,$11M,,759ft²,"@$14,493",Land Registry
23/10/2024,Ching Tao Court・28/F・Flat 14,,$1.33M,--,--,--,Land Registry
23/10/2024,Whampoa Garden・Phase 12 Bamboo Mansions・Block 7・9/F・Flat F,,$6.8M,,607ft²,"@$11,203",Land Registry
23/10/2024,High Park・Phase 1・Tower 1・8/F・Flat A06,,$3.78M,--,336ft²,"@$11,260",Land Registry
23/10/2024,High Park・Phase 1・Tower 3・6/F・Flat A11,,$4.46M,--,439ft²,"@$10,152",Land Registry
23/10/2024,High Park・Phase 1・Tower 1・1/F・Flat B01,,$5.19M,--,395ft²,"@$13,152",Land Registry
23/10/2024,High Park・Phase 1・Tower 2・6/F・Flat A05,,$5.06M,--,440ft²,"@$11,496",Land Registry
23/10/2024,High Park・Phase 1・Tower 2・7/F・Flat A03,,$4.21M,--,345ft²,"@$12,198",Land Registry
23/10/2024,High Park・Phase 1・Tower 2・10/F・Flat A05,,$5.22M,--,440ft²,"@$11,856",Land Registry
23/10/2024,High Park・Phase 1・Tower 3・1/F・Flat A08,,$4.68M,--,404ft²,"@$11,595",Land Registry
23/10/2024,High Park・Phase 1・Tower 3・8/F・Flat A11,,$4.5M,--,439ft²,"@$10,250",Land Registry
23/10/2024,High Park・Phase 1・Tower 3・10/F・Flat A01,,$5.07M,--,449ft²,"@$11,281",Land Registry
23/10/2024,High Park・Phase 1・Tower 3・10/F・Flat B03,,$6.02M,--,433ft²,"@$13,897",Land Registry
23/10/2024,Fook Hong Mansion・3/F・Flat G,,$3.2M,,409ft²,"@$7,824",Land Registry
23/10/2024,Cullinan Sky・Phase 1・Tower 5・30/F・Flat A5,,$7.48M,--,299ft²,"@$25,015",Land Registry
23/10/2024,Cullinan Sky・Phase 1・Tower 5・30/F・Flat A6,,$7.48M,--,297ft²,"@$25,177",Land Registry
23/10/2024,Kt Marina・Phase 1・Tower 2A・10/F・Flat D,,$9.67M,--,534ft²,"@$18,110",Land Registry
23/10/2024,The Cairnhill・Phase 1・Carpark・7/F・No.P514,,"$450,000",--,--,--,Land Registry
23/10/2024,Wing Wah Building・4/F・Flat D,,$4.5M,--,397ft²,"@$11,335",Land Registry
23/10/2024,Century Tower・Tower 1・10/F・Flat A,,$50M,,"2,041ft²","@$24,498",Land Registry
23/10/2024,One Jardine's Lookout・22/F・Flat B,,$10.73M,--,535ft²,"@$20,050",Land Registry
23/10/2024,Kingswood Villas・Phase 5 Lynwood Court・Block 10・21/F・Flat C,,$4.18M,,546ft²,"@$7,656",Land Registry
23/10/2024,Chi Lok Fa Yuen・Lok Wing Yuen (Block 7)・5/F・Flat E,,$4.15M,--,584ft²,"@$7,106",Land Registry
23/10/2024,One Mayfair・Tower 1・9/F・Flat A,,$70M,,"2,155ft²","@$32,483",Land Registry
23/10/2024,Serenity Park・Phase 2・Carpark・B/M・No.25,,$1M,--,--,--,Land Registry
23/10/2024,Seaside Sonata・Tower 5・3/F・Flat F,,$6.5M,,507ft²,"@$12,821",Land Registry
23/10/2024,Ching Tao Court・23/F・Flat 15,,$1.28M,--,--,--,Land Registry
23/10/2024,Ching Tao Court・13/F・Flat 6,,$1.19M,--,--,--,Land Registry
23/10/2024,Fanling Centre・Phase 2・Block H・10/F・Flat 2,,$5.08M,--,512ft²,"@$9,922",Land Registry
23/10/2024,Ficus Garden・Carpark・1/F・No.21,,"$780,000",--,--,--,Land Registry
23/10/2024,Whampoa Garden・Phase 10 Banyan Mansions・Block 3・15/F・Flat A,,$9M,,708ft²,"@$12,712",Land Registry
23/10/2024,Uptown East・Tower 1B・15/F・Flat H,,$8M,--,503ft²,"@$15,911",Land Registry
23/10/2024,South Horizons・Phase 3・Mei Chun Court (Block 21)・7/F・Flat B,,$7.36M,,581ft²,"@$12,668",Land Registry
23/10/2024,Lei King Wan・Sites A・Carpark・B/M・No.21,,$1.62M,--,--,--,Land Registry
23/10/2024,South Horizons・Phase 2・Yee Ngar Court (Block 9)・18/F・Flat A,,$10.15M,,739ft²,"@$13,735",Land Registry
23/10/2024,Taikoo Shing・Kwun Hoi Terrace・(T-45) Tung Hoi Mansion・3/F・Flat C,,$9.1M,--,723ft²,"@$12,586",Land Registry
23/10/2024,Dawning Views・Carpark・1/F・No.182,,$1.28M,--,--,--,Land Registry
23/10/2024,Serenity Park・Phase 1・Block 12・17/F・Flat D,,$4.85M,,447ft²,"@$10,850",Land Registry
23/10/2024,145-147 Kweilin Street・4/F・Flat B,,$3M,,279ft²,"@$10,753",Land Registry
23/10/2024,Novo Land・Phase 3B・Fiskars Tower 2A・29/F・Flat B,,$3.75M,--,292ft²,"@$12,857",Land Registry
23/10/2024,Novo Land・Phase 3B・Fiskars Tower 2A・16/F・Flat B,,$3.69M,--,292ft²,"@$12,631",Land Registry
23/10/2024,Wetland Seasons Bay・Phase 3・Tower 6A・7/F・Flat A6,,$6.31M,--,409ft²,"@$15,425",Land Registry
23/10/2024,Novo Land・Phase 3B・Fiskars Tower 2A・20/F・Flat B,,$3.71M,--,292ft²,"@$12,702",Land Registry
23/10/2024,Novo Land・Phase 3B・Fiskars Tower 2A・15/F・Flat B,,$3.68M,--,292ft²,"@$12,608",Land Registry
23/10/2024,Novo Land・Phase 3B・Fiskars Tower 2A・29/F・Flat E,,$3.21M,--,253ft²,"@$12,670",Land Registry
23/10/2024,The Wings・The Wings・Tower 8・7/F・Flat D,,$8.39M,,533ft²,"@$15,741",Land Registry
23/10/2024,Novo Land・Phase 3B・Fiskars Tower 2A・22/F・Flat B,,$3.72M,--,292ft²,"@$12,741",Land Registry
23/10/2024,Belair Monte・Block 6・25/F・Flat H,,$4.22M,,427ft²,"@$9,883",Land Registry
23/10/2024,Dawning Views・Block 4・17/F・Flat B,,$4.9M,,436ft²,"@$11,239",Land Registry
23/10/2024,The Rise・22/F・Flat Rb,,$7.28M,,749ft²,"@$9,720",Land Registry
23/10/2024,Ka Tin Court・Ka Wai House (Block D)・34/F・Flat 2,,$4.17M,--,469ft²,"@$8,887",Land Registry
23/10/2024,Vau Residence・21/F・Flat C,,$5.65M,--,264ft²,"@$21,413",Land Registry
23/10/2024,The Pavilia Forest・Phase 2 The Pavilia Forest II・Tower 3・10/F・Flat F,,$4.59M,--,262ft²,"@$17,504",Land Registry
23/10/2024,One Jardine's Lookout・3/F・Flat A,,$3.62M,--,180ft²,"@$20,130",Land Registry
23/10/2024,One Jardine's Lookout・6/F・Flat F,,$4.84M,--,272ft²,"@$17,800",Land Registry
23/10/2024,One Jardine's Lookout・6/F・Flat E,,$4.23M,--,231ft²,"@$18,300",Land Registry
23/10/2024,One Jardine's Lookout・20/F・Flat D,,$6.84M,--,379ft²,"@$18,050",Land Registry
23/10/2024,Tung Chung Crescent・Phase 2・Block 7・33/F・Flat E,,$6M,--,527ft²,"@$11,385",Land Registry
23/10/2024,Taikoo Shing・Tsui Woo Terrace・Carpark・U/G・No.27,,$1.2M,--,--,--,Land Registry
23/10/2024,The Latitude・Tower 6・47/F・Flat B,,$14.8M,,834ft²,"@$17,746",Land Registry
23/10/2024,Island Place・Block 3 (Three Island Place)・28/F・Flat G,,$11.2M,,788ft²,"@$14,213",Land Registry
23/10/2024,Fok Sing Building・7/F・Flat D,,$2.8M,,338ft²,"@$8,284",Land Registry
23/10/2024,Sunway Gardens・Block A・8/F・Flat 5,,$5.28M,--,574ft²,"@$9,199",Land Registry
23/10/2024,Hipway Towers・Block B・9/F・Flat B4,,$4.6M,--,586ft²,"@$7,850",Land Registry
23/10/2024,Kar Fu Building・17/F・Flat D,,$2.7M,,196ft²,"@$13,776",Land Registry
23/10/2024,Siu Lun Court・Wah Lun House (Block L)・16/F・Flat 4,,$3.56M,--,554ft²,"@$6,426",Land Registry
23/10/2024,Ocean Shores・Phase 3・Tower 13・46/F・Flat E,,$10.55M,,751ft²,"@$14,048",Land Registry
23/10/2024,Ocean Shores・Phase 2・Tower 7・8/F・Flat C,,$6.05M,,498ft²,"@$12,149",Land Registry
23/10/2024,Manor Hill・Tower 2・36/F・Flat C8,,$5.47M,--,284ft²,"@$19,254",Land Registry
23/10/2024,Cullinan Sky・Phase 1・Tower 6・20/F・Flat B1,,$9.31M,--,467ft²,"@$19,945",Land Registry
23/10/2024,The Pavilia Forest・Phase 1 The Pavilia Forest I・Tower 5・21/F・Flat G,,$7.91M,--,469ft²,"@$16,859",Land Registry
23/10/2024,Cullinan Sky・Phase 1・Tower 5・21/F・Flat B3,,$6.4M,--,296ft²,"@$21,619",Land Registry
23/10/2024,The Metro City・Phase 2・Tower 9・32/F・Flat D,,$6.51M,,538ft²,"@$12,100",Land Registry
23/10/2024,Lok Nga Court・Nga Ping House (Block F)・26/F・Flat 2,,$3.42M,--,467ft²,"@$7,323",Land Registry
23/10/2024,Cullinan Sky・Phase 1・Tower 5・30/F・Flat A8,,$11.52M,--,509ft²,"@$22,634",Land Registry
23/10/2024,Rhine Garden・Block 5・9/F・Flat F,,$4.5M,,681ft²,"@$6,608",Land Registry
23/10/2024,Novo Land・Phase 3B・Fiskars Tower 1・17/F・Flat J,,$5.85M,--,472ft²,"@$12,398",Land Registry
23/10/2024,Village Gardens・Phase 3・Block B17 (No. 40)・2/F・Flat B,,$12.9M,,759ft²,"@$16,996",Land Registry
23/10/2024,Ching Tao Court・12/F・Flat 3,,$1.21M,--,--,--,Land Registry
23/10/2024,Luk Yeung Sun Chuen・Block A・26/F・Flat 4,,$6.33M,--,582ft²,"@$10,876",Land Registry
23/10/2024,The Aperture・5/F・Flat D,,$9.16M,--,498ft²,"@$18,402",Land Registry
23/10/2024,Rose Dale Garden・12/F・Flat H,,$3.85M,,421ft²,"@$9,145",Land Registry
23/10/2024,The Reach・Tower 1・28/F・Flat J,,$4.75M,,403ft²,"@$11,787",Land Registry
23/10/2024,Hong Lai Garden・Block 1・8/F・Flat D,,$4.31M,--,480ft²,"@$8,979",Land Registry
23/10/2024,The Avenue・Phase 2・Tower 3・12/F・Flat A,,$15M,,591ft²,"@$25,381",Land Registry
23/10/2024,Dragon Centre・Tower 2・29/F・Flat G,,$4.38M,--,290ft²,"@$15,103",Land Registry
23/10/2024,Onmantin・Phase 2A・Tower 3・11/F・Flat E,,$10.08M,--,490ft²,"@$20,580",Land Registry
23/10/2024,Onmantin・Phase 2A・Tower 3・10/F・Flat E,,$10.1M,--,490ft²,"@$20,604",Land Registry
23/10/2024,Lohas Park・Phase 12B Park Seasons・Tower 2 (2B)・38/F・Flat D,,$6.57M,--,437ft²,"@$15,025",Land Registry
23/10/2024,Onmantin・Phase 2B・Tower 5 (5A)・27/F・Flat A,,$20.31M,--,783ft²,"@$25,935",Land Registry
23/10/2024,Kam Fung Building・8/F・Flat C,,$5M,--,450ft²,"@$11,111",Land Registry
23/10/2024,The Yoho Hub・Phase C The Yoho Hub II・Tower 6・40/F・Flat J,,$9.4M,--,638ft²,"@$14,736",Land Registry
23/10/2024,The Yoho Hub・Phase C The Yoho Hub II・Tower 6・40/F・Flat H,,$12.97M,--,901ft²,"@$14,390",Land Registry
23/10/2024,City One Shatin・Site 1・Block 8・18/F・Flat D,,$4.1M,,327ft²,"@$12,538",Land Registry
23/10/2024,Kwan Yick Building・Phase 1・Kwan Yick Building Phase 1・16/F・Flat 22,,$4.18M,,370ft²,"@$11,297",Land Registry
23/10/2024,Lohas Park・Phase 12B Park Seasons・Tower 2 (2B)・33/F・Flat A,,$8.15M,--,537ft²,"@$15,182",Land Registry
23/10/2024,Sorrento・Phase 1・Block 6・15/F・Flat E,,$16.08M,,853ft²,"@$18,851",Land Registry
23/10/2024,Lung Poon Court・Lung Bik House (Block F)・10/F・Flat 9,,$2.9M,--,383ft²,"@$7,572",Land Registry
23/10/2024,The Yoho Hub・Phase C The Yoho Hub II・Tower 6・37/F・Flat G,,$12.38M,--,856ft²,"@$14,463",Land Registry
23/10/2024,One Jardine's Lookout・28/F・Flat A,,$13.04M,--,590ft²,"@$22,103",Land Registry
23/10/2024,One Jardine's Lookout・2/F・Flat C,,$6.94M,--,392ft²,"@$17,707",Land Registry
23/10/2024,One Jardine's Lookout・5/F・Flat F,,$5.14M,--,272ft²,"@$18,880",Land Registry
23/10/2024,One Jardine's Lookout・5/F・Flat E,,$4.48M,--,231ft²,"@$19,413",Land Registry
23/10/2024,One Jardine's Lookout・5/F・Flat C,,$7.02M,--,392ft²,"@$17,920",Land Registry
23/10/2024,One Jardine's Lookout・5/F・Flat B,,$9.81M,--,538ft²,"@$18,240",Land Registry
23/10/2024,One Jardine's Lookout・2/F・Flat E,,$4.44M,--,231ft²,"@$19,200",Land Registry
23/10/2024,One Jardine's Lookout・2/F・Flat F,,$5.08M,--,272ft²,"@$18,667",Land Registry
23/10/2024,Ocean Shores・Phase 1・Tower 2・22/F・Flat E,,$7.15M,,516ft²,"@$13,857",Land Registry
23/10/2024,Tai Po Centre・Phase 6・Block 14・13/F・Flat B,,$4.12M,,391ft²,"@$10,537",Land Registry
23/10/2024,Yan Ming Court・Yan Kuk House (Block E)・16/F・Flat 10,,$4.79M,--,554ft²,"@$8,646",Land Registry
23/10/2024,The Aster・5/F・Flat B,,$14.09M,--,617ft²,"@$22,830",Land Registry
23/10/2024,The Aster・10/F・Flat B,,$14.4M,--,617ft²,"@$23,331",Land Registry
23/10/2024,Onmantin・Phase 2B・Tower 6 (6A)・15/F・Flat B,,$17.02M,--,760ft²,"@$22,391",Land Registry
23/10/2024,The Aster・15/F・Flat B,,$14.69M,--,617ft²,"@$23,801",Land Registry
23/10/2024,The Aster・20/F・Flat B,,$15.4M,--,617ft²,"@$24,961",Land Registry
23/10/2024,The Aster・26/F・Flat B,,$16.12M,--,617ft²,"@$26,125",Land Registry
23/10/2024,Onmantin・Phase 2A・Tower 3・18/F・Flat C,,$21.07M,--,899ft²,"@$23,439",Land Registry
23/10/2024,58 Nam Kok Road・3/F・No. 58,,$6.95M,,785ft²,"@$8,854",Land Registry
23/10/2024,44 Nam Kok Road・1/F・No. 44 (Flat C),,$2.12M,,233ft²,"@$9,099",Land Registry
23/10/2024,Siu Shan Court・Yue King House (Block L)・17/F・Flat 6,,$3.62M,--,546ft²,"@$6,626",Land Registry
23/10/2024,Novo Land・Phase 3B・Fiskars Tower 2A・15/F・Flat J,,$4.9M,--,400ft²,"@$12,248",Land Registry
23/10/2024,The Yoho Hub・Phase C The Yoho Hub II・Tower 6・17/F・Flat J,,$8.88M,--,639ft²,"@$13,889",Land Registry
23/10/2024,Cullinan Sky・Phase 1・Tower 5・22/F・Flat B2,,$6.48M,--,299ft²,"@$21,684",Land Registry
23/10/2024,Peak One・Phase 1・Carpark・5/F・No.P5023,,$2M,--,--,--,Land Registry
23/10/2024,Sablier・17/F・Flat D,,$4.81M,--,300ft²,"@$16,033",Land Registry
23/10/2024,Prime View Garden・Block 1・30/F・Flat F,,$2.98M,--,463ft²,"@$6,436",Land Registry
23/10/2024,Parc Palais・Carpark・3/F・No.166,,$1.8M,--,--,--,Land Registry
23/10/2024,Parc Palais・Carpark・3/F・No.122,,$1.8M,--,--,--,Land Registry
23/10/2024,Kwong Fung Terrace・Carpark・1/F・No.21,,$1.68M,--,--,--,Land Registry
23/10/2024,Kwong Fung Terrace・Carpark・1/F・No.25,,$1.5M,--,--,--,Land Registry
23/10/2024,Cheung Ling Mansion・14/F・Flat 5,,$4M,,288ft²,"@$13,889",Land Registry
23/10/2024,The Yoho Hub・Phase C The Yoho Hub II・Tower 6・43/F・Flat G,,$12.57M,--,856ft²,"@$14,681",Land Registry
23/10/2024,Ching Tao Court・14/F・Flat 18,,$1.21M,--,--,--,Land Registry
23/10/2024,Ching Tao Court・18/F・Flat 16,,$1.67M,--,--,--,Land Registry
23/10/2024,Ching Tao Court・29/F・Flat 5,,$1.25M,--,--,--,Land Registry
23/10/2024,Manifold Court・16/F・Flat C,,$5.17M,,381ft²,"@$13,570",Land Registry
23/10/2024,No. 28 Peak Road・NO. 28,,$1.05B,--,"8,910ft²","@$117,845",Land Registry
23/10/2024,Bayshore Apartments・18/F・Flat D,,$6.8M,,567ft²,"@$11,993",Land Registry
23/10/2024,Tin Chung Court・Chung Yuet House (Block H)・20/F・Flat 8,,$3.18M,--,506ft²,"@$6,285",Land Registry
23/10/2024,The Pavilia Forest・Phase 1 The Pavilia Forest I・Tower 6・7/F・Flat F,,$8.18M,--,381ft²,"@$21,475",Land Registry
23/10/2024,The Pavilia Forest・Phase 3 The Pavilia Forest III・Tower 1・17/F・Flat E,,$6.99M,--,383ft²,"@$18,261",Land Registry
23/10/2024,The Pavilia Forest・Phase 1 The Pavilia Forest I・Tower 6・5/F・Flat F,,$7.94M,--,381ft²,"@$20,845",Land Registry
23/10/2024,The Pavilia Forest・Phase 3 The Pavilia Forest III・Tower 1・16/F・Flat E,,$6.96M,--,383ft²,"@$18,170",Land Registry
23/10/2024,Hanford Garden・Block 4・18/F・Flat C,,$5.23M,,624ft²,"@$8,381",Land Registry
23/10/2024,Osmanthus Garden・Block 4・3/F・Flat D,,$4.08M,,649ft²,"@$6,287",Land Registry
23/10/2024,Richland Garden・Block 4・28/F・Flat B,,$4.26M,,410ft²,"@$10,390",Land Registry
23/10/2024,Handsome Court・Block 8・1/F・Flat B,,$4.8M,,654ft²,"@$7,339",Land Registry
23/10/2024,Luk Yeung Sun Chuen・Block B・6/F・Flat 7,,$4.69M,,445ft²,"@$10,539",Land Registry
23/10/2024,Capri・Tower 9・9/F・Flat F,,$7.6M,,538ft²,"@$14,126",Land Registry
23/10/2024,Lung Mun Oasis・Carpark・3/F・No.65,,"$750,000",--,--,--,Land Registry
23/10/2024,Tai Hing Gardens・Phase 2・Tower 10・21/F・Flat C,,$3.68M,,464ft²,"@$7,931",Land Registry
23/10/2024,Belvedere Garden・Phase 1・Block 3・29/F・Flat F,,$4.38M,,481ft²,"@$9,106",Land Registry
23/10/2024,Tsuen Wan Centre・Block 1 (Kwangchow House)・7/F・Flat H,,$3M,,377ft²,"@$7,958",Land Registry
23/10/2024,Century Link・Phase 2・Tower 2A・23/F・Flat 6,,$4.48M,,392ft²,"@$11,429",Land Registry
23/10/2024,Rambler Crest・Tower 6・46/F・Flat D,,$6.85M,,690ft²,"@$9,928",Land Registry
23/10/2024,City One Shatin・Site 2・Block 16・8/F・Flat G,,$4.28M,,327ft²,"@$13,089",Land Registry
23/10/2024,Park Villa・Phase 2 Park Hillcrest・Tower 1・2/F・Flat D8,,$2.9M,,298ft²,"@$9,732",Land Registry
23/10/2024,J C Place・Block 2・20/F・Flat C,,$4.1M,,446ft²,"@$9,193",Land Registry
23/10/2024,Discovery Park・Phase 2・Block 8・5/F・Flat A,,$7.23M,,659ft²,"@$10,968",Land Registry
23/10/2024,Miami Beach Towers・Tower 5・19/F・Flat C,,$5.25M,,625ft²,"@$8,400",Land Registry
23/10/2024,Siu Hei Court・Lok Hei House (Block E)・12/F・Flat 4,,$2.8M,--,363ft²,"@$7,713",Land Registry
23/10/2024,Luk Yeung Sun Chuen・Block P・25/F・Flat 6,,$5.1M,,445ft²,"@$11,461",Land Registry
23/10/2024,Hanford Garden・Block 7・12/F・Flat F,,$5.58M,,624ft²,"@$8,942",Land Registry
23/10/2024,Gateway．Square Mile・25/F・Flat A,,$6.08M,--,285ft²,"@$21,331",Land Registry
23/10/2024,Clague Garden Estate・Tower B・25/F・Flat A,,$3.5M,--,437ft²,"@$8,009",Land Registry
23/10/2024,Greenview Villa・Tower 2・29/F・Flat C,,$5.1M,--,543ft²,"@$9,392",Land Registry
23/10/2024,Wealthy Garden・Cheong Fu Court・11/F・Flat B,,$3.5M,,313ft²,"@$11,182",Land Registry
23/10/2024,117 Parkes Street・3/F・No. 117,,$2.8M,--,422ft²,"@$6,635",Land Registry
23/10/2024,Springdale Villas・Tower 3・9/F・Flat C,,$4.78M,,464ft²,"@$10,302",Land Registry
23/10/2024,Po Shing Building・9/F・Flat A,,$3.5M,--,488ft²,"@$7,172",Land Registry
23/10/2024,Ealing Court・6/F・Flat B,,$2.7M,,252ft²,"@$10,714",Land Registry
23/10/2024,Connaught Garden・Carpark・3/F・No.63,,$1.98M,--,--,--,Land Registry
23/10/2024,United Building・Fung Yi Court・4/F・Flat 8,,$2.37M,,287ft²,"@$8,251",Land Registry
23/10/2024,Chi Fu Fa Yuen・Fu Yan Yuen (Block H-8)・18/F・Flat D,,$5M,--,439ft²,"@$11,390",Land Registry
23/10/2024,Blue Haven・5/F・Flat D,,$10.13M,,897ft²,"@$11,293",Land Registry
23/10/2024,One Jardine's Lookout・22/F・Flat A,,$3.94M,--,180ft²,"@$21,880",Land Registry
23/10/2024,The Yoho Hub・Phase C The Yoho Hub II・Tower 6・16/F・Flat K,,$7.29M,--,492ft²,"@$14,811",Land Registry
23/10/2024,Pano Harbour・Tower 5・30/F・Flat C,,$18.7M,--,620ft²,"@$30,165",Land Registry
23/10/2024,Ching Tao Court・23/F・Flat 17,,$1.7M,--,--,--,Land Registry
23/10/2024,Des Voeux W Residence・31/F・Flat B,,$9M,--,344ft²,"@$26,156",Land Registry
23/10/2024,Sea Crest Villa・Phase 2・Block 5・16/F・Flat D,,$5.5M,,747ft²,"@$7,363",Land Registry
23/10/2024,Hollywood Hill・5/F・Flat B,,$6.95M,--,--,--,Land Registry
23/10/2024,Mei Foo Sun Chuen・Phase 5・5-7 Humbert Street・16/F・Flat B No. 5,,$5.1M,--,507ft²,"@$10,059",Land Registry
23/10/2024,Ching Tao Court・18/F・Flat 8,,$1.69M,--,--,--,Land Registry
23/10/2024,City One Shatin・Site 5・Block 51・20/F・Flat H,,$4.5M,,304ft²,"@$14,803",Land Registry
23/10/2024,Siu On Court・Ting On House (Block H)・4/F・Flat 7,,$3M,--,563ft²,"@$5,329",Land Registry
23/10/2024,One Jardine's Lookout・1/F・Flat A,,$3.45M,--,147ft²,"@$23,500",Land Registry
23/10/2024,Ching Tao Court・26/F・Flat 1,,$1.26M,--,--,--,Land Registry
23/10/2024,Telford Gardens・Block U・19/F・Flat 5,,$5.63M,,527ft²,"@$10,683",Land Registry
23/10/2024,Festival City・Phase 3・Tower 3・18/F・Flat Na,,$9.58M,,688ft²,"@$13,924",Land Registry
23/10/2024,Shatin Centre・Carpark・1/F・No.95,,"$680,000",--,--,--,Land Registry
23/10/2024,The Zutten・29/F・Flat C,,$4.58M,,276ft²,"@$16,594",Land Registry
23/10/2024,Palm Springs・Phase 1C Westwood Prunus・House 22,,$11.48M,,"1,371ft²","@$8,373",Land Registry
23/10/2024,The Yoho Hub・Phase C The Yoho Hub II・Tower 6・55/F・Flat H,,$14.29M,--,901ft²,"@$15,863",Land Registry
23/10/2024,The Yoho Hub・Phase C The Yoho Hub II・Tower 6・49/F・Flat H,,$13.45M,--,901ft²,"@$14,927",Land Registry
23/10/2024,Fairview Park・11Th Street River North・No. 39 (S.N Ss.106),,$12.38M,,"1,035ft²","@$11,961",Land Registry
23/10/2024,Grenville House・Block C・9/F・Block C,,$114M,,"3,335ft²","@$34,183",Land Registry
23/10/2024,Heng On Estate・Heng Kong House (Block 1)・10/F・Flat 32,,$2.7M,--,349ft²,"@$7,736",Land Registry
23/10/2024,Jubilee Garden・Block 7・22/F・Flat A,,$4.8M,--,506ft²,"@$9,486",Land Registry
23/10/2024,The Bloomsway・The Laguna Tower 3・12/F・Flat B,,$10.88M,,956ft²,"@$11,381",Land Registry
23/10/2024,Casa 880・31/F・Flat B,,$17M,,"1,008ft²","@$16,865",Land Registry
23/10/2024,Ching Tao Court・30/F・Flat 15,,$1.3M,--,--,--,Land Registry
23/10/2024,Double Mansion・3/F・Flat A,,$2.98M,,285ft²,"@$10,456",Land Registry
23/10/2024,Tin Shing Court・Shing Yi House (Block C)・38/F・Flat 15,,$3.25M,--,426ft²,"@$7,629",Land Registry
23/10/2024,Lohas Park・Phase 5A Malibu・Tower 2A・62/F・Flat C,,$6.15M,,454ft²,"@$13,546",Land Registry
23/10/2024,Parkvale・Tower 3 Hong Pak Mansion・17/F・Flat D,,$7.1M,,555ft²,"@$12,789",Land Registry
23/10/2024,Wing On Court・18/F・Flat B,,$24M,,"1,668ft²","@$14,388",Land Registry
23/10/2024,Lohas Park・Phase 12B Park Seasons・Tower 2 (2B)・35/F・Flat D,,$6.37M,--,437ft²,"@$14,574",Land Registry
23/10/2024,Lai Tsui Court・Tower 4 (Lai Ki House)・11/F・Flat 1,,$4.96M,--,443ft²,"@$11,196",Land Registry
23/10/2024,Lohas Park・Phase 2C La Splendeur・Tower 10・32/F・Flat Lb,,$6.93M,,681ft²,"@$10,176",Land Registry
23/10/2024,Hong Kong Parkview・Carpark・3/F・No.250,,$1M,--,--,--,Land Registry
23/10/2024,Manor Hill・Tower 2・31/F・Flat D5,,$5.35M,--,283ft²,"@$18,890",Land Registry
23/10/2024,Hoi Lok Court・Block A (Hoi Pik House)・37/F・Flat 17,,$6.2M,--,477ft²,"@$12,998",Land Registry
23/10/2024,Convention Plaza Apartments・30/F・Flat 9,,$9.85M,,618ft²,"@$15,939",Land Registry
23/10/2024,Peace Tower・20/F・Flat C,,$4.75M,,311ft²,"@$15,273",Land Registry
22/10/2024,Ocean Pride・Phase 3・Tower 6・Lower Floor・Flat C,,$17.7M,--,"1,149ft²","@$15,405",Centaline
22/10/2024,Taikoo Shing・Kam Din Terrace・(T-23) Hsia Kung Mansion・Upper Floor・Flat E,,$9.3M,--,702ft²,"@$13,248",Centaline
22/10/2024,East Point City・Block 2・Middle Floor・Flat D,,$7.4M,--,619ft²,"@$11,955",Centaline
22/10/2024,Island Harbourview・Tower 9・Lower Floor・Flat G,,$7.68M,--,457ft²,"@$16,805",Centaline
22/10/2024,Neptune Terrace・Block 1・Lower Floor・Flat K,,$4.3M,--,592ft²,"@$7,264",Centaline
22/10/2024,Ocean Shores・Phase 1・Tower 3・Upper Floor・Flat F,,$7.47M,--,512ft²,"@$14,590",Centaline
22/10/2024,Fontana Gardens・Block 3 - 6・Upper Floor・No. 3,,$49.5M,--,"2,750ft²","@$18,000",Centaline
22/10/2024,Ching Wah Court・Wah Woon House (Block A)・Middle Floor・Flat 13,,$2.92M,--,351ft²,"@$8,319",Centaline
22/10/2024,Uptown・Tower 3・Middle Floor・Flat B,,$6.09M,--,762ft²,"@$7,990",Centaline
22/10/2024,Gramercy・Middle Floor・Flat B,,,--,676ft²,@$71,Centaline
22/10/2024,The Avenue・Phase 2・Tower 2・Middle Floor・Flat D,,,--,339ft²,@$62,Centaline
22/10/2024,Yoho Town・Phase 1・Block 7・Lower Floor・Flat F,,,--,463ft²,@$31,Centaline
22/10/2024,The Visionary・Tower 1・Middle Floor・Flat B,,,--,"1,420ft²",@$29,Centaline
22/10/2024,The Latitude・Tower 6・Upper Floor・Flat G,,,--,525ft²,@$46,Centaline
22/10/2024,Alassio・Lower Floor・Flat D,,,--,927ft²,@$58,Centaline
22/10/2024,Tung Ho Building・Upper Floor・Flat B,,,--,200ft²,@$53,Centaline
22/10/2024,Lohas Park・Phase 9C Ocean Marini・Tower 1 (1B)・Middle Floor・Flat E,,,--,484ft²,@$35,Centaline
22/10/2024,The Quinn ‧ Square Mile・Tower 1・Lower Floor・Flat H,,,--,269ft²,@$58,Centaline
22/10/2024,Ocean Shores・Phase 3・Tower 11・Lower Floor・Flat F,,,--,665ft²,@$38,Centaline
22/10/2024,Telford Gardens・Block N・Upper Floor・Flat 15,,,--,494ft²,@$36,Centaline
22/10/2024,Park Mansion・Upper Floor・Flat C,,,--,338ft²,@$38,Centaline
22/10/2024,Cullinan West・Phase 3 Cullinan West Il・Tower 3A・Upper Floor・Flat C,,,--,538ft²,@$60,Centaline
22/10/2024,Maritime Bay・Block 2・Lower Floor・Flat B,,,--,672ft²,@$38,Centaline
22/10/2024,K. City・Tower 9・Lower Floor・Flat F,,,--,605ft²,@$45,Centaline
22/10/2024,The Papillons・Tower 7・Middle Floor・Flat E,,,--,512ft²,@$41,Centaline
22/10/2024,Ocean Shores・Phase 2・Tower 8・Upper Floor・Flat F,,,--,498ft²,@$38,Centaline
22/10/2024,Lohas Park・Phase 7A Montara・Tower 2 (2B)・Middle Floor・Flat B,,,--,540ft²,@$37,Centaline
22/10/2024,Amoy Gardens・Phase 2A・Block J・Middle Floor・Flat 6,,,--,391ft²,@$40,Centaline
22/10/2024,Ocean Pride・Phase 3A Ocean Supreme・Tower 2A・Upper Floor・Flat A,,,--,"1,164ft²",@$39,Centaline
22/10/2024,Laguna Verde・Phase 3 Costa Del Sol・Tower 15A・Middle Floor・Flat A,,,--,"1,125ft²",@$36,Centaline
22/10/2024,Mei Foo Sun Chuen・Phase 2・5-7 Glee Path・Middle Floor・Flat D No. 7,,,--,705ft²,@$33,Centaline
22/10/2024,The Hermitage・Tower 2・Upper Floor・Flat B,,,--,816ft²,@$50,Centaline
22/10/2024,Grand Horizon・Block 3・Upper Floor・Flat B,,,--,511ft²,@$34,Centaline
22/10/2024,Cetus‧Square Mile・Tower 2・Lower Floor・Flat D,,,--,198ft²,@$66,Centaline
22/10/2024,The Quinn ‧ Square Mile・Tower 2・Lower Floor・Flat H,,,--,269ft²,@$58,Centaline
22/10/2024,Caribbean Coast・Phase 3 Carmel Cove・Tower 10・Upper Floor・Flat B,,,--,749ft²,@$32,Centaline
22/10/2024,Fanling Town Center・Elegant Court (Block 5)・Upper Floor・Flat A,,,--,399ft²,@$31,Centaline
22/10/2024,Lohas Park・Phase 9B Grand Marini・Tower 2 (2B)・Middle Floor・Flat E,,,--,377ft²,@$44,Centaline
22/10/2024,The Consonance・Upper Floor・Flat H,,,--,200ft²,@$70,Centaline
22/10/2024,Novo Land・Phase 1B・Bergen Tower 3・Upper Floor・Flat N,,,--,301ft²,@$44,Centaline
22/10/2024,Tseung Kwan O Plaza・Phase 1・Tower 1・Lower Floor・Flat D,,,--,414ft²,@$45,Centaline
22/10/2024,Prince Central・Lower Floor・Flat H,,,--,266ft²,@$62,Centaline
22/10/2024,Mantin Heights・Tower 1・Lower Floor・Flat G,,,--,579ft²,@$40,Centaline
22/10/2024,Discovery Park・Phase 3・Block 12・Lower Floor・Flat F,,,--,650ft²,@$32,Centaline
22/10/2024,Man Lai Court・Block 1・Lower Floor・Flat G,,,--,637ft²,@$36,Centaline
22/10/2024,Sai Po (Four Pearls) Building・Upper Floor・Flat B,,,--,329ft²,@$27,Centaline
22/10/2024,Monaco One・Phase 2 Monaco Marine・Tower 1B・Middle Floor・Flat B,,,--,570ft²,@$58,Centaline
22/10/2024,Yoho Town・Phase 2 Yoho Midtown・Block M2・Lower Floor・Flat C,,,--,606ft²,@$35,Centaline
22/10/2024,Moonstar Court・Lower Floor・Flat B,,,--,250ft²,@$56,Centaline
22/10/2024,One Innovale・Phase 2・Tower C・Upper Floor・Flat 1,,,--,438ft²,@$33,Centaline
22/10/2024,Koko Hills・Phase 3B Koko Mare・Tower 9・Upper Floor・Flat F,,,--,312ft²,@$54,Centaline
22/10/2024,The Hillgrove・Carpark・LOWER C/P・No.60,,"$520,000",--,--,--,Land Registry
22/10/2024,Century Tower・Tower 2・16/F・No. 1A,,$98.75M,--,"2,786ft²","@$35,445",Land Registry
22/10/2024,Cheerful Garden・Block 5・23/F・Flat K,,$4.55M,--,431ft²,"@$10,557",Land Registry
22/10/2024,Hoi Tak Gardens・Block 3・17/F・Flat B,,$4.7M,,494ft²,"@$9,514",Land Registry
22/10/2024,Connaught Garden・Block 3・28/F・Flat A,,$6M,,340ft²,"@$17,647",Land Registry
22/10/2024,Allway Garden・Block H・10/F・Flat 2,,$3.27M,--,473ft²,"@$6,909",Land Registry
22/10/2024,Sceneway Garden・Block 7・24/F・Flat D,,$6.15M,,537ft²,"@$11,453",Land Registry
22/10/2024,Caribbean Coast・Phase 2 Albany Cove・Tower 6・25/F・Flat F,,$5.3M,,548ft²,"@$9,672",Land Registry
22/10/2024,Ko Wang Court・Block B・40/F・Flat 8,,$1.05M,--,--,--,Land Registry
22/10/2024,On Sau Court・Block A・33/F・Flat 2,,$3.15M,--,--,--,Land Registry
22/10/2024,Kai Chuen Court・Block 3 (Kai Chi House)・17/F・Flat 10,,$1.82M,--,--,--,Land Registry
22/10/2024,Nan Fung Sun Chuen・Carpark・LG3・No.54,,"$800,000",--,--,--,Land Registry
22/10/2024,Harbour Place・Tower 6・10/F・Flat F,,$6M,,432ft²,"@$13,889",Land Registry
22/10/2024,Cheong Wang Mansion・18/F・Flat C,,$3.6M,--,459ft²,"@$7,843",Land Registry
22/10/2024,Chung Sing Building・11/F・Flat 6,,$2.92M,,397ft²,"@$7,355",Land Registry
22/10/2024,Central Park Towers・Phase 1・Tower 2・12/F・Flat H,,$4.35M,,494ft²,"@$8,806",Land Registry
22/10/2024,Lohas Park・Phase 2B Le Prime・Tower 6 - L Wing・56/F・Flat D,,$9.08M,,977ft²,"@$9,294",Land Registry
22/10/2024,Dukes Place・3/F・Flat A,,$212M,--,"3,976ft²","@$53,320",Land Registry
22/10/2024,One Jardine's Lookout・6/F・Flat D,,$9.22M,--,559ft²,"@$16,488",Land Registry
22/10/2024,Hong Pak Court・Wing Pak House (Block F)・19/F・Flat 7,,$5.33M,--,645ft²,"@$8,264",Land Registry
22/10/2024,Yee Fung Building・6/F・Flat I,,$3.58M,,280ft²,"@$12,786",Land Registry
22/10/2024,Tung Hei Court・Wah Hei House (Block C)・6/F・Flat 1,,$4.68M,--,649ft²,"@$7,211",Land Registry
22/10/2024,Belair Gardens・Carpark・BM2・No.1131,,"$615,000",--,--,--,Land Registry
22/10/2024,Cullinan West・Phase 3 Cullinan West Il・Tower 3B・9/F・Flat K,,$6.9M,,379ft²,"@$18,206",Land Registry
22/10/2024,Belvedere Garden・Phase 2・Block 4・36/F・Flat B,,$5.8M,,572ft²,"@$10,140",Land Registry
22/10/2024,Kam Fung Court・Kam Ho House (Block H)・29/F・Flat 11,,$3.8M,--,428ft²,"@$8,879",Land Registry
22/10/2024,Amoy Gardens・Phase 1・Block B・35/F・Flat 5,,$4.35M,,390ft²,"@$11,154",Land Registry
22/10/2024,The Metro City・Phase 2・Carpark・BM2・No.Rc368,,"$948,000",--,--,--,Land Registry
22/10/2024,Coastal Skyline・Phase 1・Block 5・8/F・Flat F,,$4.5M,,388ft²,"@$11,598",Land Registry
22/10/2024,Topside Residences・Tower A1・31/F・Flat A,,$64.77M,--,"1,589ft²","@$40,760",Land Registry
22/10/2024,One Jardine's Lookout・11/F・Flat D,,$9.78M,--,559ft²,"@$17,488",Land Registry
22/10/2024,Miami Quay・Phase 1・Tower 3・27/F・Flat B,,$11.76M,--,467ft²,"@$25,186",Land Registry
22/10/2024,Manor Hill・Tower 1・26/F・Flat B1,,$5.26M,--,288ft²,"@$18,278",Land Registry
22/10/2024,One Jardine's Lookout・18/F・Flat A,,$3.95M,--,180ft²,"@$21,958",Land Registry
22/10/2024,Ching Tao Court・7/F・Flat 21,,$1.6M,--,--,--,Land Registry
22/10/2024,Ching Tao Court・31/F・Flat 15,,$1.31M,--,--,--,Land Registry
22/10/2024,Ching Tao Court・32/F・Flat 4,,$1.75M,--,--,--,Land Registry
22/10/2024,Ching Tao Court・14/F・Flat 8,,$1.66M,--,--,--,Land Registry
22/10/2024,Ching Tao Court・5/F・Flat 21,,$1.56M,--,--,--,Land Registry
22/10/2024,Hollywood Hill・2/F・Flat A,,$6.93M,--,--,--,Land Registry
22/10/2024,Tak Nga Court・3/F・Flat 19,,$4.7M,--,443ft²,"@$10,609",Land Registry
22/10/2024,City One Shatin・Site 3・Block 30・17/F・Flat H,,$3.5M,,327ft²,"@$10,703",Land Registry
22/10/2024,"Fairview Park・Section I, 4Th Street・No. 19 (S.I Ss.122)",,$7.9M,--,848ft²,"@$9,316",Land Registry
22/10/2024,Choi Hung Building・1/F・No. 8,,$3.78M,--,636ft²,"@$5,943",Land Registry
22/10/2024,Oscar By The Sea・Phase 2・Block 8・12/F・Flat E,,$5.5M,,521ft²,"@$10,557",Land Registry
22/10/2024,South Horizons・Phase 2・Yee King Court (Block 8)・17/F・Flat B,,$10.3M,--,742ft²,"@$13,881",Land Registry
22/10/2024,Tai Hing Gardens・Phase 2・Tower 11・7/F・Flat F,,$4.35M,,544ft²,"@$7,993",Land Registry
22/10/2024,Luen Fat Building・4/F・No. 26A,,$3.31M,--,363ft²,"@$9,118",Land Registry
22/10/2024,The Yoho Hub・Phase C The Yoho Hub II・Tower 6・41/F・Flat B,,$8.56M,--,538ft²,"@$15,920",Land Registry
22/10/2024,Manor Hill・Tower 2・32/F・Flat D5,,$5.36M,--,283ft²,"@$18,933",Land Registry
22/10/2024,Koko Hills・Phase 3B Koko Mare・Tower 9・5/F・Flat F,,$5.95M,--,310ft²,"@$19,190",Land Registry
22/10/2024,Ultima・Phase 2・Tower 3・12/F・Flat A,,$40M,,"1,606ft²","@$24,907",Land Registry
22/10/2024,Royal Peninsula・Block 3・11/F・Flat G,,$6.32M,,462ft²,"@$13,680",Land Registry
22/10/2024,Beverly Villa・Block 4・4/F・Flat C,,$13.5M,,"1,211ft²","@$11,148",Land Registry
22/10/2024,Novo Land・Phase 3B・Fiskars Tower 2A・26/F・Flat C,,$3.74M,--,292ft²,"@$12,800",Land Registry
22/10/2024,Kt Marina・Phase 1・Tower 2A・10/F・Flat H,,$4.97M,--,305ft²,"@$16,298",Land Registry
22/10/2024,Ching Tao Court・13/F・Flat 22,,$1.82M,--,--,--,Land Registry
22/10/2024,Lohas Park・Phase 2B Le Prime・Tower 8 - L Wing・10/F・Flat A,,$6.34M,,678ft²,"@$9,351",Land Registry
22/10/2024,Sheung Shui Centre・Block 6・23/F・Flat E,,$8.8M,,623ft²,"@$14,125",Land Registry
22/10/2024,One Jardine's Lookout・21/F・Flat D,,$7.03M,--,379ft²,"@$18,554",Land Registry
22/10/2024,One Jardine's Lookout・21/F・Flat E,,$5.15M,--,264ft²,"@$19,524",Land Registry
22/10/2024,Lei Cheng Uk Estate・Hau Chi House (Block 9)・15/F・Flat 7,,$2.9M,--,544ft²,"@$5,331",Land Registry
22/10/2024,Uptown East・Tower 1B・15/F・Flat G,,$7.48M,--,494ft²,"@$15,140",Land Registry
22/10/2024,Manor Hill・Tower 1・35/F・Flat B1,,$5.38M,--,288ft²,"@$18,684",Land Registry
22/10/2024,Galaxy Plaza・13/F・Flat E,,$5.28M,,466ft²,"@$11,330",Land Registry
22/10/2024,One Jardine's Lookout・26/F・Flat A,,$3.95M,--,179ft²,"@$22,080",Land Registry
22/10/2024,Fung Shing Court・Fu Shing House (Block C)・26/F・Flat 9,,$2.96M,--,381ft²,"@$7,769",Land Registry
22/10/2024,Ching Tao Court・27/F・Flat 5,,$1.24M,--,--,--,Land Registry
22/10/2024,Jubilant Place・Tower 7・9/F・Flat B,,$9.55M,--,839ft²,"@$11,383",Land Registry
22/10/2024,Ching Tao Court・16/F・Flat 18,,$1.22M,--,--,--,Land Registry
22/10/2024,Ching Tao Court・6/F・Flat 20,,$1.59M,--,--,--,Land Registry
22/10/2024,Kwun Tak Court・Block B (Kwun Shing House)・19/F・Flat 8,,$6.75M,--,563ft²,"@$11,989",Land Registry
22/10/2024,Kt Marina・Phase 1・Tower 2A・5/F・Flat N,,$4.79M,--,288ft²,"@$16,628",Land Registry
22/10/2024,One Jardine's Lookout・7/F・Flat E,,$4.25M,--,231ft²,"@$18,400",Land Registry
22/10/2024,One Jardine's Lookout・5/F・Flat D,,$9.11M,--,559ft²,"@$16,288",Land Registry
22/10/2024,One Jardine's Lookout・27/F・Flat B,,$10.94M,--,515ft²,"@$21,250",Land Registry
22/10/2024,The Visionary・Tower 3・9/F・Flat B,,$10.97M,,"1,046ft²","@$10,484",Land Registry
22/10/2024,Cheung Wah Estate・Cheung Chi House・3/F・Flat A5,,"$468,000",--,--,--,Land Registry
22/10/2024,Yan Wing Mansion・16/F・Flat D,,$3.73M,,453ft²,"@$8,234",Land Registry
22/10/2024,Kingswood Villas・Phase 5 Lynwood Court・Block 4・32/F・Flat D,,$4.68M,,544ft²,"@$8,603",Land Registry
22/10/2024,Sun Fair Building・8/F・Flat H,,$3.03M,,390ft²,"@$7,769",Land Registry
22/10/2024,Sung (Shung) Kim House・5/F・Flat D,,$4.45M,--,616ft²,"@$7,224",Land Registry
22/10/2024,16 Apliu Street・4/F・Flat C,,"$700,000",--,141ft²,"@$4,965",Land Registry
22/10/2024,Belvedere Garden・Phase 1・Block 2・22/F・Flat G,,$4.4M,,481ft²,"@$9,148",Land Registry
22/10/2024,Bellagio・Carpark・2/F・No.R2129,,"$585,000",--,--,--,Land Registry
22/10/2024,Tsuen Wan Garden・Merry Court (Block C)・8/F・Flat 5,,$3.28M,,347ft²,"@$9,452",Land Registry
22/10/2024,May Shing Court・Kwai Shing House (Block A)・23/F・Flat 8,,$2.8M,--,338ft²,"@$8,284",Land Registry
22/10/2024,Hollywood Hill・12/F・Flat B,,$7.5M,--,--,--,Land Registry
22/10/2024,Bel Air Heights・Block 1・4/F・Flat E,,$7.18M,--,656ft²,"@$10,945",Land Registry
22/10/2024,The Pavilia Forest・Phase 2 The Pavilia Forest II・Tower 3・8/F・Flat E,,$6.36M,--,383ft²,"@$16,608",Land Registry
22/10/2024,Manor Hill・Tower 2・30/F・Flat A8,,$7.73M,--,406ft²,"@$19,039",Land Registry
22/10/2024,Uptown East・Tower 2A・35/F・Flat E,,$5.51M,--,337ft²,"@$16,359",Land Registry
22/10/2024,The Yoho Hub・Phase C The Yoho Hub II・Tower 6・25/F・Flat F,,$10.56M,--,749ft²,"@$14,103",Land Registry
22/10/2024,The Yoho Hub・Phase C The Yoho Hub II・Tower 6・28/F・Flat D,,$7M,--,462ft²,"@$15,146",Land Registry
22/10/2024,Hollywood Hill・3/F・Flat A,,$6.95M,--,--,--,Land Registry
22/10/2024,One Jardine's Lookout・17/F・Flat C,,$11.76M,--,480ft²,"@$24,500",Land Registry
22/10/2024,The Yoho Hub・Phase C The Yoho Hub II・Tower 6・43/F・Flat J,,$9.47M,--,638ft²,"@$14,838",Land Registry
22/10/2024,Tsuen Fung Building・4/F・Flat B,,$3M,,363ft²,"@$8,264",Land Registry
22/10/2024,Kam On Court・Yuk On House (Block A)・4/F・Flat 5,,$2.62M,--,401ft²,"@$6,534",Land Registry
22/10/2024,One Jardine's Lookout・19/F・Flat A,,$3.54M,--,180ft²,"@$19,680",Land Registry
22/10/2024,One Jardine's Lookout・19/F・Flat C,,$9.53M,--,479ft²,"@$19,900",Land Registry
22/10/2024,One Jardine's Lookout・19/F・Flat B,,$10.33M,--,535ft²,"@$19,300",Land Registry
22/10/2024,Hang (Han) Yu Building・21/F・Flat C,,$2.95M,--,187ft²,"@$15,775",Land Registry
22/10/2024,Ching Tao Court・26/F・Flat 8,,$1.73M,--,--,--,Land Registry
22/10/2024,Manor Hill・Tower 2・29/F・Flat C9,,$5.38M,--,283ft²,"@$19,018",Land Registry
22/10/2024,Caine Hill・11/F・Flat C,,$5.26M,--,197ft²,"@$26,695",Land Registry
22/10/2024,Cheerful Garden・Block 2・39/F・Flat C,,$4.88M,--,592ft²,"@$8,243",Land Registry
22/10/2024,One Jardine's Lookout・17/F・Flat B,,$10.11M,--,535ft²,"@$18,900",Land Registry
22/10/2024,One Jardine's Lookout・12/F・Flat D,,$9.89M,--,559ft²,"@$17,688",Land Registry
22/10/2024,One Jardine's Lookout・17/F・Flat E,,$4.9M,--,262ft²,"@$18,700",Land Registry
22/10/2024,The Yoho Hub・Phase C The Yoho Hub II・Tower 6・31/F・Flat A,,$7.26M,--,462ft²,"@$15,709",Land Registry
22/10/2024,City One Shatin・Site 4・Block 43・5/F・Flat G,,$3.55M,,304ft²,"@$11,678",Land Registry
22/10/2024,Prosperous Garden・Block 2・28/F・Flat H,,$7.6M,--,606ft²,"@$12,541",Land Registry
22/10/2024,Metro Harbour View・Phase 1・Tower 2・5/F・Flat E,,$5.96M,,337ft²,"@$17,685",Land Registry
22/10/2024,Discovery Bay・Phase 3-Parkvale Village・Crystal Court・3/F・Flat D,,$5M,,624ft²,"@$8,013",Land Registry
22/10/2024,The Pavilia Forest・Phase 3 The Pavilia Forest III・Tower 1・26/F・Flat K,,$4.84M,--,260ft²,"@$18,600",Land Registry
22/10/2024,Novo Land・Phase 3B・Fiskars Tower 1・19/F・Flat J,,$5.88M,--,472ft²,"@$12,447",Land Registry
22/10/2024,Novo Land・Phase 3B・Fiskars Tower 2A・8/F・Flat B,,$3.66M,--,292ft²,"@$12,536",Land Registry
22/10/2024,Novo Land・Phase 3B・Fiskars Tower 2A・19/F・Flat B,,$3.7M,--,292ft²,"@$12,685",Land Registry
22/10/2024,Cullinan Sky・Phase 1・Tower 5・19/F・Flat B3,,$6.37M,--,296ft²,"@$21,511",Land Registry
22/10/2024,The Yoho Hub・Phase C The Yoho Hub II・Tower 6・26/F・Flat F,,$10.67M,--,749ft²,"@$14,250",Land Registry
22/10/2024,St Michel・Phase 1・Crown Tower・12/F・Flat C,,$25.96M,--,"1,494ft²","@$17,376",Land Registry
22/10/2024,Mori・Tower 5・8/F・Flat L,,$4.91M,--,408ft²,"@$12,032",Land Registry
22/10/2024,The Pavilia Forest・Phase 1 The Pavilia Forest I・Tower 5・25/F・Flat G,,$8.17M,--,469ft²,"@$17,416",Land Registry
22/10/2024,Manor Hill・Tower 1・28/F・Flat A1,,$5.37M,--,288ft²,"@$18,653",Land Registry
22/10/2024,Manor Hill・Tower 1・22/F・Flat B3,,$4.64M,--,203ft²,"@$22,857",Land Registry
22/10/2024,One Jardine's Lookout・16/F・Flat F,,$4.87M,--,262ft²,"@$18,600",Land Registry
22/10/2024,The Yoho Hub・Phase C The Yoho Hub II・Tower 6・36/F・Flat F,,$11.11M,--,747ft²,"@$14,874",Land Registry
22/10/2024,Lohas Park・Phase 3A Hemera・Emerald (Tower 2)・43/F・Flat Ld,,$8.98M,,784ft²,"@$11,454",Land Registry
22/10/2024,Shatinpark・Stage 2・Apex Garden (Block 1)・14/F・Flat D,,$3.3M,,329ft²,"@$10,030",Land Registry
22/10/2024,Novo Land・Phase 3B・Fiskars Tower 2A・5/F・Flat C,,$3.64M,--,292ft²,"@$12,459",Land Registry
22/10/2024,One Jardine's Lookout・3/F・Flat B,,$9.15M,--,538ft²,"@$17,000",Land Registry
22/10/2024,56 Ho Pui Street・5/F・Front,,$3.9M,,447ft²,"@$8,725",Land Registry
22/10/2024,Ho Shun Tai Building・Block A・30/F・Flat G (Flat 7),,$3.3M,--,377ft²,"@$8,753",Land Registry
22/10/2024,Kuen Yick Building・Block C・1/F・Flat 2,,$2.8M,--,354ft²,"@$7,910",Land Registry
22/10/2024,196 Temple Street・2/F・No. 196,,$1.8M,--,441ft²,"@$4,082",Land Registry
22/10/2024,One Jardine's Lookout・7/F・Flat F,,$4.87M,--,272ft²,"@$17,900",Land Registry
22/10/2024,Ching Tao Court・23/F・Flat 6,,$1.23M,--,--,--,Land Registry
22/10/2024,Ching Tao Court・34/F・Flat 3,,$1.3M,--,--,--,Land Registry
22/10/2024,Ching Tao Court・19/F・Flat 15,,$1.26M,--,--,--,Land Registry
22/10/2024,Ching Tao Court・10/F・Flat 13,,$1.24M,--,--,--,Land Registry
22/10/2024,Ching Tao Court・17/F・Flat 13,,$1.27M,--,--,--,Land Registry
22/10/2024,Ching Tao Court・26/F・Flat 12,,$1.35M,--,--,--,Land Registry
22/10/2024,Ching Tao Court・32/F・Flat 14,,$1.34M,--,--,--,Land Registry
22/10/2024,Ching Tao Court・11/F・Flat 6,,$1.18M,--,--,--,Land Registry
22/10/2024,Ching Tao Court・7/F・Flat 5,,$1.16M,--,--,--,Land Registry
22/10/2024,The Yoho Hub・Phase C The Yoho Hub II・Tower 6・40/F・Flat F,,$11.06M,--,747ft²,"@$14,799",Land Registry
22/10/2024,Kornhill Garden・Block 4・7/F・Flat A,,$5.39M,--,484ft²,"@$11,136",Land Registry
22/10/2024,Hover (Hoover) Court・11/F・Flat J,,$2.11M,,278ft²,"@$7,590",Land Registry
22/10/2024,Topside Residences・Tower A2・28/F・Flat F,,$8.32M,--,377ft²,"@$22,064",Land Registry
22/10/2024,Lohas Park・Phase 12B Park Seasons・Tower 2 (2B)・38/F・Flat A,,$8.42M,--,537ft²,"@$15,683",Land Registry
22/10/2024,Gateway．Square Mile・16/F・Flat K,,$6.23M,--,322ft²,"@$19,340",Land Registry
22/10/2024,Lai Cheung House・3/F・No. 92,,$25M,--,"1,673ft²","@$14,943",Land Registry
22/10/2024,Ching Tao Court・35/F・Flat 4,,$1.76M,--,--,--,Land Registry
22/10/2024,Ching Tao Court・18/F・Flat 11,,$1.79M,--,--,--,Land Registry
22/10/2024,Ching Tao Court・16/F・Flat 6,,$1.2M,--,--,--,Land Registry
22/10/2024,Ching Tao Court・21/F・Flat 1,,$1.24M,--,--,--,Land Registry
22/10/2024,Rhythm Garden・Block 12・21/F・Flat F,,$6.26M,--,588ft²,"@$10,646",Land Registry
22/10/2024,Park Summit・Tower 2・35/F・Flat D,,$3.88M,,264ft²,"@$14,697",Land Registry
22/10/2024,Beverley Heights・Block 3・20/F・Flat D,,$8.7M,--,718ft²,"@$12,117",Land Registry
22/10/2024,Kt Marina・Phase 1・Tower 2B・8/F・Flat H,,$7.07M,--,431ft²,"@$16,411",Land Registry
22/10/2024,Parkland Villas・Carpark・PODIUM 3・No.74 (Phase I),,"$700,000",--,--,--,Land Registry
22/10/2024,Sorrento・Carpark・1/F・No.191,,$1.78M,--,--,--,Land Registry
22/10/2024,Beneville・Block 3・9/F・Flat E,,$4.03M,,428ft²,"@$9,404",Land Registry
22/10/2024,Ching Tao Court・33/F・Flat 14,,$1.35M,--,--,--,Land Registry
22/10/2024,Ching Tao Court・21/F・Flat 3,,$1.26M,--,--,--,Land Registry
22/10/2024,Uptown East・Tower 2A・38/F・Flat F,,$6.07M,--,379ft²,"@$16,013",Land Registry
22/10/2024,Arts Mansion・15/F・Flat B,,$19.5M,,"1,051ft²","@$18,554",Land Registry
22/10/2024,The Arles・Tower 2・47/F・Flat A,,$6.66M,--,325ft²,"@$20,498",Land Registry
22/10/2024,Mei Foo Sun Chuen・Phase 3・57-59 Broadway・16/F・Flat B No. 59,,$5.15M,--,511ft²,"@$10,078",Land Registry
22/10/2024,Tai Wah Building・18/F・Flat H,,$2.95M,--,272ft²,"@$10,846",Land Registry
22/10/2024,One Jardine's Lookout・3/F・Flat D,,$8.99M,--,559ft²,"@$16,088",Land Registry
22/10/2024,One Jardine's Lookout・6/F・Flat B,,$9.25M,--,538ft²,"@$17,200",Land Registry
22/10/2024,One Jardine's Lookout・6/F・Flat C,,$6.62M,--,392ft²,"@$16,900",Land Registry
22/10/2024,One Jardine's Lookout・7/F・Flat D,,$9.33M,--,559ft²,"@$16,688",Land Registry
22/10/2024,One Jardine's Lookout・22/F・Flat C,,$9.89M,--,479ft²,"@$20,650",Land Registry
22/10/2024,One Jardine's Lookout・10/F・Flat E,,$4.32M,--,231ft²,"@$18,700",Land Registry
22/10/2024,One Jardine's Lookout・11/F・Flat F,,$4.98M,--,272ft²,"@$18,300",Land Registry
22/10/2024,One Jardine's Lookout・12/F・Flat E,,$4.37M,--,231ft²,"@$18,900",Land Registry
22/10/2024,One Jardine's Lookout・16/F・Flat E,,$6.85M,--,386ft²,"@$17,750",Land Registry
22/10/2024,One Jardine's Lookout・11/F・Flat A,,$3.78M,--,180ft²,"@$20,980",Land Registry
22/10/2024,One Jardine's Lookout・28/F・Flat B,,$42.76M,--,"1,211ft²","@$35,309",Land Registry
22/10/2024,Ho Kin Building・1/F・Flat A,,$3.9M,--,278ft²,"@$14,029",Land Registry
22/10/2024,One Jardine's Lookout・16/F・Flat D,,$5.31M,--,275ft²,"@$19,300",Land Registry
22/10/2024,The Yoho Hub・Phase C The Yoho Hub II・Tower 6・33/F・Flat A,,$7.31M,--,462ft²,"@$15,817",Land Registry
22/10/2024,Fook Kee Court・19/F・No. 6,,$6.18M,,447ft²,"@$13,826",Land Registry
22/10/2024,The Grandiose・Block 1・23/F・Flat L,,$6.75M,,493ft²,"@$13,692",Land Registry
22/10/2024,One Jardine's Lookout・16/F・Flat C,,$7.27M,--,394ft²,"@$18,450",Land Registry
22/10/2024,One Jardine's Lookout・16/F・Flat B,,$10.09M,--,538ft²,"@$18,750",Land Registry
22/10/2024,Manhattan Hill・Tower 3・17/F・Flat B,,$20.78M,,"1,126ft²","@$18,455",Land Registry
22/10/2024,The Aurora・Tower 3・7/F・Flat I,,$5.22M,,298ft²,"@$17,510",Land Registry
22/10/2024,Park View Garden・Block 2・10/F・Flat F,,$6.65M,,662ft²,"@$10,045",Land Registry
22/10/2024,The Forest Hills・26/F・Flat E,,$5.68M,--,456ft²,"@$12,456",Land Registry
22/10/2024,One Jardine's Lookout・1/F・Flat E,,$5.8M,--,250ft²,"@$23,200",Land Registry
22/10/2024,City One Shatin・Site 5・Block 27・10/F・Flat A,,$7.2M,--,688ft²,"@$10,465",Land Registry
22/10/2024,Rhythm Garden・Block 2・7/F・Flat A,,$5.9M,--,584ft²,"@$10,103",Land Registry
22/10/2024,Coastal Skyline・Phase 1・Carpark・B/M・No.337,,$1.58M,--,--,--,Land Registry
22/10/2024,Tsuen Wan Centre・Block 1 (Kwangchow House)・21/F・Flat C,,$3.28M,,354ft²,"@$9,266",Land Registry
22/10/2024,310-312 Hennessy Road・3/F・Flat B,,$2.2M,--,445ft²,"@$4,944",Land Registry
22/10/2024,One Jardine's Lookout・11/F・Flat E,,$4.34M,--,231ft²,"@$18,800",Land Registry
22/10/2024,The Aster・31/F・Flat B,,$49.4M,--,"1,248ft²","@$39,581",Land Registry
22/10/2024,Ching Tao Court・6/F・Flat 4,,$1.6M,--,--,--,Land Registry
22/10/2024,Festival City・Phase 3・Tower 1・19/F・Flat Nd,,$12.18M,,757ft²,"@$16,090",Land Registry
22/10/2024,Yan Shing Court・Yan Lai House (Block B)・30/F・Flat 2,,$3.53M,--,554ft²,"@$6,372",Land Registry
22/10/2024,Whampoa Garden・Phase 3 Willow Mansions・Block 7・11/F・Flat E,,$10.18M,,853ft²,"@$11,934",Land Registry
22/10/2024,Sheeny Terrace・16/F・Flat B,,$5.18M,--,611ft²,"@$8,478",Land Registry
22/10/2024,Sablier・20/F・Flat D,,$4.92M,--,300ft²,"@$16,403",Land Registry
22/10/2024,The Pacifica・Phase 2・Tower 6 (Belle Mer)・25/F・Flat A,,$8.3M,,554ft²,"@$14,982",Land Registry
22/10/2024,Kornhill・Block F (Flat 1 - 8)・9/F・Flat 2,,$6.24M,--,531ft²,"@$11,748",Land Registry
22/10/2024,Hong Lok Yuen・Sixteenth Street・15 Hong Lok Yuen Sixteenth Street (S S 489),,$29.7M,,"2,121ft²","@$14,003",Land Registry
22/10/2024,Novo Land・Phase 3B・Fiskars Tower 2A・23/F・Flat J,,$4.98M,--,400ft²,"@$12,454",Land Registry
22/10/2024,Siu Kwai Court・Siu Keung House (Block A)・12/F・Flat 24,,$3.29M,--,485ft²,"@$6,784",Land Registry
22/10/2024,The Yoho Hub・Phase C The Yoho Hub II・Tower 6・7/F・Flat D,,$6.72M,--,462ft²,"@$14,535",Land Registry
22/10/2024,Luen Fat House・3/F・Flat E,,$3M,--,341ft²,"@$8,798",Land Registry
22/10/2024,Chik Fu Mansion・1/F・Flat A,,$3M,,197ft²,"@$15,228",Land Registry
22/10/2024,Hang Tsui Court・Tsui Ying House (Block B)・4/F・Flat 5,,$2.88M,--,407ft²,"@$7,076",Land Registry
22/10/2024,4 Yin On Street・6/F・No. 4,,$2.9M,--,530ft²,"@$5,472",Land Registry
22/10/2024,On Sau Court・Block A・4/F・Flat 14,,$2.39M,--,--,--,Land Registry
22/10/2024,Lai Wan Building・12/F・Flat S,,$2.85M,,363ft²,"@$7,851",Land Registry
22/10/2024,Prime View Garden・Block 5・21/F・Flat C,,$2.97M,--,483ft²,"@$6,149",Land Registry
22/10/2024,Ori・Tower 1・30/F・Flat F,,$5.2M,,539ft²,"@$9,647",Land Registry
22/10/2024,Tin King Estate・Tin Tsui House (Block 11)・4/F・Flat 6,,$2.3M,--,544ft²,"@$4,228",Land Registry
22/10/2024,Ching Tao Court・32/F・Flat 18,,$1.28M,--,--,--,Land Registry
22/10/2024,Beverley Heights・Block 2・20/F・Flat C,,$6.6M,,536ft²,"@$12,313",Land Registry
22/10/2024,Po Wing Building・108-120 Percival Street・10/F・Flat D,,$4.2M,--,499ft²,"@$8,417",Land Registry
22/10/2024,The Sherwood・Tower 7・2/F・Flat A,,$3.5M,,362ft²,"@$9,669",Land Registry
22/10/2024,Classical Gardens・Phase 2・Block 2・5/F・Flat A,,$5.7M,,588ft²,"@$9,694",Land Registry
22/10/2024,Rambler Crest・Tower 3・7/F・Flat A,,$4.35M,,451ft²,"@$9,645",Land Registry
22/10/2024,Grand Del Sol・Block 1・11/F・Flat F,,$6.18M,,744ft²,"@$8,306",Land Registry
22/10/2024,The Yoho Hub・Phase C The Yoho Hub II・Tower 6・43/F・Flat H,,$13.06M,--,901ft²,"@$14,493",Land Registry
22/10/2024,The Yoho Hub・Phase C The Yoho Hub II・Tower 6・33/F・Flat F,,$10.73M,--,747ft²,"@$14,363",Land Registry
22/10/2024,Indi Home・28/F・Flat 10,,$5.53M,,435ft²,"@$12,708",Land Registry
22/10/2024,Tsuen King Garden・Phase 1・Block 5・27/F・Flat H,,$5.13M,,495ft²,"@$10,360",Land Registry
22/10/2024,The Yoho Hub・Phase C The Yoho Hub II・Tower 6・12/F・Flat B,,$8.06M,--,538ft²,"@$14,979",Land Registry
22/10/2024,Fairview Park・9Th Street River North・No. 28 (S.O Ss. 81),,$7.3M,--,848ft²,"@$8,608",Land Registry
22/10/2024,The Panorama・47/F・Flat D,,$8.45M,,716ft²,"@$11,802",Land Registry
22/10/2024,Manor Hill・Tower 1・38/F・Flat A5,,$4.28M,--,216ft²,"@$19,833",Land Registry
22/10/2024,Manor Hill・Tower 2・31/F・Flat D3,,$5.34M,--,284ft²,"@$18,792",Land Registry
22/10/2024,Mayfair By The Sea 8・Tower 2・11/F・Flat B,,$14.28M,,"1,008ft²","@$14,167",Land Registry
22/10/2024,Ching Tao Court・33/F・Flat 6,,$1.26M,--,--,--,Land Registry
22/10/2024,Luk Yeung Sun Chuen・Block Q・23/F・Flat 6,,$5.12M,,445ft²,"@$11,506",Land Registry
22/10/2024,Riviera Gardens・Hoi Tsui Mansion (Block 16)・21/F・Flat F,,$4.84M,,559ft²,"@$8,655",Land Registry
22/10/2024,Po Ming Building・9/F・Flat K,,$2.88M,,328ft²,"@$8,780",Land Registry
22/10/2024,Ko Chun Court・Chun Yat House (Block D)・11/F・Flat 15,,$3.06M,--,426ft²,"@$7,183",Land Registry
22/10/2024,Hollywood Villa・Block 1,,$5.3M,--,--,--,Land Registry
22/10/2024,Gold Coast Bay・Phase 1 The Uppland・Tower 3・18/F・Flat H,,$3.46M,--,312ft²,"@$11,090",Land Registry
22/10/2024,Charming Garden・Block 5・12/F・Flat E,,$4.4M,--,431ft²,"@$10,209",Land Registry
22/10/2024,Hoi Fu Court・Hoi Ning House (Block A)・7/F・Flat 12,,$4.63M,--,546ft²,"@$8,480",Land Registry
22/10/2024,Tin Chung Court・Chung Ki House (Block O)・34/F・Flat 11,,$3.88M,--,592ft²,"@$6,554",Land Registry
22/10/2024,Tsui Ning Garden・Block 1・25/F・Flat J,,$3.2M,--,484ft²,"@$6,612",Land Registry
22/10/2024,Indi Home・46/F・Flat 21,,$6.9M,,538ft²,"@$12,825",Land Registry
22/10/2024,Lai Yan Court・Lai Lam House (Block C)・34/F・Flat 7,,$3.9M,--,428ft²,"@$9,112",Land Registry
22/10/2024,City Garden・Phase 2・Block 7・25/F・Flat D,,$12.08M,--,966ft²,"@$12,505",Land Registry
22/10/2024,Island Resort・Tower 5・53/F・Flat F,,$6.45M,,455ft²,"@$14,176",Land Registry
22/10/2024,Goldmine Building・Block C・14/F・Flat 8,,$2.6M,,260ft²,"@$10,000",Land Registry
22/10/2024,Manor Hill・Tower 1・33/F・Flat B1,,$5.38M,--,288ft²,"@$18,663",Land Registry
22/10/2024,San Wai Court・San Shun House (Block B)・8/F・Flat 4,,$3M,--,645ft²,"@$4,651",Land Registry
22/10/2024,Tsuen Wan Centre・Block 19 (Shenyang House)・14/F・Flat G,,$4M,--,374ft²,"@$10,695",Land Registry
22/10/2024,Lohas Park・Phase 12B Park Seasons・Tower 2 (2B)・27/F・Flat B,,$4.66M,--,314ft²,"@$14,854",Land Registry
22/10/2024,Finnie・25/F・Flat D,,$6.16M,--,270ft²,"@$22,804",Land Registry
22/10/2024,Hong Kong Garden・Phase 2・Carpark・2/F・No.59,,"$440,000",--,--,--,Land Registry
22/10/2024,Sunshine City・Phase 4・Block G・12/F・Flat 8,,$6.3M,,551ft²,"@$11,434",Land Registry
22/10/2024,Ocean Pride・Phase 3・Tower 10・45/F・Flat B,,$9.23M,--,512ft²,"@$18,027",Land Registry
22/10/2024,Double Cove・Phase 1・Block 3・18/F・Flat C,,$10.38M,,809ft²,"@$12,831",Land Registry
22/10/2024,Ealing Court・15/F・Flat E,,$2.78M,,260ft²,"@$10,692",Land Registry
22/10/2024,Double Cove・Phase 2 Double Cove Starview・Block 19・15/F・Flat G,,$8.38M,,564ft²,"@$14,858",Land Registry
22/10/2024,Shatinpark・Stage 2・Apex Garden (Block 1)・2/F・Flat C,,$2.75M,,269ft²,"@$10,223",Land Registry
22/10/2024,Cullinan West・Phase 3 Cullinan West Il・Tower 3B・52/F・Flat H,,$7.06M,,362ft²,"@$19,500",Land Registry
22/10/2024,Ma On Shan Centre・Tower 4・9/F・Flat H,,$6.05M,,522ft²,"@$11,590",Land Registry
22/10/2024,Allway Garden・Block H・21/F・Flat 5,,$4.67M,,533ft²,"@$8,762",Land Registry
22/10/2024,Upper Riverbank・Tower 2・33/F・Flat G,,$12.45M,,654ft²,"@$19,037",Land Registry
22/10/2024,Uptown East・Tower 1A・5/F・Flat F,,$7.88M,--,523ft²,"@$15,073",Land Registry
22/10/2024,Smithfield Terrace・Block B・8/F・Flat 2,,$3.98M,,281ft²,"@$14,164",Land Registry
22/10/2024,Ching Tao Court・40/F・Flat 3,,$1.3M,--,--,--,Land Registry
22/10/2024,238-244 Reclamation Street・4/F・Flat E,,$1.3M,--,264ft²,"@$4,924",Land Registry
22/10/2024,Koko Hills・Phase 3A Koko Rosso・Tower 6・11/F・Flat B,,$8.71M,--,468ft²,"@$18,615",Land Registry
22/10/2024,The Pavilia Forest・Phase 2 The Pavilia Forest II・Tower 3・6/F・Flat E,,$6.3M,--,383ft²,"@$16,444",Land Registry
22/10/2024,Caldecott Hill・Block 1・5/F・Flat C,,$8.38M,,755ft²,"@$11,099",Land Registry
22/10/2024,Grand Central・Phase 1・Tower 1・22/F・Flat J,,$9.3M,,583ft²,"@$15,952",Land Registry
22/10/2024,Novo Land・Phase 3B・Fiskars Tower 2A・3/F・Flat C,,$3.63M,--,292ft²,"@$12,442",Land Registry
22/10/2024,Tung Hei Court・Wah Hei House (Block C)・20/F・Flat 11,,$4.8M,--,603ft²,"@$7,960",Land Registry
22/10/2024,The Prominence・15/F・Flat B,,$4.15M,,336ft²,"@$12,351",Land Registry
22/10/2024,Upper East・30/F・Flat F (T1B),,$4.45M,,--,--,Land Registry
22/10/2024,74-80 Nga Tsin Long Road・6/F・No. 74 (Flat A),,$4.04M,--,506ft²,"@$7,984",Land Registry
22/10/2024,25-27 Nam Kok Road・5/F・No. 25A,,$3.73M,,409ft²,"@$9,120",Land Registry
22/10/2024,29-31 Nam Kok Road・5/F・Flat B (No. 31),,$4.53M,--,511ft²,"@$8,865",Land Registry
22/10/2024,48-48B Nga Tsin Long Road・5/F・No. 48A,,$4.24M,,501ft²,"@$8,463",Land Registry
22/10/2024,48-48B Nga Tsin Long Road・4/F・No. 48,,$4.06M,,501ft²,"@$8,104",Land Registry
22/10/2024,74-80 Nga Tsin Long Road・2/F・No. 80 (Flat D),,$4.42M,--,506ft²,"@$8,735",Land Registry
22/10/2024,48-48B Nga Tsin Long Road・1/F・No. 48,,$4.42M,--,501ft²,"@$8,822",Land Registry
22/10/2024,Grand Victoria・Phase 3・Tower 2・25/F・Flat E,,$13.81M,--,525ft²,"@$26,307",Land Registry
22/10/2024,St. Barths・Phase 1・Cedar Court Tower 2・5/F・Flat B,,$9.8M,--,731ft²,"@$13,406",Land Registry
22/10/2024,6 Mee Lun Street・1/F・No. 6,,$6.15M,,622ft²,"@$9,887",Land Registry
22/10/2024,Villa Esplanada・Carpark・1/F・No.95,,$2M,--,--,--,Land Registry
22/10/2024,Villa Esplanada・Carpark・1/F・No.169,,$2M,--,--,--,Land Registry
22/10/2024,Wang Fuk Court・Wang Shing House (Block G)・5/F・Flat 6,,$2M,--,467ft²,"@$4,283",Land Registry
22/10/2024,After The Rain・26/F・Flat N,,$5.23M,--,372ft²,"@$14,068",Land Registry
22/10/2024,Villa By The Park・Block 3・21/F・Flat E,,$3.78M,,422ft²,"@$8,957",Land Registry
22/10/2024,The Reach・Tower 11・10/F・Flat B,,$3.48M,,440ft²,"@$7,909",Land Registry
22/10/2024,Central Park Towers・Phase 2 Central Park Towers II・Tower 9・28/F・Flat A,,$6.1M,,677ft²,"@$9,010",Land Registry
22/10/2024,Meadowlands・Block 5・5/F・Flat A,,$5.08M,,798ft²,"@$6,366",Land Registry
22/10/2024,Sun Tuen Mun Centre・Block 8・30/F・Flat E,,$4.48M,,597ft²,"@$7,504",Land Registry
22/10/2024,Radiant Towers・Tower 1・13/F・Flat H,,$5.7M,--,601ft²,"@$9,484",Land Registry
22/10/2024,One Jardine's Lookout・3/F・Flat C,,$6.55M,--,392ft²,"@$16,700",Land Registry
22/10/2024,One Jardine's Lookout・27/F・Flat A,,$3.97M,--,179ft²,"@$22,180",Land Registry
22/10/2024,The Yoho Hub・Phase C The Yoho Hub II・Tower 6・9/F・Flat F,,$9.98M,--,749ft²,"@$13,328",Land Registry
22/10/2024,Tai Sing House・G/F・Flat G,,$2.04M,--,267ft²,"@$7,633",Land Registry
22/10/2024,Stars By The Harbour・Tower 2・21/F・Flat B,,$22.5M,--,"1,102ft²","@$20,417",Land Registry
22/10/2024,Bondlane II・11/F・Flat S10,,$6.26M,--,259ft²,"@$24,185",Land Registry
22/10/2024,Ching Tao Court・8/F・Flat 16,,$1.61M,--,--,--,Land Registry
22/10/2024,The Yoho Hub・Phase C The Yoho Hub II・Tower 6・7/F・Flat F,,$9.83M,--,749ft²,"@$13,118",Land Registry
22/10/2024,The Yoho Hub・Phase C The Yoho Hub II・Tower 6・45/F・Flat B,,$8.64M,--,538ft²,"@$16,064",Land Registry
22/10/2024,The Yoho Hub・Phase C The Yoho Hub II・Tower 6・6/F・Flat F,,$9.8M,--,749ft²,"@$13,086",Land Registry
22/10/2024,Ching Tao Court・13/F・Flat 10,,$2.06M,--,--,--,Land Registry
22/10/2024,Kingswood Villas・Phase 5 Lynwood Court・Block 5・7/F・Flat H,,$4.32M,,550ft²,"@$7,855",Land Registry
22/10/2024,Allway Garden・Block C・16/F・Flat 7,,$3.22M,,461ft²,"@$6,985",Land Registry
21/10/2024,Yue Fai Court・Tin Fai House (Block F)・Middle Floor・Flat 1,,$3.7M,--,419ft²,"@$8,831",Centaline
21/10/2024,Sky Tower・Block 7・Lower Floor・Flat F,,$7.38M,--,535ft²,"@$13,794",Centaline
21/10/2024,Noble Hill・Tower 1・Upper Floor・Flat D,,$4.64M,--,442ft²,"@$10,493",Centaline
21/10/2024,Ka Shing Court・Ka Yeung House (Block D)・Lower Floor・Flat 4,,$3.47M,--,546ft²,"@$6,352",Centaline
21/10/2024,"Fairview Park・Section E, 2Nd Street",,$7.3M,--,840ft²,"@$8,690",Centaline
21/10/2024,Mayfair By The Sea・I・Tower 20・Middle Floor・Flat B,,$13.5M,--,"1,067ft²","@$12,652",Centaline
21/10/2024,Hiu Lai Court・Hiu Tin House (Block A)・Lower Floor・Flat 12,,$3.3M,--,540ft²,"@$6,111",Centaline
21/10/2024,Radiant Towers・Tower 2・Upper Floor・Flat E,,$5.6M,--,639ft²,"@$8,764",Centaline
21/10/2024,Beverly Garden・Block 5・Lower Floor・Flat C,,$4.4M,--,592ft²,"@$7,432",Centaline
21/10/2024,East Point City・Block 2・Upper Floor・Flat A,,$7.5M,--,623ft²,"@$12,039",Centaline
21/10/2024,Sunshine City・Phase 4・Block M・Middle Floor・Flat 3,,$5.03M,--,363ft²,"@$13,857",Centaline
21/10/2024,Villa Esplanada・Phase 3・Block 10・Lower Floor・Flat A,,$10.5M,--,778ft²,"@$13,496",Centaline
21/10/2024,The Merton・Tower 1・Upper Floor・Flat G,,$14M,--,663ft²,"@$21,116",Centaline
21/10/2024,Mayfair By The Sea・Ll・Tower 7・Upper Floor・Flat B,,$24.5M,--,"1,699ft²","@$14,420",Centaline
21/10/2024,Mayfair By The Sea・Ll・Tower 7・Upper Floor・Flat A,,$24.5M,--,"1,746ft²","@$14,032",Centaline
21/10/2024,Century Link・Phase 1・Tower 6B・Lower Floor・Flat 3,,$5.5M,--,471ft²,"@$11,677",Centaline
21/10/2024,Serenity Park・Phase 1・Block 2・Middle Floor・Flat D,,$6.38M,--,590ft²,"@$10,814",Centaline
21/10/2024,Greenfield Terrace・Block A・Middle Floor・Flat A5,,$7.84M,--,736ft²,"@$10,649",Centaline
21/10/2024,Tung Chung Crescent・Phase 2・Block 8・Upper Floor・Flat C,,$6.2M,--,592ft²,"@$10,473",Centaline
21/10/2024,Tsuen Kam Centre・Block 1・Upper Floor・Flat H,,$4.28M,--,369ft²,"@$11,599",Centaline
21/10/2024,Festival City・Phase 1・Tower 3・Lower Floor・Flat Nc,,$13M,--,842ft²,"@$15,439",Centaline
21/10/2024,Fairview Park・Lychee Road South,,$11M,--,"1,035ft²","@$10,628",Centaline
21/10/2024,Kam Tai Court・Kam Pong House (Block B)・Lower Floor・Flat 5,,$5.6M,--,650ft²,"@$8,615",Centaline
21/10/2024,Tai Hing Gardens・Phase 2・Tower 9・Upper Floor・Flat B,,$3.58M,--,447ft²,"@$8,009",Centaline
21/10/2024,Southorn Garden・Upper Floor・Flat 12,,$6.2M,--,401ft²,"@$15,461",Centaline
21/10/2024,Chi Fu Fa Yuen・Fu Hing Yuen (Block H-20)・Upper Floor・Flat A,,,--,439ft²,@$36,Centaline
21/10/2024,Villa Esplanada・Phase 2・Block 6・Upper Floor・Flat D,,,--,531ft²,@$34,Centaline
21/10/2024,Golden Lion Garden・Phase 2・Golden Fullness Court (Block F)・Upper Floor・Flat 5,,,--,322ft²,@$43,Centaline
21/10/2024,Sea Crest Villa・Phase 3・Block 8・Lower Floor・Flat F,,,--,412ft²,@$29,Centaline
21/10/2024,Grandeur Garden・Block 1・Lower Floor・Flat F,,,--,328ft²,@$44,Centaline
21/10/2024,Yoho Town・Phase 2 Yoho Midtown・Block M6・Middle Floor・Flat A,,,--,478ft²,@$34,Centaline
21/10/2024,42 Tung St.・Middle Floor・Flat Simplex,,,--,584ft²,@$77,Centaline
21/10/2024,Tung Chung Crescent・Phase 1・Block 2・Upper Floor・Flat A,,,--,544ft²,@$33,Centaline
21/10/2024,Ava 228・Lower Floor・Flat A,,,--,202ft²,@$57,Centaline
21/10/2024,The Vertex・West Wing・Upper Floor・Flat F,,,--,435ft²,@$48,Centaline
21/10/2024,Lohas Park・Phase 6 Lp6・Tower 5・Middle Floor・Flat K,,,--,307ft²,@$47,Centaline
21/10/2024,Lohas Park・Phase 6 Lp6・Tower 5・Upper Floor・Flat K,,,--,307ft²,@$46,Centaline
21/10/2024,Castle One By V・Lower Floor・Flat C,,,--,408ft²,@$78,Centaline
21/10/2024,"Fairview Park・Section D, 2Nd Street",,,--,848ft²,@$32,Centaline
21/10/2024,The Reach・Tower 12・Lower Floor・Flat B,,,--,440ft²,@$27,Centaline
21/10/2024,La Cite Noble・Block 4・Lower Floor・Flat E,,,--,434ft²,@$40,Centaline
21/10/2024,Heng Fa Chuen・Block 36・Middle Floor・Flat 2,,,--,499ft²,@$40,Centaline
21/10/2024,The Southside・Phase 1 Southland・Tower 2 (2B)・Lower Floor・Flat D,,,--,294ft²,@$54,Centaline
21/10/2024,Angela Court・Block A・Flat A2,,,--,813ft²,@$39,Centaline
21/10/2024,Upper Riverbank・Tower 2・Middle Floor・Flat D,,,--,560ft²,@$46,Centaline
21/10/2024,Ocean Shores・Phase 3・Tower 11・Upper Floor・Flat E,,,--,534ft²,@$39,Centaline
21/10/2024,One Victoria・Tower 2B・Lower Floor・Flat B,,,--,329ft²,@$52,Centaline
21/10/2024,The Astro・Lower Floor・Flat A,,,--,172ft²,@$60,Centaline
21/10/2024,Amoy Gardens・Phase 3B・Block S・Upper Floor・Flat 3,,,--,484ft²,@$37,Centaline
21/10/2024,Lohas Park・Phase 6 Lp6・Tower 3・Middle Floor・Flat L,,,--,312ft²,@$50,Centaline
21/10/2024,Heng Fa Chuen・Block 37・Upper Floor・Flat 3,,,--,499ft²,@$36,Centaline
21/10/2024,Luk Yeung Sun Chuen・Block K・Middle Floor・Flat 6,,,--,445ft²,@$35,Centaline
21/10/2024,The Quinn ‧ Square Mile・Tower 1・Upper Floor・Flat C,,,--,269ft²,@$59,Centaline
21/10/2024,Hillsborough Court・Tower 1・Middle Floor・Flat D,,,--,"1,104ft²",@$54,Centaline
21/10/2024,Aquila.Square Mile・Tower 1・Upper Floor・Flat E,,,--,256ft²,@$63,Centaline
21/10/2024,One Homantin・Tower 7・Upper Floor・Flat D,,,--,561ft²,@$50,Centaline
21/10/2024,St Martin・Phase 1・Tower 5・Lower Floor・Flat A5,,,--,497ft²,@$36,Centaline
21/10/2024,The Metro City・Phase 3 The Metropolis・Tower 2・Middle Floor・Flat A,,,--,470ft²,@$38,Centaline
21/10/2024,Kai Hei Land Building・Middle Floor・Flat B,,,--,316ft²,@$33,Centaline
21/10/2024,Luk Yeung Sun Chuen・Block S・Middle Floor・Flat 8,,,--,475ft²,@$33,Centaline
21/10/2024,Villa Esplanada・Phase 3・Block 9・Middle Floor・Flat F,,,--,498ft²,@$40,Centaline
21/10/2024,Tseung Kwan O Plaza・Phase 1・Tower 1・Middle Floor・Flat F,,,--,429ft²,@$40,Centaline
21/10/2024,Caribbean Coast・Phase 1 Monterey Cove・Tower 1・Upper Floor・Flat B,,,--,735ft²,@$33,Centaline
21/10/2024,Island Residence・Lower Floor・Flat F,,,--,393ft²,@$47,Centaline
21/10/2024,Sun Shing Mansion・Lower Floor・Flat C,,,--,367ft²,@$44,Centaline
21/10/2024,Royal Ascot・Phase 1・Block 3・Middle Floor・Flat D,,,--,676ft²,@$36,Centaline
21/10/2024,Mayfair By The Sea 8・Tower 2・Middle Floor・Flat H,,,--,700ft²,@$34,Centaline
21/10/2024,The Zenith・Phase 1・Tower 2・Upper Floor・Flat A,,,--,451ft²,@$58,Centaline
21/10/2024,The Upper South・Upper Floor・Flat F,,,--,264ft²,@$59,Centaline
21/10/2024,Wetland Seasons Park・Phase 1・Tower 16・Lower Floor・Flat B6,,,--,316ft²,@$37,Centaline
21/10/2024,Coo Residence・Lower Floor・Flat G,,,--,227ft²,@$48,Centaline
21/10/2024,Taikoo Shing・Sing Fai Terrace・(T-47) Tien Sing Mansion・Upper Floor・Flat H,,,--,580ft²,@$44,Centaline
21/10/2024,Coastal Skyline・Phase 1・Block 3・Lower Floor・Flat H,,,--,490ft²,@$35,Centaline
21/10/2024,Wealthy Garden・Cheong Wah Court・Lower Floor・Flat C,,,--,313ft²,@$38,Centaline
21/10/2024,Parc City・Tower 6・Lower Floor・Flat A,,,--,480ft²,@$39,Centaline
21/10/2024,The Reach・Tower 1・Upper Floor・Flat G,,,--,424ft²,@$29,Centaline
21/10/2024,Kornhill・Block E (Flat 1 - 8)・16/F・Flat 3,,$6.35M,--,524ft²,"@$12,118",Land Registry
21/10/2024,Nob Hill・Tower 3・6/F・Flat H,,$5.8M,,438ft²,"@$13,242",Land Registry
21/10/2024,Lohas Park・Phase 6 Lp6・Tower 5・30/F・Flat H,,$4.48M,,347ft²,"@$12,911",Land Registry
21/10/2024,Ching Tao Court・6/F・Flat 15,,$1.2M,--,--,--,Land Registry
21/10/2024,On Sau Court・Block A・30/F・Flat 15,,$2.71M,--,--,--,Land Registry
21/10/2024,On Sau Court・Block A・7/F・Flat 19,,$1.8M,--,--,--,Land Registry
21/10/2024,On Sau Court・Block B・9/F・Flat 26,,$1.84M,--,--,--,Land Registry
21/10/2024,On Sau Court・Block A・2/F・Flat 26,,$2.82M,--,--,--,Land Registry
21/10/2024,On Sau Court・Block A・2/F・Flat 27,,$1.73M,--,--,--,Land Registry
21/10/2024,Tak Bo Garden・Block G・10/F・Flat G7,,$3M,--,282ft²,"@$10,638",Land Registry
21/10/2024,Chong Tak Building (House)・6/F・Flat D,,$5M,--,453ft²,"@$11,038",Land Registry
21/10/2024,Chun Man Court・Man Shui House (Block L)・3/F・Flat 1,,$5.68M,--,596ft²,"@$9,530",Land Registry
21/10/2024,Greenwood Garden・Carpark・2/F・No.20,,"$800,000",--,--,--,Land Registry
21/10/2024,Tak Yan Building (House)・Stage 11・3/F・Flat A,,$2.4M,,330ft²,"@$7,273",Land Registry
21/10/2024,Whampoa Garden・Phase 11 Bauhinia Mansions・Block 13・5/F・Flat B,,$8.1M,,639ft²,"@$12,676",Land Registry
21/10/2024,King Nga Court・King Yan House (Block A)・26/F・Flat 3,,$3M,--,401ft²,"@$7,481",Land Registry
21/10/2024,Kingsfield Tower・Block B・10/F・Flat 1,,$12M,,854ft²,"@$14,052",Land Registry
21/10/2024,One Wood Road・18/F・Flat A,,$12.82M,--,461ft²,"@$27,809",Land Registry
21/10/2024,Kiu Fai Mansion・22/F・Flat 11,,$5.5M,,521ft²,"@$10,557",Land Registry
21/10/2024,Welley Building・3/F・Flat D,,$4.97M,--,300ft²,"@$16,567",Land Registry
21/10/2024,Taikoo Shing・Harbour View Gardens (East)・(T-39) Marigold Mansion・10/F・Flat C,,$12.3M,--,897ft²,"@$13,712",Land Registry
21/10/2024,Green Code・Tower 5・8/F・Flat B,,$6M,--,505ft²,"@$11,881",Land Registry
21/10/2024,Wah Kwai Estate・Carpark・LG1・No.48,,"$760,000",--,--,--,Land Registry
21/10/2024,Nan Fung Plaza・Tower 1・48/F・Flat B,,$20.7M,,"1,550ft²","@$13,355",Land Registry
21/10/2024,The Riverpark・Tower 2・19/F・Flat G,,$12.3M,,826ft²,"@$14,891",Land Registry
21/10/2024,Hollywood Hill・6/F・Flat A,,$6.95M,--,--,--,Land Registry
21/10/2024,Ching Tao Court・11/F・Flat 13,,$1.25M,--,--,--,Land Registry
21/10/2024,Ching Tao Court・24/F・Flat 12,,$1.35M,--,--,--,Land Registry
21/10/2024,Ching Tao Court・9/F・Flat 4,,$1.63M,--,--,--,Land Registry
21/10/2024,Ching Tao Court・7/F・Flat 16,,$1.6M,--,--,--,Land Registry
21/10/2024,Mei Foo Sun Chuen・Phase 4・101-103 Broadway・10/F・Flat C No. 101,,$5.3M,,561ft²,"@$9,447",Land Registry
21/10/2024,Topside Residences・Tower A1・31/F・Flat E,,$8.27M,--,374ft²,"@$22,123",Land Registry
21/10/2024,Mori・Tower 3・3/F・Flat C,,$5.24M,--,478ft²,"@$10,969",Land Registry
21/10/2024,Kt Marina・Phase 1・Tower 2A・2/F・Flat G,,$4.88M,--,306ft²,"@$15,941",Land Registry
21/10/2024,Cullinan Harbour・Phase 1・Tower 2・21/F・Flat A,,$33.12M,--,"1,104ft²","@$30,000",Land Registry
21/10/2024,Topside Residences・Tower A1・31/F・Flat G,,$8.86M,--,385ft²,"@$23,016",Land Registry
21/10/2024,Topside Residences・Tower A1・31/F・Flat F,,$6.1M,--,272ft²,"@$22,415",Land Registry
21/10/2024,Koko Hills・Phase 3B Koko Mare・Tower 8・8/F・Flat G,,$8.05M,--,441ft²,"@$18,252",Land Registry
21/10/2024,One Jardine's Lookout・25/F・Flat B,,$10.69M,--,515ft²,"@$20,750",Land Registry
21/10/2024,One Jardine's Lookout・10/F・Flat D,,$9.66M,--,559ft²,"@$17,288",Land Registry
21/10/2024,45 Seymour Road・1/F・No. 45,,$3.6M,--,604ft²,"@$5,960",Land Registry
21/10/2024,Carlton Mansion・3/F・Flat E,,$7.5M,--,699ft²,"@$10,730",Land Registry
21/10/2024,Mont Vert・Phase 1・Tower 8・26/F・Flat A,,$2.6M,,181ft²,"@$14,365",Land Registry
21/10/2024,Richland Gardens・Block 12・28/F・Flat C,,$4.06M,--,407ft²,"@$9,975",Land Registry
21/10/2024,Park Central・Phase 1・Tower 8・48/F・Flat G,,$5.6M,,436ft²,"@$12,844",Land Registry
21/10/2024,The Pacifica・Phase 2・Tower 7・12/F・Flat C,,$7M,,--,--,Land Registry
21/10/2024,The Pacifica・Phase 2・Tower 7・12/F・Flat D,,$6M,,--,--,Land Registry
21/10/2024,Tuen Mun Town Plaza・Phase 2・Block 1・7/F・Flat G,,$3.24M,,335ft²,"@$9,666",Land Registry
21/10/2024,Botania Villa・Carpark・B/M・No.128,,"$755,000",--,--,--,Land Registry
21/10/2024,The Metro City・Phase 2・Tower 7・13/F・Flat A,,$5.21M,,441ft²,"@$11,814",Land Registry
21/10/2024,Mount Pavilia・Tower 5・2/F・Flat E,,$13.08M,,968ft²,"@$13,512",Land Registry
21/10/2024,Green Code・Tower 3・29/F・Flat D,,$6.94M,,614ft²,"@$11,300",Land Registry
21/10/2024,Whampoa Garden・Phase 11 Bauhinia Mansions・Block 9・7/F・Flat C,,$7.65M,,639ft²,"@$11,972",Land Registry
21/10/2024,Novo Land・Phase 3B・Fiskars Tower 2A・27/F・Flat C,,$3.74M,--,292ft²,"@$12,818",Land Registry
21/10/2024,Fok On Building・Block A・11/F・Flat A3,,$3.1M,--,378ft²,"@$8,201",Land Registry
21/10/2024,Tung Lo Court・Block A・7/F・Flat 1,,$3M,--,--,--,Land Registry
21/10/2024,Tung Lo Court・Block A・7/F・Flat 2,,$2.6M,--,--,--,Land Registry
21/10/2024,The Paddington・Block A・7/F・Flat A1,,$5.76M,--,345ft²,"@$16,703",Land Registry
21/10/2024,Casa Paradizo・House D6,,$10M,,"1,037ft²","@$9,643",Land Registry
21/10/2024,Oceanaire・Carpark・B/M・No.P94,,$1.35M,--,--,--,Land Registry
21/10/2024,High One・10/F・Flat D,,$2.98M,,193ft²,"@$15,440",Land Registry
21/10/2024,Dawning Views・Block 5・5/F・Flat H,,$4.05M,,384ft²,"@$10,547",Land Registry
21/10/2024,The Pavilia Bay・Tower 2B・26/F・Flat B,,$13.84M,,766ft²,"@$18,065",Land Registry
21/10/2024,Nelson Court・30/F・Flat B,,$12.43M,,812ft²,"@$15,308",Land Registry
21/10/2024,Indi Home・43/F・Flat 7,,$4.38M,,312ft²,"@$14,038",Land Registry
21/10/2024,Jade Plaza・Block A・22/F・Flat 8,,$2.72M,,269ft²,"@$10,112",Land Registry
21/10/2024,The Yoho Hub・Phase C The Yoho Hub II・Tower 6・45/F・Flat A,,$7.56M,--,462ft²,"@$16,369",Land Registry
21/10/2024,The Panorama・Carpark・3/F・No.3,,$1.49M,--,--,--,Land Registry
21/10/2024,Ching Tao Court・13/F・Flat 12,,$1.3M,--,--,--,Land Registry
21/10/2024,Ching Tao Court・14/F・Flat 20,,$1.65M,--,--,--,Land Registry
21/10/2024,Kwai Lai Building・21/F・Flat F,,$2.7M,--,385ft²,"@$7,013",Land Registry
21/10/2024,Po Sing Mansion・2/F・Flat C,,$3M,,260ft²,"@$11,538",Land Registry
21/10/2024,Chun Man Court・Man Chung House (Block E)・13/F・Flat 6,,$5.7M,--,596ft²,"@$9,564",Land Registry
21/10/2024,Ching Tao Court・22/F・Flat 9,,$2.01M,--,--,--,Land Registry
21/10/2024,Park Avenue・Central Park・Tower 3・12/F・Flat A,,$11.85M,,673ft²,"@$17,608",Land Registry
21/10/2024,Hop Chung House・5/F・No. 37,,$5.63M,--,487ft²,"@$11,561",Land Registry
21/10/2024,Hop Chung House・7/F・No. 33,,$5.69M,--,487ft²,"@$11,684",Land Registry
21/10/2024,The Belchers・Phase 2・Tower 5・57/F・Flat C,,$22M,,"1,062ft²","@$20,716",Land Registry
21/10/2024,Hang (Han) Yu Building・11/F・Flat A,,$3.79M,--,265ft²,"@$14,302",Land Registry
21/10/2024,Hollywood Hill・9/F・Flat A,,$7.3M,--,--,--,Land Registry
21/10/2024,Hollywood Hill・11/F・Flat B,,$7.25M,--,--,--,Land Registry
21/10/2024,Jumbo Court・13/F・Flat G,,$3.83M,,413ft²,"@$9,274",Land Registry
21/10/2024,Novo Land・Phase 3B・Fiskars Tower 2A・25/F・Flat C,,$3.73M,--,292ft²,"@$12,779",Land Registry
21/10/2024,Shaukeiwan Plaza・Lai Yar Court (Tower 3)・18/F・Flat G,,$4M,,361ft²,"@$11,080",Land Registry
21/10/2024,Century Link・Phase 2・Tower 1B・28/F・Flat 10,,$4.49M,,379ft²,"@$11,847",Land Registry
21/10/2024,Classical Gardens・Phase 2・Block 3・2/F・Flat A,,$7.85M,,826ft²,"@$9,504",Land Registry
21/10/2024,Hilton Plaza・Block A・23/F・Flat 7,,$4.99M,,412ft²,"@$12,112",Land Registry
21/10/2024,Chun Man Court・Man Hei House (Block H)・11/F・Flat 3,,$5.6M,--,525ft²,"@$10,667",Land Registry
21/10/2024,Larchwood・16/F・Flat A,,$5.03M,--,250ft²,"@$20,120",Land Registry
21/10/2024,The Arles・Tower 2・45/F・Flat A,,$6.6M,--,325ft²,"@$20,302",Land Registry
21/10/2024,Novo Land・Phase 3B・Fiskars Tower 2A・9/F・Flat C,,$3.66M,--,292ft²,"@$12,536",Land Registry
21/10/2024,Novo Land・Phase 3B・Fiskars Tower 2A・30/F・Flat C,,$3.76M,--,292ft²,"@$12,877",Land Registry
21/10/2024,The Yoho Hub・Phase C The Yoho Hub II・Tower 6・8/F・Flat D,,$6.74M,--,462ft²,"@$14,594",Land Registry
21/10/2024,Tokwawan Mansion・9/F・No. 283,,$3M,--,475ft²,"@$6,316",Land Registry
21/10/2024,Lun May Building・6/F・Flat A,,$3M,--,187ft²,"@$16,043",Land Registry
21/10/2024,Ning Fung Court・Ching Fung House (Block A)・20/F・Flat 7,,$4.27M,--,506ft²,"@$8,435",Land Registry
21/10/2024,One Jardine's Lookout・10/F・Flat F,,$4.95M,--,272ft²,"@$18,200",Land Registry
21/10/2024,One Jardine's Lookout・3/F・Flat E,,$4.18M,--,231ft²,"@$18,100",Land Registry
21/10/2024,One Jardine's Lookout・3/F・Flat F,,$4.79M,--,272ft²,"@$17,600",Land Registry
21/10/2024,Manor Hill・Tower 1・30/F・Flat B1,,$5.36M,--,288ft²,"@$18,608",Land Registry
21/10/2024,Elegance Gardens・Block 1・28/F・Flat F,,$4.08M,--,511ft²,"@$7,984",Land Registry
21/10/2024,Sun Tak House・24/F・Flat D,,$4.6M,--,411ft²,"@$11,192",Land Registry
21/10/2024,Novo Land・Phase 3B・Fiskars Tower 2A・8/F・Flat C,,$3.66M,--,292ft²,"@$12,536",Land Registry
21/10/2024,Mei Foo Sun Chuen・Phase 2・33-35 Broadway・16/F・Flat B No. 33,,$5.6M,,622ft²,"@$9,003",Land Registry
21/10/2024,Wing Fook Building・2/F・Flat B,,$3.65M,,526ft²,"@$6,939",Land Registry
21/10/2024,Brilliant Court・6/F・Flat C,,$2.85M,,203ft²,"@$14,039",Land Registry
21/10/2024,Tin Ma Court・Chun Fei House (Block C)・32/F・Flat 10,,$3.28M,--,415ft²,"@$7,904",Land Registry
21/10/2024,Po On Building・2/F・Flat F,,$3.6M,--,469ft²,"@$7,676",Land Registry
21/10/2024,Braemar Hill Mansions・Block 8・13/F・Flat B,,$20.65M,,"1,124ft²","@$18,372",Land Registry
21/10/2024,Kwai Chung Building・2/F・Flat P,,$2.21M,--,409ft²,"@$5,399",Land Registry
21/10/2024,9-11 Cedar Street・1/F・Flat C,,$2.05M,--,301ft²,"@$6,811",Land Registry
21/10/2024,Lai Yuen Apartments・10/F・Flat H,,$3.75M,--,377ft²,"@$9,947",Land Registry
21/10/2024,Cheung Sha Building・1/F・No. 120 (Flat B),,$3.8M,--,566ft²,"@$6,714",Land Registry
21/10/2024,Fortune Plaza・Wah Cheong Court (Block 4)・19/F・Flat B,,$4M,--,339ft²,"@$11,799",Land Registry
21/10/2024,The Yoho Hub・Phase C The Yoho Hub II・Tower 6・19/F・Flat A,,$7.05M,--,462ft²,"@$15,268",Land Registry
21/10/2024,Mayfair By The Sea・I・Tower 16・5/F・Flat B,,$16.9M,,"1,400ft²","@$12,071",Land Registry
21/10/2024,Koko Hills・Phase 3B Koko Mare・Tower 9・3/F・Flat F,,$5.93M,--,310ft²,"@$19,123",Land Registry
21/10/2024,Kt Marina・Phase 1・Tower 2A・5/F・Flat G,,$4.98M,--,306ft²,"@$16,258",Land Registry
21/10/2024,Metro Harbour View・Phase 2・Tower 9・20/F・Flat H,,$5.3M,,348ft²,"@$15,230",Land Registry
21/10/2024,Grand Victoria・Phase 3・Tower 1 (1B)・15/F・Flat A,,$11.93M,--,524ft²,"@$22,764",Land Registry
21/10/2024,Onmantin・Phase 2A・Tower 3・9/F・Flat G,,$12.18M,--,601ft²,"@$20,258",Land Registry
21/10/2024,Lohas Park・Phase 12B Park Seasons・Tower 2 (2B)・29/F・Flat D,,$6.31M,--,437ft²,"@$14,437",Land Registry
21/10/2024,Gold Coast Bay・Phase 1 The Uppland・Tower 3・11/F・Flat H,,$3.11M,--,312ft²,"@$9,965",Land Registry
21/10/2024,Heya Aqua・Tower 2・28/F・Flat D,,$8.6M,,497ft²,"@$17,304",Land Registry
21/10/2024,Grand Yoho・Phase 1・Tower 9・25/F・Flat G,,$8M,,544ft²,"@$14,706",Land Registry
21/10/2024,Ching Tao Court・26/F・Flat 10,,$2.14M,--,--,--,Land Registry
21/10/2024,One Jardine's Lookout・21/F・Flat A,,$3.92M,--,180ft²,"@$21,780",Land Registry
21/10/2024,Kin Fai Building・4/F・Flat D,,$3.2M,,310ft²,"@$10,323",Land Registry
21/10/2024,Discovery Bay・Phase 12 Siena Two・Peaceful Mansion (Block H5)・17/F・Flat E,,$4M,,438ft²,"@$9,132",Land Registry
21/10/2024,Kwun Tong Mansion・7/F・Flat 35,,$3.5M,,397ft²,"@$8,816",Land Registry
21/10/2024,Grandeur Gardens・Block B・15/F・Flat H,,$3.03M,,378ft²,"@$8,016",Land Registry
21/10/2024,One Jardine's Lookout・18/F・Flat D,,$6.77M,--,379ft²,"@$17,850",Land Registry
21/10/2024,Victoria Harbour・Phase 2B-3 Victoria Harbour II・Tower 2・7/F・Flat B,,$39.2M,--,"1,107ft²","@$35,411",Land Registry
21/10/2024,The Yoho Hub・Phase C The Yoho Hub II・Tower 6・16/F・Flat B,,$8.09M,--,538ft²,"@$15,040",Land Registry
21/10/2024,Cheung Wo Court・Wo Shing House (Block C)・9/F・Flat 2,,$2.93M,--,431ft²,"@$6,798",Land Registry
21/10/2024,Marina Garden・Block 1・24/F・Flat B,,$4.5M,,476ft²,"@$9,454",Land Registry
21/10/2024,Marina Garden・Carpark・G/F・No.A195,,"$900,000",--,--,--,Land Registry
21/10/2024,Grand View Garden・Tower 3・37/F・Flat J,,$3.8M,--,467ft²,"@$8,137",Land Registry
21/10/2024,Mei Foo Sun Chuen・Phase 2・48-50 Broadway・9/F・Flat B No. 50,,$8.35M,--,959ft²,"@$8,707",Land Registry
21/10/2024,Des Voeux W Residence・26/F・Flat E,,$4.76M,--,213ft²,"@$22,345",Land Registry
21/10/2024,Victoria Skye・Ocean Waves Tower 2・26/F・Flat E,,$7.5M,,468ft²,"@$16,026",Land Registry
21/10/2024,Park Avenue・Central Park・B/M・No.218,,$2.3M,--,--,--,Land Registry
21/10/2024,Pierhead Garden・Tower 4・16/F・Flat B,,$5M,--,521ft²,"@$9,597",Land Registry
21/10/2024,Cadogan・11/F・Flat B,,$7.32M,,348ft²,"@$21,034",Land Registry
21/10/2024,Swanhill Mansion・9/F・Flat A,,$3.8M,,274ft²,"@$13,869",Land Registry
21/10/2024,Kornhill・Block D (Flat 9 - 16)・12/F・Flat 16,,$6.16M,,596ft²,"@$10,336",Land Registry
21/10/2024,Wing On Court・Carpark・G/F・No.20,,$2.37M,--,--,--,Land Registry
21/10/2024,Wing On Court・10/F・Flat A,,$20M,,"1,668ft²","@$11,990",Land Registry
21/10/2024,Kam On Building・5/F・Rear (Flat A),,$2.25M,--,209ft²,"@$10,766",Land Registry
21/10/2024,Kam On Building・5/F・Front (Flat B),,$2.37M,--,209ft²,"@$11,340",Land Registry
21/10/2024,29-31 Lung Kong Road・4/F・No. 29,,$3.38M,,392ft²,"@$8,622",Land Registry
21/10/2024,Lung Cheung Court・1/F・Flat H,,$2.62M,--,252ft²,"@$10,397",Land Registry
21/10/2024,Lung Cheung Court・3/F・Flat F,,$1.81M,,194ft²,"@$9,330",Land Registry
21/10/2024,Lung Cheung Court・4/F・Flat H,,$2.35M,--,251ft²,"@$9,363",Land Registry
21/10/2024,The Bloomsway・The Laguna Tower 5・10/F・Flat A,,$5.1M,,550ft²,"@$9,273",Land Registry
21/10/2024,Festival City・Phase 3・Tower 2・18/F・Flat Sd,,$12M,,757ft²,"@$15,852",Land Registry
21/10/2024,Ching Tao Court・15/F・Flat 20,,$1.65M,--,--,--,Land Registry
21/10/2024,Beacon Heights・Block 2・13/F・Flat B,,$9.68M,--,807ft²,"@$11,995",Land Registry
21/10/2024,Hoi Lok Court・Block A (Hoi Pik House)・36/F・Flat 8,,$5.62M,--,473ft²,"@$11,882",Land Registry
21/10/2024,Gateway．Square Mile・8/F・Flat A,,$5.23M,--,285ft²,"@$18,342",Land Registry
21/10/2024,Gateway．Square Mile・10/F・Flat G,,$4.92M,--,260ft²,"@$18,931",Land Registry
21/10/2024,Ching Tao Court・25/F・Flat 2,,$1.24M,--,--,--,Land Registry
21/10/2024,Rhythm Garden・Carpark・1/F・No.37,,$1.03M,--,--,--,Land Registry
21/10/2024,The Latitude・Tower 1A・35/F・Flat B,,$21M,,"1,333ft²","@$15,754",Land Registry
21/10/2024,Tai On Building・6/F・No. 37,,$3.1M,,393ft²,"@$7,888",Land Registry
21/10/2024,Kin Sun Building・6/F・No. 15,,$3.88M,--,583ft²,"@$6,655",Land Registry
21/10/2024,Emerald Green・Block 6・15/F・Flat E,,$7.85M,,822ft²,"@$9,550",Land Registry
21/10/2024,Hong Keung Court・39/F・Flat 8,,$5.6M,--,634ft²,"@$8,833",Land Registry
21/10/2024,Wah Kwai Estate・Wah Lim House (Block 3)・30/F・Flat 5,,$1.98M,--,385ft²,"@$5,143",Land Registry
21/10/2024,Golden Lion Garden・Phase 1・Golden Glory Court (Block E)・2/F・Flat 7,,$3M,,260ft²,"@$11,531",Land Registry
21/10/2024,City One Shatin・Site 1・Block 1・19/F・Flat D,,$4.38M,,327ft²,"@$13,394",Land Registry
21/10/2024,Lake Silver・Carpark・1/F・No.B140,,$2.4M,--,--,--,Land Registry
21/10/2024,Sunshine City・Phase 4・Block J・29/F・Flat 8,,$6.58M,,519ft²,"@$12,678",Land Registry
21/10/2024,Kam Ying Court・Kam Leung House (Block A)・21/F・Flat 9,,$4.69M,--,645ft²,"@$7,268",Land Registry
21/10/2024,One Jardine's Lookout・20/F・Flat E,,$5.02M,--,264ft²,"@$19,000",Land Registry
21/10/2024,One Jardine's Lookout・22/F・Flat E,,$5.07M,--,264ft²,"@$19,200",Land Registry
21/10/2024,Ching Tao Court・13/F・Flat 20,,$1.64M,--,--,--,Land Registry
21/10/2024,Wah Fat Building・7/F・Flat L,,$2.9M,,321ft²,"@$9,034",Land Registry
21/10/2024,Convention Plaza Apartments・21/F・Flat 6,,$7.9M,--,565ft²,"@$13,982",Land Registry
21/10/2024,Victoria Harbour・Phase 2B-2 Victoria Harbour II・Tower 3・6/F・Flat A,,$49.4M,--,"1,448ft²","@$34,116",Land Registry
21/10/2024,The Yoho Hub・Phase C The Yoho Hub II・Tower 6・55/F・Flat F,,$12.26M,--,747ft²,"@$16,409",Land Registry
21/10/2024,The Horizon・Court C Tower 2・12/F・Flat D,,$15.88M,--,"1,046ft²","@$15,181",Land Registry
21/10/2024,Yuet Fat Mansion・4/F・Flat A,,$3.55M,,435ft²,"@$8,161",Land Registry
21/10/2024,Flora Plaza・Block 3・4/F・Flat H,,$3.45M,,392ft²,"@$8,801",Land Registry
21/10/2024,Flora Plaza・Block 9・3/F・Flat F,,$4.1M,,413ft²,"@$9,927",Land Registry
21/10/2024,Pak On Building・Block A・2/F・Flat A1,,$7M,,900ft²,"@$7,778",Land Registry
21/10/2024,The Yoho Hub・Phase C The Yoho Hub II・Tower 6・31/F・Flat J,,$9.23M,--,638ft²,"@$14,467",Land Registry
21/10/2024,Mei Ying Court・20/F・Flat 5,,$4.68M,--,445ft²,"@$10,517",Land Registry
21/10/2024,Sunrise Villa・26/F・Flat E,,$6.98M,,494ft²,"@$14,130",Land Registry
21/10/2024,Royal Ascot・Phase 2・Block 10・9/F・Flat F,,$10M,,974ft²,"@$10,267",Land Registry
21/10/2024,Fu Ning Garden・Block 3・23/F・Flat M,,$4.2M,--,495ft²,"@$8,485",Land Registry
21/10/2024,233-235 Shau Kei Wan Road・4/F・No. 233,,$2.3M,--,533ft²,"@$4,315",Land Registry
21/10/2024,One Jardine's Lookout・18/F・Flat E,,$4.96M,--,264ft²,"@$18,800",Land Registry
21/10/2024,Ching Tao Court・38/F・Flat 3,,$1.3M,--,--,--,Land Registry
21/10/2024,Ching Tao Court・36/F・Flat 5,,$1.26M,--,--,--,Land Registry
21/10/2024,The Golden Gate・Tower 2・17/F・Flat E,,$8.8M,,846ft²,"@$10,402",Land Registry
21/10/2024,Ying Lun Building・6/F・No. 7A,,$6M,,833ft²,"@$7,203",Land Registry
21/10/2024,Healey Building・16/F・Flat G,,$2.05M,,237ft²,"@$8,650",Land Registry
21/10/2024,Green Code・Tower 3・12/F・Flat B,,$5.55M,,509ft²,"@$10,904",Land Registry
21/10/2024,Garden Rivera・Block B・20/F・Flat 2,,$3.32M,,269ft²,"@$12,335",Land Registry
21/10/2024,The Pavilia Forest・Phase 3 The Pavilia Forest III・Tower 1・16/F・Flat G,,$6.97M,--,395ft²,"@$17,641",Land Registry
21/10/2024,Grand Promenade・Tower 5・25/F・Flat C,,$15.15M,,749ft²,"@$20,227",Land Registry
21/10/2024,Baycrest・Block 5・22/F・Flat A,,$7.58M,,586ft²,"@$12,935",Land Registry
21/10/2024,Gold Coast Bay・Phase 1 The Uppland・Tower 3・17/F・Flat J,,$3.29M,--,306ft²,"@$10,761",Land Registry
21/10/2024,The Hermitage・Tower 2・65/F・Flat B,,$25M,,"1,103ft²","@$22,665",Land Registry
21/10/2024,Ching Tao Court・30/F・Flat 4,,$1.75M,--,--,--,Land Registry
21/10/2024,One Jardine's Lookout・17/F・Flat D,,$9.36M,--,382ft²,"@$24,500",Land Registry
21/10/2024,Harmony Garden・Carpark・2/F・No.123,,"$830,000",--,--,--,Land Registry
21/10/2024,Larchwood・15/F・Flat G,,$4.09M,--,206ft²,"@$19,845",Land Registry
21/10/2024,The Metro City・Phase 2・Carpark・BM2・No.Rc453,,"$920,000",--,--,--,Land Registry
21/10/2024,Laguna City・Phase 1・Block 14・20/F・Flat G,,$5.9M,,517ft²,"@$11,412",Land Registry
21/10/2024,The Yoho Hub・Phase C The Yoho Hub II・Tower 6・23/F・Flat G,,$11.95M,--,858ft²,"@$13,925",Land Registry
21/10/2024,Harbour Heights・Block 3 (Nam Fung Court)・29/F・Flat E,,$8.58M,,612ft²,"@$14,020",Land Registry
21/10/2024,Vienna Garden・Carpark・B/M・No.71,,"$680,000",--,--,--,Land Registry
21/10/2024,Wai Wah Centre・Block 2・16/F・Flat E,,$4.6M,,358ft²,"@$12,849",Land Registry
21/10/2024,Sunshine Plaza・Block 2・18/F・Flat F,,$4.49M,,381ft²,"@$11,785",Land Registry
21/10/2024,Double Mansion・11/F・Flat B,,$2.98M,--,291ft²,"@$10,241",Land Registry
21/10/2024,Lederle Garden・16/F・Flat H,,$3.9M,,410ft²,"@$9,512",Land Registry
21/10/2024,Galaxia・Tower A・26/F・Flat 1,,$8.26M,,593ft²,"@$13,929",Land Registry
21/10/2024,Mei Foo Sun Chuen・Phase 1・29-31 Broadway・7/F・Flat C No. 31,,$5.38M,,602ft²,"@$8,937",Land Registry
21/10/2024,The Vim・27/F・Flat B,,$4.61M,--,290ft²,"@$15,890",Land Registry
21/10/2024,Double Cove・Phase 3 Double Cove Starview Prime・Block 22・28/F・Flat E,,$6.55M,,498ft²,"@$13,153",Land Registry
21/10/2024,Healthy Gardens・Block D・13/F・Flat 1,,$4.8M,,446ft²,"@$10,762",Land Registry
21/10/2024,Sun Shing Centre・Block 4・10/F・Flat A,,$3.75M,--,290ft²,"@$12,931",Land Registry
21/10/2024,One Jardine's Lookout・20/F・Flat A,,$3.9M,--,180ft²,"@$21,680",Land Registry
21/10/2024,Regency Bay・Phase 2・Tower 1・28/F・Flat D,,$12.71M,--,502ft²,"@$25,315",Land Registry
21/10/2024,Onmantin・Phase 2A・Tower 2・16/F・Flat C,,$22.68M,--,926ft²,"@$24,492",Land Registry
21/10/2024,Yan Shing Court・Carpark・4/F・No.434,,"$988,000",--,--,--,Land Registry
21/10/2024,V Happy Valley・15/F・Flat B,,$6.68M,--,--,--,Land Registry
21/10/2024,Ocean Pride・Phase 3・Tower 8・21/F・Flat C,,$7.05M,,391ft²,"@$18,031",Land Registry
21/10/2024,Yan Shing Court・Yan Choi House (Block F)・18/F・Flat 3,,$2.55M,--,401ft²,"@$6,359",Land Registry
21/10/2024,Kingswood Villas・Phase 1 Locwood Court・Carpark・BM2・No.7,,"$955,000",--,--,--,Land Registry
21/10/2024,Larchwood・10/F・Flat A,,$4.99M,--,250ft²,"@$19,952",Land Registry
21/10/2024,Hollywood Hill・3/F・Flat B,,$6.9M,--,--,--,Land Registry
21/10/2024,Ocean Pride・Phase 3A Ocean Supreme・Tower 3B・47/F・Flat D,,$8.88M,,530ft²,"@$16,755",Land Registry
21/10/2024,Nan Fung Sun Chuen・Block 5・2/F・Flat D,,$4.78M,,516ft²,"@$9,264",Land Registry
21/10/2024,Sorrento・Phase 1・Block 5・56/F・Flat A,,$15.5M,,632ft²,"@$24,525",Land Registry
21/10/2024,One Jardine's Lookout・11/F・Flat C,,$6.94M,--,392ft²,"@$17,700",Land Registry
21/10/2024,Lohas Park・Phase 12B Park Seasons・Tower 2 (2A)・18/F・Flat G,,$4.83M,--,325ft²,"@$14,849",Land Registry
21/10/2024,296 Portland Street・1/F・No. 296,,$3M,--,592ft²,"@$5,068",Land Registry
21/10/2024,Ching Tao Court・34/F・Flat 1,,$1.28M,--,--,--,Land Registry
21/10/2024,Ching Tao Court・37/F・Flat 15,,$1.32M,--,--,--,Land Registry
21/10/2024,Ching Tao Court・38/F・Flat 14,,$1.36M,--,--,--,Land Registry
21/10/2024,Ching Tao Court・28/F・Flat 6,,$1.25M,--,--,--,Land Registry
21/10/2024,Ching Tao Court・38/F・Flat 18,,$1.33M,--,--,--,Land Registry
20/10/2024,Centra Horizon・Tower 12・Lower Floor・Flat B,,$3.14M,--,251ft²,"@$12,502",Centaline
20/10/2024,The Avenue・Phase 2・Tower 1・Upper Floor・Flat E,,,--,447ft²,@$56,Centaline
20/10/2024,The Zenith・Phase 1・Tower 3・Middle Floor・Flat F,,,--,484ft²,@$52,Centaline
20/10/2024,The Fortune Gardens・Block A・Upper Floor・Flat 1,,,--,578ft²,@$42,Centaline
20/10/2024,Honor Villa・Middle Floor・Flat A,,,--,446ft²,@$45,Centaline
20/10/2024,Villa Oceania・Block 7・Upper Floor・Flat E,,,--,558ft²,@$33,Centaline
20/10/2024,Valiant Court・Middle Floor・Flat C,,,--,364ft²,@$44,Centaline
20/10/2024,High One・Middle Floor・Flat C,,,--,193ft²,@$62,Centaline
20/10/2024,Cullinan West・Phase 5 Cullinan West Ill・Tower 7・Upper Floor・Flat K,,,--,380ft²,@$53,Centaline
20/10/2024,Grand Victoria・Phase 3・Tower 2・Lower Floor・Flat B,,,--,312ft²,@$62,Centaline
20/10/2024,Cullinan West・Phase 2A・Tower 1B・Upper Floor・Flat G,,,--,352ft²,@$60,Centaline
20/10/2024,Winsome Park・Lower Floor・Flat A,,,--,829ft²,@$45,Centaline
20/10/2024,Hollywood Terrace・Block B・Middle Floor・Flat H,,,--,756ft²,@$38,Centaline
20/10/2024,Discovery Bay・Phase 14 Amalfi・Amalfi Three・Upper Floor・Flat C,,,--,523ft²,@$28,Centaline
20/10/2024,Discovery Park・Phase 3・Block 12・Lower Floor・Flat F,,,--,650ft²,@$28,Centaline
20/10/2024,Blessings Garden・Phase 1・Upper Floor・Flat D,,,--,854ft²,@$43,Centaline
20/10/2024,On Kay Court・Kay Hong House (Block C)・Upper Floor・Flat 8,,,--,414ft²,@$36,Centaline
20/10/2024,Parkland Villas・Block 8・Upper Floor・Flat B,,,--,381ft²,@$32,Centaline
20/10/2024,Savannah・Tower 2・Lower Floor・Flat E,,,--,477ft²,@$43,Centaline
20/10/2024,Kingswood Villas・Phase 5 Lynwood Court・Block 7・Lower Floor・Flat A,,,--,638ft²,@$24,Centaline
20/10/2024,Bellagio・Phase 2・Tower 5・Middle Floor・Flat D,,,--,808ft²,@$31,Centaline
20/10/2024,Bellagio・Phase 3・Tower 1・Middle Floor・Flat D,,,--,935ft²,@$32,Centaline
20/10/2024,Heng Fa Chuen・Block 46・Upper Floor・Flat 5,,,--,593ft²,@$35,Centaline
20/10/2024,Lime Gala・Tower 1A・Middle Floor・Flat E,,,--,307ft²,@$51,Centaline
20/10/2024,Provident Centre・Block 9・Upper Floor・Flat B,,,--,"1,308ft²",@$37,Centaline
20/10/2024,Yee Bo Mansion・Lower Floor・Flat A,,,--,321ft²,@$44,Centaline
20/10/2024,Felicity Garden・Block 3・Lower Floor・Flat B,,,--,688ft²,@$35,Centaline
20/10/2024,Hong Kong Garden・Phase 2・Hoover Heights (Block 12)・Lower Floor・Flat E,,,--,536ft²,@$22,Centaline
20/10/2024,Nan Fung Sun Chuen・Block 3・Middle Floor・Flat C,,,--,391ft²,@$41,Centaline
20/10/2024,Serenade・Tower 2・Lower Floor・Flat A,,,--,788ft²,@$52,Centaline
20/10/2024,Park Central・Phase 1・Tower 8・Lower Floor・Flat D,,,--,384ft²,@$44,Centaline
20/10/2024,Hung Hom Bay Centre・Hung Ming Court (Block L)・Upper Floor・Flat 3,,,--,411ft²,@$40,Centaline
20/10/2024,United Building・Hung Wan Court・Upper Floor・Flat 18,,,--,293ft²,@$44,Centaline
20/10/2024,Lohas Park・Phase 2B Le Prime・Tower 8 - L Wing・Lower Floor・Flat A,,,--,678ft²,@$28,Centaline
20/10/2024,Galaxia・Tower E・Middle Floor・Flat 7,,,--,517ft²,@$37,Centaline
20/10/2024,The Coronation・Tower 3・Lower Floor・Flat B,,,--,"1,195ft²",@$39,Centaline
20/10/2024,One Silversea・Tower 8・Middle Floor・Flat A,,,--,781ft²,@$47,Centaline
20/10/2024,K. City・Tower 3・Flat G,,,--,358ft²,@$47,Centaline
20/10/2024,Telford Gardens・Block B・Lower Floor・Flat 6,,,--,538ft²,@$33,Centaline
20/10/2024,Grand Central・Phase 2・Tower 3・Upper Floor・Flat E,,,--,763ft²,@$41,Centaline
20/10/2024,Amoy Gardens・Phase 3・Block P・Upper Floor・Flat 5,,,--,242ft²,@$52,Centaline
20/10/2024,Amoy Gardens・Phase 1・Block E・Middle Floor・Flat 2,,,--,390ft²,@$41,Centaline
20/10/2024,Telford Gardens・Block O・Lower Floor・Flat 4,,,--,517ft²,@$34,Centaline
20/10/2024,The Wings・II・Tower 5A・Middle Floor・Flat C,,,--,845ft²,@$40,Centaline
20/10/2024,Florient Rise・Tower 3・Middle Floor・Flat E,,,--,593ft²,@$48,Centaline
20/10/2024,Cullinan West・Phase 2A・Tower 2A・Lower Floor・Flat A,,,--,"1,343ft²",@$45,Centaline
20/10/2024,Hibiscus Park・Block 1・Upper Floor・Flat C,,,--,433ft²,@$39,Centaline
20/10/2024,Lohas Park・Phase 4B Wings At Sea Il・Tower 5A・Lower Floor・Flat C,,,--,491ft²,@$38,Centaline
20/10/2024,Lohas Park・Phase 9C Ocean Marini・Tower 1 (1B)・Middle Floor・Flat A,,,--,547ft²,@$37,Centaline
20/10/2024,Lohas Park・Phase 4A Wings At Sea・Tower 1B・Middle Floor・Flat F,,,--,344ft²,@$42,Centaline
20/10/2024,Lohas Park・Phase 6 Lp6・Tower 3・Middle Floor・Flat E,,,--,732ft²,@$35,Centaline
20/10/2024,Lohas Park・Phase 5A Malibu・Tower 2B・Lower Floor・Flat D,,,--,547ft²,@$35,Centaline
20/10/2024,Festival City・Phase 3・Tower 3・Lower Floor・Flat Nd,,,--,757ft²,@$40,Centaline
20/10/2024,Belvedere Garden・Phase 1・Block 1・Lower Floor・Flat F,,,--,481ft²,@$29,Centaline
20/10/2024,The Visionary・Tower 3・Upper Floor・Flat B,,,--,"1,046ft²",@$34,Centaline
20/10/2024,Mei Foo Sun Chuen・Phase 8・130-132 Broadway・Middle Floor・Flat B No. 130,,,--,666ft²,@$32,Centaline
20/10/2024,Sunshine City・Phase 2・Block D・Upper Floor・Flat 1,,,--,490ft²,@$41,Centaline
20/10/2024,Parc Versailles・Phase 2・Block 23・Middle Floor・Flat A,,,--,"1,019ft²",@$26,Centaline
20/10/2024,The Waterfront・Phase 1・Tower 3・Upper Floor・Flat F,,,--,"1,076ft²",@$43,Centaline
20/10/2024,Seaside Sonata・Tower 5・Upper Floor・Flat D,,,--,503ft²,@$44,Centaline
20/10/2024,Liberte・Block 2・Middle Floor・Flat A,,,--,491ft²,@$40,Centaline
20/10/2024,Greenfield Garden・Phase 1・Tower 5・Upper Floor・Flat B,,,--,365ft²,@$37,Centaline
20/10/2024,The Hermitage・Tower 3・Middle Floor・Flat B,,,--,"1,118ft²",@$43,Centaline
20/10/2024,Kornhill・Block N (Flat 1 - 8)・Upper Floor・Flat 3,,,--,466ft²,@$40,Centaline
20/10/2024,Park Summit・Tower 2・Middle Floor・Flat D,,,--,264ft²,@$53,Centaline
20/10/2024,Ocean Shores・Phase 3・Tower 13・Lower Floor・Flat C,,,--,551ft²,@$33,Centaline
20/10/2024,Ocean Shores・Phase 3・Tower 13・Lower Floor・Flat D,,,--,554ft²,@$32,Centaline
20/10/2024,Ching Tai Court・Cheung Tai House (Block A)・Upper Floor・Flat 4,,,--,645ft²,@$30,Centaline
20/10/2024,Realty Gardens・Paris Court (Block 2)・Lower Floor・Flat C,,,--,"1,166ft²",@$39,Centaline
20/10/2024,One Innovale・Phase 3・Tower D・Upper Floor・Flat 17,,,--,308ft²,@$41,Centaline
20/10/2024,Bayview Garden・Block 4・Lower Floor・Flat C,,,--,760ft²,@$29,Centaline
20/10/2024,Wetland Seasons Bay・Phase 1・Tower 5A・Upper Floor・Flat B2,,,--,437ft²,@$32,Centaline
20/10/2024,518 Canton Road・No. 518,,,--,464ft²,@$27,Centaline
20/10/2024,The Met. Azure・Lower Floor・Flat B05,,,--,186ft²,@$69,Centaline
20/10/2024,Parc City・Tower 2・Lower Floor・Flat A,,,--,780ft²,@$43,Centaline
20/10/2024,City Garden・Phase 2・Block 13・Upper Floor・Flat D,,,--,889ft²,@$36,Centaline
20/10/2024,The Consonance・Upper Floor・Flat G,,,--,290ft²,@$76,Centaline
20/10/2024,Fleur Pavilia・Tower 2・Middle Floor・Flat C,,,--,605ft²,@$51,Centaline
20/10/2024,Century Link・Phase 2・Tower 1B・Middle Floor・Flat 8,,,--,483ft²,@$39,Centaline
20/10/2024,The Quinn ‧ Square Mile・Tower 2・Middle Floor・Flat G,,,--,269ft²,@$59,Centaline
20/10/2024,The Quinn ‧ Square Mile・Tower 2・Middle Floor・Flat G,,,--,269ft²,@$59,Centaline
20/10/2024,Island Harbourview・Tower 9・Lower Floor・Flat B,,,--,786ft²,@$41,Centaline
20/10/2024,Indi Home・Middle Floor・Flat 18,,,--,312ft²,@$44,Centaline
20/10/2024,The Aurora・Tower 2・Middle Floor・Flat J,,,--,280ft²,@$63,Centaline
20/10/2024,Ocean Pride・Phase 3・Tower 7・Middle Floor・Flat A,,,--,777ft²,@$36,Centaline
20/10/2024,Greenfield Garden・Phase 1・Tower 3・Middle Floor・Flat H,,,--,443ft²,@$34,Centaline
20/10/2024,Tierra Verde・Phase 1・Tower 2・Upper Floor・Flat F,,,--,520ft²,@$44,Centaline
20/10/2024,Wetland Seasons Park・Phase 1・Tower 10・Middle Floor・Flat A6,,,--,678ft²,@$29,Centaline
20/10/2024,One Soho・Middle Floor・Flat B1,,,--,280ft²,@$63,Centaline
20/10/2024,No. 63 Pok Fu Lam Road・Tower 1 (Amber House)・Lower Floor・Flat E,,,--,209ft²,@$77,Centaline
20/10/2024,El Futuro・Tower 1・Upper Floor・Flat D,,,--,755ft²,@$34,Centaline
20/10/2024,On Ning Garden・Block 1・Upper Floor・Flat F,,,--,583ft²,@$31,Centaline
20/10/2024,Victoria Skye・Ocean Waves Tower 1・Upper Floor・Flat E,,,--,661ft²,@$48,Centaline
20/10/2024,Hip Sang Building・Upper Floor・No. 113,,,--,516ft²,@$32,Centaline
20/10/2024,Jumbo Court・Lower Floor・Flat D,,,--,413ft²,@$36,Centaline
20/10/2024,The Merton・Tower 3・Lower Floor・Flat B,,,--,619ft²,@$48,Centaline
20/10/2024,City Point・Block 2・Upper Floor・Flat D,,,--,487ft²,@$38,Centaline
20/10/2024,Kingswood Villas・Phase 6 Maywood Court・Block 3・Lower Floor・Flat G,,,--,544ft²,@$23,Centaline
20/10/2024,Ocean Pride・Phase 3A Ocean Supreme・Tower 5B・Lower Floor・Flat B,,,--,527ft²,@$45,Centaline
20/10/2024,Hong Tak Gardens・Tower 3・Middle Floor・Flat A,,,--,415ft²,@$25,Centaline
20/10/2024,Century Link・Phase 1・Tower 3B・Middle Floor・Flat 6,,,--,463ft²,@$38,Centaline
20/10/2024,Century Link・Phase 2・Tower 1B・Upper Floor・Flat 7,,,--,452ft²,@$41,Centaline
20/10/2024,The Sherwood・Tower 8・Upper Floor・Flat A,,,--,361ft²,@$33,Centaline
20/10/2024,Sunshine City・Phase 4・Block L・Middle Floor・Flat 2,,,--,363ft²,@$43,Centaline
20/10/2024,Park Yoho・Phase 2C Park Yoho Milano・Tower 33A・Lower Floor・Flat A,,,--,578ft²,@$26,Centaline
20/10/2024,The Avenue・Phase 1・Tower 5・Upper Floor・Flat A,,,--,586ft²,@$62,Centaline
20/10/2024,Coastal Skyline・Phase 1・Block 6・Upper Floor・Flat D,,,--,781ft²,@$30,Centaline
20/10/2024,The Quinn ‧ Square Mile・Tower 2・Upper Floor・Flat L,,,--,269ft²,@$61,Centaline
20/10/2024,Grand Yoho・Phase 1・Tower 1・Middle Floor・Flat C,,,--,614ft²,@$36,Centaline
20/10/2024,Yoho Town・Phase 2 Yoho Midtown・Block M3・Middle Floor・Flat E,,,--,507ft²,@$35,Centaline
20/10/2024,Upper East・Lower Floor・Flat K (T1C),,,--,216ft²,@$63,Centaline
20/10/2024,The Cullinan・Tower 21 - Zone 5 (Star Sky)・Upper Floor・Flat C,,,--,504ft²,@$71,Centaline
20/10/2024,Malibu Garden・Middle Floor・Flat E,,,--,518ft²,@$46,Centaline
20/10/2024,Parkside Villa・Block 3・Upper Floor・Flat E,,,--,590ft²,@$25,Centaline
19/10/2024,Kwan Yick Building・Phase 1・Kwan Yick Building Phase 1・Upper Floor・Flat 22,,$4.18M,--,370ft²,"@$11,297",Centaline
19/10/2024,South Coast・Upper Floor・Flat D,,,--,254ft²,@$57,Centaline
19/10/2024,Wai King Mansion・Middle Floor・Flat A,,,--,437ft²,@$32,Centaline
19/10/2024,Dawning Views・Block 7・Lower Floor・Flat B,,,--,431ft²,@$29,Centaline
19/10/2024,Robinson Heights・Tower 3・Middle Floor・Flat A,,,--,746ft²,@$47,Centaline
19/10/2024,Sorrento・Phase 1・Block 3・Upper Floor・Flat A,,,--,632ft²,@$51,Centaline
19/10/2024,Tseung Kwan O Plaza・Phase 2・Tower 5・Middle Floor・Flat C,,,--,454ft²,@$40,Centaline
19/10/2024,Laguna Verde・Phase 5(4B) Ocean Vista・Tower 23A・Lower Floor・Flat F,,,--,425ft²,@$42,Centaline
19/10/2024,Lohas Park・Phase 3A Hemera・Diamond (Tower 1)・Middle Floor・Flat Rd,,,--,791ft²,@$30,Centaline
19/10/2024,Manhattan Hill・Tower 3・Middle Floor・Flat G,,,--,674ft²,@$45,Centaline
19/10/2024,Metro City・Phase 1・Tower 5・Middle Floor・Flat H,,,--,698ft²,@$34,Centaline
19/10/2024,Metro Harbour View・Phase 1・Tower 1・Lower Floor・Flat A,,,--,321ft²,@$52,Centaline
19/10/2024,The Royale・Phase 1 Seacoast Royale・Tower 3・Middle Floor・Flat 9,,,--,292ft²,@$39,Centaline
19/10/2024,South Walk．Aura・Upper Floor・Flat A,,,--,258ft²,@$53,Centaline
19/10/2024,Lions Rise・Tower 5A・Middle Floor・Flat B,,,--,570ft²,@$39,Centaline
19/10/2024,Prima Villa・Block 1・Upper Floor・Flat B,,,--,419ft²,@$44,Centaline
19/10/2024,Manhattan Heights・Lower Floor・Flat K,,,--,434ft²,@$55,Centaline
19/10/2024,Yee Kok Court・Yee Mei House (Block B)・Lower Floor・Flat 4,,,--,530ft²,@$31,Centaline
19/10/2024,One Kai Tak・Il・Tower 3・Upper Floor・Flat D,,,--,800ft²,@$43,Centaline
19/10/2024,De Novo・Tower H2・Upper Floor・Flat D,,,--,452ft²,@$41,Centaline
19/10/2024,Hampton Place・Tower 1・Middle Floor・Flat D,,,--,450ft²,@$48,Centaline
19/10/2024,Lime Gala・Tower 1A・Lower Floor・Flat A,,,--,489ft²,@$47,Centaline
19/10/2024,The Quinn ‧ Square Mile・Tower 2・Middle Floor・Flat E,,,--,291ft²,@$55,Centaline
19/10/2024,Kornhill・Block N (Flat 9 - 16)・Upper Floor・Flat 10,,,--,466ft²,@$38,Centaline
19/10/2024,Kensington Hill・Lower Floor・Flat A,,,--,864ft²,@$51,Centaline
19/10/2024,Seaview Crescent・Block 5・Lower Floor・Flat B,,,--,847ft²,@$31,Centaline
19/10/2024,Coastal Skyline・Phase 3 La Rossa・La Rossa A (Tower 7)・Middle Floor・Flat E,,,--,638ft²,@$34,Centaline
19/10/2024,The Visionary・Tower 10・Upper Floor・Flat C,,,--,445ft²,@$40,Centaline
19/10/2024,East Point City・Block 6・Upper Floor・Flat G,,,--,466ft²,@$39,Centaline
19/10/2024,Park Central・Phase 1・Tower 7・Lower Floor・Flat D,,,--,384ft²,@$44,Centaline
19/10/2024,Grand Promenade・Tower 2・Lower Floor・Flat A,,,--,662ft²,@$45,Centaline
19/10/2024,2 Old Peak Road・Middle Floor・Flat B,,,--,"1,189ft²",@$49,Centaline
19/10/2024,Park Haven・Lower Floor・Flat A,,,--,465ft²,@$47,Centaline
19/10/2024,Solaria・Tower 5・Lower Floor・Flat F,,,--,325ft²,@$45,Centaline
19/10/2024,Sham Wan Towers・Block 3・Middle Floor・Flat C,,,--,517ft²,@$43,Centaline
19/10/2024,Beneville・Block 2・Lower Floor・Flat E,,,--,428ft²,@$35,Centaline
19/10/2024,Henley Park・Tower 1B・Middle Floor・Flat J,,,--,395ft²,@$53,Centaline
19/10/2024,Regentville・Grand Regentville・Block 6・Middle Floor・Flat D,,,--,420ft²,@$32,Centaline
19/10/2024,One Soho・Middle Floor・Flat A3,,,--,287ft²,@$59,Centaline
19/10/2024,Seaview Crescent・Block 2・Lower Floor・Flat F,,,--,508ft²,@$36,Centaline
18/10/2024,Fanling Town Center・Brilliant Court (Block 2)・Lower Floor・Flat C,,$3.72M,--,376ft²,"@$9,880",Centaline
18/10/2024,Lohas Park・Phase 10 Lp10・Tower 2 (2A)・Middle Floor・Flat B,,$12.71M,--,865ft²,"@$14,694",Centaline
18/10/2024,Banyan Garden・Phase 1・Tower 2・Lower Floor・Flat B,,$9.1M,--,658ft²,"@$13,830",Centaline
18/10/2024,The Belchers・Phase 2・Tower 8・Lower Floor・Flat A,,$15.6M,--,896ft²,"@$17,411",Centaline
18/10/2024,Chelsea Court・Tower South (A2)・Upper Floor・Flat A,,$6.63M,--,475ft²,"@$13,954",Centaline
18/10/2024,Peninsula East・Tower 2・Upper Floor・Flat D,,$12.15M,--,874ft²,"@$13,902",Centaline
18/10/2024,Sorrento・Phase 1・Block 5・Middle Floor・Flat H,,$16.28M,--,755ft²,"@$21,563",Centaline
18/10/2024,Seaview Crescent・Block 2・Lower Floor・Flat H,,$5.7M,--,558ft²,"@$10,215",Centaline
18/10/2024,Ming Yuet Building・Middle Floor・Flat C,,$2.5M,--,207ft²,"@$12,077",Centaline
18/10/2024,Well On Garden・Block 4・Middle Floor・Flat A,,$4.35M,--,413ft²,"@$10,533",Centaline
18/10/2024,Parc Oasis・Tower 28 (33 Grandeur Rd)・Middle Floor・Flat A,,$9.3M,--,606ft²,"@$15,347",Centaline
18/10/2024,Amoy Gardens・Phase 3・Block L・Middle Floor・Flat 8,,$3.28M,--,285ft²,"@$11,509",Centaline
18/10/2024,Lohas Park・Phase 2B Le Prime・Tower 6 - R Wing・Middle Floor・Flat A,,$9.29M,--,984ft²,"@$9,441",Centaline
18/10/2024,Laguna City・Phase 1・Block 6・Upper Floor・Flat C,,$5.64M,--,517ft²,"@$10,909",Centaline
18/10/2024,Lions Rise・Tower 6A・Lower Floor・Flat B,,$8.7M,--,567ft²,"@$15,344",Centaline
18/10/2024,Radiant Towers・Tower 2・Middle Floor・Flat F,,$5.88M,--,--,--,Centaline
18/10/2024,Park Central・Phase 1・Tower 9・Upper Floor・Flat E,,$5.5M,--,384ft²,"@$14,323",Centaline
18/10/2024,Shatin Centre・Ka Ning Building (Block F)・Upper Floor・Flat C,,$4.7M,--,347ft²,"@$13,545",Centaline
18/10/2024,Serenade Cove・Tower B・Lower Floor・Flat 8,,$4.69M,--,462ft²,"@$10,152",Centaline
18/10/2024,Belvedere Garden・Phase 1・Block 2・Lower Floor・Flat B,,$3.95M,--,470ft²,"@$8,404",Centaline
18/10/2024,Metro Harbour View・Phase 2・Tower 10・Middle Floor・Flat D,,$4.9M,--,348ft²,"@$14,080",Centaline
18/10/2024,Park Island・Phase 5 Oceancrest・Tower 27・Lower Floor・Flat H,,$4.19M,--,507ft²,"@$8,260",Centaline
18/10/2024,Marina Garden・Block 4・Middle Floor・Flat F,,$3.83M,--,471ft²,"@$8,132",Centaline
18/10/2024,Affluence Garden・Prosperland House (Block 1)・Middle Floor・Flat L,,$3.8M,--,577ft²,"@$6,586",Centaline
18/10/2024,Grand Horizon・Block 1・Middle Floor・Flat F,,$5.65M,--,491ft²,"@$11,507",Centaline
18/10/2024,Ocean Pride・Phase 3A Ocean Supreme・Tower 1・Middle Floor・Flat C,,$14.75M,--,807ft²,"@$18,278",Centaline
18/10/2024,Park Signature・Tower 10・Middle Floor・Flat J,,$2.85M,--,272ft²,"@$10,478",Centaline
18/10/2024,Chi Fu Fa Yuen・Fu Hing Yuen (Block H-20)・Lower Floor・Flat H,,$4.5M,--,439ft²,"@$10,251",Centaline
18/10/2024,Primrose Hill・Tower 1・Lower Floor・Flat D,,$8M,--,704ft²,"@$11,364",Centaline
18/10/2024,Monaco・Phase 1・Tower 2A・Lower Floor・Flat A,,$16.16M,--,761ft²,"@$21,235",Centaline
18/10/2024,K‧Summit・Tower 1A・Lower Floor・Flat E,,$13M,--,762ft²,"@$17,060",Centaline
18/10/2024,Golf Parkview,,$8.6M,--,"1,079ft²","@$7,970",Centaline
18/10/2024,Golf Parkview,,$8.38M,--,"1,079ft²","@$7,766",Centaline
18/10/2024,Laguna City・Phase 1・Block 3・Lower Floor・Flat B,,$5.4M,--,517ft²,"@$10,445",Centaline
18/10/2024,One Beacon Hill・Phase 3・Tower 12・Lower Floor・Flat A,,$23.08M,--,"1,110ft²","@$20,793",Centaline
18/10/2024,Sol City・Tower 1・Middle Floor・Flat D,,$6.68M,--,495ft²,"@$13,495",Centaline
18/10/2024,Kingswood Villas・Phase 7 Kenswood Court・Block 3・Upper Floor・Flat F,,$7.8M,--,986ft²,"@$7,911",Centaline
18/10/2024,Blessings Garden・Phase 2・Upper Floor・Flat C,,,--,842ft²,@$46,Centaline
18/10/2024,World Fair Court・Middle Floor・Flat B,,,--,400ft²,@$28,Centaline
18/10/2024,Pristine Villa・Block 3・Middle Floor・Flat B,,,--,"1,066ft²",@$31,Centaline
18/10/2024,Windsor Court・Lower Floor・Flat A,,,--,318ft²,@$53,Centaline
18/10/2024,Park Signature・Tower 6・Lower Floor・Flat G,,,--,436ft²,@$30,Centaline
18/10/2024,T Plus・Middle Floor・Flat 33,,,--,135ft²,@$63,Centaline
18/10/2024,Discovery Bay・Phase 1-Parkridge Village・Mountain View・Lower Floor・Flat C,,,--,588ft²,@$25,Centaline
18/10/2024,Discovery Bay・Phase 5-Greenvale Village・Greenburg Court (Block 2)・Middle Floor・Flat C,,,--,876ft²,@$23,Centaline
18/10/2024,Discovery Park・Phase 3・Block 10・Upper Floor・Flat B,,,--,493ft²,@$35,Centaline
18/10/2024,Scenery Court・Block 1・Lower Floor・Flat G,,,--,379ft²,@$41,Centaline
18/10/2024,Oasis Kai Tak・Tower 3・Middle Floor・Flat D,,,--,494ft²,@$52,Centaline
18/10/2024,Grand Central・Phase 2・Tower 5・Lower Floor・Flat M,,,--,803ft²,@$41,Centaline
18/10/2024,Telford Gardens・Block D・Upper Floor・Flat 9,,,--,556ft²,@$34,Centaline
18/10/2024,Metro Town・Phase 2 Le Point・Tower 7・Middle Floor・Flat G,,,--,503ft²,@$37,Centaline
18/10/2024,Mayfair By The Sea・I・Tower 19・Lower Floor・Flat C,,,--,905ft²,@$30,Centaline
18/10/2024,Lohas Park・Phase 4A Wings At Sea・Tower 2B・Lower Floor・Flat D,,,--,473ft²,@$37,Centaline
18/10/2024,Heng Fa Chuen・Block 13・Middle Floor・Flat 6,,,--,453ft²,@$40,Centaline
18/10/2024,Island Resort・Tower 9・Lower Floor・Flat B,,,--,848ft²,@$40,Centaline
18/10/2024,The Astro・Upper Floor・Flat F,,,--,173ft²,@$61,Centaline
18/10/2024,Imperial Cullinan・Tower 2・Middle Floor・Flat A,,,--,"1,243ft²",@$45,Centaline
18/10/2024,Island Garden・Tower 5・Lower Floor・Flat E,,,--,715ft²,@$33,Centaline
18/10/2024,The Henley・Phase 1・Condominium D・Upper Floor・Flat B,,,--,291ft²,@$66,Centaline
18/10/2024,Aria Kowloon Peak・Tower 2・Middle Floor・Flat D,,,--,497ft²,@$40,Centaline
18/10/2024,Corinthia By The Sea・Tower 8・Upper Floor・Flat B,,,--,551ft²,@$40,Centaline
18/10/2024,Island Harbourview・Tower 5・Lower Floor・Flat F,,,--,457ft²,@$48,Centaline
18/10/2024,Lake Silver・Tower 7・Lower Floor・Flat C,,,--,762ft²,@$34,Centaline
18/10/2024,Oceanic View・Middle Floor・Flat C,,,--,424ft²,@$38,Centaline
18/10/2024,Cetus‧Square Mile・Tower 1・Lower Floor・Flat F,,,--,253ft²,@$62,Centaline
18/10/2024,Novum West・Tower 2・Upper Floor・Flat B,,,--,332ft²,@$78,Centaline
18/10/2024,The Esplanade・Upper Floor・Flat B,,,--,205ft²,@$41,Centaline
18/10/2024,The Visionary・Tower 10・Middle Floor・Flat A,,,--,484ft²,@$35,Centaline
18/10/2024,The Visionary・Tower 3・Upper Floor・Flat A,,,--,"1,031ft²",@$32,Centaline
18/10/2024,Regency Bay・Phase 1・Tower 2・Lower Floor・Flat F,,,--,312ft²,@$42,Centaline
18/10/2024,Coastal Skyline・Phase 3 La Rossa・La Rossa A (Tower 7)・Lower Floor・Flat A,,,--,780ft²,@$33,Centaline
18/10/2024,Wetland Seasons Park・Phase 2・Tower 19・Lower Floor・Flat A1,,,--,420ft²,@$30,Centaline
18/10/2024,Greenfields・Block 2・Lower Floor・Flat E,,,--,488ft²,@$28,Centaline
18/10/2024,Nan Fung Sun Chuen・Block 9・Lower Floor・Flat G,,,--,391ft²,@$43,Centaline
18/10/2024,La Vetta,,,--,"1,572ft²",@$30,Centaline
18/10/2024,The Visionary・Tower 8・Upper Floor・Flat C,,,--,667ft²,@$36,Centaline
18/10/2024,Waterside Plaza・Block 3・Upper Floor・Flat F,,,--,475ft²,@$33,Centaline
18/10/2024,The Palazzo・Block 2・Middle Floor・Flat C,,,--,696ft²,@$39,Centaline
18/10/2024,Tsuen Wan Town Square・Block B・Lower Floor・Flat 3,,,--,608ft²,@$35,Centaline
18/10/2024,Grand Austin・Tower 5A・Lower Floor・Flat A,,,--,928ft²,@$45,Centaline
18/10/2024,Noble Hill・Tower 1・Lower Floor・Flat A,,,--,442ft²,@$28,Centaline
18/10/2024,The Spectra・Tower 1・Upper Floor・Flat D,,,--,504ft²,@$33,Centaline
18/10/2024,The Spectra・Tower 2・Lower Floor・Flat K,,,--,363ft²,@$33,Centaline
18/10/2024,The Reach・Tower 5・Upper Floor・Flat F,,,--,355ft²,@$30,Centaline
18/10/2024,Grand Yoho・Phase 1・Tower 9・Upper Floor・Flat E,,,--,592ft²,@$32,Centaline
18/10/2024,Cetus‧Square Mile・Tower 1・Lower Floor・Flat E,,,--,309ft²,@$52,Centaline
18/10/2024,Ching Tao Court・36/F・Flat 6,,$1.27M,--,--,--,Land Registry
18/10/2024,City One Shatin・Site 1・Block 11・17/F・Flat C,,$5.35M,--,484ft²,"@$11,054",Land Registry
18/10/2024,The Spectacle・21/F・Flat B,,$9M,,763ft²,"@$11,796",Land Registry
18/10/2024,Tak Bo Garden・Block B・18/F・Flat B8,,$2.76M,,254ft²,"@$10,866",Land Registry
18/10/2024,Pictorial Garden・Phase 1・Capilano Court (Block 3)・6/F・Flat G,,$6.3M,,646ft²,"@$9,752",Land Registry
18/10/2024,Park Avenue・Central Park・B/M・No.313,,$2M,--,--,--,Land Registry
18/10/2024,Cheong Yue Mansion・8/F・Flat A,,$3.28M,,267ft²,"@$12,285",Land Registry
18/10/2024,Fu Shin Estate・Shin Lun House (Block 2)・21/F・Flat 18,,"$476,500",--,--,--,Land Registry
18/10/2024,Lower Wong Tai Sin (1) Estate・Lung Yat House (Block 4)・3/F・Flat 14,,"$649,900",--,--,--,Land Registry
18/10/2024,Kai Chuen Court・Block 5 (Kai Wu House)・5/F・Flat 10,,$1.64M,--,--,--,Land Registry
18/10/2024,Kwun Shan Court・21/F・Flat 1,,$2.19M,--,--,--,Land Registry
18/10/2024,Kwun Shan Court・33/F・Flat 4,,$3.13M,--,--,--,Land Registry
18/10/2024,Kai Chuen Court・Block 3 (Kai Chi House)・9/F・Flat 9,,$1.74M,--,--,--,Land Registry
18/10/2024,On Sau Court・Block A・23/F・Flat 10,,$2.57M,--,--,--,Land Registry
18/10/2024,On Sau Court・Block A・7/F・Flat 2,,$2.94M,--,--,--,Land Registry
18/10/2024,On Sau Court・Block A・21/F・Flat 13,,$3.02M,--,--,--,Land Registry
18/10/2024,On Sau Court・Block B・24/F・Flat 1,,$2.62M,--,--,--,Land Registry
18/10/2024,Siu Tsui Court・Block A・14/F・Flat 2,,$2.55M,--,--,--,Land Registry
18/10/2024,On Wah Court・Block A・27/F・Flat 13,,$3.07M,--,--,--,Land Registry
18/10/2024,Ko Wang Court・Block A・2/F・Flat 2,,$1.31M,--,--,--,Land Registry
18/10/2024,Ko Wang Court・Block A・12/F・Flat 6,,$1.48M,--,--,--,Land Registry
18/10/2024,Ko Wang Court・Block A・15/F・Flat 5,,$1.51M,--,--,--,Land Registry
18/10/2024,Siu Tsui Court・Block B・13/F・Flat 2,,$1.92M,--,--,--,Land Registry
18/10/2024,Hollywood Hill・12/F・Flat A,,$7.6M,--,--,--,Land Registry
18/10/2024,Po Lam Estate・Po Tai House (Block 2)・31/F・Flat 15,,$1.77M,--,381ft²,"@$4,646",Land Registry
18/10/2024,Seaview Crescent・Block 1・27/F・Flat H,,$7M,,562ft²,"@$12,456",Land Registry
18/10/2024,No. 90 Repulse Bay Road・NO. 11,,$470M,,"5,766ft²","@$81,512",Land Registry
18/10/2024,The Pavilia Forest・Phase 3 The Pavilia Forest III・Tower 1・18/F・Flat E,,$7.03M,--,383ft²,"@$18,350",Land Registry
18/10/2024,Fu Shin Estate・Shin Lun House (Block 2)・24/F・Flat 20,,"$489,700",--,--,--,Land Registry
18/10/2024,Kai Yan Court・Block A・11/F・Flat 3,,$2.29M,--,--,--,Land Registry
18/10/2024,Sunshine City・Phase 3・Block R・15/F・Flat 4,,$6.06M,,503ft²,"@$12,048",Land Registry
18/10/2024,Tin Ma Court・Chun Fei House (Block C)・20/F・Flat 13,,$3.55M,--,363ft²,"@$9,780",Land Registry
18/10/2024,Yan Shing Court・Yan Yiu House (Block E)・28/F・Flat 7,,$3.55M,--,554ft²,"@$6,408",Land Registry
18/10/2024,Dragon Centre・Tower 2・26/F・Flat C,,$6.8M,--,516ft²,"@$13,178",Land Registry
18/10/2024,The Yoho Hub・Phase C The Yoho Hub II・Tower 6・28/F・Flat K,,$7.5M,--,492ft²,"@$15,236",Land Registry
18/10/2024,Whampoa Estate・Yuen Wah Building (Block G)・5/F・Flat 4,,$5.8M,,490ft²,"@$11,837",Land Registry
18/10/2024,Greenfield Court・Tower I・4/F・Flat B,,$6M,--,633ft²,"@$9,479",Land Registry
18/10/2024,Whampoa Garden・Phase 12 Bamboo Mansions・Block 4・8/F・Flat H,,$7.9M,--,729ft²,"@$10,837",Land Registry
18/10/2024,Healthy Gardens・Block E・17/F・Flat 3,,$4.88M,,456ft²,"@$10,702",Land Registry
18/10/2024,Kam Do Mansion・6/F・Flat A,,$4.22M,--,507ft²,"@$8,323",Land Registry
18/10/2024,Ching Tao Court・36/F・Flat 4,,$1.76M,--,--,--,Land Registry
18/10/2024,Ching Tao Court・8/F・Flat 21,,$1.61M,--,--,--,Land Registry
18/10/2024,Ching Tao Court・7/F・Flat 12,,$1.27M,--,--,--,Land Registry
18/10/2024,Ching Tao Court・17/F・Flat 4,,$1.68M,--,--,--,Land Registry
18/10/2024,Ching Tao Court・15/F・Flat 17,,$1.65M,--,--,--,Land Registry
18/10/2024,The Yoho Hub・Phase C The Yoho Hub II・Tower 6・12/F・Flat K,,$7.51M,--,492ft²,"@$15,270",Land Registry
18/10/2024,The Yoho Hub・Phase C The Yoho Hub II・Tower 6・5/F・Flat F,,$10.12M,--,749ft²,"@$13,516",Land Registry
18/10/2024,The Yoho Hub・Phase C The Yoho Hub II・Tower 6・8/F・Flat B,,$8.01M,--,538ft²,"@$14,890",Land Registry
18/10/2024,The Yoho Hub・Phase C The Yoho Hub II・Tower 6・7/F・Flat B,,$8.09M,--,538ft²,"@$15,034",Land Registry
18/10/2024,The Pavilia Forest・Phase 2 The Pavilia Forest II・Tower 3・9/F・Flat E,,$6.39M,--,383ft²,"@$16,692",Land Registry
18/10/2024,Novo Land・Phase 3B・Fiskars Tower 2A・23/F・Flat E,,$3.15M,--,252ft²,"@$12,508",Land Registry
18/10/2024,Novo Land・Phase 3B・Fiskars Tower 2A・23/F・Flat C,,$3.73M,--,292ft²,"@$12,762",Land Registry
18/10/2024,De Novo・Tower H1・7/F・Flat F,,$8.45M,--,558ft²,"@$15,143",Land Registry
18/10/2024,Lohas Park・Phase 2A Le Prestige・Water Lilies (Tower 5 - R Wing)・26/F・Flat A,,$7M,,722ft²,"@$9,695",Land Registry
18/10/2024,Shan Lai Court・Block E・28/F・Flat 11,,$3.38M,--,448ft²,"@$7,533",Land Registry
18/10/2024,The Yoho Hub・Phase C The Yoho Hub II・Tower 6・26/F・Flat A,,$7.28M,--,462ft²,"@$15,767",Land Registry
18/10/2024,The Yoho Hub・Phase C The Yoho Hub II・Tower 6・6/F・Flat A,,$6.88M,--,462ft²,"@$14,888",Land Registry
18/10/2024,Ching Tao Court・12/F・Flat 19,,$1.63M,--,--,--,Land Registry
18/10/2024,Ching Tao Court・6/F・Flat 19,,$1.58M,--,--,--,Land Registry
18/10/2024,Ching Tao Court・12/F・Flat 8,,$1.65M,--,--,--,Land Registry
18/10/2024,Ching Tao Court・23/F・Flat 12,,$1.34M,--,--,--,Land Registry
18/10/2024,Long Ping Estate・Yuet Ping House・18/F・Flat 50,,$1.22M,--,349ft²,"@$3,496",Land Registry
18/10/2024,Ping Yan Court・Block B (Ping Yin House)・16/F・Flat 20,,$3.68M,--,447ft²,"@$8,233",Land Registry
18/10/2024,Ocean Shores・Phase 1・Tower 3・35/F・Flat D,,$10.08M,,795ft²,"@$12,679",Land Registry
18/10/2024,I-Home・26/F・Flat E,,$6.61M,,524ft²,"@$12,615",Land Registry
18/10/2024,Festival City・Phase 3・Tower 3・57/F・Flat Sc,,$33.68M,,"1,552ft²","@$21,701",Land Registry
18/10/2024,Royal Court・25/F・Flat C,,$11.8M,,636ft²,"@$18,553",Land Registry
18/10/2024,After The Rain・21/F・Flat J,,$7.04M,--,592ft²,"@$11,887",Land Registry
18/10/2024,The Yoho Hub・Phase C The Yoho Hub II・Tower 6・5/F・Flat A,,$6.86M,--,462ft²,"@$14,853",Land Registry
18/10/2024,The Yoho Hub・Phase C The Yoho Hub II・Tower 6・7/F・Flat A,,$6.89M,--,462ft²,"@$14,921",Land Registry
18/10/2024,Lohas Park・Phase 4A Wings At Sea・Tower 2B・20/F・Flat F,,$4.5M,,340ft²,"@$13,235",Land Registry
18/10/2024,Harbourfront Landmark・Tower 3・53/F・Flat A,,$34.45M,,"1,356ft²","@$25,406",Land Registry
18/10/2024,Mei Foo Sun Chuen・Phase 3・61-63 Broadway・9/F・Flat D No. 63,,$6.18M,,657ft²,"@$9,406",Land Registry
18/10/2024,The Yoho Hub・Phase C The Yoho Hub II・Tower 6・46/F・Flat A,,$7.59M,--,462ft²,"@$16,424",Land Registry
18/10/2024,Aegean Coast・Carpark・BM2・No.20,,"$850,000",--,--,--,Land Registry
18/10/2024,Island Crest・Tower 2・41/F・Flat E,,$11.1M,,460ft²,"@$24,130",Land Registry
18/10/2024,Ching Tao Court・18/F・Flat 9,,$1.99M,--,--,--,Land Registry
18/10/2024,High Park・Phase 1・Tower 1・6/F・Flat A06,,$4.24M,--,336ft²,"@$12,629",Land Registry
18/10/2024,High Park・Phase 1・Tower 2・7/F・Flat A05,,$5.08M,--,440ft²,"@$11,552",Land Registry
18/10/2024,High Park・Phase 1・Tower 2・9/F・Flat B06,,$5.35M,--,447ft²,"@$11,964",Land Registry
18/10/2024,High Park・Phase 1・Tower 2・11/F・Flat B06,,$5.4M,--,447ft²,"@$12,079",Land Registry
18/10/2024,One Jardine's Lookout・2/F・Flat D,,$8.88M,--,559ft²,"@$15,888",Land Registry
18/10/2024,Discovery Park・Phase 3・Block 12・28/F・Flat C,,$5.5M,,477ft²,"@$11,530",Land Registry
18/10/2024,Wealthy Heights・2/F・Flat A,,$30.22M,,"1,581ft²","@$19,114",Land Registry
18/10/2024,Victoria Harbour・Phase 2B-2 Victoria Harbour II・Tower 3・10/F・Flat A,,$51.53M,--,"1,448ft²","@$35,586",Land Registry
18/10/2024,Tong An Mansion・5/F・No. 62,,$3M,--,496ft²,"@$6,048",Land Registry
18/10/2024,The Southside・Phase 1 Southland・Tower 1 (1A)・26/F・Flat F,,$36.64M,--,"1,218ft²","@$30,079",Land Registry
18/10/2024,Harmony Garden・Block 8・28/F・Flat D,,$4.58M,--,592ft²,"@$7,736",Land Registry
18/10/2024,The Arles・Tower 3・42/F・Flat G,,$6.81M,--,347ft²,"@$19,617",Land Registry
18/10/2024,The Belcher's・Carpark・P5・No.5029,,$2.5M,--,--,--,Land Registry
18/10/2024,Heya Aqua・Tower 1・33/F・Flat D,,$9.3M,,695ft²,"@$13,381",Land Registry
18/10/2024,The Sparkle・Carpark・3/F・No.R308,,$1.25M,--,--,--,Land Registry
18/10/2024,Park Yoho・Phase 2B Park Yoho Napoli・Tower 22・9/F・Flat A,,$12.23M,--,"1,049ft²","@$11,657",Land Registry
18/10/2024,The Yoho Hub・Phase C The Yoho Hub II・Tower 6・36/F・Flat B,,$8.59M,--,538ft²,"@$15,959",Land Registry
18/10/2024,Park Yoho・Phase 2B Park Yoho Napoli・Tower 21A・9/F・Flat B,,$8.18M,--,718ft²,"@$11,393",Land Registry
18/10/2024,Amoy Gardens・Phase 3・Block M・21/F・Flat 4,,$3.88M,,322ft²,"@$12,050",Land Registry
18/10/2024,Ocean Camino・Phase 1・Tower 2A・17/F・Flat C,,$5.79M,--,456ft²,"@$12,695",Land Registry
18/10/2024,Ching Tao Court・25/F・Flat 11,,$1.82M,--,--,--,Land Registry
18/10/2024,Siu Kwai Court・Siu Keung House (Block A)・9/F・Flat 17,,$2.73M,--,381ft²,"@$7,165",Land Registry
18/10/2024,Parkland Villas・Carpark・PODIUM 3・No.34 (Phase I),,"$495,000",--,--,--,Land Registry
18/10/2024,The Yoho Hub・Phase C The Yoho Hub II・Tower 6・27/F・Flat A,,$7.17M,--,462ft²,"@$15,528",Land Registry
18/10/2024,The Yoho Hub・Phase C The Yoho Hub II・Tower 6・17/F・Flat B,,$8.25M,--,538ft²,"@$15,336",Land Registry
18/10/2024,The Yoho Hub・Phase C The Yoho Hub II・Tower 6・17/F・Flat A,,$7.02M,--,462ft²,"@$15,201",Land Registry
18/10/2024,After The Rain・23/F・Flat J,,$7.18M,--,592ft²,"@$12,124",Land Registry
18/10/2024,The Pinnacle・Block 2・17/F・Flat E,,$6.18M,--,650ft²,"@$9,508",Land Registry
18/10/2024,The Yoho Hub・Phase C The Yoho Hub II・Tower 6・31/F・Flat B,,$8.34M,--,538ft²,"@$15,496",Land Registry
18/10/2024,One Jardine's Lookout・26/F・Flat B,,$10.82M,--,515ft²,"@$21,000",Land Registry
18/10/2024,Caribbean Coast・Phase 4 Crystal Cove・Tower 16・7/F・Flat H,,$8.9M,,927ft²,"@$9,601",Land Registry
18/10/2024,Siu On Court・Ting Man House (Block E)・14/F・Flat 4,,$4M,--,563ft²,"@$7,105",Land Registry
18/10/2024,Sceneway Garden・Block 6・11/F・Flat C,,$6.25M,,537ft²,"@$11,639",Land Registry
18/10/2024,Triumph Terrace・30/F・Flat A,,$23M,,"1,277ft²","@$18,011",Land Registry
18/10/2024,Tin Chung Court・Chung Ki House (Block O)・35/F・Flat 14,,$3.6M,--,426ft²,"@$8,451",Land Registry
18/10/2024,South Horizons・Phase 2・Yee Ngar Court (Block 9)・15/F・Flat H,,$10.21M,,739ft²,"@$13,816",Land Registry
18/10/2024,Tai Wo Estate・Fook Wo House (Block 11)・12/F・Flat 1,,$1.25M,--,381ft²,"@$3,281",Land Registry
18/10/2024,Laguna City・Phase 4・Block 10・7/F・Flat B,,$5.2M,,517ft²,"@$10,058",Land Registry
18/10/2024,Hung Sang Building・10/F・No. 63A,,$3M,--,391ft²,"@$7,673",Land Registry
18/10/2024,Skypark・22/F・Flat C2,,$4.73M,--,312ft²,"@$15,160",Land Registry
18/10/2024,Ching Tao Court・35/F・Flat 8,,$1.76M,--,--,--,Land Registry
18/10/2024,Tsz Oi Court・Stage 1&2・Oi Kan House (Block C)・27/F・Flat 9,,$5.2M,--,645ft²,"@$8,062",Land Registry
18/10/2024,Double Mansion・12/F・Flat D,,$2.3M,,252ft²,"@$9,127",Land Registry
18/10/2024,The Yoho Hub・Phase C The Yoho Hub II・Tower 6・41/F・Flat H,,$13M,--,901ft²,"@$14,424",Land Registry
18/10/2024,Yen Lok Building・Block B・6/F・Flat V,,$2.23M,--,285ft²,"@$7,825",Land Registry
18/10/2024,The Haddon・20/F・Flat J,,$4.98M,--,262ft²,"@$18,993",Land Registry
18/10/2024,Fu Heng Estate・Heng Cheong House・20/F・Flat 19,,$1.63M,--,407ft²,"@$4,005",Land Registry
18/10/2024,Flourish Court・28/F・Flat C,,$19.5M,--,960ft²,"@$20,313",Land Registry
18/10/2024,Che Cheung Building・17/F・Flat G,,$2.68M,--,354ft²,"@$7,571",Land Registry
18/10/2024,Mei Chung Court・Fu Chung House (Block A)・20/F・Flat 9,,$4.98M,--,645ft²,"@$7,721",Land Registry
18/10/2024,Wing Sang House・8/F・No. 174,,$2.5M,--,548ft²,"@$4,562",Land Registry
18/10/2024,Tin Man Court・17/F・Flat E,,$2.53M,,284ft²,"@$8,901",Land Registry
18/10/2024,Venice Gardens・Block 1・2/F・Flat A,,$3.68M,,452ft²,"@$8,142",Land Registry
18/10/2024,Glorious Garden・Carpark・3/F・No.3028,,"$840,000",--,--,--,Land Registry
18/10/2024,Kwun Tong Theatre Building・Block B・7/F・Flat 1,,$2.28M,--,310ft²,"@$7,355",Land Registry
18/10/2024,South Horizons・Phase 4 The Oasis・Dover Court (Block 25)・32/F・Flat E,,$9.8M,,736ft²,"@$13,315",Land Registry
18/10/2024,One Pacific Heights・39/F・Flat C,,$9.85M,,530ft²,"@$18,585",Land Registry
18/10/2024,Manor Hill・Tower 2・31/F・Flat C8,,$5.43M,--,284ft²,"@$19,116",Land Registry
18/10/2024,Lohas Park・Phase 4A Wings At Sea・Tower 2A・53/F・Flat C,,$4.9M,,339ft²,"@$14,454",Land Registry
18/10/2024,The Wings・II・Tower 5B・16/F・Flat C,,$8.28M,,551ft²,"@$15,027",Land Registry
18/10/2024,Handsome Court・Block 3・14/F・Flat C,,$4.98M,,639ft²,"@$7,793",Land Registry
18/10/2024,Mountain View Mansion・18/F・Flat D,,$3.88M,,245ft²,"@$15,837",Land Registry
18/10/2024,The Mediterranean・Tower 1・2/F・Flat C,,$10.38M,,880ft²,"@$11,795",Land Registry
18/10/2024,Lohas Park・Phase 12B Park Seasons・Tower 2 (2A)・45/F・Flat B,,$7.66M,--,496ft²,"@$15,448",Land Registry
18/10/2024,One Jardine's Lookout・1/F・Flat D,,$4.62M,--,210ft²,"@$22,000",Land Registry
18/10/2024,Yau Tong Centre・Block 9・7/F・Flat F,,$4.82M,--,531ft²,"@$9,077",Land Registry
18/10/2024,No. 8 Royal Green・Carpark・B/M・No.6,,$1.15M,--,--,--,Land Registry
18/10/2024,Kwun Tak Court・Block B (Kwun Shing House)・8/F・Flat 8,,$6.42M,--,563ft²,"@$11,403",Land Registry
18/10/2024,The Royal Oaks・Oxford Path House 6,,$34.38M,,"3,003ft²","@$11,449",Land Registry
18/10/2024,Chi Foo Building・4/F・Flat B,,$7.22M,--,576ft²,"@$12,535",Land Registry
18/10/2024,Victoria Harbour・Phase 2B-3 Victoria Harbour II・Tower 2・15/F・Flat A,,$54.5M,--,"1,437ft²","@$37,926",Land Registry
18/10/2024,Manor Hill・Tower 2・30/F・Flat D3,,$5.33M,--,284ft²,"@$18,750",Land Registry
18/10/2024,The Arles・Tower 5・43/F・Flat F,,$6.64M,--,347ft²,"@$19,133",Land Registry
18/10/2024,Shan Lai Court・Block B・9/F・Flat 16,,$3.1M,--,447ft²,"@$6,935",Land Registry
18/10/2024,Ocean Shores・Phase 3・Tower 17・46/F・Flat A,,$6.5M,,516ft²,"@$12,597",Land Registry
18/10/2024,Celeste Court・8/F・Flat D,,$11M,,617ft²,"@$17,828",Land Registry
18/10/2024,Laguna City・Phase 4・Block 9・2/F・Flat F,,$5M,,517ft²,"@$9,671",Land Registry
18/10/2024,Uptown East・Tower 2A・38/F・Flat E,,$5.56M,--,337ft²,"@$16,510",Land Registry
18/10/2024,Sands House・7/F・Flat A,,$3M,--,367ft²,"@$8,174",Land Registry
18/10/2024,Yuet Ming Building・12/F・Flat U,,$3.2M,--,--,--,Land Registry
18/10/2024,Lake Silver・Tower 2・22/F・Flat C,,$7.74M,,544ft²,"@$14,224",Land Registry
18/10/2024,Whampoa Building・Block C・11/F・Flat 11,,$2.03M,--,284ft²,"@$7,141",Land Registry
18/10/2024,Kwong Lam Court・Hing Lam House (Block A)・12/F・Flat 13,,$2.95M,--,543ft²,"@$5,433",Land Registry
18/10/2024,Grand Yoho・Phase 2・Tower 8・41/F・Flat A,,$10.22M,,713ft²,"@$14,334",Land Registry
18/10/2024,239 Shau Kei Wan Road・4/F・No. 239,,$3.1M,--,--,--,Land Registry
18/10/2024,Laguna City・Phase 1・Block 17・6/F・Flat A,,$8.02M,,748ft²,"@$10,719",Land Registry
18/10/2024,The Victoria Towers・Tower 3・27/F・Flat B,,$13.8M,,750ft²,"@$18,400",Land Registry
18/10/2024,After The Rain・18/F・Flat J,,$6.83M,--,592ft²,"@$11,530",Land Registry
18/10/2024,The Pavilia Forest・Phase 2 The Pavilia Forest II・Tower 3・9/F・Flat F,,$4.45M,--,262ft²,"@$16,989",Land Registry
18/10/2024,The Yoho Hub・Phase C The Yoho Hub II・Tower 6・16/F・Flat A,,$7.01M,--,462ft²,"@$15,166",Land Registry
18/10/2024,The Yoho Hub・Phase C The Yoho Hub II・Tower 6・16/F・Flat G,,$11.94M,--,858ft²,"@$13,916",Land Registry
18/10/2024,The Pavilia Forest・Phase 2 The Pavilia Forest II・Tower 3・8/F・Flat F,,$4.43M,--,262ft²,"@$16,905",Land Registry
18/10/2024,Comfort Heights・9/F・Flat A,,$12.75M,,941ft²,"@$13,549",Land Registry
18/10/2024,Royal Green・Tower 3・25/F・Flat H,,$3.98M,,376ft²,"@$10,585",Land Registry
18/10/2024,Good View Mansion・3/F・Flat 10,,$2.93M,,468ft²,"@$6,261",Land Registry
18/10/2024,The Green・Cypress Drive House 20,,$13.5M,,"1,315ft²","@$10,266",Land Registry
18/10/2024,Sun Tuen Mun Centre・Block 7・40/F・Flat C,,$4M,,462ft²,"@$8,658",Land Registry
18/10/2024,The Vertex・East Wing・25/F・Flat C,,$11.15M,--,490ft²,"@$22,761",Land Registry
18/10/2024,Tai On Building・20/F・Flat 17,,$3.24M,,352ft²,"@$9,199",Land Registry
18/10/2024,Bellagio・Phase 1・Tower 9・17/F・Flat C,,$8.5M,,891ft²,"@$9,540",Land Registry
18/10/2024,Yee Fung Garden・Block B・27/F・Flat B3,,$4.4M,,460ft²,"@$9,565",Land Registry
18/10/2024,Chevalier Garden・Block 6・13/F・Flat G,,$3.19M,--,591ft²,"@$5,398",Land Registry
18/10/2024,Lung Mun Oasis・Block 12・5/F・Flat E,,$3.82M,--,431ft²,"@$8,863",Land Registry
18/10/2024,Yen Yuen Mansion・3/F・Flat B,,$3.8M,--,590ft²,"@$6,441",Land Registry
18/10/2024,The Yoho Hub・Phase C The Yoho Hub II・Tower 6・28/F・Flat F,,$10.39M,--,749ft²,"@$13,872",Land Registry
18/10/2024,90 Nga Tsin Wai Road・5/F・Rear,,$3.33M,--,355ft²,"@$9,380",Land Registry
18/10/2024,Sing On Building・1/F・Flat A,,$2.89M,--,256ft²,"@$11,289",Land Registry
18/10/2024,44 Nam Kok Road・1/F・No. 44 (Flat B),,$2.19M,--,236ft²,"@$9,280",Land Registry
18/10/2024,Chill Residence・Tower 1・7/F・Flat F,,$6.26M,--,341ft²,"@$18,353",Land Registry
18/10/2024,Chill Residence・Tower 1・22/F・Flat L,,$10.06M,--,522ft²,"@$19,279",Land Registry
18/10/2024,Chill Residence・Tower 2・26/F・Flat F,,$5.15M,--,246ft²,"@$20,932",Land Registry
18/10/2024,Man Fuk Building・7/F・Flat 23,,$3M,--,375ft²,"@$8,000",Land Registry
18/10/2024,Ching Tao Court・10/F・Flat 4,,$1.64M,--,--,--,Land Registry
18/10/2024,Monte Vista・Block 12・12/F・Flat B,,$6.75M,,765ft²,"@$8,824",Land Registry
18/10/2024,The Beaumount・II・Tower 3・3/F・Flat H,,$6.9M,,735ft²,"@$9,388",Land Registry
18/10/2024,1N Nanking Street・4/F・Flat A,,$1.82M,--,227ft²,"@$8,018",Land Registry
18/10/2024,Ching Tao Court・8/F・Flat 8,,$1.62M,--,--,--,Land Registry
18/10/2024,Ching Tao Court・27/F・Flat 4,,$1.73M,--,--,--,Land Registry
18/10/2024,Luen King Mansion・3/F・Flat A,,$3.25M,,333ft²,"@$9,760",Land Registry
18/10/2024,Ching Tao Court・11/F・Flat 16,,$1.63M,--,--,--,Land Registry
18/10/2024,Ching Tao Court・5/F・Flat 8,,$1.57M,--,--,--,Land Registry
18/10/2024,May Shing Court・Fai Shing House (Block C)・19/F・Flat 9,,$3.18M,--,--,--,Land Registry
18/10/2024,69-71 Yu Chau Street・5/F・No. 69,,$2.96M,--,"1,196ft²","@$2,475",Land Registry
18/10/2024,The Leighton Hill・Tower 6・36/F・Flat A,,$75.8M,,"1,674ft²","@$45,281",Land Registry
18/10/2024,Sceneway Garden・Block 1・3/F・Flat B,,$6.1M,--,537ft²,"@$11,359",Land Registry
18/10/2024,Hollywood Hill・8/F・Flat B,,$7.1M,--,--,--,Land Registry
18/10/2024,Grand Central・Phase 1・Tower 2・26/F・Flat K,,$9.27M,,550ft²,"@$16,847",Land Registry
18/10/2024,One Jardine's Lookout・22/F・Flat D,,$6.92M,--,379ft²,"@$18,250",Land Registry
18/10/2024,Villa Tiara・Carpark・CP2・No.C113,,"$480,000",--,--,--,Land Registry
18/10/2024,The Yoho Hub・Phase C The Yoho Hub II・Tower 6・35/F・Flat A,,$7.33M,--,462ft²,"@$15,872",Land Registry
18/10/2024,The Yoho Hub・Phase C The Yoho Hub II・Tower 6・35/F・Flat B,,$8.56M,--,538ft²,"@$15,915",Land Registry
18/10/2024,Novum West・Tower 2・8/F・Flat C,,$4.3M,,225ft²,"@$19,111",Land Registry
18/10/2024,Jubilee Garden・Block 5・15/F・Flat F,,$4.3M,,498ft²,"@$8,635",Land Registry
18/10/2024,Yue Man Mansion・10/F・Flat B,,$2.42M,--,311ft²,"@$7,781",Land Registry
18/10/2024,Prime View Garden・Carpark・R/F・No.R29,,"$460,000",--,--,--,Land Registry
18/10/2024,Shatin Centre・Hoi Ning Building (Block B)・5/F・Flat A,,$3.38M,,288ft²,"@$11,736",Land Registry
18/10/2024,Novum West・Tower 5・35/F・Flat A,,$13.08M,,551ft²,"@$23,739",Land Registry
18/10/2024,Lohas Park・Phase 8 Sea To Sky・Carpark・1/F・No.R28,,$2.12M,--,--,--,Land Registry
18/10/2024,Avon Park・Block 5・7/F・Flat H,,$3.5M,,400ft²,"@$8,750",Land Registry
18/10/2024,Amoy Gardens・Phase 3・Block L・31/F・Flat 8,,$3.75M,,285ft²,"@$13,158",Land Registry
18/10/2024,Waldorf Garden・Block 1・25/F・Flat H,,$3.8M,,414ft²,"@$9,179",Land Registry
18/10/2024,Century Link・Phase 1・Tower 3A・10/F・Flat 2,,$6.95M,,646ft²,"@$10,759",Land Registry
18/10/2024,Beautiful Garden・Block A・4/F・Flat 5,,$2.85M,,293ft²,"@$9,727",Land Registry
18/10/2024,Mei Foo Sun Chuen・Phase 6・17-19 Nassau Street・6/F・Flat A No. 17,,$6.38M,--,666ft²,"@$9,580",Land Registry
18/10/2024,Royal Ascot・Carpark・1/F・No.F084,,$1.03M,--,--,--,Land Registry
18/10/2024,The Wings・Ocean Wings・Tower 7A・8/F・Flat C,,$5.48M,--,374ft²,"@$14,652",Land Registry
18/10/2024,The Yoho Hub・Phase C The Yoho Hub II・Tower 6・35/F・Flat G,,$12.32M,--,856ft²,"@$14,391",Land Registry
18/10/2024,One Jardine's Lookout・19/F・Flat D,,$6.8M,--,379ft²,"@$17,950",Land Registry
18/10/2024,One Jardine's Lookout・19/F・Flat E,,$4.99M,--,264ft²,"@$18,900",Land Registry
18/10/2024,Hyde Towers・Block A・1/F・Flat A7,,$3.81M,,547ft²,"@$6,962",Land Registry
18/10/2024,The Wings・The Wings・Tower 7・15/F・Flat C,,$12.1M,,706ft²,"@$17,139",Land Registry
18/10/2024,Harbour Green・Tower 3・20/F・Flat C,,$9.08M,,541ft²,"@$16,784",Land Registry
18/10/2024,Elizabeth House・Block C・9/F・Flat 3,,$9.38M,,694ft²,"@$13,516",Land Registry
18/10/2024,Onmantin・Phase 2B・Tower 5 (5A)・16/F・Flat E,,$11.15M,--,488ft²,"@$22,848",Land Registry
18/10/2024,Grand Victoria・Phase 3・Tower 2・2/F・Flat A,,$12.68M,--,584ft²,"@$21,720",Land Registry
18/10/2024,Onmantin・Phase 2A・Tower 3・5/F・Flat F,,$9.75M,--,490ft²,"@$19,898",Land Registry
18/10/2024,Grand Victoria・Phase 3・Tower 1 (1B)・1/F・Flat C,,$8.15M,--,296ft²,"@$27,534",Land Registry
18/10/2024,The Horizon・Court D Tower 2・6/F・Flat A,,$24.96M,--,"1,534ft²","@$16,272",Land Registry
18/10/2024,Vau Residence・25/F・Flat B,,$6.01M,--,278ft²,"@$21,615",Land Registry
18/10/2024,Fulrich Garden・Peony Court・12/F・Flat H,,$4.39M,,463ft²,"@$9,477",Land Registry
18/10/2024,King Tin Court・Ching Sam House (Block B)・23/F・Flat 7,,$3.12M,--,467ft²,"@$6,681",Land Registry
18/10/2024,One Silversea・Tower 3・29/F・Flat A,,$20M,,"1,019ft²","@$19,627",Land Registry
18/10/2024,One Silversea・Tower 3・29/F・Flat B,,$20M,,"1,030ft²","@$19,417",Land Registry
18/10/2024,Tsz Oi Court・Stage 3・Oi Yue House (Block H)・31/F・Flat 4,,$3.9M,--,506ft²,"@$7,708",Land Registry
18/10/2024,Tin Shing Court・Shing Yuet House (Block J)・30/F・Flat 6,,$4.7M,--,650ft²,"@$7,231",Land Registry
18/10/2024,Park Yoho・Phase 2B Park Yoho Napoli・Tower 21A・12/F・Flat A,,$9.78M,--,823ft²,"@$11,883",Land Registry
18/10/2024,Manor Hill・Tower 2・30/F・Flat C8,,$5.42M,--,284ft²,"@$19,099",Land Registry
18/10/2024,Hing Wah Building・7/F・Flat F,,$3M,,354ft²,"@$8,475",Land Registry
18/10/2024,New Kwai Fong Gardens・Block C・29/F・Flat 2,,$5.2M,,415ft²,"@$12,530",Land Registry
18/10/2024,Ontolo・Tower 9B・3/F・Flat D,,$7M,,595ft²,"@$11,765",Land Registry
18/10/2024,Radiant Towers・Tower 1・35/F・Flat G,,$5.2M,--,611ft²,"@$8,511",Land Registry
18/10/2024,Kwun Shan Court・17/F・Flat 14,,$2.89M,--,--,--,Land Registry
18/10/2024,The Yoho Hub・Phase C The Yoho Hub II・Tower 6・46/F・Flat G,,$13.08M,--,856ft²,"@$15,278",Land Registry
18/10/2024,Ching Tao Court・21/F・Flat 19,,$1.69M,--,--,--,Land Registry
18/10/2024,Tai Hing Gardens・Phase 2・Tower 2・14/F・Flat B,,$3.18M,--,447ft²,"@$7,114",Land Registry
18/10/2024,Parkside Villa・Block 2・7/F・Flat C,,$5.71M,,635ft²,"@$8,992",Land Registry
18/10/2024,Yuccie Square・Tower 1・5/F・Flat D,,$5.45M,,426ft²,"@$12,793",Land Registry
18/10/2024,La Grove・Block 1・2/F・Flat C,,$5.3M,,651ft²,"@$8,141",Land Registry
18/10/2024,Jing Tai Garden Mansion・17/F・Flat A,,$9.01M,,779ft²,"@$11,570",Land Registry
18/10/2024,Greenfields・Block 1・8/F・Flat F,,$4.4M,,443ft²,"@$9,932",Land Registry
18/10/2024,Novo Land・Phase 3B・Fiskars Tower 2A・31/F・Flat C,,$3.77M,--,292ft²,"@$12,895",Land Registry
18/10/2024,The Yoho Hub・Phase C The Yoho Hub II・Tower 6・39/F・Flat F,,$11.28M,--,747ft²,"@$15,097",Land Registry
18/10/2024,The Yoho Hub・Phase C The Yoho Hub II・Tower 6・39/F・Flat A,,$7.7M,--,462ft²,"@$16,661",Land Registry
18/10/2024,The Yoho Hub・Phase C The Yoho Hub II・Tower 6・25/F・Flat A,,$7.14M,--,462ft²,"@$15,453",Land Registry
18/10/2024,The Yoho Hub・Phase C The Yoho Hub II・Tower 6・12/F・Flat A,,$6.97M,--,462ft²,"@$15,095",Land Registry
18/10/2024,The Yoho Hub・Phase C The Yoho Hub II・Tower 6・11/F・Flat F,,$9.94M,--,749ft²,"@$13,275",Land Registry
18/10/2024,Opulence Height・15/F・Flat B,,$4.5M,,370ft²,"@$12,162",Land Registry
18/10/2024,Yuccie Square・Tower 3・5/F・Flat H,,$5.21M,,429ft²,"@$12,145",Land Registry
18/10/2024,The Yoho Hub・Phase C The Yoho Hub II・Tower 6・37/F・Flat K,,$7.64M,--,490ft²,"@$15,586",Land Registry
18/10/2024,The Yoho Hub・Phase C The Yoho Hub II・Tower 6・3/F・Flat A,,$6.83M,--,462ft²,"@$14,793",Land Registry
18/10/2024,Wong Choy Mansion・4/F・Flat A (No. 84),,$3M,--,517ft²,"@$5,803",Land Registry
18/10/2024,Flora Plaza・Block 5・31/F・Flat A,,$3.8M,,392ft²,"@$9,694",Land Registry
18/10/2024,Tsuen Wan Plaza・Block 1・27/F・Flat C,,$7.8M,--,552ft²,"@$14,130",Land Registry
17/10/2024,The Metro City・Phase 2・Tower 1・Middle Floor・Flat B,,$5.15M,--,363ft²,"@$14,187",Centaline
17/10/2024,Lohas Park・Phase 6 Lp6・Tower 1・Lower Floor・Flat G,,$6M,--,505ft²,"@$11,881",Centaline
17/10/2024,The Masterpiece・Upper Floor・Flat D,,$16M,--,586ft²,"@$27,304",Centaline
17/10/2024,The Trend Plaza・Block E・Lower Floor・Flat 11,,$3.22M,--,--,--,Centaline
17/10/2024,The Long Beach・Tower 2・Lower Floor・Flat A,,$14.6M,--,816ft²,"@$17,892",Centaline
17/10/2024,Island Harbourview・Tower 8・Lower Floor・Flat H,,$7.18M,--,459ft²,"@$15,643",Centaline
17/10/2024,Double Cove・Phase 3 Double Cove Starview Prime・Block 23・Middle Floor・Flat D,,,--,496ft²,@$36,Centaline
17/10/2024,Chuen Fai Centre・Block B・Middle Floor・Flat 4,,,--,277ft²,@$44,Centaline
17/10/2024,The Palazzo・Block 2・Middle Floor・Flat B,,,--,996ft²,@$40,Centaline
17/10/2024,Centra Horizon・Tower 10・Middle Floor・Flat G,,,--,404ft²,@$37,Centaline
17/10/2024,Upper East・Upper Floor・Flat B (T1C),,,--,229ft²,@$56,Centaline
17/10/2024,K‧Summit・Tower 1B・Middle Floor・Flat D,,,--,466ft²,@$50,Centaline
17/10/2024,Grand Promenade・Tower 1・Lower Floor・Flat D,,,--,504ft²,@$49,Centaline
17/10/2024,The Visionary・Tower 1・Upper Floor・Flat B,,,--,"1,420ft²",@$30,Centaline
17/10/2024,The Leighton Hill・Tower 1・Upper Floor・Flat C,,,--,"1,128ft²",@$63,Centaline
17/10/2024,The Metropolis Residence・Tower 2・Middle Floor・Flat 18,,,--,470ft²,@$46,Centaline
17/10/2024,Mei Foo Sun Chuen・Phase 1・15-17 Broadway・Upper Floor・Flat D No. 15,,,--,--,--,Centaline
17/10/2024,K‧Summit・Tower 2B・Upper Floor・Flat A,,,--,460ft²,@$50,Centaline
17/10/2024,Ocean Shores・Phase 2・Tower 8・Lower Floor・Flat C,,,--,645ft²,@$42,Centaline
17/10/2024,Hampton Place・Tower 2・Upper Floor・Flat F,,,--,429ft²,@$42,Centaline
17/10/2024,Caribbean Coast・Phase 2 Albany Cove・Tower 7・Middle Floor・Flat D,,,--,632ft²,@$37,Centaline
17/10/2024,Mei Foo Sun Chuen・Phase 3・57-59 Broadway・Lower Floor・Flat B No. 57,,,--,511ft²,@$33,Centaline
17/10/2024,Marinella・Tower 9・Middle Floor・Flat C,,,--,595ft²,@$59,Centaline
17/10/2024,Cetus‧Square Mile・Tower 1・Middle Floor・Flat E,,,--,309ft²,@$57,Centaline
17/10/2024,The Masterpiece・Middle Floor・Flat L,,,--,"1,133ft²",@$44,Centaline
17/10/2024,Tsuen Cheong Centre・Cheong On Building・Upper Floor・Flat D,,,--,368ft²,@$42,Centaline
17/10/2024,The Zenith・Phase 1・Tower 2・Lower Floor・Flat A,,,--,451ft²,@$53,Centaline
17/10/2024,Royal Court・Middle Floor・Flat C,,,--,636ft²,@$48,Centaline
17/10/2024,The Avenue・Phase 2・Tower 2・Middle Floor・Flat L,,,--,329ft²,@$63,Centaline
17/10/2024,Tai Po Centre・Phase 3・Block 21・Lower Floor・Flat F,,,--,315ft²,@$38,Centaline
17/10/2024,The Paramount・Block 7・Flat B,,,--,916ft²,@$32,Centaline
17/10/2024,Southorn Garden・Lower Floor・Flat 3,,,--,423ft²,@$47,Centaline
17/10/2024,Aberdeen Centre・Kong Tai Court (Block H)・Upper Floor・Flat 2,,,--,451ft²,@$35,Centaline
17/10/2024,South Horizons・Phase 1・Hoi Wan Court (Block 4)・Middle Floor・Flat F,,,--,610ft²,@$34,Centaline
17/10/2024,Festival City・Phase 2・Tower 1・Upper Floor・Flat Nb,,,--,842ft²,@$36,Centaline
17/10/2024,Crescent Green・Tower 10・Upper Floor・Flat B,,,--,299ft²,@$31,Centaline
17/10/2024,Coastal Skyline・Phase 3 La Rossa・La Rossa B (Tower 8)・Middle Floor・Flat B,,,--,883ft²,@$32,Centaline
17/10/2024,Dawning Views・Block 1・Middle Floor・Flat G,,,--,552ft²,@$31,Centaline
17/10/2024,The Yoho Hub・Phase C The Yoho Hub II・Tower 8・Middle Floor・Flat J,,,--,635ft²,@$39,Centaline
17/10/2024,La Fontaine・Tower A・21/F・Flat C,,$4.66M,,397ft²,"@$11,738",Land Registry
17/10/2024,The Reach・Tower 11・20/F・Flat H,,$4.35M,,426ft²,"@$10,211",Land Registry
17/10/2024,Metro Harbour View・Phase 1・Tower 6・44/F・Flat D,,$5.81M,,344ft²,"@$16,890",Land Registry
17/10/2024,The Pavilia Forest・Phase 1 The Pavilia Forest I・Tower 5・17/F・Flat B,,$7.8M,--,374ft²,"@$20,845",Land Registry
17/10/2024,The Regent・Tower 6・18/F・Flat B,,$8.4M,,735ft²,"@$11,429",Land Registry
17/10/2024,Festival City・Phase 2・Tower 3・9/F・Flat Sd,,$9.85M,,680ft²,"@$14,485",Land Registry
17/10/2024,Glory Rise・15/F・Flat A,,$4M,,316ft²,"@$12,658",Land Registry
17/10/2024,Metro Harbour View・Phase 1・Tower 6・46/F・Flat D,,$5.8M,,344ft²,"@$16,860",Land Registry
17/10/2024,Cosmopolitan Estates・Tai Wing Building (Block C)・12/F・Flat 3,,$2.47M,,288ft²,"@$8,569",Land Registry
17/10/2024,Harbour Green・Tower 5・42/F・Flat F,,$10.18M,,541ft²,"@$18,817",Land Registry
17/10/2024,Novo Land・Phase 3B・Fiskars Tower 2B・32/F・Flat H,,$5.75M,--,440ft²,"@$13,061",Land Registry
17/10/2024,88 Square・23/F・Flat C,,$3M,,302ft²,"@$9,934",Land Registry
17/10/2024,On Ying Court・Block B・18/F・Flat 22,,$2.05M,--,--,--,Land Registry
17/10/2024,Kai Chuen Court・Block 3 (Kai Chi House)・30/F・Flat 13,,$1.87M,--,--,--,Land Registry
17/10/2024,On Sau Court・Block B・12/F・Flat 4,,$1.92M,--,--,--,Land Registry
17/10/2024,On Sau Court・Block B・14/F・Flat 5,,$3.11M,--,--,--,Land Registry
17/10/2024,Ko Wang Court・Block B・32/F・Flat 10,,$1.06M,--,--,--,Land Registry
17/10/2024,On Sau Court・Block A・3/F・Flat 18,,$2.38M,--,--,--,Land Registry
17/10/2024,Kai Yan Court・Block B・33/F・Flat 18,,$1.62M,--,--,--,Land Registry
17/10/2024,Kai Yuet Court・Block B・24/F・Flat 16,,$4.69M,--,--,--,Land Registry
17/10/2024,Mai King Mansion (Building)・2/F・Flat B,,$3.2M,,417ft²,"@$7,674",Land Registry
17/10/2024,Maiden Court・Block B・12/F・Flat 5,,$8.7M,,717ft²,"@$12,134",Land Registry
17/10/2024,Chi Fu Fa Yuen・Fu Sing Yuen (Block H-13)・16/F・Flat G,,$6.33M,,588ft²,"@$10,765",Land Registry
17/10/2024,Kam Ying Court・Kam Dat House (Block E)・21/F・Flat 10,,$3.25M,--,401ft²,"@$8,105",Land Registry
17/10/2024,Man Yue Mansion (Building)・4/F・Flat 1 (No. 34),,$3M,--,480ft²,"@$6,250",Land Registry
17/10/2024,Cheong Yue Mansion・11/F・Flat A,,$3M,,267ft²,"@$11,236",Land Registry
17/10/2024,Tat Tak Building・4/F・No. 32,,$2.78M,,324ft²,"@$8,580",Land Registry
17/10/2024,Hop Chung House・1/F・No. 31A,,$4.71M,,420ft²,"@$11,214",Land Registry
17/10/2024,Hop Chung House・4/F・No. 31A,,$4.55M,--,420ft²,"@$10,833",Land Registry
17/10/2024,Nan Fung Plaza・Carpark・P2・No.C189,,$1.27M,--,--,--,Land Registry
17/10/2024,Tak Cheong Building・18/F・Flat L,,$2.93M,,395ft²,"@$7,418",Land Registry
17/10/2024,115-119 Kweilin Street・8/F・Flat 1 (No. 115),,$3M,--,992ft²,"@$3,024",Land Registry
17/10/2024,Sunshine City・Phase 4・Block H・27/F・Flat 5,,$7.15M,,551ft²,"@$12,976",Land Registry
17/10/2024,Kam Wah Building・Block B・15/F・Flat B1,,$2.8M,--,314ft²,"@$8,917",Land Registry
17/10/2024,Bao Hua Building・5/F・Flat D (No. 276A),,$2.8M,--,306ft²,"@$9,150",Land Registry
17/10/2024,Tak Bo Garden・Block H・19/F・Flat H8,,$3M,,253ft²,"@$11,858",Land Registry
17/10/2024,Nan Fung Plaza・Carpark・P2・No.C23,,$1.26M,--,--,--,Land Registry
17/10/2024,Wallsend House・8/F・Flat B (No. 11),,$4.35M,,441ft²,"@$9,864",Land Registry
17/10/2024,The Yoho Hub・Phase C The Yoho Hub II・Tower 6・23/F・Flat A,,$7.12M,--,462ft²,"@$15,417",Land Registry
17/10/2024,Cheung Fat Estate・King Fat House (Block 1)・26/F・Flat 7,,$1.9M,--,164ft²,"@$11,585",Land Registry
17/10/2024,The Yoho Hub・Phase C The Yoho Hub II・Tower 6・36/F・Flat A,,$7.49M,--,462ft²,"@$16,208",Land Registry
17/10/2024,Ocean Shores・Phase 2・Tower 10・22/F・Flat A,,$6.8M,,498ft²,"@$13,655",Land Registry
17/10/2024,The Yoho Hub・Phase C The Yoho Hub II・Tower 6・9/F・Flat A,,$6.93M,--,462ft²,"@$14,992",Land Registry
17/10/2024,Park Central・Phase 2・Tower 11・9/F・Flat C,,$5.6M,,406ft²,"@$13,793",Land Registry
17/10/2024,Cathay Mansion・11/F・Flat G,,$5.5M,--,515ft²,"@$10,680",Land Registry
17/10/2024,Ching Tao Court・11/F・Flat 4,,$1.64M,--,--,--,Land Registry
17/10/2024,Kt Marina・Phase 1・Tower 2A・12/F・Flat N,,$4.9M,--,288ft²,"@$17,017",Land Registry
17/10/2024,Kt Marina・Phase 1・Tower 2A・15/F・Flat N,,$4.92M,--,288ft²,"@$17,066",Land Registry
17/10/2024,Tung Shing Court・27/F・Flat 9,,$5.18M,--,645ft²,"@$8,031",Land Registry
17/10/2024,Kornhill・Block N (Flat 1 - 8)・10/F・Flat 1,,$6.1M,,490ft²,"@$12,449",Land Registry
17/10/2024,Park Central・Phase 1・Tower 6・23/F・Flat G,,$8.6M,,687ft²,"@$12,518",Land Registry
17/10/2024,Village Gardens・Carpark・B/M・No.140,,$1.48M,--,--,--,Land Registry
17/10/2024,H Cube・19/F・Flat 11,,$4.9M,,395ft²,"@$12,405",Land Registry
17/10/2024,Saddle Ridge Garden・Block 5・25/F・Flat G,,$3.84M,--,592ft²,"@$6,483",Land Registry
17/10/2024,South Horizons・Phase 2・Yee Tsui Court (Block 16)・33/F・Flat H,,$14M,--,863ft²,"@$16,222",Land Registry
17/10/2024,The Yoho Hub・Phase C The Yoho Hub II・Tower 6・23/F・Flat K,,$7.55M,--,492ft²,"@$15,338",Land Registry
17/10/2024,Ching Tao Court・27/F・Flat 17,,$1.72M,--,--,--,Land Registry
17/10/2024,Ching Tao Court・33/F・Flat 8,,$1.76M,--,--,--,Land Registry
17/10/2024,Ching Tao Court・15/F・Flat 21,,$1.66M,--,--,--,Land Registry
17/10/2024,Ching Tao Court・9/F・Flat 17,,$1.62M,--,--,--,Land Registry
17/10/2024,Ching Tao Court・15/F・Flat 18,,$1.22M,--,--,--,Land Registry
17/10/2024,Ching Tao Court・29/F・Flat 8,,$1.74M,--,--,--,Land Registry
17/10/2024,Ching Tao Court・24/F・Flat 18,,$1.25M,--,--,--,Land Registry
17/10/2024,Ching Tao Court・23/F・Flat 21,,$1.7M,--,--,--,Land Registry
17/10/2024,Ching Tao Court・39/F・Flat 12,,$1.39M,--,--,--,Land Registry
17/10/2024,Riviera Gardens・Carpark・G/F・No.17 (Podium A),,"$880,000",--,--,--,Land Registry
17/10/2024,Harbour Place・Tower 4・4/F・Flat G,,$7.66M,--,593ft²,"@$12,917",Land Registry
17/10/2024,Celestial Heights・Carpark・3/F・No.P237,,$2.2M,--,--,--,Land Registry
17/10/2024,Indi Home・12/F・Flat 1,,$5.18M,,424ft²,"@$12,217",Land Registry
17/10/2024,Lung Mun Oasis・Block 9・18/F・Flat F,,$2.78M,--,431ft²,"@$6,450",Land Registry
17/10/2024,The Yoho Hub・Phase C The Yoho Hub II・Tower 6・26/F・Flat K,,$7.46M,--,492ft²,"@$15,153",Land Registry
17/10/2024,Ching Tao Court・37/F・Flat 9,,$2.08M,--,--,--,Land Registry
17/10/2024,Ching Tao Court・38/F・Flat 9,,$2.09M,--,--,--,Land Registry
17/10/2024,Cheung Fat Building・17/F・Flat C,,$2.9M,--,362ft²,"@$8,011",Land Registry
17/10/2024,8 San Cheung Street・1/F・No. 8,,$3M,--,765ft²,"@$3,922",Land Registry
17/10/2024,Tung Hei Court・Yat Hei House (Block B)・5/F・Flat 13,,$3.82M,--,546ft²,"@$6,996",Land Registry
17/10/2024,Caribbean Coast・Phase 2 Albany Cove・Tower 8・41/F・Flat B,,$7.46M,,729ft²,"@$10,233",Land Registry
17/10/2024,Lei Tung Estate・Tung Sing House・29/F・Flat 11,,$2.75M,--,381ft²,"@$7,218",Land Registry
17/10/2024,Yee On Court・Block B・18/F・Flat B2,,$5.8M,--,566ft²,"@$10,247",Land Registry
17/10/2024,Hing Wah House・5/F・Flat B (No. 28),,$2.98M,--,488ft²,"@$6,107",Land Registry
17/10/2024,The Yoho Hub・Phase C The Yoho Hub II・Tower 6・5/F・Flat B,,$8.16M,--,538ft²,"@$15,174",Land Registry
17/10/2024,New Haven・Tower 1・29/F・Flat C,,$6.31M,,530ft²,"@$11,906",Land Registry
17/10/2024,Ocean Shores・Phase 2・Tower 8・53/F・Flat G,,$7.09M,,497ft²,"@$14,266",Land Registry
17/10/2024,Grand Victoria・Phase 3・Tower 2・19/F・Flat E,,$13.8M,--,525ft²,"@$26,293",Land Registry
17/10/2024,May Shing Court・Kwai Shing House (Block A)・14/F・Flat 11,,$4M,--,438ft²,"@$9,132",Land Registry
17/10/2024,Ching Tao Court・16/F・Flat 17,,$1.66M,--,--,--,Land Registry
17/10/2024,The Arles・Tower 3・45/F・Flat F,,$6.86M,--,347ft²,"@$19,775",Land Registry
17/10/2024,Regal Court・7/F・Flat D,,$11.18M,,978ft²,"@$11,431",Land Registry
17/10/2024,Tsui Chuk Garden・Block 4・7/F・Flat B,,$2.28M,--,484ft²,"@$4,711",Land Registry
17/10/2024,Amoy Gardens・Phase 3・Block M・17/F・Flat 7,,$3.43M,,285ft²,"@$12,035",Land Registry
17/10/2024,Sky Tower・Carpark・1/F・No.R56,,$1M,--,--,--,Land Registry
17/10/2024,After The Rain・9/F・Flat E,,$8.84M,--,717ft²,"@$12,323",Land Registry
17/10/2024,Victoria Harbour・Phase 2B-3 Victoria Harbour II・Tower 2・16/F・Flat A,,$57.39M,--,"1,483ft²","@$38,697",Land Registry
17/10/2024,Summit Terrace・Block 2・10/F・Flat B,,$5.05M,,446ft²,"@$11,323",Land Registry
17/10/2024,The Yoho Hub・Phase C The Yoho Hub II・Tower 6・28/F・Flat A,,$7.21M,--,462ft²,"@$15,603",Land Registry
17/10/2024,Ocean Camino・Phase 2・Tower 5A・21/F・Flat F,,$4M,,305ft²,"@$13,115",Land Registry
17/10/2024,Oceania Heights・Tower 1・7/F・Flat F,,$4.88M,,457ft²,"@$10,678",Land Registry
17/10/2024,Mont Vert・Carpark・B/M・No.P221,,$1.43M,--,--,--,Land Registry
17/10/2024,The Yoho Hub・Phase C The Yoho Hub II・Tower 6・35/F・Flat H,,$12.81M,--,901ft²,"@$14,219",Land Registry
17/10/2024,South Horizons・Phase 1・Hoi Yat Court (Block 6)・20/F・Flat C,,$8.1M,,729ft²,"@$11,111",Land Registry
17/10/2024,South Horizons・Phase 4 The Oasis・Albany Court (Block 32)・27/F・Flat A,,$6.15M,--,521ft²,"@$11,804",Land Registry
17/10/2024,L'aquatique・Block 2・12/F・Flat D2,,$12.3M,--,892ft²,"@$13,789",Land Registry
17/10/2024,Wing Lam Mansion・21/F・Flat C,,$2.68M,,270ft²,"@$9,926",Land Registry
17/10/2024,The Pavilia Forest・Phase 3 The Pavilia Forest III・Tower 1・17/F・Flat D,,$4.88M,--,263ft²,"@$18,559",Land Registry
17/10/2024,Sereno Verde・Phase 4 La Pradera・Tower 11・2/F・Flat B,,$4.5M,,425ft²,"@$10,588",Land Registry
17/10/2024,61 Ho Pui Street・1/F・Front,,$3.9M,,443ft²,"@$8,804",Land Registry
17/10/2024,Ching Tao Court・38/F・Flat 10,,$2.19M,--,--,--,Land Registry
17/10/2024,Montane Mansion・4/F・Flat 24,,$3.5M,--,412ft²,"@$8,495",Land Registry
17/10/2024,The Wings・Ocean Wings・Carpark・B/M・No.R20,,$1.7M,--,--,--,Land Registry
17/10/2024,Greenpark Villa・Block 4・2/F・Flat E,,$4.9M,,716ft²,"@$6,844",Land Registry
17/10/2024,Monterey・Tower 1・17/F・Flat B,,$24.85M,--,"1,140ft²","@$21,794",Land Registry
17/10/2024,Kennedy Apartment・8/F・No. 34A,,$34M,--,"2,123ft²","@$16,015",Land Registry
17/10/2024,Hsin Kuang Centre・Block 2・11/F・Flat F,,$4.53M,,382ft²,"@$11,859",Land Registry
17/10/2024,Brilliant Garden・Block B・3/F・Flat 8,,$5.48M,,758ft²,"@$7,230",Land Registry
17/10/2024,Sceneway Garden・Block 3・16/F・Flat A,,$5.6M,,537ft²,"@$10,428",Land Registry
17/10/2024,The Regent・Tower 10・12/F・Flat A,,$9.06M,,750ft²,"@$12,080",Land Registry
17/10/2024,Park Avenue・Phase 1・Tower 10・21/F・Flat C,,$16.1M,,848ft²,"@$18,986",Land Registry
17/10/2024,Lohas Park・Phase 4B Wings At Sea Il・Tower 5B・7/F・Flat F,,$4.6M,,342ft²,"@$13,450",Land Registry
17/10/2024,140 Chung On Street・2/F・Front,,$2.93M,,378ft²,"@$7,746",Land Registry
17/10/2024,Rhine Garden・Block 5・10/F・Flat A,,$4.26M,,681ft²,"@$6,256",Land Registry
17/10/2024,Mayfair By The Sea・Ll・Tower 11・2/F・Flat C,,$8.6M,,795ft²,"@$10,818",Land Registry
17/10/2024,Fung Shing Court・Wing Shing House (Block A)・33/F・Flat 12,,$3.03M,--,490ft²,"@$6,173",Land Registry
17/10/2024,Royal Ascot・Phase 1・Block 7・12/F・Flat D,,$11.28M,,"1,041ft²","@$10,836",Land Registry
17/10/2024,Salson House・5/F・No. 3A,,$4.2M,--,409ft²,"@$10,269",Land Registry
17/10/2024,Lee Bo Building・3/F・Flat G,,$2.06M,,258ft²,"@$7,984",Land Registry
17/10/2024,The Horizon・Court D Tower 1・12/F・Flat D,,$23.81M,--,"1,505ft²","@$15,820",Land Registry
17/10/2024,Ming Nga Court・Ming Hoi House (Block A)・12/F・Flat 9,,$3M,--,363ft²,"@$8,264",Land Registry
17/10/2024,Axeford Villa・19/F・Flat B,,$5.9M,,338ft²,"@$17,456",Land Registry
17/10/2024,King Shing Court・Foon King House (Block A)・36/F・Flat 6,,$2.98M,--,433ft²,"@$6,882",Land Registry
17/10/2024,On Sau Court・Block A・18/F・Flat 15,,$2.63M,--,--,--,Land Registry
17/10/2024,Tin On House・6/F・Flat G,,$2.25M,--,374ft²,"@$6,016",Land Registry
17/10/2024,Kingswood Villas・Phase 3 Chestwood Court・Block 2・18/F・Flat A,,$5.58M,,636ft²,"@$8,774",Land Registry
17/10/2024,Savannah・Tower 2A・8/F・Flat H,,$4.7M,,325ft²,"@$14,462",Land Registry
17/10/2024,Lower Wong Tai Sin (1) Estate・Lung Yue House (Block 3)・34/F・Flat 8,,$2.1M,--,385ft²,"@$5,455",Land Registry
17/10/2024,Ching Tao Court・28/F・Flat 20,,$1.72M,--,--,--,Land Registry
17/10/2024,Richland Gardens・Block 12・11/F・Flat F,,$3.75M,--,407ft²,"@$9,214",Land Registry
17/10/2024,Parkland Villas・Block 8・8/F・Flat D,,$6M,,376ft²,"@$15,957",Land Registry
17/10/2024,Ka Keung Court・Ka Ying House (Block B)・31/F・Flat 7,,$5.28M,--,559ft²,"@$9,445",Land Registry
17/10/2024,Koko Hills・Phase 3B Koko Mare・Tower 9・21/F・Flat E,,$8.8M,--,435ft²,"@$20,230",Land Registry
17/10/2024,Kwong Sang Hong Building・Block C・19/F・Flat O,,$4.7M,--,392ft²,"@$11,990",Land Registry
17/10/2024,Liberte・Block 7・45/F・Flat G,,$8.6M,,522ft²,"@$16,475",Land Registry
17/10/2024,Po Garden・23/F・Flat A,,$40M,--,"1,943ft²","@$20,587",Land Registry
17/10/2024,Ching Tao Court・5/F・Flat 9,,$1.85M,--,--,--,Land Registry
17/10/2024,Cheung Wo Court・Wo Tung House (Block F)・4/F・Flat 6,,$3.25M,--,414ft²,"@$7,850",Land Registry
17/10/2024,Parkvale・Tower 4 Ling Pak Mansion・25/F・Flat C,,$9.68M,,670ft²,"@$14,448",Land Registry
17/10/2024,Diamond Building・1/F・No. 380A,,$3.23M,,394ft²,"@$8,198",Land Registry
17/10/2024,Garden Vista・Phase 2・Block E・17/F・Flat 7,,$7.53M,,688ft²,"@$10,945",Land Registry
17/10/2024,Chelsea Court・Tower North (B2)・11/F・Flat F,,$5.15M,,450ft²,"@$11,444",Land Registry
17/10/2024,Shaukeiwan Plaza・Lai Man Court (Tower 1)・18/F・Flat J,,$4.98M,,445ft²,"@$11,191",Land Registry
17/10/2024,Ching Tao Court・27/F・Flat 21,,$1.72M,--,--,--,Land Registry
17/10/2024,Wen Pang Building・10/F・Flat D (No. 68),,$2.3M,--,269ft²,"@$8,550",Land Registry
17/10/2024,Ching Tao Court・29/F・Flat 9,,$2.05M,--,--,--,Land Registry
17/10/2024,Caribbean Coast・Phase 2 Albany Cove・Tower 7・15/F・Flat H,,$8M,--,898ft²,"@$8,909",Land Registry
17/10/2024,Dynasty Heights・Tropicana・Tropicana 1 (Block 26)・8/F・Flat D,,$9.28M,,649ft²,"@$14,299",Land Registry
17/10/2024,Kam Fung Court・Kam Ho House (Block H)・20/F・Flat 14,,$5.6M,--,647ft²,"@$8,655",Land Registry
17/10/2024,The Parcville・Tower 7・7/F・Flat H,,$4.82M,,460ft²,"@$10,474",Land Registry
17/10/2024,Lake Silver・Tower 5・66/F・Flat B,,$24.88M,,"1,564ft²","@$15,908",Land Registry
17/10/2024,The Grand Panorama・Block 1・18/F・Flat D,,$12M,--,780ft²,"@$15,385",Land Registry
17/10/2024,Mantin Heights・Tower 2・17/F・Flat A,,$10.4M,,584ft²,"@$17,808",Land Registry
17/10/2024,Banyan Garden・Phase 2・Tower 7・33/F・Flat C,,$9.9M,,735ft²,"@$13,469",Land Registry
17/10/2024,Smithfield Court・Block 1・27/F・Flat K,,$4.5M,--,330ft²,"@$13,630",Land Registry
17/10/2024,King's Court・Carpark・NO.269-271・No.20,,"$900,000",--,--,--,Land Registry
17/10/2024,Novo Land・Phase 3B・Fiskars Tower 2A・7/F・Flat C,,$3.65M,--,292ft²,"@$12,498",Land Registry
17/10/2024,Novo Land・Phase 3B・Fiskars Tower 2A・22/F・Flat C,,$3.72M,--,292ft²,"@$12,741",Land Registry
17/10/2024,The Yoho Hub・Phase C The Yoho Hub II・Tower 6・6/F・Flat B,,$7.92M,--,538ft²,"@$14,712",Land Registry
17/10/2024,Kam Ling Court・Block 2 (B)・14/F・Flat 5,,$3.16M,--,283ft²,"@$11,166",Land Registry
17/10/2024,San Wai Court・San Hoi House (Block D)・35/F・Flat 5,,$4.08M,--,554ft²,"@$7,365",Land Registry
17/10/2024,Palatial Coast・Grand Pacific Heights・Block 10・20/F・Flat B,,$6.25M,,875ft²,"@$7,143",Land Registry
17/10/2024,Soho 38・22/F・Flat B,,$5.5M,,269ft²,"@$20,446",Land Registry
17/10/2024,Po Ming Court・Po Pak House (Block B)・16/F・Flat 6,,$2.7M,--,213ft²,"@$12,676",Land Registry
17/10/2024,St Michel・Phase 1・Crown Tower・6/F・Flat Garden Suite B,,$32.65M,--,"1,457ft²","@$22,409",Land Registry
17/10/2024,The Richmond・12/F・Flat B,,$4.18M,,217ft²,"@$19,263",Land Registry
17/10/2024,Ching Tao Court・23/F・Flat 20,,$1.7M,--,--,--,Land Registry
17/10/2024,Caribbean Coast・Phase 2 Albany Cove・Tower 7・38/F・Flat H,,$8.8M,,900ft²,"@$9,778",Land Registry
17/10/2024,Palm Springs・Phase 1A Monterey Osmanthus・House 28,,$9.1M,,967ft²,"@$9,411",Land Registry
17/10/2024,Mountain Shore・Block 5・32/F・Flat D,,$7.88M,,684ft²,"@$11,520",Land Registry
17/10/2024,The Yoho Hub・Phase C The Yoho Hub II・Tower 6・40/F・Flat A,,$7.72M,--,462ft²,"@$16,718",Land Registry
17/10/2024,Greenview Garden・Block B・24/F・Flat 2,,$5.93M,,524ft²,"@$11,317",Land Registry
17/10/2024,Ching Tao Court・18/F・Flat 17,,$1.67M,--,--,--,Land Registry
17/10/2024,Tak Lee Court・3/F・Flat B,,$5.2M,,445ft²,"@$11,685",Land Registry
17/10/2024,The Pavilia Forest・Phase 3 The Pavilia Forest III・Tower 1・18/F・Flat D,,$4.91M,--,263ft²,"@$18,650",Land Registry
17/10/2024,Double Cove・Phase 1・Block 1・9/F・Flat A,,$6.1M,,496ft²,"@$12,298",Land Registry
17/10/2024,Century Gateway・Phase 2・Tower 8・12/F・Flat C,,$5.5M,,484ft²,"@$11,364",Land Registry
17/10/2024,The Haddon・23/F・Flat E,,$5.48M,--,276ft²,"@$19,849",Land Registry
17/10/2024,Island Resort・Tower 3・45/F・Flat H,,$8M,,566ft²,"@$14,134",Land Registry
17/10/2024,Kingswood Villas・Phase 5 Lynwood Court・Carpark・B/M・No.390,,$1.02M,--,--,--,Land Registry
17/10/2024,Novum West・Tower 2・18/F・Flat E,,$4.48M,--,224ft²,"@$20,000",Land Registry
17/10/2024,Lai Shing Garden・6/F・Flat H,,$4.05M,,382ft²,"@$10,602",Land Registry
17/10/2024,Kai Chuen Court・Block 4 (Kai Tao House)・23/F・Flat 20,,$2.62M,--,--,--,Land Registry
17/10/2024,The Yoho Hub・Phase C The Yoho Hub II・Tower 6・43/F・Flat B,,$8.62M,--,538ft²,"@$16,016",Land Registry
17/10/2024,Green Code・Tower 3・15/F・Flat D,,$7.08M,,616ft²,"@$11,494",Land Registry
17/10/2024,Sorrento・Phase 1・Block 5・61/F・Flat F,,$19M,,853ft²,"@$22,274",Land Registry
17/10/2024,Park Avenue・Central Park・Tower 2・8/F・Flat F,,$8.65M,,469ft²,"@$18,443",Land Registry
17/10/2024,Greenery Plaza・Block A・10/F・Flat 2,,$3.16M,--,321ft²,"@$9,844",Land Registry
17/10/2024,Ocean View・Carpark・L/G・No.Lg226,,"$860,000",--,--,--,Land Registry
17/10/2024,Lido Apartments・11/F・Flat L,,$5.3M,--,977ft²,"@$5,425",Land Registry
17/10/2024,St Michel・Phase 2・King Tower 1・18/F・Flat A,,$22.15M,--,"1,211ft²","@$18,287",Land Registry
17/10/2024,The Yoho Hub・Phase C The Yoho Hub II・Tower 6・25/F・Flat B,,$8.37M,--,538ft²,"@$15,552",Land Registry
17/10/2024,The Southside・Phase 4A La Montagne・Tower 2 (2A)・21/F・Flat E,,$15.56M,--,568ft²,"@$27,390",Land Registry
17/10/2024,The Yoho Hub・Phase C The Yoho Hub II・Tower 6・8/F・Flat A,,$6.93M,--,462ft²,"@$14,992",Land Registry
17/10/2024,Gold Coast Bay・Phase 1 The Uppland・Tower 3・10/F・Flat F,,$5.05M,--,399ft²,"@$12,654",Land Registry
17/10/2024,One East Coast・Tower 1A・23/F・Flat H,,$3.85M,,262ft²,"@$14,695",Land Registry
17/10/2024,Main Pole House・10/F・No. 7C,,$3.8M,--,495ft²,"@$7,677",Land Registry
17/10/2024,Kam Fung Court・Kam Huen House (Block F)・22/F・Flat 8,,$5.39M,--,642ft²,"@$8,393",Land Registry
17/10/2024,Festival City・Phase 3・Tower 5・35/F・Flat Sc,,$14.1M,,844ft²,"@$16,706",Land Registry
17/10/2024,Hollywood Hill・6/F・Flat B,,$6.95M,--,--,--,Land Registry
17/10/2024,Island Harbourview・Tower 6・32/F・Flat D,,$10.65M,,700ft²,"@$15,214",Land Registry
17/10/2024,The Yoho Hub・Phase C The Yoho Hub II・Tower 6・3/F・Flat B,,$7.96M,--,538ft²,"@$14,802",Land Registry
17/10/2024,The Yoho Hub・Phase C The Yoho Hub II・Tower 6・19/F・Flat K,,$7.47M,--,492ft²,"@$15,174",Land Registry
17/10/2024,The Yoho Hub・Phase C The Yoho Hub II・Tower 6・26/F・Flat G,,$12.22M,--,858ft²,"@$14,245",Land Registry
17/10/2024,Silicon Hill・University Hill Phase 2B・Scenic Tower 5・11/F・Flat A6,,$3.88M,,--,--,Land Registry
17/10/2024,Shatin Centre・Carpark・1/F・No.206,,"$680,000",--,--,--,Land Registry
17/10/2024,Ching Tao Court・19/F・Flat 12,,$1.33M,--,--,--,Land Registry
17/10/2024,Shatin Centre・Sun Ning Building (Block G)・12/F・Flat B,,$3.8M,,297ft²,"@$12,795",Land Registry
17/10/2024,Mangrove・13/F・Flat D,,$2.85M,,186ft²,"@$15,323",Land Registry
17/10/2024,Grand Victoria・Phase 3・Tower 1 (1B)・1/F・Flat B,,$8.1M,--,294ft²,"@$27,551",Land Registry
17/10/2024,Grand Victoria・Phase 3・Tower 1 (1B)・1/F・Flat G,,$8.53M,--,309ft²,"@$27,600",Land Registry
17/10/2024,Lohas Park・Phase 12B Park Seasons・Tower 2 (2A)・22/F・Flat G,,$4.74M,--,325ft²,"@$14,594",Land Registry
17/10/2024,Lohas Park・Phase 12B Park Seasons・Tower 2 (2A)・23/F・Flat G,,$4.75M,--,325ft²,"@$14,622",Land Registry
17/10/2024,Finnie・5/F・Flat C,,$7.5M,--,361ft²,"@$20,778",Land Registry
17/10/2024,Grand Yoho・Phase 2・Tower 5・39/F・Flat A,,$7.75M,,535ft²,"@$14,486",Land Registry
17/10/2024,Manhattan Heights・41/F・Flat C,,$14M,,714ft²,"@$19,608",Land Registry
17/10/2024,Eltanin‧Square Mile・Tower 2・15/F・Flat D,,$4.15M,,259ft²,"@$16,023",Land Registry
17/10/2024,City One Shatin・Site 3・Block 29・8/F・Flat G,,$4.2M,,327ft²,"@$12,838",Land Registry
16/10/2024,Ching Lai Court・Lai Hang House (Block A)・Middle Floor・Flat 7,,$3.6M,--,403ft²,"@$8,933",Centaline
16/10/2024,The Visionary・Tower 1・Upper Floor・Flat E,,$11.15M,--,"1,035ft²","@$10,773",Centaline
16/10/2024,The Belchers・Phase 2・Tower 5・Lower Floor・Flat E,,$20M,--,"1,097ft²","@$18,232",Centaline
16/10/2024,Park Avenue・Phase 1・Tower 9・Upper Floor・Flat A,,$26M,--,"1,577ft²","@$16,487",Centaline
16/10/2024,Harbour Green・Tower 1・Lower Floor・Flat D,,$8.28M,--,516ft²,"@$16,047",Centaline
16/10/2024,Jupiter Terrace・Tower 1・Middle Floor・Flat D,,$6.9M,--,478ft²,"@$14,435",Centaline
16/10/2024,Rambler Crest・Tower 5・Middle Floor・Flat H,,$4.85M,--,451ft²,"@$10,754",Centaline
16/10/2024,Park Signature・Tower 1・Lower Floor・Flat E,,$6.7M,--,821ft²,"@$8,161",Centaline
16/10/2024,Rambler Crest・Tower 5・Upper Floor・Flat G,,$5.2M,--,485ft²,"@$10,722",Centaline
16/10/2024,The Southside・Phase 2 La Marina・Tower 2 (2A)・Lower Floor・Flat E,,,--,341ft²,@$59,Centaline
16/10/2024,Golden Lion Garden・Phase 1・Golden Glory Court (Block E)・Lower Floor・Flat 7,,,--,260ft²,@$46,Centaline
16/10/2024,Park Height・Lower Floor・Flat A,,,--,385ft²,@$48,Centaline
16/10/2024,Evelyn Towers・Block J-K・Middle Floor・Flat J,,,--,"1,065ft²",@$40,Centaline
16/10/2024,Discovery Bay・Phase 1-Beach Vil. Seabird Lane,,,--,"1,282ft²",@$31,Centaline
16/10/2024,Diva・Upper Floor・Flat C,,,--,493ft²,@$57,Centaline
16/10/2024,Eden Manor・Tower 7・Lower Floor・Flat H,,,--,277ft²,@$36,Centaline
16/10/2024,Telford Gardens・Block J・Lower Floor・Flat 3,,,--,531ft²,@$32,Centaline
16/10/2024,Century Link・Phase 2・Tower 2B・Upper Floor・Flat 3,,,--,479ft²,@$40,Centaline
16/10/2024,Park Central・Phase 2・Tower 10・Upper Floor・Flat E,,,--,384ft²,@$44,Centaline
16/10/2024,The Austin・Tower 1A・Lower Floor・Flat C,,,--,464ft²,@$51,Centaline
16/10/2024,Cullinan West・Phase 5 Cullinan West Ill・Tower 7・Middle Floor・Flat B,,,--,360ft²,@$61,Centaline
16/10/2024,Maple Gardens・Phase 2,,,--,732ft²,@$31,Centaline
16/10/2024,Hong Kong Garden・Phase 1・Block 1・Middle Floor・Flat F,,,--,365ft²,@$29,Centaline
16/10/2024,Kornhill・Block A (Flat 9 - 16)・Upper Floor・Flat 10,,,--,497ft²,@$40,Centaline
16/10/2024,Lohas Park・Phase 7A Montara・Tower 2 (2B)・Upper Floor・Flat F,,,--,450ft²,@$39,Centaline
16/10/2024,Lung Poon Court・Lung Chu House (Block C)・Middle Floor・Flat 15,,,--,426ft²,@$41,Centaline
16/10/2024,Laguna City・Phase 1・Block 6・Upper Floor・Flat F,,,--,517ft²,@$34,Centaline
16/10/2024,East Point City・Block 2・Upper Floor・Flat H,,,--,623ft²,@$39,Centaline
16/10/2024,The Henley・Phase 1・Condominium C・Upper Floor・Flat H,,,--,215ft²,@$66,Centaline
16/10/2024,Grand Victoria・Phase 1・Tower 3B・Upper Floor・Flat H,,,--,280ft²,@$60,Centaline
16/10/2024,Lohas Park・Phase 2A Le Prestige・Moon Light (Tower 1 - L Wing)・Upper Floor・Flat B,,,--,--,--,Centaline
16/10/2024,Manor Hill・Tower 1・Lower Floor・Flat A7,,,--,183ft²,@$70,Centaline
16/10/2024,Grand Garden・Block 3・Middle Floor・Flat A,,,--,"1,239ft²",@$48,Centaline
16/10/2024,Residence Bel-Air・Phase 6 Bel-Air No. 8・Tower 8A・Upper Floor・Flat A,,,--,"1,752ft²",@$71,Centaline
16/10/2024,Aegean Coast・Tower 1・Lower Floor・Flat B,,,--,811ft²,@$27,Centaline
16/10/2024,The Bloomsway・The Laguna Tower 12・Upper Floor・Flat A,,,--,622ft²,@$27,Centaline
16/10/2024,Belair Monte・Block 7・Middle Floor・Flat B,,,--,479ft²,@$27,Centaline
16/10/2024,Affluence Garden・Pacific House (Block 4)・Middle Floor・Flat L,,,--,577ft²,@$22,Centaline
16/10/2024,Sunshine City・Phase 4・Block F・Middle Floor・Flat 7,,,--,363ft²,@$43,Centaline
16/10/2024,Jubilee Garden・Jubilee Court・Middle Floor・Flat B2,,,--,665ft²,@$33,Centaline
16/10/2024,The Quinn ‧ Square Mile・Tower 1・Upper Floor・Flat R,,,--,269ft²,@$59,Centaline
16/10/2024,The Grand Marine・Tower 1A・Upper Floor・Flat E,,,--,301ft²,@$49,Centaline
16/10/2024,Riva・Helorus Boulevard Tower 2・Upper Floor・Flat C,,,--,868ft²,@$26,Centaline
16/10/2024,Monte Vista・Block 8・Upper Floor・Flat G,,,--,781ft²,@$33,Centaline
16/10/2024,The Yoho Hub・Phase C The Yoho Hub II・Tower 8・Lower Floor・Flat K,,,--,495ft²,@$39,Centaline
16/10/2024,Lohas Park・Phase 7B Grand Montara・Tower 1 (1B)・Lower Floor・Flat B,,,--,366ft²,@$40,Centaline
16/10/2024,Kornhill・Block A (Flat 9 - 16)・Upper Floor・Flat 11,,,--,502ft²,@$40,Centaline
16/10/2024,The Carmel,,,--,"1,725ft²",@$33,Centaline
16/10/2024,South Walk．Aura・Upper Floor・Flat C,,,--,194ft²,@$62,Centaline
16/10/2024,Taikoo Shing・Harbour View Gardens (West)・(T-36) Oak Mansion・Upper Floor・Flat D,,,--,922ft²,@$38,Centaline
16/10/2024,Tung Chung Crescent・Phase 2・Block 8・Lower Floor・Flat G,,,--,813ft²,@$31,Centaline
16/10/2024,Kingswood Villas・Phase 2 Sherwood Court・Block 4・Lower Floor・Flat D,,,--,551ft²,@$23,Centaline
16/10/2024,Riviera Gardens・Hoi Wan Mansion (Block 7)・Upper Floor・Flat A,,,--,579ft²,@$30,Centaline
16/10/2024,Victoria Skye・Ocean Waves Tower 2・Middle Floor・Flat A,,,--,851ft²,@$41,Centaline
16/10/2024,The Grand Marine・Tower 1A・Lower Floor・Flat F,,,--,299ft²,@$47,Centaline
16/10/2024,Tsing Yi Garden・Block 2・Middle Floor・Flat A,,,--,343ft²,@$43,Centaline
16/10/2024,Metro6・Upper Floor・Flat D,,,--,410ft²,@$49,Centaline
16/10/2024,Grand Austin・Tower 3A・Middle Floor・Flat D,,,--,871ft²,@$52,Centaline
16/10/2024,Kwan Yick Building・Phase 3・Block A・20/F・Flat A2,,$4.3M,,374ft²,"@$11,497",Land Registry
16/10/2024,Kai Chuen Court・Block 3 (Kai Chi House)・31/F・Flat 8,,$1.9M,--,--,--,Land Registry
16/10/2024,The Yoho Hub・Phase C The Yoho Hub II・Tower 6・17/F・Flat F,,$10.06M,--,749ft²,"@$13,435",Land Registry
16/10/2024,Kwong Yuen Estate・Alder House (Block 1)・22/F・Flat 5,,"$391,700",--,--,--,Land Registry
16/10/2024,Heng On Estate・Heng Kong House (Block 1)・3/F・Flat 22,,"$436,400",--,--,--,Land Registry
16/10/2024,Koko Hills・Phase 3B Koko Mare・Tower 9・19/F・Flat E,,$8.73M,--,435ft²,"@$20,069",Land Registry
16/10/2024,Lohas Park・Phase 2B Le Prime・Tower 8 - L Wing・33/F・Flat B,,$6M,--,721ft²,"@$8,322",Land Registry
16/10/2024,Tsui Man Court・23/F・Flat E,,$5.98M,--,492ft²,"@$12,154",Land Registry
16/10/2024,Hung Cheong Factory Building・11/F・Flat Q,,$2.6M,--,318ft²,"@$8,176",Land Registry
16/10/2024,Parkland Villas・Carpark・PODIUM 1・No.58 (Phase I),,"$600,000",--,--,--,Land Registry
16/10/2024,Yoho Town・Phase 1・Block 7・26/F・Flat H,,$5.6M,,422ft²,"@$13,270",Land Registry
16/10/2024,Tai Hing Gardens・Phase 1・Block 1・24/F・Flat F,,$3.5M,,394ft²,"@$8,883",Land Registry
16/10/2024,New Un Chau Building・2/F・No. 153A,,$2.3M,,372ft²,"@$6,183",Land Registry
16/10/2024,Siu Hong Court・Siu Kin House (Block F)・17/F・Flat 3,,$3M,--,434ft²,"@$6,912",Land Registry
16/10/2024,Twin Regency・Tower 1・16/F・Flat F,,$3.5M,--,374ft²,"@$9,358",Land Registry
16/10/2024,Hiu Kwong Court・16/F・Flat 4,,$3.5M,--,443ft²,"@$7,901",Land Registry
16/10/2024,On Sau Court・Block A・31/F・Flat 16,,$3.21M,--,--,--,Land Registry
16/10/2024,On Sau Court・Block A・25/F・Flat 3,,$1.94M,--,--,--,Land Registry
16/10/2024,Kai Yan Court・Block B・3/F・Flat 15,,$3.52M,--,--,--,Land Registry
16/10/2024,Kai Yan Court・Block B・20/F・Flat 11,,$2.47M,--,--,--,Land Registry
16/10/2024,Ko Wang Court・Block B・37/F・Flat 15,,$2.18M,--,--,--,Land Registry
16/10/2024,Ko Wang Court・Block A・38/F・Flat 12,,$1.62M,--,--,--,Land Registry
16/10/2024,Siu Tsui Court・Block A・14/F・Flat 5,,$2.67M,--,--,--,Land Registry
16/10/2024,Kai Chuen Court・Block 3 (Kai Chi House)・6/F・Flat 4,,$1.74M,--,--,--,Land Registry
16/10/2024,Kai Chuen Court・Block 4 (Kai Tao House)・37/F・Flat 3,,$2.73M,--,--,--,Land Registry
16/10/2024,Bellagio・Phase 1・Tower 8・25/F・Flat B,,$8.95M,,891ft²,"@$10,045",Land Registry
16/10/2024,Ka Lung Court・Ka Sing House (Block A)・2/F・Flat 9,,$5.98M,--,645ft²,"@$9,271",Land Registry
16/10/2024,Fullview Court・15/F・Flat B,,$3.64M,,395ft²,"@$9,210",Land Registry
16/10/2024,1083 Canton Road・2/F・No. 1083,,$2.03M,--,381ft²,"@$5,328",Land Registry
16/10/2024,South Horizons・Phase 1・Hoi Fai Court (Block 2)・23/F・Flat E,,$6.45M,,526ft²,"@$12,262",Land Registry
16/10/2024,Noble Hill・Tower 1・5/F・Flat B,,$4.95M,,490ft²,"@$10,102",Land Registry
16/10/2024,Laguna Verde・Phase 4(4A) Laguna Grande・Tower 19・5/F・Flat D,,$7.28M,,538ft²,"@$13,532",Land Registry
16/10/2024,Billionnaire Luxe・9/F・Flat A,,$6.8M,,504ft²,"@$13,492",Land Registry
16/10/2024,Fu Ning Garden・Block 2・25/F・Flat A,,$3M,--,495ft²,"@$6,061",Land Registry
16/10/2024,Grand View Garden・Tower 4・5/F・Flat A,,$4.25M,--,584ft²,"@$7,277",Land Registry
16/10/2024,Kt Marina・Phase 1・Tower 2B・6/F・Flat G,,$6.93M,--,432ft²,"@$16,042",Land Registry
16/10/2024,Kt Marina・Phase 1・Tower 2A・2/F・Flat F,,$7.15M,--,427ft²,"@$16,733",Land Registry
16/10/2024,Kam Fai Court・15/F・Flat 11,,$4.56M,--,426ft²,"@$10,704",Land Registry
16/10/2024,Century Gateway・Phase 1・Tower 5・9/F・Flat J,,$8.2M,,646ft²,"@$12,693",Land Registry
16/10/2024,Ching Tao Court・22/F・Flat 8,,$1.71M,--,--,--,Land Registry
16/10/2024,Ching Tao Court・15/F・Flat 16,,$1.65M,--,--,--,Land Registry
16/10/2024,Ching Tao Court・23/F・Flat 8,,$1.71M,--,--,--,Land Registry
16/10/2024,Ching Tao Court・24/F・Flat 11,,$1.82M,--,--,--,Land Registry
16/10/2024,Ching Tao Court・12/F・Flat 11,,$1.75M,--,--,--,Land Registry
16/10/2024,Tai Wo Estate・On Wo House (Block 7)・15/F・Flat 25,,$1.42M,--,349ft²,"@$4,069",Land Registry
16/10/2024,Tung Tao Court・Yuk Tao House (Block B)・35/F・Flat 1,,$5.86M,--,554ft²,"@$10,585",Land Registry
16/10/2024,Hollywood Hill・9/F・Flat B,,$7.15M,--,--,--,Land Registry
16/10/2024,Kt Marina・Phase 1・Tower 2A・8/F・Flat N,,$4.86M,--,288ft²,"@$16,865",Land Registry
16/10/2024,Chung Mei Building・5/F・Flat 20,,$4.58M,--,710ft²,"@$6,451",Land Registry
16/10/2024,Hayon Building・14/F・Flat B,,$2.4M,,245ft²,"@$9,796",Land Registry
16/10/2024,The Harbourside・Tower 3・77/F・Flat F,,$52M,--,"1,798ft²","@$28,921",Land Registry
16/10/2024,Pristine Villa・Carpark・C2/F (BLK 8-14)・No.31,,"$550,000",--,--,--,Land Registry
16/10/2024,Pristine Villa・Carpark・C2/F (BLK 8-14)・No.30,,"$550,000",--,--,--,Land Registry
16/10/2024,Fullview Garden・Block 10・10/F・Flat F,,$4.55M,--,484ft²,"@$9,401",Land Registry
16/10/2024,Richland Gardens・Block 9・17/F・Flat A,,$3.75M,--,407ft²,"@$9,214",Land Registry
16/10/2024,Pearl Island Villas・Block F6・1/F・Flat 2,,$2.7M,,286ft²,"@$9,441",Land Registry
16/10/2024,Larchwood・21/F・Flat A,,$5.13M,--,250ft²,"@$20,520",Land Registry
16/10/2024,Fung Tak Estate・Ban Fung House (Block 8)・5/F・Flat 20,,$1.75M,--,354ft²,"@$4,944",Land Registry
16/10/2024,Wang Yip Building・4/F・Flat E,,$1.7M,--,360ft²,"@$4,722",Land Registry
16/10/2024,Parc Royale・Tower 6・18/F・Flat B,,$10M,,942ft²,"@$10,616",Land Registry
16/10/2024,The Visionary・Tower 3・26/F・Flat A,,$11.82M,,"1,031ft²","@$11,463",Land Registry
16/10/2024,Tsuen Wan Town Square・Block A・11/F・Flat 3,,$6M,,608ft²,"@$9,868",Land Registry
16/10/2024,Chun Man Court・Man Hei House (Block H)・11/F・Flat 3,,$4.89M,--,525ft²,"@$9,310",Land Registry
16/10/2024,"Fairview Park・Section D, 4Th Street・No. 21 (S.D Ss.281)",,$8.9M,,902ft²,"@$9,867",Land Registry
16/10/2024,Greenwood Terrace・Tower 5・11/F・Flat K,,$4M,--,508ft²,"@$7,874",Land Registry
16/10/2024,Kingsford Terrace・Phase 2・Block 5・16/F・Flat B,,$5.18M,--,589ft²,"@$8,795",Land Registry
16/10/2024,Kingsford Terrace・Carpark・P3・No.53,,$1.1M,--,--,--,Land Registry
16/10/2024,Moon Beam Terrace・Block C・1/F・Flat C2,,$9.18M,--,986ft²,"@$9,310",Land Registry
16/10/2024,Manor Hill・Tower 2・38/F・Flat C5,,$4.31M,--,222ft²,"@$19,410",Land Registry
16/10/2024,Laguna City・Phase 1・Block 7・7/F・Flat D,,$6.6M,--,687ft²,"@$9,607",Land Registry
16/10/2024,Grand Palisades・Block 3・11/F・Flat B,,$10.8M,,999ft²,"@$10,811",Land Registry
16/10/2024,Prosperous Garden・Block 1・15/F・Flat B,,$7.95M,--,700ft²,"@$11,357",Land Registry
16/10/2024,Boland Court・Phase II・3/F・Flat B,,$6.6M,,531ft²,"@$12,429",Land Registry
16/10/2024,8A Yi Pei Square・8/F・Flat B (Flat 2),,$3.5M,--,554ft²,"@$6,318",Land Registry
16/10/2024,Luk Yeung Sun Chuen・Block P・17/F・Flat 1,,$6.2M,--,582ft²,"@$10,653",Land Registry
16/10/2024,Victoria Harbour・Phase 2B-2 Victoria Harbour II・Tower 3・7/F・Flat A,,$51.68M,--,"1,448ft²","@$35,691",Land Registry
16/10/2024,Ching Tao Court・32/F・Flat 8,,$1.75M,--,--,--,Land Registry
16/10/2024,Lohas Park・Phase 5A Malibu・Tower 2A・67/F・Flat B,,$8.8M,,657ft²,"@$13,394",Land Registry
16/10/2024,Ching Tao Court・22/F・Flat 11,,$1.81M,--,--,--,Land Registry
16/10/2024,Tierra Verde・Phase 1・Tower 5・37/F・Flat G,,$8.12M,,520ft²,"@$15,615",Land Registry
16/10/2024,Belair Gardens・Estoril Heights (Block E)・26/F・Flat C,,$7M,,831ft²,"@$8,424",Land Registry
16/10/2024,Constellation Cove・Block 8・5/F・Flat A,,$8.6M,,"1,093ft²","@$7,868",Land Registry
16/10/2024,Constellation Cove・Carpark・NO.1・No.151,,$1M,--,--,--,Land Registry
16/10/2024,Constellation Cove・Carpark・NO.1・No.153,,$1M,--,--,--,Land Registry
16/10/2024,The Horizon・Court A Tower 2・7/F・Flat B,,$31.14M,--,"1,411ft²","@$22,072",Land Registry
16/10/2024,Tin King Estate・Tin Lok House (Block 10)・19/F・Flat 18,,$2.9M,--,355ft²,"@$8,169",Land Registry
16/10/2024,Hong Lok Yuen・Fifth Street・91 Hong Lok Yuen Fifth Street (S S 214),,$34M,--,"2,520ft²","@$13,492",Land Registry
16/10/2024,Island Resort・Tower 9・20/F・Flat B,,$10M,--,848ft²,"@$11,792",Land Registry
16/10/2024,Sui Wo Court・Wing Cheung House (Block H)・26/F・Flat 3,,$3.5M,--,471ft²,"@$7,431",Land Registry
16/10/2024,Grand Hacienda・1/F・No. 90,,$10.05M,--,741ft²,"@$13,563",Land Registry
16/10/2024,Hong King Garden・Block A・8/F・Flat 1,,$2.56M,,336ft²,"@$7,619",Land Registry
16/10/2024,Mountain Shore・Block 1・35/F・Flat C,,$7.35M,,684ft²,"@$10,746",Land Registry
16/10/2024,Ho King Building・1/F・Flat F,,$2.35M,--,429ft²,"@$5,478",Land Registry
16/10/2024,Glen Haven・11/F・Flat D,,$14.88M,--,"1,453ft²","@$10,241",Land Registry
16/10/2024,Melody Garden・Block 5・1/F・Flat C,,$4.2M,--,699ft²,"@$6,009",Land Registry
16/10/2024,Tin Fu Court・Sin Fu House (Block O)・23/F・Flat 4,,$3.43M,--,506ft²,"@$6,779",Land Registry
16/10/2024,18 Spring Garden Lane・4/F・No. 18,,$3.8M,--,496ft²,"@$7,661",Land Registry
16/10/2024,Wah Kin Mansion・9/F・Flat B,,$4.16M,,343ft²,"@$12,128",Land Registry
16/10/2024,Kingswood Villas・Phase 1 Locwood Court・Block 6・13/F・Flat G,,$4.38M,,548ft²,"@$7,993",Land Registry
16/10/2024,Double Cove・Phase 3 Double Cove Starview Prime・Block 25・7/F・Flat B,,$8.8M,,564ft²,"@$15,603",Land Registry
16/10/2024,Lucky Building・5/F・Flat C,,$5.08M,,424ft²,"@$11,981",Land Registry
16/10/2024,Sui Wo Court・Hing On House (Block F)・16/F・Flat 10,,$2.98M,--,411ft²,"@$7,251",Land Registry
16/10/2024,Ka Wui Building・3/F・Flat E,,$2.52M,--,417ft²,"@$6,043",Land Registry
16/10/2024,Chun Man Court・Man Lan House (Block C)・4/F・Flat 10,,$5.08M,--,554ft²,"@$9,170",Land Registry
16/10/2024,Park Central・Phase 2・Tower 10・36/F・Flat E,,$6.1M,,384ft²,"@$15,885",Land Registry
16/10/2024,The Yoho Hub・Phase C The Yoho Hub II・Tower 6・46/F・Flat F,,$11.22M,--,747ft²,"@$15,023",Land Registry
16/10/2024,Golden Valley Mansion・12/F・Flat D (No. 137A),,$6.9M,,611ft²,"@$11,293",Land Registry
16/10/2024,The Yoho Hub・Phase C The Yoho Hub II・Tower 6・19/F・Flat F,,$10.12M,--,749ft²,"@$13,515",Land Registry
16/10/2024,The Yoho Hub・Phase C The Yoho Hub II・Tower 6・19/F・Flat G,,$11.82M,--,858ft²,"@$13,780",Land Registry
16/10/2024,Siu On Court・Ting Yau House (Block B)・4/F・Flat 4,,$3.55M,--,563ft²,"@$6,306",Land Registry
16/10/2024,The Yoho Hub・Phase C The Yoho Hub II・Tower 6・3/F・Flat K,,$7.07M,--,492ft²,"@$14,368",Land Registry
16/10/2024,The Yoho Hub・Phase C The Yoho Hub II・Tower 6・39/F・Flat K,,$7.68M,--,490ft²,"@$15,674",Land Registry
16/10/2024,The Pacifica・Phase 1・Tower 3・55/F・Flat H,,$7M,--,467ft²,"@$14,989",Land Registry
16/10/2024,The Pacifica・Phase 1・Tower 3・55/F・Flat G,,$6.5M,,452ft²,"@$14,381",Land Registry
16/10/2024,The Metro City・Phase 3 The Metropolis・Tower 3・35/F・Flat F,,$7.4M,,626ft²,"@$11,821",Land Registry
16/10/2024,Hang Yue Building・9/F・Flat C,,$3.08M,,274ft²,"@$11,241",Land Registry
16/10/2024,Lei On Court・Lei Yan House (Block C)・1/F・Flat 6,,$5.15M,--,650ft²,"@$7,923",Land Registry
16/10/2024,City Garden・Carpark・2/F・No.29,,$1.23M,--,--,--,Land Registry
16/10/2024,Upper Central・12/F・Flat B,,$3.99M,--,167ft²,"@$23,880",Land Registry
16/10/2024,Double Cove・Phase 4 Double Cove Grandview・Block 8・17/F・Flat D,,$6.68M,,496ft²,"@$13,468",Land Registry
16/10/2024,Park Central・Phase 2・Tower 11・12/F・Flat E,,$5.38M,,384ft²,"@$14,010",Land Registry
16/10/2024,Ching Tao Court・12/F・Flat 12,,$1.3M,--,--,--,Land Registry
16/10/2024,Ching Tao Court・19/F・Flat 11,,$1.79M,--,--,--,Land Registry
16/10/2024,Ching Tao Court・31/F・Flat 13,,$1.32M,--,--,--,Land Registry
16/10/2024,Ching Tao Court・32/F・Flat 6,,$1.26M,--,--,--,Land Registry
16/10/2024,Ching Tao Court・23/F・Flat 1,,$1.25M,--,--,--,Land Registry
16/10/2024,Dragon Centre・Tower 1・7/F・Flat G,,$3.2M,--,288ft²,"@$11,111",Land Registry
16/10/2024,Novo Land・Phase 3B・Fiskars Tower 1・16/F・Flat D,,$5.24M,--,434ft²,"@$12,078",Land Registry
16/10/2024,Grand Villa・15/F・Flat A,,$5.5M,,399ft²,"@$13,784",Land Registry
16/10/2024,Baycrest・Block 3・8/F・Flat D,,$14.5M,,"1,113ft²","@$13,028",Land Registry
16/10/2024,Le Pont・House 10,,$42M,--,"2,717ft²","@$15,458",Land Registry
16/10/2024,Fung Tak Estate・Ban Fung House (Block 8)・19/F・Flat 17,,$1.58M,--,354ft²,"@$4,463",Land Registry
16/10/2024,Tak Bo Garden・Block B・14/F・Flat B2,,$3M,,282ft²,"@$10,638",Land Registry
16/10/2024,Park Island・Phase 1・Block 12・3/F・Flat G,,$4.8M,,531ft²,"@$9,040",Land Registry
16/10/2024,Ching Tao Court・24/F・Flat 9,,$2.02M,--,--,--,Land Registry
16/10/2024,Ching Tao Court・6/F・Flat 11,,$1.7M,--,--,--,Land Registry
16/10/2024,Ching Tao Court・28/F・Flat 9,,$2.05M,--,--,--,Land Registry
16/10/2024,Siu Tsui Court・Block A・16/F・Flat 2,,$2.57M,--,--,--,Land Registry
16/10/2024,Hollywood Terrace・Block B・21/F・Flat G,,$7.95M,--,616ft²,"@$12,906",Land Registry
16/10/2024,Kornhill・Block E (Flat 9 - 16)・14/F・Flat 14,,$6.1M,,524ft²,"@$11,641",Land Registry
16/10/2024,Po Fai Building・14/F・Flat A,,$3.2M,,291ft²,"@$10,997",Land Registry
16/10/2024,South Horizons・Phase 3・Mei Hay Court (Block 18)・11/F・Flat F,,$8.2M,,618ft²,"@$13,269",Land Registry
16/10/2024,Park Central・Phase 2・Tower 2・42/F・Flat B,,$9.6M,,690ft²,"@$13,913",Land Registry
16/10/2024,Wealth Building・6/F・Flat A,,$4.3M,,355ft²,"@$12,113",Land Registry
16/10/2024,Larvotto・Tower 8・22/F・Flat C,,$10.15M,,596ft²,"@$17,030",Land Registry
16/10/2024,El Futuro・Tower 1・16/F・Flat D,,$12.04M,--,755ft²,"@$15,952",Land Registry
16/10/2024,The Aster・7/F・Flat B,,$14.21M,--,617ft²,"@$23,029",Land Registry
16/10/2024,The Aster・11/F・Flat B,,$14.46M,--,617ft²,"@$23,429",Land Registry
16/10/2024,The Corniche・Tower 1・17/F・Flat A,,$52.38M,--,"1,864ft²","@$28,101",Land Registry
16/10/2024,The Corniche・Tower 1・19/F・Flat B,,$66M,--,"2,107ft²","@$31,324",Land Registry
16/10/2024,Wellesley・11/F・Flat B,,$31.9M,--,"1,024ft²","@$31,155",Land Registry
16/10/2024,City One Shatin・Site 1・Block 5・6/F・Flat A,,$8.58M,--,819ft²,"@$10,476",Land Registry
16/10/2024,Montego Bay・Tower 3・23/F・Flat D,,$8.81M,--,517ft²,"@$17,031",Land Registry
16/10/2024,Siu Hei Court・Nga Hei House (Block D)・22/F・Flat 10,,$3.18M,--,415ft²,"@$7,663",Land Registry
16/10/2024,Lung Fung Garden・Block A・18/F・Flat A4,,$3.95M,,333ft²,"@$11,856",Land Registry
16/10/2024,Gateway．Square Mile・19/F・Flat D,,$6.98M,--,353ft²,"@$19,765",Land Registry
16/10/2024,The Yoho Hub・Phase C The Yoho Hub II・Tower 6・35/F・Flat K,,$7.59M,--,490ft²,"@$15,498",Land Registry
16/10/2024,The Yoho Hub・Phase C The Yoho Hub II・Tower 6・28/F・Flat G,,$12.32M,--,858ft²,"@$14,356",Land Registry
16/10/2024,The Yoho Hub・Phase C The Yoho Hub II・Tower 6・23/F・Flat F,,$10.25M,--,749ft²,"@$13,679",Land Registry
16/10/2024,Rhine Garden・Block 3・9/F・Flat C,,$4.5M,,630ft²,"@$7,143",Land Registry
16/10/2024,Golden Building・Block 1・3/F・Flat F (No. 152F),,$3.33M,,329ft²,"@$10,122",Land Registry
16/10/2024,Kava Mansion・Carpark・G/F・No.10,,"$750,000",--,--,--,Land Registry
16/10/2024,Miami Beach Towers・Tower 1・21/F・Flat E,,$3.8M,,438ft²,"@$8,676",Land Registry
16/10/2024,Hollywood Villa・Block 1,,$5.3M,--,--,--,Land Registry
16/10/2024,Greenfield Garden・Phase 3・Tower 10・31/F・Flat H,,$6.23M,,495ft²,"@$12,582",Land Registry
16/10/2024,Kai Tin Tower・Block B・16/F・Flat 3,,$4.08M,--,469ft²,"@$8,699",Land Registry
16/10/2024,Bay View Garden・Block 3・22/F・Flat E,,$4.8M,,401ft²,"@$11,970",Land Registry
16/10/2024,Parkland Villas・Block 4・7/F・Flat F,,$4.93M,,575ft²,"@$8,574",Land Registry
16/10/2024,Tsing Yi Estate・Yee Wai House・28/F・Flat 9,,"$611,500",--,--,--,Land Registry
16/10/2024,Tung Chun Court・Ngan Chun House (Block B)・36/F・Flat 9,,$5.5M,--,640ft²,"@$8,594",Land Registry
16/10/2024,Dragon View House・23/F・Flat 5,,$3.9M,,316ft²,"@$12,342",Land Registry
16/10/2024,Riva・Carpark・B/M・No.8692,,$1.38M,--,--,--,Land Registry
16/10/2024,Mega Building・18/F・Flat A,,$5.8M,,487ft²,"@$11,910",Land Registry
16/10/2024,The Yoho Hub・Phase C The Yoho Hub II・Tower 6・28/F・Flat B,,$8.29M,--,538ft²,"@$15,401",Land Registry
16/10/2024,Belvedere Garden・Phase 3・Block 6・1/F・Flat F,,$6.68M,,742ft²,"@$9,003",Land Registry
16/10/2024,Ching Tao Court・35/F・Flat 18,,$1.28M,--,--,--,Land Registry
16/10/2024,Ching Tao Court・28/F・Flat 19,,$1.72M,--,--,--,Land Registry
16/10/2024,Novum West・Tower 2・12/F・Flat D,,$4.5M,,--,--,Land Registry
16/10/2024,Island Crest・Tower 1・25/F・Flat A,,$18.5M,,879ft²,"@$21,047",Land Registry
16/10/2024,The Belchers・Phase 1・Tower 3・39/F・Flat E,,$19.4M,,955ft²,"@$20,314",Land Registry
16/10/2024,Handsome Court・Block 2・14/F・Flat D,,$5.8M,,786ft²,"@$7,379",Land Registry
16/10/2024,Lohas Park・Phase 2B Le Prime・Tower 7 - L Wing・49/F・Flat D,,$7.02M,,719ft²,"@$9,764",Land Registry
16/10/2024,The Yoho Hub・Phase C The Yoho Hub II・Tower 6・11/F・Flat H,,$12.57M,--,905ft²,"@$13,887",Land Registry
16/10/2024,Tung Shing Building・9/F・Flat A,,$3.36M,,318ft²,"@$10,566",Land Registry
16/10/2024,Napa・Tower 6・G/F・Flat D,,$7.5M,,821ft²,"@$9,135",Land Registry
16/10/2024,Hung Tim Building・6/F・No. 212 (Flat D),,"$800,000",--,130ft²,"@$6,154",Land Registry
16/10/2024,City Point・Carpark・G/F・No.R20,,$1.4M,--,--,--,Land Registry
16/10/2024,The Yoho Hub・Phase C The Yoho Hub II・Tower 6・8/F・Flat K,,$7.21M,--,492ft²,"@$14,653",Land Registry
16/10/2024,Villa By The Park・Block 3・15/F・Flat B,,$4.16M,,431ft²,"@$9,640",Land Registry
16/10/2024,25 Mong Kok Road・5/F・Front,,$2M,--,292ft²,"@$6,849",Land Registry
16/10/2024,The Vertex・West Wing・31/F・Flat H,,$8.99M,--,438ft²,"@$20,518",Land Registry
16/10/2024,The Palazzo・Block 10・39/F・Flat A,,$19.23M,,"1,227ft²","@$15,672",Land Registry
16/10/2024,The Yoho Hub・Phase C The Yoho Hub II・Tower 6・17/F・Flat H,,$12.26M,--,905ft²,"@$13,551",Land Registry
16/10/2024,Wah Ming Estate・Lai Ming House (Block 1)・25/F・Flat 18,,$1.99M,--,443ft²,"@$4,488",Land Registry
16/10/2024,Ching Tao Court・26/F・Flat 3,,$1.27M,--,--,--,Land Registry
16/10/2024,Kornhill・Block G (Flat 9 - 16)・22/F・Flat 10,,$9.5M,,806ft²,"@$11,787",Land Registry
16/10/2024,Ching Tao Court・29/F・Flat 16,,$1.72M,--,--,--,Land Registry
16/10/2024,Ching Tao Court・34/F・Flat 12,,$1.38M,--,--,--,Land Registry
16/10/2024,Ching Tao Court・37/F・Flat 13,,$1.34M,--,--,--,Land Registry
16/10/2024,Ching Tao Court・12/F・Flat 4,,$1.65M,--,--,--,Land Registry
16/10/2024,Ching Tao Court・5/F・Flat 11,,$1.67M,--,--,--,Land Registry
16/10/2024,Hong Wah Court・Wang Hong House (Block A)・2/F・Flat 8,,$2.92M,--,355ft²,"@$8,225",Land Registry
16/10/2024,Mei Foo Sun Chuen・Phase 7・9-11 Mount Sterling Mall・15/F・Flat C No. 11,,$5.09M,,466ft²,"@$10,923",Land Registry
16/10/2024,Jubilee Garden・Block 1・16/F・Flat F,,$5.35M,--,510ft²,"@$10,490",Land Registry
16/10/2024,Kar Hing Building・3/F・No. 185,,$2.48M,--,479ft²,"@$5,177",Land Registry
15/10/2024,Tseung Kwan O Plaza・Phase 1・Tower 1・Lower Floor・Flat D,,$5.5M,--,414ft²,"@$13,285",Centaline
15/10/2024,Serenity Place・Block 3・Middle Floor・Flat G,,$6.18M,--,595ft²,"@$10,387",Centaline
15/10/2024,Park Central・Phase 2・Tower 11・Upper Floor・Flat A,,$7.32M,--,547ft²,"@$13,382",Centaline
15/10/2024,Tseung Kwan O Plaza・Phase 2・Tower 7・Middle Floor・Flat A,,$5.7M,--,417ft²,"@$13,669",Centaline
15/10/2024,Lohas Park・Phase 2A Le Prestige・Water Lilies (Tower 5 - R Wing)・Upper Floor・Flat C,,$7.32M,--,733ft²,"@$9,986",Centaline
15/10/2024,Lohas Park・Phase 2C La Splendeur・Tower 9・Lower Floor・Flat Rd,,$9.5M,--,995ft²,"@$9,548",Centaline
15/10/2024,Caribbean Coast・Phase 3 Carmel Cove・Tower 11・Middle Floor・Flat G,,$7.25M,--,756ft²,"@$9,590",Centaline
15/10/2024,Jubilee Garden・Block 7・Upper Floor・Flat D,,$6.25M,--,506ft²,"@$12,352",Centaline
15/10/2024,Savannah・Tower 1・Lower Floor・Flat C,,$11M,--,689ft²,"@$15,965",Centaline
15/10/2024,Taikoo Shing・Tsui Woo Terrace・(T-02) Poyang Mansion・Lower Floor・Flat H,,$6.1M,--,583ft²,"@$10,463",Centaline
15/10/2024,Sham Wan Towers・Block 3・Upper Floor・Flat F,,$7.42M,--,511ft²,"@$14,521",Centaline
15/10/2024,The Visionary・Tower 7・Lower Floor・Flat B,,$10.74M,--,"1,033ft²","@$10,395",Centaline
15/10/2024,City One Shatin・Site 4・Block 44・Lower Floor・Flat F,,$3.62M,--,284ft²,"@$12,746",Centaline
15/10/2024,The Avenue・Phase 2・Tower 1・Lower Floor・Flat B,,,--,593ft²,@$62,Centaline
15/10/2024,Fanling Centre・Phase 1・Block C・Middle Floor・Flat 1,,,--,468ft²,@$29,Centaline
15/10/2024,Green Code・Tower 1・Middle Floor・Flat D,,,--,469ft²,@$29,Centaline
15/10/2024,Fanling Centre・Phase 1・Block C・Upper Floor・Flat 4,,,--,368ft²,@$35,Centaline
15/10/2024,Flora Plaza・Block 10・Middle Floor・Flat G,,,--,526ft²,@$28,Centaline
15/10/2024,One Innovale・Phase 2・Tower C・Lower Floor・Flat 7,,,--,335ft²,@$38,Centaline
15/10/2024,Fanling Town Center・Elegant Court (Block 5)・Upper Floor・Flat B,,,--,399ft²,@$30,Centaline
15/10/2024,Fanling Centre・Phase 2・Block H・Lower Floor・Flat 5,,,--,366ft²,@$33,Centaline
15/10/2024,Metro City・Phase 1・Tower 5・Middle Floor・Flat B,,,--,364ft²,@$45,Centaline
15/10/2024,Altissimo・Tower 1・Upper Floor・Flat D,,,--,520ft²,@$38,Centaline
15/10/2024,The Vertex・East Wing・Middle Floor・Flat E,,,--,517ft²,@$43,Centaline
15/10/2024,Aqua Marine・Tower 2・Middle Floor・Flat H,,,--,581ft²,@$42,Centaline
15/10/2024,Grand Victoria・Phase 2・Tower 6・Upper Floor・Flat A,,,--,794ft²,@$49,Centaline
15/10/2024,Tuen Mun Town Plaza・Phase 2・Block 1・Upper Floor・Flat B,,,--,326ft²,@$37,Centaline
15/10/2024,City One Shatin・Site 5・Block 52・Middle Floor・Flat D,,,--,304ft²,@$46,Centaline
15/10/2024,Taikoo Shing・Harbour View Gardens (East)・(T-41) Lotus Mansion・Middle Floor・Flat G,,,--,"1,015ft²",@$43,Centaline
15/10/2024,Residence Bel-Air・Phase 2 South Tower・Tower 5・Middle Floor・Flat A,,,--,"1,320ft²",@$44,Centaline
15/10/2024,Forest Hill・House 18・Duplex Gh-18B,,,--,"1,551ft²",@$20,Centaline
15/10/2024,Discovery Bay・Phase 1-Parkridge Village・Mountain View・Middle Floor・Flat F,,,--,440ft²,@$26,Centaline
15/10/2024,Sheungshui Town Center・Rome Court (Block 4)・Lower Floor・Flat C,,,--,376ft²,@$32,Centaline
15/10/2024,Eight South Lane・Lower Floor・Flat E,,,--,283ft²,@$67,Centaline
15/10/2024,Grand Central・Phase 2・Tower 3・Middle Floor・Flat M,,,--,592ft²,@$41,Centaline
15/10/2024,The Southside・Phase 1 Southland・Tower 2 (2A)・Lower Floor・Flat A,,,--,765ft²,@$55,Centaline
15/10/2024,Florient Rise・Tower 3・Lower Floor・Flat A,,,--,509ft²,@$39,Centaline
15/10/2024,One Innovale・Phase 2・Tower C・Middle Floor・Flat 5,,,--,462ft²,@$34,Centaline
15/10/2024,Lohas Park・Phase 2B Le Prime・Tower 7 - R Wing・Upper Floor・Flat C,,,--,681ft²,@$28,Centaline
15/10/2024,Central Park Towers・Phase 1・Tower 6・Lower Floor・Flat E,,,--,498ft²,@$26,Centaline
15/10/2024,Kingswood Villas・Phase 7 Kenswood Court・Block 10・Middle Floor・Flat A,,,--,635ft²,@$22,Centaline
15/10/2024,Monti・Upper Floor・Flat A,,,--,385ft²,@$53,Centaline
15/10/2024,Bellagio・Phase 2・Tower 2・Middle Floor・Flat E,,,--,575ft²,@$31,Centaline
15/10/2024,Rhine Garden・Block 5・Middle Floor・Flat B,,,--,716ft²,@$24,Centaline
15/10/2024,Lohas Park・Phase 1 The Capitol・Milan (Tower 3 - L Wing)・Upper Floor・Flat C,,,--,519ft²,@$32,Centaline
15/10/2024,Universal Towers・Block 1・Lower Floor・Flat B2,,,--,--,--,Centaline
15/10/2024,Harbour Green・Tower 5・Middle Floor・Flat D,,,--,478ft²,@$48,Centaline
15/10/2024,Everwin Building・Lower Floor・Flat C,,,--,330ft²,@$47,Centaline
15/10/2024,Island Residence・Lower Floor・Flat A,,,--,391ft²,@$50,Centaline
15/10/2024,Hong Kong Garden・Phase 2・Greenville Heights (Block 11)・Upper Floor・Flat A,,,--,828ft²,@$21,Centaline
15/10/2024,Jumbo Court・Middle Floor・Flat G,,,--,413ft²,@$33,Centaline
15/10/2024,The Southside・Phase 2 La Marina・Tower 1 (1B)・Lower Floor・Flat D,,,--,484ft²,@$54,Centaline
15/10/2024,Arezzo・Lower Floor・Flat B,,,--,970ft²,@$57,Centaline
15/10/2024,Stanford Villa・Block 5・Flat B,,,--,624ft²,@$53,Centaline
15/10/2024,Greenway Terrace・Block 1・Upper Floor・Flat B,,,--,532ft²,@$51,Centaline
15/10/2024,The Southside・Phase 2 La Marina・Tower 2 (2B)・Upper Floor・Flat B,,,--,594ft²,@$51,Centaline
15/10/2024,The Beaumount・Phase 1・Tower 1・Lower Floor・Flat B,,,--,529ft²,@$31,Centaline
15/10/2024,Celestial Heights・Phase 2・22 Celestial Avenue・Middle Floor・No. 22,,,--,"1,155ft²",@$37,Centaline
15/10/2024,Lohas Park・Phase 4A Wings At Sea・Tower 1A・Upper Floor・Flat F,,,--,340ft²,@$46,Centaline
15/10/2024,The Wings・II・Tower 1B・Upper Floor・Flat C,,,--,826ft²,@$40,Centaline
15/10/2024,Mount Regency・Phase 1・Tower 1B・Middle Floor・Flat C,,,--,440ft²,@$35,Centaline
15/10/2024,Grandeur Gardens・Block B・Middle Floor・Flat B,,,--,408ft²,@$25,Centaline
15/10/2024,Mei Foo Sun Chuen・Phase 1・1-3 Broadway・Lower Floor・Flat A No. 1,,,--,629ft²,@$38,Centaline
15/10/2024,The Henley・Phase 3 The Henley III・Tower 3B・Middle Floor・Flat C,,,--,366ft²,@$54,Centaline
15/10/2024,Lohas Park・Phase 2A Le Prestige・Moon Light (Tower 1 - L Wing)・Lower Floor・Flat A,,,--,980ft²,@$28,Centaline
15/10/2024,One Soho・Upper Floor・Flat A2,,,--,280ft²,@$66,Centaline
15/10/2024,One Kai Tak・Il・Tower 3・Middle Floor・Flat G,,,--,800ft²,@$40,Centaline
15/10/2024,One Pacific Heights・Upper Floor・Flat C,,,--,530ft²,@$54,Centaline
15/10/2024,Gramercy・Upper Floor・Flat B,,,--,676ft²,@$68,Centaline
15/10/2024,The Astro・Upper Floor・Flat C,,,--,339ft²,@$51,Centaline
15/10/2024,The Pacifica・Phase 2・Tower 1・Middle Floor・Flat C,,,--,605ft²,@$39,Centaline
15/10/2024,The Pacifica・Phase 2・Tower 1・Middle Floor・Flat D,,,--,451ft²,@$38,Centaline
15/10/2024,Metro City・Phase 1・Tower 1・Upper Floor・Flat F,,,--,364ft²,@$42,Centaline
15/10/2024,Maya・Tower 2・Middle Floor・Flat D,,,--,628ft²,@$36,Centaline
15/10/2024,Montego Bay・Tower 3・Upper Floor・Flat F,,,--,323ft²,@$53,Centaline
15/10/2024,One Victoria・Tower 2B・Upper Floor・Flat K,,,--,457ft²,@$43,Centaline
15/10/2024,Manor Hill・Tower 1・Lower Floor・Flat B2,,,--,321ft²,@$45,Centaline
15/10/2024,Kwai Chung Plaza・Block 3・Upper Floor・Flat E,,,--,318ft²,@$50,Centaline
15/10/2024,Lohas Park・Phase 3A Hemera・Topaz (Tower 5)・Upper Floor・Flat Rb,,,--,"1,133ft²",@$30,Centaline
15/10/2024,Hong Kong Parkview・Parkview Heights・Tower 13・Lower Floor・Flat 75,,,--,"2,308ft²",@$41,Centaline
15/10/2024,Sky Tower・Block 2・Upper Floor・Flat C,,,--,691ft²,@$43,Centaline
15/10/2024,Dynasty Heights・Tropicana・Tropicana 1 (Block 26)・Middle Floor・Flat F,,,--,932ft²,@$43,Centaline
15/10/2024,Seaview Crescent・Block 2・Upper Floor・Flat E,,,--,516ft²,@$35,Centaline
15/10/2024,Coastal Skyline・Phase 3 La Rossa・La Rossa A (Tower 7)・Upper Floor・Flat G,,,--,441ft²,@$40,Centaline
15/10/2024,Novo Land・Phase 1B・Bergen Tower 3・Upper Floor・Flat C,,,--,297ft²,@$46,Centaline
15/10/2024,Celestial Heights・Phase 2・11 Celestial Avenue・Lower Floor・No. 11,,,--,"1,592ft²",@$36,Centaline
15/10/2024,Bayview Garden・Block 2・Upper Floor・Flat D,,,--,708ft²,@$30,Centaline
15/10/2024,Luk Yeung Sun Chuen・Block C・Lower Floor・Flat 3,,,--,451ft²,@$34,Centaline
15/10/2024,Luk Yeung Sun Chuen・Block H・Middle Floor・Flat 1,,,--,582ft²,@$33,Centaline
15/10/2024,Manhattan Hill・Tower 3・Upper Floor・Flat C,,,--,558ft²,@$43,Centaline
15/10/2024,Mei Foo Sun Chuen・Phase 6・15-17 Humbert Street・Upper Floor・Flat B No. 15,,,--,580ft²,@$40,Centaline
15/10/2024,Mei Foo Sun Chuen・Phase 5・15 Nassau Street・Middle Floor・Flat E,,,--,718ft²,@$33,Centaline
15/10/2024,Kingswood Villas・Phase 1 Locwood Court・Block 9・Lower Floor・Flat F,,,--,449ft²,@$24,Centaline
15/10/2024,Florient Rise・Tower 2・Middle Floor・Flat B,,,--,792ft²,@$47,Centaline
15/10/2024,Skypark・Upper Floor・Flat D5,,,--,315ft²,@$54,Centaline
15/10/2024,Silicon Hill・University Hill Phase 2B・Scenic Tower 1・Middle Floor・Flat A2,,,--,409ft²,@$39,Centaline
15/10/2024,Pine Court・Block A-F・Middle Floor・Flat A,,,--,"2,350ft²",@$37,Centaline
15/10/2024,28 Stanley Village Road・Block D・Flat 1,,,--,955ft²,@$52,Centaline
15/10/2024,The Quinn ‧ Square Mile・Tower 1・Lower Floor・Flat D,,,--,205ft²,@$63,Centaline
15/10/2024,The Quinn ‧ Square Mile・Tower 1・Upper Floor・Flat F,,,--,269ft²,@$63,Centaline
15/10/2024,Enchantee・Upper Floor・Flat C,,,--,158ft²,@$70,Centaline
15/10/2024,Lohas Park・Phase 4B Wings At Sea Il・Tower 5B・Lower Floor・Flat D,,,--,474ft²,@$34,Centaline
15/10/2024,Lohas Park・Phase 7B Grand Montara・Tower 1 (1B)・Middle Floor・Flat D,,,--,527ft²,@$36,Centaline
15/10/2024,Park Central・Phase 1・Tower 7・Upper Floor・Flat A,,,--,547ft²,@$38,Centaline
15/10/2024,Harbour Place・Tower 3・Middle Floor・Flat A,,,--,432ft²,@$50,Centaline
15/10/2024,Laguna Verde・Phase 3 Costa Del Sol・Tower 12・Middle Floor・Flat E,,,--,578ft²,@$39,Centaline
15/10/2024,Solaria・Tower 10・Lower Floor・Flat C,,,--,459ft²,@$41,Centaline
15/10/2024,Aegean Coast・Tower 5・Middle Floor・Flat D,,,--,617ft²,@$24,Centaline
15/10/2024,Green Code・Tower 3・Upper Floor・Flat G,,,--,455ft²,@$30,Centaline
15/10/2024,Belair Monte・Block 2・Middle Floor・Flat A,,,--,427ft²,@$29,Centaline
15/10/2024,Regentville・Grand Regentville・Block 6・Upper Floor・Flat H,,,--,425ft²,@$31,Centaline
15/10/2024,Belvedere Garden・Phase 1・Block 3・Lower Floor・Flat G,,,--,481ft²,@$33,Centaline
15/10/2024,Belvedere Garden・Phase 2・Block 1・Lower Floor・Flat C,,,--,572ft²,@$31,Centaline
15/10/2024,The Visionary・Tower 7・Upper Floor・Flat B,,,--,"1,439ft²",@$40,Centaline
15/10/2024,Kingswood Villas・Phase 3 Chestwood Court・Block 1・Upper Floor・Flat A,,,--,636ft²,@$22,Centaline
15/10/2024,Kingswood Villas・Phase 5 Lynwood Court・Block 1・Middle Floor・Flat A,,,--,635ft²,@$22,Centaline
15/10/2024,Century Gateway・Phase 2・Tower 6・Middle Floor・Flat K,,,--,474ft²,@$34,Centaline
15/10/2024,The Aurora・Tower 1・Middle Floor・Flat F,,,--,445ft²,@$45,Centaline
15/10/2024,Sereno Verde・Phase 1・Block 3・Middle Floor・Flat B,,,--,780ft²,@$22,Centaline
15/10/2024,Grand Yoho・Phase 1・Tower 9・Lower Floor・Flat B,,,--,568ft²,@$39,Centaline
15/10/2024,Springdale Villas・Tower 2・Lower Floor・Flat A,,,--,621ft²,@$27,Centaline
15/10/2024,Lucky Mansion・Upper Floor・Flat D,,,--,291ft²,@$36,Centaline
15/10/2024,Wing Fai Garden・Middle Floor・Flat G,,,--,--,--,Centaline
15/10/2024,Scenery Court・Block 2・Middle Floor・Flat E,,,--,459ft²,@$43,Centaline
15/10/2024,City One Shatin・Site 4・Block 39・Lower Floor・Flat E,,,--,284ft²,@$48,Centaline
15/10/2024,Tung Chung Crescent・Phase 2・Block 5・Lower Floor・Flat E,,,--,588ft²,@$32,Centaline
15/10/2024,Aquila.Square Mile・Tower 1・Upper Floor・Flat C,,,--,256ft²,@$66,Centaline
15/10/2024,Cullinan West・Phase 5 Cullinan West Ill・Tower 6・Lower Floor・Flat G,,,--,273ft²,@$60,Centaline
15/10/2024,Park Yoho・Phase 2A Park Yoho Genova・Tower 16A・Lower Floor・Flat B,,,--,716ft²,@$28,Centaline
15/10/2024,The Avenue・Phase 2・Tower 3・Middle Floor・Flat H,,,--,446ft²,@$58,Centaline
15/10/2024,Larvotto・Tower 8・Lower Floor・Flat B,,,--,"1,052ft²",@$43,Centaline
15/10/2024,The Beaumount・Phase 1・Tower 6・Middle Floor・Flat B,,,--,499ft²,@$30,Centaline
15/10/2024,Well-Found Building・Upper Floor・No. 488,,,--,306ft²,@$50,Centaline
15/10/2024,Park Island・Phase 2・Block 2・Middle Floor・Flat E,,,--,639ft²,@$26,Centaline
15/10/2024,Mayfair By The Sea・I,,,--,737ft²,@$31,Centaline
15/10/2024,The Yoho Hub・Phase C The Yoho Hub II・Tower 8・Middle Floor・Flat A,,,--,463ft²,@$39,Centaline
15/10/2024,Grand Yoho・Phase 2・Tower 3・Upper Floor・Flat E,,,--,"1,119ft²",@$31,Centaline
15/10/2024,Coastal Skyline・Phase 4 Le Bleu Deux・Block 7・Upper Floor・Flat C,,,--,"1,410ft²",@$30,Centaline
15/10/2024,Horizon Place・Block 2・Lower Floor・Flat B,,,--,412ft²,@$39,Centaline
15/10/2024,Lohas Park・Phase 1 The Capitol・Montreal (Tower 3 - R Wing)・Middle Floor・Flat B,,,--,519ft²,@$30,Centaline
15/10/2024,Taikoo Shing・Horizon Gardens・(T-58) Choi Tien Mansion・Middle Floor・Flat D,,,--,760ft²,@$41,Centaline
15/10/2024,Lei King Wan・Sites C・Block 11 Yee Hoi Mansion・Lower Floor・Flat C,,,--,494ft²,@$43,Centaline
15/10/2024,Lohas Park・Phase 5A Malibu・Tower 1B・Middle Floor・Flat B,,,--,553ft²,@$38,Centaline
15/10/2024,Siu Lun Court・Tsui Lun House (Block C)・Lower Floor・Flat 6,,,--,554ft²,@$23,Centaline
15/10/2024,The Avenue・Phase 2・Tower 2・Upper Floor・Flat P,,,--,339ft²,@$58,Centaline
15/10/2024,Bellagio・Phase 3・Tower 3・Lower Floor・Flat G,,,--,515ft²,@$31,Centaline
15/10/2024,Queen's Terrace・Tower 3・Middle Floor・Flat E,,,--,478ft²,@$48,Centaline
15/10/2024,Lai Yan Lau・Upper Floor・Flat C,,,--,304ft²,@$58,Centaline
15/10/2024,Monmouth Place・Middle Floor・Flat B,,,--,689ft²,@$49,Centaline
15/10/2024,Ravana Garden・Block 4・Upper Floor・Flat B,,,--,642ft²,@$33,Centaline
15/10/2024,The Avenue・Phase 2・Tower 1・Middle Floor・Flat G,,,--,552ft²,@$63,Centaline
15/10/2024,The Avenue・Phase 2・Tower 1・Upper Floor・Flat F,,,--,520ft²,@$57,Centaline
15/10/2024,Towning Mansion・Middle Floor・Flat D (No. 52),,,--,848ft²,@$34,Centaline
15/10/2024,The Avenue・Phase 2・Tower 3・Lower Floor・Flat C,,,--,443ft²,@$55,Centaline
15/10/2024,Queen's Terrace・Tower 3・Middle Floor・Flat D,,,--,478ft²,@$59,Centaline
15/10/2024,South Horizons・Phase 2・Yee Moon Court (Block 12)・Lower Floor・Flat A,,,--,633ft²,@$36,Centaline
15/10/2024,South Horizons・Phase 2・Yee King Court (Block 8)・Lower Floor・Flat D,,,--,640ft²,@$37,Centaline
15/10/2024,Chi Fu Fa Yuen・Fu Sing Yuen (Block H-13)・Middle Floor・Flat A,,,--,439ft²,@$35,Centaline
15/10/2024,Siu Hong Court・Siu Kin House (Block F)・Middle Floor・Flat 3,,,--,434ft²,@$24,Centaline
15/10/2024,The Consonance・Middle Floor・Flat C,,,--,265ft²,@$71,Centaline
15/10/2024,Discovery Park・Phase 1・Block 2・Lower Floor・Flat G,,,--,495ft²,@$35,Centaline
15/10/2024,Kingswood Villas・Phase 5 Lynwood Court・Block 2・Upper Floor・Flat E,,,--,446ft²,@$26,Centaline
15/10/2024,The Holborn・Tower B・Lower Floor・Flat B1,,,--,268ft²,@$63,Centaline
15/10/2024,The Wings・IIIA・Tower 3A・Upper Floor・Flat C,,,--,362ft²,@$52,Centaline
15/10/2024,Ocean Shores・Phase 3・Tower 11・Lower Floor・Flat G,,,--,499ft²,@$37,Centaline
15/10/2024,Tuen Mun Town Plaza・Phase 1・Block 4・Upper Floor・Flat K,,,--,393ft²,@$33,Centaline
15/10/2024,Parc City・Tower 5・Middle Floor・Flat D,,,--,527ft²,@$43,Centaline
15/10/2024,Parc City・Tower 5・Middle Floor・Flat A,,,--,538ft²,@$40,Centaline
15/10/2024,City Point・Block 5・Lower Floor・Flat B,,,--,769ft²,@$36,Centaline
15/10/2024,Primrose Hill・Tower 1・Middle Floor・Flat B,,,--,521ft²,@$35,Centaline
15/10/2024,Luk Yeung Sun Chuen・Block L・Upper Floor・Flat 6,,,--,445ft²,@$36,Centaline
15/10/2024,Coastal Skyline・Phase 3 La Rossa・La Rossa A (Tower 7)・Middle Floor・Flat F,,,--,539ft²,@$35,Centaline
15/10/2024,Classical Gardens・Phase 2・Block 5・Lower Floor・Flat B,,,--,933ft²,@$27,Centaline
15/10/2024,Shatinpark・Stage 3・Savoy Garden (Block A)・Upper Floor・Flat I,,,--,302ft²,@$38,Centaline
15/10/2024,Park Yoho・Phase 1B Park Yoho Venezia・Tower 7A・Upper Floor・Flat D,,,--,607ft²,@$27,Centaline
15/10/2024,Park Yoho・Phase 2B Park Yoho Napoli・Tower 26・Middle Floor・Flat E,,,--,258ft²,@$37,Centaline
15/10/2024,Wing On Lodge・Middle Floor・No. 76,,,--,"1,170ft²",@$43,Centaline
15/10/2024,Monaco・Phase 1・Tower 2B・Middle Floor・Flat G,,,--,441ft²,@$51,Centaline
15/10/2024,K‧Summit・Tower 2B・Lower Floor・Flat F,,,--,334ft²,@$54,Centaline
15/10/2024,Victoria Skye・Ocean Waves Tower 2・Middle Floor・Flat B,,,--,504ft²,@$49,Centaline
15/10/2024,Grand Yoho・Phase 2・Tower 8・Upper Floor・Flat E,,,--,529ft²,@$34,Centaline
15/10/2024,Metro Harbour View・Phase 1・Tower 2・Lower Floor・Flat G,,,--,534ft²,@$43,Centaline
15/10/2024,Shining Heights・Middle Floor・Flat C,,,--,555ft²,@$41,Centaline
15/10/2024,Laguna City・Phase 1・Block 15・Upper Floor・Flat C,,,--,522ft²,@$35,Centaline
15/10/2024,Koko Hills・Phase 3A Koko Rosso・Tower 7・Middle Floor・Flat A,,,--,441ft²,@$44,Centaline
15/10/2024,Hang Shan Court・Lower Floor・Flat 3,,,--,349ft²,@$43,Centaline
15/10/2024,The Spectra・Tower 2・Middle Floor・Flat H,,,--,481ft²,@$32,Centaline
15/10/2024,Village Gardens・Phase 3・Block B16 (No. 36)・Lower Floor・Flat C,,,--,805ft²,@$40,Centaline
15/10/2024,Sol City・Tower 1・Lower Floor・Flat A,,,--,578ft²,@$30,Centaline
15/10/2024,The Cullinan・Tower 21 - Zone 5 (Star Sky)・Lower Floor・Flat B,,,--,635ft²,@$57,Centaline
15/10/2024,Horace Court・Lower Floor・Flat C,,,--,473ft²,@$44,Centaline
15/10/2024,Mantin Heights・Tower 10・Upper Floor・Flat E,,,--,570ft²,@$47,Centaline
15/10/2024,Parc Oasis・Tower 7 (1 Parc Oasis Rd)・Upper Floor・Flat B,,,--,657ft²,@$47,Centaline
15/10/2024,Bo Fung Gardens・Block C・5/F・Flat 3,,$6M,,626ft²,"@$9,585",Land Registry
15/10/2024,Connaught Garden・Block 1・13/F・Flat E,,$4.2M,,310ft²,"@$13,548",Land Registry
15/10/2024,Kam Fat Building・14/F・Flat A,,$4.72M,--,407ft²,"@$11,597",Land Registry
15/10/2024,Wyler Gardens・Hang Chien Court・Block B・8/F・Flat 5,,$3.4M,,336ft²,"@$10,119",Land Registry
15/10/2024,Kadoorie Hill・22/F・Flat D,,$23.8M,,"1,104ft²","@$21,558",Land Registry
15/10/2024,Ching Tao Court・29/F・Flat 11,,$1.84M,--,--,--,Land Registry
15/10/2024,Lohas Park・Phase 6 Lp6・Tower 3・33/F・Flat L,,$4.18M,,312ft²,"@$13,397",Land Registry
15/10/2024,Alpine Garden・Carpark・L/G・No.45,,"$600,000",--,--,--,Land Registry
15/10/2024,Serenity Park・Phase 1・Carpark・B/M・No.119,,"$850,000",--,--,--,Land Registry
15/10/2024,Kornhill・Block F (Flat 9 - 16)・2/F・Flat 13,,$6.75M,,596ft²,"@$11,326",Land Registry
15/10/2024,Coo Residence・9/F・Flat L,,$3.68M,,320ft²,"@$11,500",Land Registry
15/10/2024,Kai Chuen Court・Block 4 (Kai Tao House)・33/F・Flat 18,,$1.9M,--,--,--,Land Registry
15/10/2024,Lai Yuet Court・Block B・28/F・Flat 11,,$4.26M,--,614ft²,"@$6,943",Land Registry
15/10/2024,On Lai Court・Block C・14/F・Flat 10,,$2.87M,--,--,--,Land Registry
15/10/2024,On Sau Court・Block B・20/F・Flat 22,,$2.52M,--,--,--,Land Registry
15/10/2024,On Sau Court・Block A・9/F・Flat 26,,$2.96M,--,--,--,Land Registry
15/10/2024,Celestial Heights・Phase 1・38 Celestial Avenue・51/F・No. 38,,$35.3M,,"1,734ft²","@$20,358",Land Registry
15/10/2024,Kam Yu Building・8/F・Flat A,,$3M,,370ft²,"@$8,108",Land Registry
15/10/2024,Man Wai Building・6/F・Flat 7(No.17),,$6.3M,--,720ft²,"@$8,750",Land Registry
15/10/2024,Sheungshui Town Center・Paris Court (Block 3)・19/F・Flat D,,$4.55M,,454ft²,"@$10,022",Land Registry
15/10/2024,Mount Regency・Phase 1・Tower 1A・6/F・Flat B,,$3.5M,,305ft²,"@$11,475",Land Registry
15/10/2024,Festival City・Phase 3・Tower 2・33/F・Flat Na,,$9.68M,,688ft²,"@$14,070",Land Registry
15/10/2024,Centra Horizon・Tower 12・G/F・Flat F,,$5.7M,,435ft²,"@$13,103",Land Registry
15/10/2024,Ching Tao Court・13/F・Flat 4,,$1.66M,--,--,--,Land Registry
15/10/2024,Montane Mansion・4/F・Flat 14,,$3M,,388ft²,"@$7,732",Land Registry
15/10/2024,Man Yuen Building・4/F・Flat 6(No.20),,$5.3M,--,565ft²,"@$9,381",Land Registry
15/10/2024,Kingswood Villas・Phase 6 Maywood Court・Block 3・9/F・Flat H,,$4.33M,,544ft²,"@$7,960",Land Registry
15/10/2024,Richland Gardens・Carpark・G/F・No.226,,"$930,000",--,--,--,Land Registry
15/10/2024,Siu Hei Court・Wan Hei House (Block B)・33/F・Flat 15,,$3.45M,--,415ft²,"@$8,313",Land Registry
15/10/2024,Chiat Hing Building・8/F・Flat D,,$3.1M,,339ft²,"@$9,145",Land Registry
15/10/2024,Festival City・Phase 2・Tower 2・40/F・Flat Sa,,$10.5M,,741ft²,"@$14,170",Land Registry
15/10/2024,Monte Vista・Block 5・5/F・Flat D,,$5.72M,,693ft²,"@$8,254",Land Registry
15/10/2024,Tong Ming Court・Tong Fu House (Block C)・28/F・Flat 6,,$3.59M,--,426ft²,"@$8,427",Land Registry
15/10/2024,The Yoho Hub・Phase C The Yoho Hub II・Tower 6・46/F・Flat H,,$13.12M,--,901ft²,"@$14,564",Land Registry
15/10/2024,Manor Hill・Tower 1・35/F・Flat A6,,$4.25M,--,215ft²,"@$19,744",Land Registry
15/10/2024,Ching Tao Court・33/F・Flat 16,,$1.74M,--,--,--,Land Registry
15/10/2024,Ching Tao Court・29/F・Flat 19,,$1.72M,--,--,--,Land Registry
15/10/2024,Ching Tao Court・18/F・Flat 4,,$1.69M,--,--,--,Land Registry
15/10/2024,Ching Tao Court・18/F・Flat 20,,$1.67M,--,--,--,Land Registry
15/10/2024,Ching Tao Court・10/F・Flat 22,,$1.8M,--,--,--,Land Registry
15/10/2024,Bon-Point・Carpark・LG3・No.24,,$1.7M,--,--,--,Land Registry
15/10/2024,Lime Gala・Tower 2・23/F・Flat H,,$6.38M,,397ft²,"@$16,071",Land Registry
15/10/2024,Hop Chung House・5/F・No. 31A,,$4.57M,,420ft²,"@$10,881",Land Registry
15/10/2024,Wing Shing House・6/F・Flat C (No. 19A),,$2.76M,--,375ft²,"@$7,360",Land Registry
15/10/2024,Siu Tsui Court・Block A・1/F・Flat 5,,$2.36M,--,--,--,Land Registry
15/10/2024,The Yoho Hub・Phase C The Yoho Hub II・Tower 6・39/F・Flat B,,$8.51M,--,538ft²,"@$15,822",Land Registry
15/10/2024,Tat Ming Building・3/F・Flat B,,$2.8M,,403ft²,"@$6,948",Land Registry
15/10/2024,Harrison Court・Block III・13/F・Flat C,,$8.18M,,766ft²,"@$10,679",Land Registry
15/10/2024,The Reach・Tower 2・16/F・Flat D,,$3.6M,,426ft²,"@$8,451",Land Registry
15/10/2024,The Yoho Hub・Phase C The Yoho Hub II・Tower 6・41/F・Flat G,,$12.5M,--,856ft²,"@$14,608",Land Registry
15/10/2024,The Yoho Hub・Phase C The Yoho Hub II・Tower 6・41/F・Flat F,,$11M,--,747ft²,"@$14,726",Land Registry
15/10/2024,No. 18 Farm Road・48/F・Flat C,,$12.8M,,739ft²,"@$17,321",Land Registry
15/10/2024,Hollywood Building・7/F・Flat D,,$3.68M,--,485ft²,"@$7,588",Land Registry
15/10/2024,Ching Wah Court・Wah Woon House (Block A)・28/F・Flat 7,,$4M,--,415ft²,"@$9,639",Land Registry
15/10/2024,Regentville・Phase 1・Block 2・23/F・Flat C,,$6.45M,,607ft²,"@$10,626",Land Registry
15/10/2024,The Summa・Tower 2・16/F・Flat B,,$8.3M,--,505ft²,"@$16,436",Land Registry
15/10/2024,Kingearn Building・7/F・Flat A,,$3.95M,--,293ft²,"@$13,481",Land Registry
15/10/2024,Ultima・Phase 2・Tower 2・18/F・Flat A,,$63.98M,--,"1,646ft²","@$38,870",Land Registry
15/10/2024,Ching Tao Court・30/F・Flat 22,,$1.89M,--,--,--,Land Registry
15/10/2024,Ching Tao Court・9/F・Flat 21,,$1.62M,--,--,--,Land Registry
15/10/2024,Manor Hill・Tower 1・36/F・Flat A9,,$5.71M,--,300ft²,"@$19,017",Land Registry
15/10/2024,New Kwai Fong Gardens・Block A・25/F・Flat 8,,$5.08M,,418ft²,"@$12,153",Land Registry
15/10/2024,New Kwai Fong Gardens・Block A・20/F・Flat 5,,$4.98M,,400ft²,"@$12,450",Land Registry
15/10/2024,Sheung Chui Court・Block B (Chui Ho House)・34/F・Flat 7,,$5.08M,--,441ft²,"@$11,519",Land Registry
15/10/2024,Yik Fat Building・8/F・Flat D,,$2.7M,,252ft²,"@$10,714",Land Registry
15/10/2024,Nam Hung Mansion・Block A・17/F・Flat 6,,$4.3M,--,413ft²,"@$10,412",Land Registry
15/10/2024,Novo Land・Phase 3B・Fiskars Tower 2A・21/F・Flat C,,$3.72M,--,292ft²,"@$12,723",Land Registry
15/10/2024,The Sherwood・Tower 9・11/F・Flat A,,$2.85M,,362ft²,"@$7,873",Land Registry
15/10/2024,Manor Hill・Tower 1・37/F・Flat A5,,$4.28M,--,216ft²,"@$19,801",Land Registry
15/10/2024,Hing Wah Mansion・12/F・Flat M-3,,$5.68M,--,720ft²,"@$7,889",Land Registry
15/10/2024,Park Belvedere・Tower 1・15/F・Flat F,,$4.98M,--,475ft²,"@$10,484",Land Registry
15/10/2024,City One Shatin・Site 6・Block 24・19/F・Flat D,,$4.15M,,326ft²,"@$12,730",Land Registry
15/10/2024,Mount Parker Residences・15/F・Flat B,,$28.2M,,"1,186ft²","@$23,777",Land Registry
15/10/2024,Mount Parker Residences・Carpark・BM2・No.28,,$2.5M,--,--,--,Land Registry
15/10/2024,Ocean Shores・Phase 2・Tower 9・6/F・Flat D,,$6.88M,,498ft²,"@$13,815",Land Registry
15/10/2024,The Zenith・Phase 1・Tower 2・19/F・Flat C,,$11.8M,,610ft²,"@$19,344",Land Registry
15/10/2024,Wah Yu Court・7/F・Flat F,,$3.6M,--,352ft²,"@$10,227",Land Registry
15/10/2024,The Southside・Phase 2 La Marina・Tower 1 (1B)・6/F・Flat B,,$21.8M,,942ft²,"@$23,142",Land Registry
15/10/2024,Mayfair By The Sea・I・Tower 19・7/F・Flat C,,$9.38M,,905ft²,"@$10,365",Land Registry
15/10/2024,Hong Lok Yuen・Hong Lok Road East・104B Hong Lok Road East (S S 511),,$20.88M,--,"1,553ft²","@$13,445",Land Registry
15/10/2024,Le Pont・Tower 5B・10/F・Flat D,,$5.4M,,568ft²,"@$9,507",Land Registry
15/10/2024,Discovery Bay・Phase 4-Peninsula Vl Capeland・Haven Court・4/F・Flat D,,$4.8M,,755ft²,"@$6,358",Land Registry
15/10/2024,Fanling Town Center・Canary Court (Block 3)・5/F・Flat G,,$4.5M,,454ft²,"@$9,912",Land Registry
15/10/2024,Fung Tak Estate・Ban Fung House (Block 8)・14/F・Flat 6,,$1.88M,--,366ft²,"@$5,137",Land Registry
15/10/2024,Ocean Pride・Phase 3・Tower 6・42/F・Flat D,,$14.7M,,771ft²,"@$19,066",Land Registry
15/10/2024,Fok On Building・Block B・5/F・Flat B2,,$3.68M,,378ft²,"@$9,735",Land Registry
15/10/2024,Kai Chuen Court・Block 5 (Kai Wu House)・31/F・Flat 19,,$1.88M,--,--,--,Land Registry
15/10/2024,Oceanaire・Tower 2B・27/F・Flat D,,$7M,,666ft²,"@$10,511",Land Registry
15/10/2024,Kwong Chiu Terrace・Block A・19/F・Flat 3,,$10.8M,,811ft²,"@$13,317",Land Registry
15/10/2024,Tsuen Wan Centre・Block 3 (Hangchow House)・16/F・Flat D,,$2.98M,--,324ft²,"@$9,198",Land Registry
15/10/2024,Baker Circle One・Phase 3・Baker Circle．Greenwich・25/F・Flat E,,$4.2M,--,222ft²,"@$18,941",Land Registry
15/10/2024,Hollywood Court・18/F・Flat B,,$6.3M,,432ft²,"@$14,583",Land Registry
15/10/2024,Hong Kong Garden・Phase 1・Admiralty Heights (Block 5)・12/F・Flat E,,$2.9M,--,358ft²,"@$8,101",Land Registry
15/10/2024,Grand Homm・Tower 3・25/F・Flat B,,$26.16M,--,"1,153ft²","@$22,689",Land Registry
15/10/2024,Kam Fook Mansion・12/F・Flat D,,$4.3M,,390ft²,"@$11,026",Land Registry
15/10/2024,Mei Foo Sun Chuen・Phase 7・Carpark・3/F・No.718,,"$900,000",--,--,--,Land Registry
15/10/2024,Kornhill・Block M (Flat 9 - 16)・13/F・Flat 9,,$12.28M,,902ft²,"@$13,614",Land Registry
15/10/2024,City One Shatin・Site 6・Block 25・2/F・Flat C,,$6.4M,,688ft²,"@$9,299",Land Registry
15/10/2024,Yee Fat Building・Block A・2/F・Flat A7,,$2.5M,,379ft²,"@$6,596",Land Registry
15/10/2024,Fook Moon Building・21/F・Flat D,,$3.88M,--,313ft²,"@$12,396",Land Registry
15/10/2024,Discovery Park・Phase 1・Block 3・41/F・Flat B,,$6.05M,,495ft²,"@$12,222",Land Registry
15/10/2024,Sui Wo Court・Hing Sing House (Block E)・13/F・Flat 10,,$3M,--,411ft²,"@$7,299",Land Registry
15/10/2024,Whampoa Garden・Phase 2 Cherry Mansions・Block 15・4/F・Flat A,,$4.8M,,389ft²,"@$12,339",Land Registry
15/10/2024,Monterey・Tower 1・17/F・Flat C,,$12.19M,--,609ft²,"@$20,013",Land Registry
15/10/2024,Kwong Lam Court・Fook Lam House (Block C)・31/F・Flat 3,,$5.03M,--,595ft²,"@$8,454",Land Registry
15/10/2024,Fung Yip Building・11/F・Flat B,,$6.18M,--,504ft²,"@$12,262",Land Registry
15/10/2024,17 Ko Shing Street・4/F・Flat B,,$2.5M,,--,--,Land Registry
15/10/2024,Great George Building・Block A-B・6/F・Flat A1,,$12M,,"1,187ft²","@$10,110",Land Registry
15/10/2024,Hong Kong Garden・Phase 3・Block 28・18/F・Flat B,,$13M,,"1,382ft²","@$9,407",Land Registry
15/10/2024,Sablier・20/F・Flat E,,$5.47M,--,340ft²,"@$16,091",Land Registry
15/10/2024,Larchwood・17/F・Flat H,,$4.39M,--,204ft²,"@$21,510",Land Registry
15/10/2024,Beneville・Block 1・16/F・Flat A,,$4.28M,,428ft²,"@$10,000",Land Registry
15/10/2024,Mori・Tower 5・15/F・Flat H,,$4.79M,--,396ft²,"@$12,088",Land Registry
15/10/2024,Fanling Town Center・Brilliant Court (Block 2)・19/F・Flat H,,$3.89M,,376ft²,"@$10,346",Land Registry
15/10/2024,New Kwai Fong Gardens・Block D・18/F・Flat 2,,$4.8M,,415ft²,"@$11,566",Land Registry
15/10/2024,The Henley・Phase 1・Condominium B・2/F・Flat F,,$6.1M,,--,--,Land Registry
15/10/2024,Silicon Hill・Phase 1・Greenwood Tower 1・9/F・Flat A3,,$3M,,--,--,Land Registry
15/10/2024,Tsuen King Garden・Phase 1・Block 3・32/F・Flat D,,$4.25M,,441ft²,"@$9,637",Land Registry
15/10/2024,Ocean Shores・Phase 2・Tower 8・35/F・Flat B,,$7.1M,,496ft²,"@$14,315",Land Registry
15/10/2024,37 Repulse Bay Road・Carpark・2/F・No.1,,$1.18M,--,--,--,Land Registry
15/10/2024,The Yoho Hub・Phase C The Yoho Hub II・Tower 6・8/F・Flat G,,$11.56M,--,858ft²,"@$13,475",Land Registry
15/10/2024,Siu Tsui Court・Block B・26/F・Flat 4,,$1.98M,--,--,--,Land Registry
15/10/2024,Tsui Ning Garden・Block 1・31/F・Flat J,,$3M,--,484ft²,"@$6,198",Land Registry
15/10/2024,"Fairview Park・Section J, 3Rd Street・No. 31 (S.J Ss.227)",,$7.9M,,848ft²,"@$9,316",Land Registry
15/10/2024,Yee Kok Court・Yee Mei House (Block B)・12/F・Flat 6,,$4.7M,--,530ft²,"@$8,868",Land Registry
15/10/2024,Shan Shing Building・5/F・Flat A,,$6.9M,--,563ft²,"@$12,256",Land Registry
15/10/2024,South Horizons・Phase 2・Yee Moon Court (Block 12)・4/F・Flat E,,$6.7M,,633ft²,"@$10,585",Land Registry
15/10/2024,Festival City・Phase 2・Tower 1・48/F・Flat Sd,,$10.55M,,686ft²,"@$15,379",Land Registry
15/10/2024,Villa Lucca・Tower 16,,$14.48M,--,"1,187ft²","@$12,200",Land Registry
15/10/2024,The Vertex・West Wing・25/F・Flat H,,$8.83M,--,438ft²,"@$20,153",Land Registry
15/10/2024,The Vertex・West Wing・25/F・Flat C,,$6.47M,--,319ft²,"@$20,282",Land Registry
15/10/2024,Whampoa Garden・Phase 12 Bamboo Mansions・Block 7・16/F・Flat E,,$8.65M,,735ft²,"@$11,769",Land Registry
15/10/2024,The Royale・Phase 2 Starfront Royale・Tower 1・18/F・Flat 19,,$2.4M,,213ft²,"@$11,268",Land Registry
15/10/2024,Metro Harbour View・Phase 1・Tower 2・27/F・Flat H,,$4.85M,,322ft²,"@$15,062",Land Registry
15/10/2024,Lohas Park・Phase 4B Wings At Sea Il・Tower 5A・32/F・Flat A,,$6.8M,,540ft²,"@$12,593",Land Registry
15/10/2024,Solaria・Tower 3・15/F・Flat D,,$6.5M,,463ft²,"@$14,039",Land Registry
15/10/2024,Amoy Gardens・Phase 3B・Block R・17/F・Flat 2,,$5.37M,,460ft²,"@$11,670",Land Registry
15/10/2024,Jade Suites・15/F・Flat A,,$5.08M,,381ft²,"@$13,333",Land Registry
15/10/2024,Caribbean Coast・Phase 3 Carmel Cove・Lux Living (Tower 12)・33/F・Flat E,,$5.36M,,546ft²,"@$9,817",Land Registry
15/10/2024,Po Chi Building・5/F・No. 56,,$14.5M,--,"1,509ft²","@$9,609",Land Registry
15/10/2024,King Shing Court・Yan King House (Block C)・3/F・Flat 8,,$3.3M,--,546ft²,"@$6,044",Land Registry
15/10/2024,The Yoho Hub・Phase C The Yoho Hub II・Tower 6・38/F・Flat A,,$7.43M,--,462ft²,"@$16,090",Land Registry
15/10/2024,Ching Tao Court・7/F・Flat 11,,$1.71M,--,--,--,Land Registry
15/10/2024,South Horizons・Phase 3・Mei Hin Court (Block 23)・26/F・Flat H,,$11M,,783ft²,"@$14,049",Land Registry
15/10/2024,Sun Tuen Mun Centre・Block 8・9/F・Flat D,,$4.29M,,603ft²,"@$7,111",Land Registry
15/10/2024,Hing Fook (Hang Fuk) Building・Phase 4・4/F・Flat B3,,$1.55M,,272ft²,"@$5,699",Land Registry
15/10/2024,Scenic Gardens・Block 6・16/F・Flat C,,$5.88M,,673ft²,"@$8,737",Land Registry
15/10/2024,Emerald Green・Block 2・27/F・Flat A,,$5.64M,,580ft²,"@$9,724",Land Registry
15/10/2024,Ho On Mansion・Carpark・B/M・No.64,,$1.11M,--,--,--,Land Registry
15/10/2024,Clear Water Bay Apartments・Block G・NO. 1109・Flat G1,,$17.3M,--,"2,287ft²","@$7,564",Land Registry
15/10/2024,Clear Water Bay Apartments・Block G・NO. 1109・Flat G2,,$18.4M,--,"2,287ft²","@$8,045",Land Registry
15/10/2024,Clear Water Bay Apartments・Block G・NO. 1109・Flat G3,,$19.5M,--,"2,287ft²","@$8,526",Land Registry
15/10/2024,Clear Water Bay Apartments・Block G・NO. 1109・Flat G4,,$20.9M,--,"2,287ft²","@$9,139",Land Registry
15/10/2024,Clear Water Bay Apartments・Block H・NO. 1109・Flat H1,,$18.3M,,"2,287ft²","@$8,002",Land Registry
15/10/2024,Clear Water Bay Apartments・Block H・NO. 1109・Flat H2,,$19.4M,--,"2,287ft²","@$8,483",Land Registry
15/10/2024,Clear Water Bay Apartments・Block H・NO. 1109・Flat H3,,$20.4M,--,"2,287ft²","@$8,920",Land Registry
15/10/2024,Clear Water Bay Apartments・Block H・NO. 1109・Flat H4,,$21.5M,--,"2,287ft²","@$9,401",Land Registry
15/10/2024,The Yoho Hub・Phase C The Yoho Hub II・Tower 6・41/F・Flat A,,$7.48M,--,462ft²,"@$16,199",Land Registry
15/10/2024,The Yoho Hub・Phase C The Yoho Hub II・Tower 6・9/F・Flat B,,$8.3M,--,538ft²,"@$15,418",Land Registry
15/10/2024,The Yoho Hub・Phase C The Yoho Hub II・Tower 6・41/F・Flat K,,$7.72M,--,490ft²,"@$15,760",Land Registry
15/10/2024,Novo Land・Phase 3B・Fiskars Tower 2A・28/F・Flat C,,$3.75M,--,292ft²,"@$12,857",Land Registry
15/10/2024,Mei Foo Sun Chuen・Phase 8・Carpark・3/F・No.852,,$1M,--,--,--,Land Registry
15/10/2024,Mountain Shore・Block 1・25/F・Flat D,,$5.9M,,482ft²,"@$12,241",Land Registry
15/10/2024,48-48B Nga Tsin Long Road・5/F・No. 48,,$4.18M,,501ft²,"@$8,343",Land Registry
15/10/2024,Cheong Shing Building・2/F・Flat E,,$2.66M,--,285ft²,"@$9,333",Land Registry
15/10/2024,Fook Chi Building・4/F・Flat B,,$2.79M,,281ft²,"@$9,929",Land Registry
15/10/2024,Ching Tao Court・12/F・Flat 17,,$1.64M,--,--,--,Land Registry
15/10/2024,Ching Tao Court・14/F・Flat 4,,$1.66M,--,--,--,Land Registry
15/10/2024,Ching Tao Court・26/F・Flat 17,,$1.71M,--,--,--,Land Registry
15/10/2024,Ching Tao Court・24/F・Flat 19,,$1.7M,--,--,--,Land Registry
15/10/2024,The Pavilia Farm・Phase 2・Tower 6 (6B)・12/F・Flat F,,$8.5M,,464ft²,"@$18,319",Land Registry
15/10/2024,Hampton Place・Tower 2・48/F・Flat C,,$6.8M,,429ft²,"@$15,851",Land Registry
15/10/2024,Siu Tsui Court・Block B・5/F・Flat 9,,$2.44M,--,--,--,Land Registry
15/10/2024,Kai Chuen Court・Block 5 (Kai Wu House)・33/F・Flat 16,,$1.95M,--,--,--,Land Registry
14/10/2024,Golden Lion Garden・Phase 2・Golden Peace Court (Block C)・Lower Floor・Flat 6,,$3.25M,--,336ft²,"@$9,673",Centaline
14/10/2024,The Parcville・Tower 6・Upper Floor・Flat B,,$5.3M,--,509ft²,"@$10,413",Centaline
14/10/2024,Nan Fung Sun Chuen・Block 5・Lower Floor・Flat D,,$4.88M,--,516ft²,"@$9,457",Centaline
14/10/2024,Taikoo Shing・Kao Shan Terrace・(T-10) Nan Shan Mansion・Upper Floor・Flat D,,$8.65M,--,689ft²,"@$12,554",Centaline
14/10/2024,Taikoo Shing・Harbour View Gardens (West)・(T-35) Willow Mansion・Upper Floor・Flat F,,$12.68M,--,897ft²,"@$14,136",Centaline
14/10/2024,Taikoo Shing・On Shing Terrace・(T-27) Ning On Mansion・Middle Floor・Flat H,,$7.85M,--,580ft²,"@$13,534",Centaline
14/10/2024,No. 18 Farm Road・Middle Floor・Flat B,,$7.48M,--,494ft²,"@$15,142",Centaline
14/10/2024,Residence Oasis・Tower 5・Upper Floor・Flat G,,$6.85M,--,490ft²,"@$13,980",Centaline
14/10/2024,Grandeur Villa・Block 4・Middle Floor・Flat C,,$14.68M,--,926ft²,"@$15,853",Centaline
14/10/2024,Kornhill・Block L (Flat 9 - 16)・Middle Floor・Flat 13,,$7.15M,--,555ft²,"@$12,883",Centaline
14/10/2024,K‧Summit・Tower 1B・Lower Floor・Flat E,,$4.99M,--,290ft²,"@$17,207",Centaline
14/10/2024,Chung Ming Court・Yin Ming House (Block C)・Lower Floor・Flat 7,,$4.7M,--,645ft²,"@$7,287",Centaline
14/10/2024,Whampoa Garden・Phase 3 Willow Mansions・Block 1・Lower Floor・Flat F,,$7.29M,--,681ft²,"@$10,705",Centaline
14/10/2024,Caribbean Coast・Phase 3 Carmel Cove・Tower 10・Upper Floor・Flat D,,$7.5M,--,725ft²,"@$10,345",Centaline
14/10/2024,Yu Tung Court・Hei Tung House (Block C)・Upper Floor・Flat 3,,$4.18M,--,--,--,Centaline
14/10/2024,Solaria・Tower 1・Upper Floor・Flat B,,$10M,--,833ft²,"@$12,005",Centaline
14/10/2024,Regent On The Park・Tower 1・Lower Floor・Flat A,,$55M,--,"2,072ft²","@$26,544",Centaline
14/10/2024,Hong Kong Parkview・Parkview Club & Suites・Tower 5・Lower Floor・Flat 39,,$17.8M,--,"1,045ft²","@$17,033",Centaline
14/10/2024,Richland Garden・Block 3・Lower Floor・Flat D,,$3.67M,--,372ft²,"@$9,866",Centaline
14/10/2024,Valiant Park・Upper Floor・Flat D,,,--,682ft²,@$45,Centaline
14/10/2024,One Victoria・Tower 2B・Middle Floor・Flat E,,,--,452ft²,@$40,Centaline
14/10/2024,K‧Summit・Tower 1A・Upper Floor・Flat F,,,--,287ft²,@$61,Centaline
14/10/2024,Soho 38・Middle Floor・Flat A,,,--,495ft²,@$64,Centaline
14/10/2024,Caribbean Coast・Phase 2 Albany Cove・Tower 6・Lower Floor・Flat F,,,--,548ft²,@$33,Centaline
14/10/2024,The Papillons・Tower 5・Lower Floor・Flat J,,,--,519ft²,@$44,Centaline
14/10/2024,Solaria・Tower 6・Upper Floor・Flat H,,,--,248ft²,@$54,Centaline
14/10/2024,The Metro City・Phase 2・Tower 7・Middle Floor・Flat B,,,--,363ft²,@$41,Centaline
14/10/2024,The Pavilia Farm・Phase 1・Tower 2 (2A)・Upper Floor・Flat E,,,--,322ft²,@$61,Centaline
14/10/2024,Cetus‧Square Mile・Tower 2・Middle Floor・Flat D,,,--,198ft²,@$71,Centaline
14/10/2024,Ying Piu Mansion・Middle Floor・Flat A,,,--,703ft²,@$41,Centaline
14/10/2024,The Southside・Phase 1 Southland・Tower 2 (2B)・Upper Floor・Flat E,,,--,487ft²,@$55,Centaline
14/10/2024,Lohas Park・Phase 4B Wings At Sea Il・Tower 5A・Middle Floor・Flat A,,,--,540ft²,@$35,Centaline
14/10/2024,Phoenix Court・Block 2・Upper Floor・Flat A,,,--,"1,119ft²",@$29,Centaline
14/10/2024,Lung Poon Court・Lung Bik House (Block F)・Upper Floor・Flat 13,,,--,383ft²,@$39,Centaline
14/10/2024,Harbour Pinnacle・Lower Floor・Flat A,,,--,435ft²,@$59,Centaline
14/10/2024,Lohas Park・Phase 3A Hemera・Diamond (Tower 1)・Middle Floor・Flat Ra,,,--,807ft²,@$31,Centaline
14/10/2024,Monaco・Phase 2 Grande Monaco・Tower 1A・Lower Floor・Flat C,,,--,446ft²,@$51,Centaline
14/10/2024,Lohas Park・Phase 9A Marini・Tower 3 (3A)・Upper Floor・Flat D,,,--,598ft²,@$35,Centaline
14/10/2024,Kingswood Villas・Phase 2 Sherwood Court・Block 5・Upper Floor・Flat C,,,--,551ft²,@$25,Centaline
14/10/2024,The Beaumount・Phase 1・Tower 5・Upper Floor・Flat E,,,--,502ft²,@$32,Centaline
14/10/2024,The Quinn ‧ Square Mile・Tower 2・Lower Floor・Flat A,,,--,409ft²,@$61,Centaline
14/10/2024,Caribbean Coast・Phase 4 Crystal Cove・Tower 15・Middle Floor・Flat F,,,--,563ft²,@$36,Centaline
14/10/2024,Metro Harbour View・Phase 1・Tower 6・Upper Floor・Flat H,,,--,326ft²,@$50,Centaline
14/10/2024,Coastal Skyline・Phase 4 Le Bleu Deux・Block 6・Middle Floor・Flat A,,,--,749ft²,@$36,Centaline
14/10/2024,Silicon Hill・University Hill Phase 2B・Scenic Tower 2・Upper Floor・Flat B3,,,--,409ft²,@$41,Centaline
14/10/2024,Po Tak Mansion・Middle Floor・Flat C,,,--,344ft²,@$45,Centaline
14/10/2024,Sunshine City・Phase 3・Block N・Lower Floor・Flat 1,,,--,512ft²,@$35,Centaline
14/10/2024,Caribbean Coast・Phase 3 Carmel Cove・Lux Living (Tower 12)・Upper Floor・Flat D,,,--,652ft²,@$34,Centaline
14/10/2024,The Paragon・Block 10・Middle Floor・Flat D,,,--,924ft²,@$26,Centaline
14/10/2024,Beverly Hill・Block B・Middle Floor・Flat 2,,,--,"1,409ft²",@$48,Centaline
14/10/2024,The Long Beach・Tower 7・Lower Floor・Flat E,,,--,559ft²,@$41,Centaline
14/10/2024,The Victoria Towers・Carpark・8/F・No.14,,$3M,--,--,--,Land Registry
14/10/2024,Mei Foo Sun Chuen・Phase 2・5-7 Glee Path・9/F・Flat B No. 5,,$5.7M,,638ft²,"@$8,934",Land Registry
14/10/2024,Shui Wo House・13/F・Flat C,,$2.63M,,287ft²,"@$9,164",Land Registry
14/10/2024,Avon Park・Block 8・21/F・Flat B,,$4.1M,,441ft²,"@$9,297",Land Registry
14/10/2024,The Yoho Hub・Phase C The Yoho Hub II・Tower 6・8/F・Flat F,,$9.88M,--,749ft²,"@$13,196",Land Registry
14/10/2024,21-23 South Wall Road・1/F・Flat D,,$3.05M,,257ft²,"@$11,868",Land Registry
14/10/2024,Tuen Mun Town Plaza・Phase 3・Block 8・18/F・Flat H,,$3.98M,,363ft²,"@$10,964",Land Registry
14/10/2024,Fen Hwa Building・3/F・Flat C (No. 1231A),,$2.8M,,411ft²,"@$6,813",Land Registry
14/10/2024,Parc Oasis・Tower 28 (33 Grandeur Rd)・7/F・Flat D,,$7.5M,,521ft²,"@$14,395",Land Registry
14/10/2024,152 Reclamation Street・3/F・No. 152,,$2.22M,--,463ft²,"@$4,784",Land Registry
14/10/2024,Man On Building・3/F・No. 284,,$4.28M,--,556ft²,"@$7,698",Land Registry
14/10/2024,The Beaumount・II・Tower 2・3/F・Flat E,,$6M,,509ft²,"@$11,788",Land Registry
14/10/2024,Tsuen Bik Building・5/F・Flat C,,$4M,--,375ft²,"@$10,667",Land Registry
14/10/2024,Lohas Park・Phase 2A Le Prestige・Four Seasons (Tower 3 - L Wing)・60/F・Flat A,,$7M,,677ft²,"@$10,340",Land Registry
14/10/2024,Hong Kong Gold Coast・Block 2・25/F・Flat F,,$4.76M,,685ft²,"@$6,949",Land Registry
14/10/2024,Kornhill・Block A (Flat 1 - 8)・5/F・Flat 5,,$8.7M,,710ft²,"@$12,254",Land Registry
14/10/2024,Centre Place・20/F・Flat D,,$8.8M,,451ft²,"@$19,512",Land Registry
14/10/2024,Taikoo Shing・Kwun Hoi Terrace・(T-44) Pak Hoi Mansion・8/F・Flat G,,$7.79M,,572ft²,"@$13,619",Land Registry
14/10/2024,Vianni Cove・Tower 2・18/F・Flat B,,$6.33M,,708ft²,"@$8,941",Land Registry
14/10/2024,Tsuen Wan Centre・Block 2 (Kweilin House)・27/F・Flat B,,$2.98M,,354ft²,"@$8,418",Land Registry
14/10/2024,Sceneway Garden・Block 15・5/F・Flat H,,$8.7M,,720ft²,"@$12,083",Land Registry
14/10/2024,Ching Tao Court・27/F・Flat 8,,$1.73M,--,--,--,Land Registry
14/10/2024,Ching Tao Court・33/F・Flat 17,,$1.74M,--,--,--,Land Registry
14/10/2024,Island Garden・Tower 3・5/F・Flat D,,$9.5M,--,692ft²,"@$13,728",Land Registry
14/10/2024,The Zenith・Phase 1・Tower 3・37/F・Flat A,,$8.53M,,478ft²,"@$17,845",Land Registry
14/10/2024,King Tin Court・Ching Sam House (Block B)・20/F・Flat 7,,$4.7M,--,467ft²,"@$10,064",Land Registry
14/10/2024,Sing Fai Building・18/F・Flat B,,$3.3M,--,314ft²,"@$10,510",Land Registry
14/10/2024,Nga Tsin Wai Building・5/F・Flat G,,$5.31M,,617ft²,"@$8,606",Land Registry
14/10/2024,Hop Chung House・4/F・No. 35,,$5.6M,--,487ft²,"@$11,499",Land Registry
14/10/2024,Hop Chung House・4/F・No. 33,,$5.6M,,487ft²,"@$11,499",Land Registry
14/10/2024,Wing Shing House・8/F・Flat C (No. 19A),,$2.62M,--,--,--,Land Registry
14/10/2024,Kai King Mansion・1/F・Flat C,,$5.41M,,368ft²,"@$14,701",Land Registry
14/10/2024,South Mansion・3/F・Flat B,,$2.02M,,197ft²,"@$10,254",Land Registry
14/10/2024,Hop Chung House・8/F・No. 31,,$5.59M,--,475ft²,"@$11,768",Land Registry
14/10/2024,Vista Paradiso・Carpark・1/F・No.76,,"$823,000",--,--,--,Land Registry
14/10/2024,Kt Marina・Phase 1・Tower 2B・6/F・Flat H,,$6.99M,--,431ft²,"@$16,225",Land Registry
14/10/2024,Grand Waterfront・Tower 5・15/F・Flat E,,$7.5M,,546ft²,"@$13,736",Land Registry
14/10/2024,Centra Horizon・Tower 8・7/F・Flat A,,$16.19M,--,"1,070ft²","@$15,132",Land Registry
14/10/2024,Loyal Mansion・8/F・Flat G,,$2.95M,--,369ft²,"@$7,995",Land Registry
14/10/2024,On Sau Court・Block B・20/F・Flat 17,,$2.56M,--,--,--,Land Registry
14/10/2024,Homantin Hillside・Tower 2・21/F・Flat B,,$13.3M,,765ft²,"@$17,386",Land Registry
14/10/2024,Park Nara・Tower 1・11/F・Flat F,,$4.88M,,496ft²,"@$9,839",Land Registry
14/10/2024,Ching Tao Court・28/F・Flat 18,,$1.26M,--,--,--,Land Registry
14/10/2024,Ching Tao Court・7/F・Flat 10,,$2.01M,--,--,--,Land Registry
14/10/2024,Ching Tao Court・9/F・Flat 8,,$1.63M,--,--,--,Land Registry
14/10/2024,Ching Tao Court・5/F・Flat 22,,$1.74M,--,--,--,Land Registry
14/10/2024,Miami Quay・Phase 1・Tower 1・8/F・Flat B,,$16.24M,--,661ft²,"@$24,563",Land Registry
14/10/2024,One New York・15/F・Flat D,,$3.6M,,241ft²,"@$14,938",Land Registry
14/10/2024,21-23 Fuk Wing Street・6/F・No. 38,,$1.85M,--,485ft²,"@$3,814",Land Registry
14/10/2024,One Kai Tak・Il・Tower 3・29/F・Flat G,,$12.08M,--,800ft²,"@$15,100",Land Registry
14/10/2024,Lei King Wan・Sites A・Carpark・B/M・No.42,,$1.8M,--,--,--,Land Registry
14/10/2024,Chelsea Court・Tower North (B2)・31/F・Flat F,,$6M,,450ft²,"@$13,333",Land Registry
14/10/2024,Lascar Court・2/F・Flat G,,$6M,,450ft²,"@$13,333",Land Registry
14/10/2024,Discovery Bay・Phase 13 Chianti・The Lustre (Block 5)・16/F・Flat B,,$5.58M,--,724ft²,"@$7,707",Land Registry
14/10/2024,Paradise Square・37/F・Flat F,,$7.2M,,546ft²,"@$13,187",Land Registry
14/10/2024,Manor Hill・Tower 1・31/F・Flat A6,,$4.22M,--,215ft²,"@$19,628",Land Registry
14/10/2024,Victoria Harbour・Phase 2B-2 Victoria Harbour II・Tower 3・17/F・Flat B,,$45.72M,--,"1,111ft²","@$41,154",Land Registry
14/10/2024,Kellett Heights・7/F・No. 61A,,$20M,--,"1,368ft²","@$14,620",Land Registry
14/10/2024,Kellett Heights・7/F・No. 61B,,$20M,--,"1,368ft²","@$14,620",Land Registry
14/10/2024,Park Central・Phase 1・Tower 7・50/F・Flat B,,$5.7M,,436ft²,"@$13,073",Land Registry
14/10/2024,Wing Tak Building・13/F・Flat A,,$4.1M,,602ft²,"@$6,811",Land Registry
14/10/2024,Concord Building・Block 2・13/F・Flat B,,$3.6M,,310ft²,"@$11,613",Land Registry
14/10/2024,The Paragon・Block 12・5/F・Flat A,,$11.18M,,"1,109ft²","@$10,081",Land Registry
14/10/2024,Tsuen Wan Centre・Block 5 (Anking House)・3/F・Flat E,,$3M,--,324ft²,"@$9,259",Land Registry
14/10/2024,Oceanaire・Tower 6B・12/F・Flat D,,$8.23M,,725ft²,"@$11,352",Land Registry
14/10/2024,The Metro City・Phase 2・Tower 3・27/F・Flat G,,$5.15M,,363ft²,"@$14,187",Land Registry
14/10/2024,Chuen Fai Centre・Carpark・2/F・No.24,,"$550,000",--,--,--,Land Registry
14/10/2024,Royal Ascot・Phase 1・Block 6・7/F・Flat D,,$10.8M,,"1,041ft²","@$10,375",Land Registry
14/10/2024,Allway Garden・Block R・20/F・Flat 6,,$3.18M,,480ft²,"@$6,625",Land Registry
14/10/2024,The Sherwood・Tower 13・15/F・Flat F,,$3.25M,,396ft²,"@$8,207",Land Registry
14/10/2024,Siu Hin Court・Yat Sang House (Block B)・13/F・Flat 11,,$2.52M,--,385ft²,"@$6,545",Land Registry
14/10/2024,Richland Gardens・Block 11・32/F・Flat E,,$4.52M,--,452ft²,"@$10,000",Land Registry
14/10/2024,Heng Fa Chuen・Block 27・5/F・Flat 4,,$6.2M,--,497ft²,"@$12,475",Land Registry
14/10/2024,Villa Esplanada・Carpark・3/F・No.68,,$1.9M,--,--,--,Land Registry
14/10/2024,Larchwood・21/F・Flat G,,$4.39M,--,206ft²,"@$21,301",Land Registry
14/10/2024,Lohas Park・Phase 2A Le Prestige・Carpark・3/F・No.715,,$1.63M,--,--,--,Land Registry
14/10/2024,King's Tower・Block A・21/F・Flat 3,,$6.35M,--,715ft²,"@$8,881",Land Registry
14/10/2024,86-90A Shau Kei Wan Road・4/F・No. 88,,$2.83M,--,607ft²,"@$4,662",Land Registry
14/10/2024,Yuet Ming Building・9/F・Flat M,,$3.3M,--,--,--,Land Registry
14/10/2024,Ching Tao Court・6/F・Flat 9,,$1.89M,--,--,--,Land Registry
14/10/2024,Siu Shan Court・Pak King House (Block C)・18/F・Flat 5,,$2.38M,--,546ft²,"@$4,359",Land Registry
14/10/2024,Kin Yip Court・17/F・Flat C,,$2.18M,,257ft²,"@$8,482",Land Registry
14/10/2024,Island Harbourview・Tower 7・28/F・Flat A,,$17.08M,,902ft²,"@$18,936",Land Registry
14/10/2024,Pierhead Garden・Tower 2・16/F・Flat B,,$4.35M,,521ft²,"@$8,349",Land Registry
14/10/2024,Manor Hill・Tower 1・27/F・Flat B1,,$5.3M,--,288ft²,"@$18,406",Land Registry
14/10/2024,Yung Ming Court・Block A (Yun Ming House)・21/F・Flat 27,,$4.06M,--,372ft²,"@$10,914",Land Registry
14/10/2024,The Quinn ‧ Square Mile・Tower 1・28/F・Flat A,,$25.18M,--,802ft²,"@$31,397",Land Registry
14/10/2024,Belvedere Garden・Phase 2・Block 1・9/F・Flat D,,$5.9M,,668ft²,"@$8,832",Land Registry
14/10/2024,Champion House・7/F・Flat C,,$5.95M,--,741ft²,"@$8,030",Land Registry
14/10/2024,Whampoa Building・Block A・8/F・Flat 1,,$2.6M,,306ft²,"@$8,497",Land Registry
14/10/2024,Man Shing Building・14/F・Flat B,,$2.98M,,250ft²,"@$11,920",Land Registry
14/10/2024,Robinson Crest・17/F・Flat B,,$6M,--,512ft²,"@$11,719",Land Registry
14/10/2024,Harbour Green・Tower 2・15/F・Flat D,,$33.5M,,"1,689ft²","@$19,834",Land Registry
14/10/2024,Manor Hill・Tower 1・31/F・Flat A5,,$4.21M,--,215ft²,"@$19,595",Land Registry
14/10/2024,Kingswood Villas・Phase 7 Kenswood Court・Block 7・35/F・Flat H,,$4.23M,,547ft²,"@$7,733",Land Registry
14/10/2024,Siu Hong Court・Siu Ning House (Block S)・18/F・Flat 1,,$3.2M,--,447ft²,"@$7,159",Land Registry
14/10/2024,Chun Man Court・Man Hor House (Block D)・15/F・Flat 9,,$4M,--,519ft²,"@$7,707",Land Registry
14/10/2024,Lohas Park・Phase 12B Park Seasons・Tower 2 (2B)・11/F・Flat D,,$6.19M,--,437ft²,"@$14,153",Land Registry
14/10/2024,Come On Building・6/F・Flat A,,$2.7M,,292ft²,"@$9,247",Land Registry
14/10/2024,Parkes Residence・17/F・Flat F,,$2.98M,,245ft²,"@$12,143",Land Registry
14/10/2024,Royal Peninsula・Block 2・42/F・Flat L,,$17M,,"1,043ft²","@$16,299",Land Registry
14/10/2024,Westlands Gardens・Block D・21/F・Flat 2,,$8.5M,--,848ft²,"@$10,024",Land Registry
14/10/2024,Island Garden・Tower 5・7/F・Flat B,,$11.6M,--,845ft²,"@$13,728",Land Registry
14/10/2024,Des Voeux W Residence・23/F・Flat E,,$4.66M,--,213ft²,"@$21,900",Land Registry
14/10/2024,The Merton・Tower 2・29/F・Flat A,,$9.3M,,507ft²,"@$18,343",Land Registry
14/10/2024,Connaught Garden・Block 1・7/F・Flat F,,$4.58M,,334ft²,"@$13,713",Land Registry
14/10/2024,Dragon Court・Block B・18/F・Flat 3,,$12.25M,,857ft²,"@$14,294",Land Registry
14/10/2024,Yu Chui Court・Yu Chai House (Block H)・15/F・Flat 6,,$4.6M,--,517ft²,"@$8,897",Land Registry
14/10/2024,Yu Chui Court・Yu Yan House (Block B)・27/F・Flat 4,,$6.28M,--,650ft²,"@$9,662",Land Registry
14/10/2024,Royal Ascot・Carpark・1/F・No.C142,,"$860,000",--,--,--,Land Registry
14/10/2024,Kwong Hing Building・3/F・Flat Q (No. 961),,$2.98M,--,491ft²,"@$6,069",Land Registry
14/10/2024,Kwong Hing Building・4/F・Flat Q (No. 961),,$2.98M,--,491ft²,"@$6,069",Land Registry
14/10/2024,Cheung On Estate・On Tao House (Block 4)・17/F・Flat 37,,$1.53M,--,349ft²,"@$4,378",Land Registry
14/10/2024,Avignon・Tower 1・11/F・Flat D,,$14.65M,--,"1,494ft²","@$9,806",Land Registry
14/10/2024,Vision City・Block 5・30/F・Flat F,,$8.2M,,508ft²,"@$16,142",Land Registry
14/10/2024,Kingswood Villas・Phase 6 Maywood Court・Block 3・4/F・Flat D,,$4.3M,,544ft²,"@$7,904",Land Registry
14/10/2024,Po On Building・3/F・Flat E,,$4.6M,--,615ft²,"@$7,480",Land Registry
14/10/2024,Lohas Park・Phase 2B Le Prime・Tower 6 - R Wing・30/F・Flat D,,$8.82M,,990ft²,"@$8,909",Land Registry
14/10/2024,Harbour Glory・Tower 6・12/F・Flat D,,$13M,,574ft²,"@$22,648",Land Registry
14/10/2024,Hiu Lai Court・Hiu On House (Block E)・21/F・Flat 7,,$2.97M,--,433ft²,"@$6,859",Land Registry
14/10/2024,Telford Gardens・Block U・19/F・Flat 2,,$5M,,494ft²,"@$10,121",Land Registry
14/10/2024,Scenic View・Carpark・CP3・No.100,,$1.33M,--,--,--,Land Registry
14/10/2024,Chong Kee House・5/F・Flat A,,$3.54M,--,339ft²,"@$10,442",Land Registry
14/10/2024,Oma Oma・Tower 1A・18/F・Flat A,,$12.19M,--,"1,004ft²","@$12,139",Land Registry
14/10/2024,Hip Wo House・9/F・Flat M,,$3M,,290ft²,"@$10,345",Land Registry
14/10/2024,Royal Ascot・Phase 2・Block 8・47/F・Flat A,,$11.28M,,"1,057ft²","@$10,672",Land Registry
14/10/2024,Hover (Hoover) Court・3/F・Flat A,,$2M,,315ft²,"@$6,349",Land Registry
14/10/2024,The Esplanade・22/F・Flat F,,$4M,,330ft²,"@$12,121",Land Registry
14/10/2024,Villa By The Park・Block 3・6/F・Flat C,,$3.97M,,442ft²,"@$8,977",Land Registry
14/10/2024,Hoi King Mansion・5/F・Flat L,,$4.18M,,535ft²,"@$7,813",Land Registry
14/10/2024,The Southside・Phase 1 Southland・Tower 1 (1A)・12/F・Flat D,,$8.38M,--,383ft²,"@$21,880",Land Registry
14/10/2024,Siu Hong Court・Siu Kit House (Block D)・8/F・Flat 5,,$3.18M,--,476ft²,"@$6,681",Land Registry
14/10/2024,Kam Hay Court・Kam Yan House (Block B)・9/F・Flat 5,,$3.8M,--,554ft²,"@$6,859",Land Registry
14/10/2024,Eldo Court・Tower B・16/F・Flat F,,$3.78M,,426ft²,"@$8,873",Land Registry
14/10/2024,King's View Court・Block A・27/F・Flat 3,,$5.25M,,515ft²,"@$10,194",Land Registry
14/10/2024,Bailey Garden・Carpark・CP2・No.P11,,$1.39M,--,--,--,Land Registry
14/10/2024,The Pavilia Forest・Phase 3 The Pavilia Forest III・Tower 1・21/F・Flat H,,$7.18M,--,394ft²,"@$18,221",Land Registry
14/10/2024,Double Cove・Phase 4 Double Cove Grandview・Block 7・17/F・Flat E,,$6.4M,,496ft²,"@$12,903",Land Registry
14/10/2024,Hong Wah Court・Wang Hong House (Block A)・35/F・Flat 13,,$3.38M,--,380ft²,"@$8,895",Land Registry
14/10/2024,Fortress Heights・17/F・Flat A,,$4.3M,,332ft²,"@$12,952",Land Registry
14/10/2024,On Tai Building・17/F・Flat B,,$3.38M,,291ft²,"@$11,615",Land Registry
14/10/2024,Kai Tai Court・Kai Hong House (Block C)・5/F・Flat 3,,$3.2M,--,546ft²,"@$5,861",Land Registry
14/10/2024,Royal Peninsula・Block 5・17/F・Flat E,,$8.68M,,561ft²,"@$15,472",Land Registry
14/10/2024,275-279 Lai Chi Kok Road・2/F・Flat C2,,$2M,--,--,--,Land Registry
14/10/2024,Dragon Centre・Tower 1・14/F・Flat F,,$3.58M,--,287ft²,"@$12,474",Land Registry
14/10/2024,Manor Centre・Block 7・6/F・Flat E,,$3.65M,,280ft²,"@$13,036",Land Registry
14/10/2024,Prosperous Garden・Block 1・18/F・Flat D,,$5.35M,--,478ft²,"@$11,192",Land Registry
14/10/2024,Yu Chui Court・Yu Yan House (Block B)・32/F・Flat 5,,$6.05M,--,650ft²,"@$9,308",Land Registry
14/10/2024,Mangrove・23/F・Flat D,,$3.38M,--,186ft²,"@$18,188",Land Registry
14/10/2024,Hart Avenue Court・5/F・Flat D,,$2.52M,,207ft²,"@$12,174",Land Registry
14/10/2024,Heng On Estate・Heng Yat House (Block 8)・28/F・Flat 10,,$2.08M,--,443ft²,"@$4,695",Land Registry
14/10/2024,Shan King Estate・King Mei House (Block 8)・24/F・Flat A5,,"$820,000",--,--,--,Land Registry
14/10/2024,Goodview Garden・Tower 1・22/F・Flat 8,,$3.08M,,309ft²,"@$9,968",Land Registry
14/10/2024,Harvest Garden・Block 1・15/F・Flat D,,$3.6M,,436ft²,"@$8,257",Land Registry
14/10/2024,Bay View Garden・Block 3・11/F・Flat C,,$6.78M,,637ft²,"@$10,644",Land Registry
14/10/2024,Yip Cheong (Cheung) Building・11/F・Flat 22,,$4.25M,,465ft²,"@$9,140",Land Registry
14/10/2024,After The Rain・11/F・Flat S,,$3.81M,--,294ft²,"@$12,970",Land Registry
14/10/2024,Westlands Gardens・Carpark・L/G・No.Lg44,,"$800,000",--,--,--,Land Registry
14/10/2024,Aldrich Garden・Carpark・3/F・No.363,,"$810,000",--,--,--,Land Registry
14/10/2024,Kam Fung Court・Kam Lan House (Block J)・25/F・Flat 1,,$5.2M,--,540ft²,"@$9,630",Land Registry
14/10/2024,Mei Foo Sun Chuen・Phase 3・41-43 Broadway・13/F・Flat A No. 43,,$6.4M,,653ft²,"@$9,801",Land Registry
14/10/2024,80 Robinson Road・Block 1・38/F・Flat A,,$26M,--,"1,052ft²","@$24,715",Land Registry
14/10/2024,15 Sau Fu Street・2/F・No. 15,,$4M,--,803ft²,"@$4,981",Land Registry
14/10/2024,Regency Bay・Phase 2・Tower 1・3/F・Flat H,,$10.37M,--,440ft²,"@$23,564",Land Registry
14/10/2024,Jade Plaza・Block A・21/F・Flat 7,,$2.88M,,262ft²,"@$10,992",Land Registry
14/10/2024,Festival City・Phase 1・Tower 3・18/F・Flat Sc,,$13.9M,,959ft²,"@$14,494",Land Registry
14/10/2024,The Yoho Hub・Phase C The Yoho Hub II・Tower 6・38/F・Flat B,,$8.51M,--,538ft²,"@$15,822",Land Registry
14/10/2024,Ching Tao Court・28/F・Flat 4,,$1.74M,--,--,--,Land Registry
14/10/2024,Regentville・Grand Regentville・Block 7・27/F・Flat E,,$4.2M,,423ft²,"@$9,929",Land Registry
14/10/2024,22 Luen Shing Street・3/F・No. 22,,$2.8M,--,825ft²,"@$3,394",Land Registry
13/10/2024,South Walk．Aura・Upper Floor・Flat C,,,--,194ft²,@$57,Centaline
13/10/2024,Sham Wan Towers・Block 3・Upper Floor・Flat D,,,--,499ft²,@$40,Centaline
13/10/2024,St Martin・Phase 2・Tower 10・Upper Floor・Flat B2,,,--,452ft²,@$35,Centaline
13/10/2024,Royal Ascot・Phase 2・Block 11・Upper Floor・Flat G,,,--,974ft²,@$31,Centaline
13/10/2024,Giovane・Lower Floor・Flat A,,,--,341ft²,@$47,Centaline
13/10/2024,Liberte・Block 7・Upper Floor・Flat E,,,--,492ft²,@$42,Centaline
13/10/2024,The Addition・Lower Floor・Flat E,,,--,276ft²,@$58,Centaline
13/10/2024,Ontolo・Tower 7B・Middle Floor・Flat G,,,--,547ft²,@$37,Centaline
13/10/2024,Sea Panorama Court・Lower Floor・No. 561-563,,,--,434ft²,@$38,Centaline
13/10/2024,High One・Middle Floor・Flat B,,,--,273ft²,@$57,Centaline
13/10/2024,Ontolo・Tower 8B・Middle Floor・Flat C,,,--,593ft²,@$38,Centaline
13/10/2024,Lohas Park・Phase 8 Sea To Sky・Tower 2・Middle Floor・Flat A,,,--,817ft²,@$37,Centaline
13/10/2024,The Quinn ‧ Square Mile・Tower 1・Lower Floor・Flat R,,,--,269ft²,@$59,Centaline
13/10/2024,Hanford Garden・Block 1・Lower Floor・Flat A,,,--,437ft²,@$22,Centaline
13/10/2024,Liberte・Block 3・Middle Floor・Flat H,,,--,512ft²,@$41,Centaline
13/10/2024,Lohas Park・Phase 6 Lp6・Tower 5・Lower Floor・Flat L,,,--,307ft²,@$48,Centaline
13/10/2024,Mei Foo Sun Chuen・Phase 7・1-3 Mount Sterling Mall・Lower Floor・Flat A No. 3,,,--,555ft²,@$34,Centaline
13/10/2024,Metro City・Phase 1・Tower 2・Upper Floor・Flat F,,,--,364ft²,@$44,Centaline
13/10/2024,Koko Hills・Phase 1・Tower 3・Lower Floor・Flat A,,,--,771ft²,@$38,Centaline
13/10/2024,Park Central・Phase 3・Central Heights (Tower 13)・Upper Floor・Flat G,,,--,509ft²,@$41,Centaline
13/10/2024,Timber House・Lower Floor・Flat A5,,,--,--,--,Centaline
13/10/2024,Belvedere Garden・Phase 1・Block 3・Middle Floor・Flat C,,,--,470ft²,@$33,Centaline
13/10/2024,Chau Hop Shing Building・Lower Floor・Flat C,,,--,--,--,Centaline
13/10/2024,Centra Horizon・Tower 10・Middle Floor・Flat G,,,--,404ft²,@$40,Centaline
13/10/2024,Belair Monte・Block 3・Upper Floor・Flat E,,,--,452ft²,@$25,Centaline
13/10/2024,Vienna Garden・Block 2・Lower Floor・Flat B,,,--,677ft²,@$21,Centaline
13/10/2024,Double Cove・Phase 2 Double Cove Starview・Block 19・Lower Floor・Flat E,,,--,496ft²,@$36,Centaline
13/10/2024,City One Shatin・Site 4・Block 45・Upper Floor・Flat H,,,--,304ft²,@$46,Centaline
13/10/2024,City One Shatin・Site 4・Block 44・Upper Floor・Flat C,,,--,304ft²,@$46,Centaline
13/10/2024,Tycoon Court・Block A・Middle Floor・Flat 2,,,--,388ft²,@$45,Centaline
13/10/2024,Coastal Skyline・Phase 4 Le Bleu Deux・Block 1・Middle Floor・Flat F,,,--,546ft²,@$38,Centaline
13/10/2024,Man Shing Building (Mansion)・Upper Floor・Flat B,,,--,354ft²,@$41,Centaline
13/10/2024,Villa Tiara・Block 3・Upper Floor・Flat C,,,--,659ft²,@$23,Centaline
13/10/2024,Sun Hey Mansion・Lower Floor・Flat F,,,--,535ft²,@$36,Centaline
13/10/2024,Ching Wah Court・Wah Pik House (Block C)・Upper Floor・Flat 3,,,--,401ft²,@$31,Centaline
13/10/2024,Henley Park・Tower 1B・Middle Floor・Flat G,,,--,250ft²,@$65,Centaline
13/10/2024,The Zenith・Phase 1・Tower 2・Lower Floor・Flat F,,,--,433ft²,@$57,Centaline
13/10/2024,The Reach・Tower 7・Lower Floor・Flat E,,,--,357ft²,@$33,Centaline
13/10/2024,Wetland Seasons Bay・Phase 1・Tower 5B・Lower Floor・Flat A5,,,--,307ft²,@$37,Centaline
12/10/2024,Jubilee Garden・Block 3・Lower Floor・Flat C,,$5.3M,--,510ft²,"@$10,392",Centaline
12/10/2024,Whampoa Building・Block B・Upper Floor・Flat 12,,$2.56M,--,321ft²,"@$7,975",Centaline
12/10/2024,Dawning Views・Block 6・Middle Floor・Flat H,,,--,384ft²,@$31,Centaline
12/10/2024,Seaside Sonata・Tower 5・Middle Floor・Flat J,,,--,484ft²,@$43,Centaline
12/10/2024,Broadview Garden・Block 1・Lower Floor・Flat A,,,--,504ft²,@$30,Centaline
12/10/2024,Grand Central・Phase 1・Tower 2・Upper Floor・Flat N,,,--,598ft²,@$42,Centaline
12/10/2024,Park Central・Phase 2・Tower 10・Upper Floor・Flat E,,,--,384ft²,@$44,Centaline
12/10/2024,The Metro City・Phase 3 The Metropolis・Tower 4・Lower Floor・Flat F,,,--,626ft²,@$37,Centaline
12/10/2024,Realty Gardens・Paris Court (Block 2)・Lower Floor・Flat D,,,--,"1,166ft²",@$33,Centaline
12/10/2024,Wai Wah Centre・Block 4・Lower Floor・Flat B,,,--,358ft²,@$44,Centaline
12/10/2024,Mei Foo Sun Chuen・Phase 1・15-17 Broadway・Lower Floor・Flat C No. 15,,,--,485ft²,@$31,Centaline
12/10/2024,Mei Foo Sun Chuen・Phase 1・15-17 Broadway・Upper Floor・Flat B No. 15,,,--,446ft²,@$37,Centaline
12/10/2024,The Pavilia Farm・Phase 1・Tower 2 (2A)・Middle Floor・Flat C,,,--,538ft²,@$52,Centaline
12/10/2024,Deauville,,,--,"1,258ft²",@$37,Centaline
12/10/2024,Two．Artlane・Lower Floor・Flat A,,,--,381ft²,@$71,Centaline
12/10/2024,Illumination Terrace・Block 2・Middle Floor・Flat E,,,--,616ft²,@$45,Centaline
12/10/2024,Beverly Hill・Block H・Upper Floor・Flat 2,,,--,"1,334ft²",@$47,Centaline
12/10/2024,Aquila.Square Mile・Tower 2・Upper Floor・Flat F,,,--,257ft²,@$66,Centaline
12/10/2024,Lohas Park・Phase 4B Wings At Sea Il・Tower 5B・Lower Floor・Flat C,,,--,491ft²,@$35,Centaline
12/10/2024,K‧Summit・Tower 1A・Upper Floor・Flat A,,,--,293ft²,@$58,Centaline
12/10/2024,Eltanin‧Square Mile・Tower 2・Upper Floor・Flat G,,,--,258ft²,@$58,Centaline
12/10/2024,Koko Hills・Phase 3A Koko Rosso・Tower 7・Lower Floor・Flat H,,,--,441ft²,@$44,Centaline
12/10/2024,Monterey・Tower 9B・Middle Floor・Flat B,,,--,531ft²,@$41,Centaline
12/10/2024,Timber House・Upper Floor・Flat B3,,,--,203ft²,@$67,Centaline
12/10/2024,Grand Victoria・Phase 1・Tower 3A・Upper Floor・Flat D,,,--,532ft²,@$55,Centaline
12/10/2024,Tierra Verde・Phase 1・Tower 3・Lower Floor・Flat F,,,--,523ft²,@$38,Centaline
12/10/2024,The Southside・Phase 2 La Marina・Tower 2 (2B)・Middle Floor・Flat F,,,--,343ft²,@$58,Centaline
12/10/2024,Cetus‧Square Mile・Tower 1・Upper Floor・Flat A,,,--,417ft²,@$55,Centaline
12/10/2024,The Quinn ‧ Square Mile・Tower 2・Lower Floor・Flat N,,,--,258ft²,@$60,Centaline
12/10/2024,Tai Po Centre・Phase 4・Block 7・Lower Floor・Flat H,,,--,451ft²,@$35,Centaline
12/10/2024,The Royale・Phase 3 Skypoint Royale・Tower 7・Lower Floor・Flat 3,,,--,210ft²,@$41,Centaline
12/10/2024,Oma Oma・Tower 1B・Lower Floor・Flat G,,,--,614ft²,@$29,Centaline
12/10/2024,Seaview Crescent・Block 1・Lower Floor・Flat E,,,--,506ft²,@$36,Centaline
12/10/2024,Sheungshui Town Center・Paris Court (Block 3)・Middle Floor・Flat E,,,--,391ft²,@$30,Centaline
12/10/2024,Ho Shun King Building・Block 2 (Block B)・Middle Floor・Flat E (Flat 5),,,--,358ft²,@$31,Centaline
12/10/2024,City One Shatin・Site 5・Block 52・Lower Floor・Flat F,,,--,284ft²,@$49,Centaline
12/10/2024,Tsuen Wan Centre・Block 19 (Shenyang House)・Middle Floor・Flat D,,,--,329ft²,@$32,Centaline
12/10/2024,Park Central・Phase 1・Tower 8・Upper Floor・Flat A,,,--,547ft²,@$43,Centaline
12/10/2024,Winfield Building・Block C・Upper Floor・Flat 1,,,--,"1,304ft²",@$58,Centaline
12/10/2024,The Sail At Victoria・Lower Floor・Flat A,,,--,524ft²,@$38,Centaline
12/10/2024,Hillsborough Court・Tower 1・Lower Floor・Flat D,,,--,"1,104ft²",@$46,Centaline
12/10/2024,Ocean Shores・Phase 2・Tower 7・Lower Floor・Flat G,,,--,496ft²,@$36,Centaline
12/10/2024,10 Lasalle・Middle Floor・Flat E,,,--,323ft²,@$59,Centaline
12/10/2024,The Avenue・Phase 2・Tower 3・Middle Floor・Flat G,,,--,346ft²,@$59,Centaline
12/10/2024,Island Crest・Tower 2・Lower Floor・Flat B,,,--,555ft²,@$59,Centaline
12/10/2024,Chi Fu Fa Yuen・Fu Yat Yuen (Block H-6)・Middle Floor・Flat B,,,--,588ft²,@$32,Centaline
12/10/2024,The Pavilia Bay・Tower 1A・Upper Floor・Flat B,,,--,826ft²,@$44,Centaline
12/10/2024,Fu Ning Garden・Block 1・Lower Floor・Flat B,,,--,495ft²,@$30,Centaline
12/10/2024,Kingswood Villas・Phase 7 Kenswood Court・Block 1・Upper Floor・Flat A,,,--,635ft²,@$23,Centaline
12/10/2024,Tung Chung Crescent・Phase 2・Block 8・Lower Floor・Flat F,,,--,592ft²,@$32,Centaline
12/10/2024,York Place・Middle Floor・Flat A,,,--,684ft²,@$55,Centaline
12/10/2024,Coastal Skyline・Phase 1・Block 5・Lower Floor・Flat F,,,--,388ft²,@$39,Centaline
12/10/2024,The Yoho Hub・Phase C The Yoho Hub II・Tower 8・Upper Floor・Flat A,,,--,463ft²,@$40,Centaline
12/10/2024,Sol City・Tower 1・Lower Floor・Flat E,,,--,327ft²,@$44,Centaline
12/10/2024,Park Signature・Tower 2・Lower Floor・Flat H,,,--,821ft²,@$21,Centaline
11/10/2024,Mei Ying Court・Upper Floor・Flat 5,,$4.68M,--,445ft²,"@$10,517",Centaline
11/10/2024,The Zenith・Phase 1・Tower 1・Upper Floor・Flat C,,$9.55M,--,492ft²,"@$19,411",Centaline
11/10/2024,Sun Yuen Long Centre・Block 4・Upper Floor・Flat A,,$5.21M,--,485ft²,"@$10,740",Centaline
11/10/2024,Po On Court・Upper Floor・Flat C,,,--,344ft²,@$36,Centaline
11/10/2024,Ville De Jardin,,,--,"1,742ft²",@$27,Centaline
11/10/2024,Double Cove・Phase 1・Block 2・Lower Floor・Flat H,,,--,496ft²,@$38,Centaline
11/10/2024,Tsuen King Garden・Phase 2・Block 9・Middle Floor・Flat G,,,--,380ft²,@$39,Centaline
11/10/2024,Convention Plaza Apartments・Lower Floor・Flat 16,,,--,978ft²,@$56,Centaline
11/10/2024,Sunway Gardens・Block C・Middle Floor・Flat 2,,,--,578ft²,@$35,Centaline
11/10/2024,No. 63 Pok Fu Lam Road・Tower 1 (Amber House)・Lower Floor・Flat B,,,--,318ft²,@$63,Centaline
11/10/2024,Mantin Heights・Tower 1・Middle Floor・Flat D,,,--,667ft²,@$40,Centaline
11/10/2024,Enchantee・Lower Floor・Flat D,,,--,169ft²,@$77,Centaline
11/10/2024,Caribbean Coast・Phase 3 Carmel Cove・Tower 11・Lower Floor・Flat C,,,--,525ft²,@$38,Centaline
11/10/2024,Royal Green・Tower 2・Upper Floor・Flat B,,,--,417ft²,@$28,Centaline
11/10/2024,Sheungshui Town Center・Paris Court (Block 3)・Upper Floor・Flat B,,,--,492ft²,@$34,Centaline
11/10/2024,Fleur Pavilia・Tower 3・Middle Floor・Flat A,,,--,656ft²,@$50,Centaline
11/10/2024,Kar Wan Building・Middle Floor・Flat D,,,--,153ft²,@$59,Centaline
11/10/2024,Wilton Place・Lower Floor・Flat D,,,--,573ft²,@$61,Centaline
11/10/2024,Century Gateway・Phase 2・Tower 8・Middle Floor・Flat K,,,--,474ft²,@$35,Centaline
11/10/2024,Park Avenue・Phase 1・Tower 7・Middle Floor・Flat F,,,--,466ft²,@$49,Centaline
11/10/2024,The Southside・Phase 2 La Marina・Tower 2 (2A)・Lower Floor・Flat C,,,--,850ft²,@$54,Centaline
11/10/2024,Kingswood Villas・Phase 7 Kenswood Court・Block 3・Middle Floor・Flat G,,,--,547ft²,@$22,Centaline
11/10/2024,Jolly Villa・Lower Floor・Flat A,,,--,"1,208ft²",@$39,Centaline
10/10/2024,Kingswood Villas・Phase 3 Chestwood Court・Block 2・Upper Floor・Flat G,,$4.68M,--,548ft²,"@$8,540",Centaline
10/10/2024,The Beaumount・Phase 1・Tower 5・Lower Floor・Flat A,,$6.68M,--,736ft²,"@$9,076",Centaline
10/10/2024,Nan Fung Sun Chuen・Block 5・Lower Floor・Flat D,,$4.78M,--,516ft²,"@$9,264",Centaline
10/10/2024,Parkvale・Tower 3 Hong Pak Mansion・Middle Floor・Flat D,,$7.1M,--,555ft²,"@$12,789",Centaline
10/10/2024,Monterey・Tower 2B・Upper Floor・Flat C,,$13.6M,--,847ft²,"@$16,057",Centaline
10/10/2024,Harbour Heights・Block 2 (Sung Fung Court)・Middle Floor・Flat C,,$8.7M,--,616ft²,"@$14,123",Centaline
10/10/2024,Galaxia・Tower E・Upper Floor・Flat 5,,$12.28M,--,"1,020ft²","@$12,039",Centaline
10/10/2024,Monterey・Tower 1・Upper Floor・Flat A,,$18.3M,--,931ft²,"@$19,656",Centaline
10/10/2024,Celestial Heights・Phase 2・11 Celestial Avenue・Upper Floor・No. 11,,$28.1M,--,"1,592ft²","@$17,651",Centaline
10/10/2024,Ocean Shores・Phase 3・Tower 11・Middle Floor・Flat G,,$7.18M,--,499ft²,"@$14,389",Centaline
10/10/2024,Harbour Glory・Tower 7・Upper Floor・Flat B,,$42.3M,--,"1,270ft²","@$33,307",Centaline
10/10/2024,Belvedere Garden・Phase 3・Block 6・Middle Floor・Flat E,,$7.8M,--,728ft²,"@$10,714",Centaline
10/10/2024,Yen May Building・Upper Floor・Flat C,,$3.23M,--,225ft²,"@$14,356",Centaline
10/10/2024,Harita Court・Lower Floor・No. 197A,,$7.68M,--,801ft²,"@$9,588",Centaline
10/10/2024,Sunshine City・Phase 4・Block M・Middle Floor・Flat 2,,$5.03M,--,363ft²,"@$13,857",Centaline
10/10/2024,Villa By The Park・Block 5・Upper Floor・Flat H,,$4.05M,--,429ft²,"@$9,441",Centaline
10/10/2024,Sausalito・Tower 3・Middle Floor・Flat B,,,--,734ft²,@$34,Centaline
10/10/2024,City One Shatin・Site 3・Block 30・Lower Floor・Flat D,,,--,327ft²,@$43,Centaline
10/10/2024,Double Cove・Phase 3 Double Cove Starview Prime・Block 22・Upper Floor・Flat G,,,--,509ft²,@$43,Centaline
10/10/2024,Ka Shing Court・Ka Ming House (Block A)・Lower Floor・Flat 7,,,--,438ft²,@$25,Centaline
10/10/2024,Yung Shing Court・Yung Wui House (Block A)・Lower Floor・Flat 24,,,--,206ft²,@$36,Centaline
10/10/2024,Centra Horizon・Tower 11・Lower Floor・Flat B,,,--,253ft²,@$49,Centaline
10/10/2024,Lohas Park・Phase 6 Lp6・Tower 5・Lower Floor・Flat D,,,--,701ft²,@$35,Centaline
10/10/2024,Caribbean Coast・Phase 3 Carmel Cove・Tower 11・Upper Floor・Flat A,,,--,918ft²,@$35,Centaline
10/10/2024,Tsing Yi Garden・Block 6・Lower Floor・Flat B,,,--,343ft²,@$40,Centaline
10/10/2024,Shatin Centre・Tong Ning Building (Block D)・Upper Floor・Flat F,,,--,357ft²,@$40,Centaline
10/10/2024,Tsui Lai Garden・Block 1・Upper Floor・Flat J,,,--,591ft²,@$23,Centaline
10/10/2024,City Hub・Middle Floor・Flat E,,,--,262ft²,@$53,Centaline
10/10/2024,The Richmond・Lower Floor・Flat C,,,--,206ft²,@$75,Centaline
10/10/2024,Grand Central・Phase 2・Tower 5・Lower Floor・Flat G,,,--,522ft²,@$42,Centaline
10/10/2024,The Harbourside・Tower 2・Upper Floor・Flat A,,,--,806ft²,@$61,Centaline
10/10/2024,Manor Hill・Tower 2・Upper Floor・Flat C3,,,--,217ft²,@$64,Centaline
10/10/2024,Mei Foo Sun Chuen・Phase 5・14-16 Nassau Street・Lower Floor・Flat A No. 14,,,--,591ft²,@$34,Centaline
10/10/2024,St Martin・Phase 1・Tower 6・Upper Floor・Flat A2,,,--,510ft²,@$37,Centaline
10/10/2024,Kingswood Villas・Phase 7 Kenswood Court・Block 7・Lower Floor・Flat H,,,--,550ft²,@$25,Centaline
10/10/2024,Lohas Park・Phase 5A Malibu・Tower 2A・Upper Floor・Flat C,,,--,454ft²,@$42,Centaline
10/10/2024,"Fairview Park・Section G, 1St Street",,,--,"1,035ft²",@$26,Centaline
10/10/2024,Wah Hoi Mansion・Block A・Lower Floor・Flat 3,,,--,--,--,Centaline
10/10/2024,Cullinan West・Phase 5 Cullinan West Ill・Tower 8・Middle Floor・Flat C,,,--,417ft²,@$62,Centaline
10/10/2024,Mei Foo Sun Chuen・Phase 6・9-11 Humbert Street・Upper Floor・Flat A No. 9,,,--,665ft²,@$37,Centaline
10/10/2024,Hong Lok Yuen・Eleventh Street・9 Hong Lok Yuen Eleventh Street (S S 659)・Flat D,,,--,"1,136ft²",@$31,Centaline
10/10/2024,Tseung Kwan O Plaza・Phase 2・Tower 5・Upper Floor・Flat D,,,--,432ft²,@$44,Centaline
10/10/2024,Ocean Shores・Phase 1・Tower 1・Middle Floor・Flat F,,,--,505ft²,@$38,Centaline
10/10/2024,Galaxia・Tower B・Middle Floor・Flat 1,,,--,593ft²,@$42,Centaline
10/10/2024,The Hermitage・Tower 7・Middle Floor・Flat B,,,--,"1,015ft²",@$53,Centaline
10/10/2024,Amoy Gardens・Phase 3・Block O・Middle Floor・Flat 6,,,--,356ft²,@$44,Centaline
10/10/2024,Mei Foo Sun Chuen・Phase 5・1-3 Humbert Street・Middle Floor・Flat D No. 3,,,--,657ft²,@$33,Centaline
10/10/2024,Ocean Shores・Phase 3・Tower 13・Lower Floor・Flat G,,,--,499ft²,@$36,Centaline
10/10/2024,Ocean Shores・Phase 3・Tower 13・Lower Floor・Flat H,,,--,503ft²,@$36,Centaline
10/10/2024,Ayton・Tower 2・Lower Floor・Flat A,,,--,620ft²,@$50,Centaline
10/10/2024,Edwardian Heights・Phase II・Upper Floor・Flat B,,,--,798ft²,@$38,Centaline
10/10/2024,Mantin Heights・Tower 3・Middle Floor・Flat E,,,--,560ft²,@$44,Centaline
10/10/2024,Grand Homm・Tower 6・Middle Floor・Flat B,,,--,"1,264ft²",@$53,Centaline
10/10/2024,Park Ivy・Lower Floor・Flat B,,,--,256ft²,@$50,Centaline
10/10/2024,The Metro City・Phase 3 The Metropolis・Tower 1・Middle Floor・Flat A,,,--,470ft²,@$40,Centaline
10/10/2024,Bal Residence・Middle Floor・Flat B,,,--,344ft²,@$47,Centaline
10/10/2024,Amoy Gardens・Phase 3・Block M・Upper Floor・Flat 8,,,--,285ft²,@$50,Centaline
10/10/2024,Amoy Gardens・Phase 1・Block F・Middle Floor・Flat 3,,,--,375ft²,@$40,Centaline
10/10/2024,Tseung Kwan O Plaza・Phase 1・Tower 2・Upper Floor・Flat D,,,--,429ft²,@$46,Centaline
10/10/2024,Horizon Place・Block 2・Lower Floor・Flat F,,,--,396ft²,@$37,Centaline
10/10/2024,Edition 178・Lower Floor・Flat E,,,--,225ft²,@$59,Centaline
10/10/2024,Harbour Place・Tower 3・Upper Floor・Flat C,,,--,590ft²,@$46,Centaline
10/10/2024,St Martin・Phase 2・Tower 11・Upper Floor・Flat B6,,,--,337ft²,@$47,Centaline
10/10/2024,Mei Foo Sun Chuen・Phase 4・117-119 Broadway・Middle Floor・Flat D No. 117,,,--,703ft²,@$33,Centaline
10/10/2024,Park Avenue・Central Park・Tower 3・Upper Floor・Flat E,,,--,597ft²,@$50,Centaline
10/10/2024,Park Avenue・Phase 1・Tower 8・Upper Floor・Flat E,,,--,449ft²,@$50,Centaline
10/10/2024,The Prominence・Upper Floor・Flat C,,,--,335ft²,@$45,Centaline
10/10/2024,Lime Stardom・Middle Floor・Flat H,,,--,328ft²,@$52,Centaline
10/10/2024,Novum East・Upper Floor・Flat D,,,--,290ft²,@$64,Centaline
10/10/2024,OMA by the Sea・Tower 1・Upper Floor・Flat B7,,,--,355ft²,@$28,Centaline
10/10/2024,The Royale・Phase 3 Skypoint Royale・Tower 7・Lower Floor・Flat 15,,,--,291ft²,@$35,Centaline
10/10/2024,Kam Lung Court・Lung Yiu House (Block C)・Lower Floor・Flat 8,,,--,401ft²,@$32,Centaline
10/10/2024,Regentville・Phase 1・Block 3・Middle Floor・Flat C,,,--,607ft²,@$29,Centaline
10/10/2024,One Innovale・Phase 1・Tower A・Middle Floor・Flat 9,,,--,205ft²,@$47,Centaline
10/10/2024,Caribbean Coast・Phase 1 Monterey Cove・Tower 1・Middle Floor・Flat E,,,--,541ft²,@$33,Centaline
10/10/2024,Caribbean Coast・Phase 3 Carmel Cove・Tower 11・Middle Floor・Flat E,,,--,546ft²,@$35,Centaline
10/10/2024,Kingswood Villas・Phase 2 Sherwood Court・Block 2・Upper Floor・Flat G,,,--,548ft²,@$23,Centaline
10/10/2024,The Trend Plaza・Block C・Upper Floor・Flat 7,,,--,272ft²,@$40,Centaline
10/10/2024,Eden Manor・Tower 7・Middle Floor・Flat H,,,--,277ft²,@$34,Centaline
10/10/2024,Lung Fung Garden・Block B・Lower Floor・Flat B4,,,--,312ft²,@$33,Centaline
10/10/2024,Kingswood Villas・Phase 1 Locwood Court・Block 3・Upper Floor・Flat D,,,--,551ft²,@$23,Centaline
10/10/2024,Kingswood Villas・Phase 1 Locwood Court・Block 1・Upper Floor・Flat D,,,--,551ft²,@$25,Centaline
10/10/2024,Double Cove・Phase 3 Double Cove Starview Prime・Block 25・Upper Floor・Flat F,,,--,510ft²,@$37,Centaline
10/10/2024,Villa Oceania・Block 3・Middle Floor・Flat C,,,--,"1,105ft²",@$35,Centaline
10/10/2024,Park Yoho・Phase 1C Park Yoho Sicilia・Tower 1A・Middle Floor・Flat E,,,--,452ft²,@$28,Centaline
10/10/2024,Park Yoho・Phase 2C Park Yoho Milano・Tower 36B・Upper Floor・Flat A,,,--,724ft²,@$29,Centaline
10/10/2024,Castello・Block 5・Upper Floor・Flat F,,,--,761ft²,@$33,Centaline
10/10/2024,City One Shatin・Site 4・Block 37・Upper Floor・Flat G,,,--,304ft²,@$44,Centaline
10/10/2024,City One Shatin・Site 3・Block 31・Lower Floor・Flat C,,,--,327ft²,@$42,Centaline
10/10/2024,The Aurora・Tower 1・Middle Floor・Flat D,,,--,803ft²,@$44,Centaline
10/10/2024,Tsuen Fung Centre・Middle Floor・Flat B,,,--,336ft²,@$43,Centaline
10/10/2024,Sun Fai Building・Middle Floor・No. 48,,,--,588ft²,@$30,Centaline
10/10/2024,The Horizon・Court B Tower 2・Middle Floor・Flat B,,,--,504ft²,@$36,Centaline
10/10/2024,Coastal Skyline・Phase 4 Le Bleu Deux・Block 6・Middle Floor・Flat F,,,--,549ft²,@$36,Centaline
10/10/2024,Lei King Wan・Sites C・Block 11 Yee Hoi Mansion・Upper Floor・Flat D,,,--,539ft²,@$43,Centaline
10/10/2024,Bon-Point・Upper Floor・Flat D,,,--,834ft²,@$52,Centaline
10/10/2024,Royal Ascot・Phase 1・Block 7・Middle Floor・Flat C,,,--,958ft²,@$28,Centaline
10/10/2024,Shatin Centre・On Ning Building (Block E)・Upper Floor・Flat B,,,--,347ft²,@$43,Centaline
10/10/2024,Hilton Plaza・Block D・Upper Floor・Flat 5,,,--,274ft²,@$47,Centaline
10/10/2024,South Horizons・Phase 2・Yee Fung Court (Block 11)・Middle Floor・Flat G,,,--,771ft²,@$36,Centaline
10/10/2024,Novo Land・Phase 1A・Elverum Tower 2・Upper Floor・Flat B,,,--,420ft²,@$38,Centaline
10/10/2024,Prime View Garden・Block 5・Lower Floor・Flat A,,,--,504ft²,@$22,Centaline
10/10/2024,The Merton・Tower 3・Lower Floor・Flat A,,,--,482ft²,@$51,Centaline
10/10/2024,Century Link・Phase 1・Tower 6B・Lower Floor・Flat 6,,,--,484ft²,@$37,Centaline
10/10/2024,The Pavilia Bay・Tower 1A・Upper Floor・Flat B,,,--,826ft²,@$44,Centaline
10/10/2024,Grandeur Gardens・Block B・Middle Floor・Flat B,,,--,408ft²,@$28,Centaline
10/10/2024,Tuen Mun Town Plaza・Phase 1・Block 3・Middle Floor・Flat H,,,--,369ft²,@$31,Centaline
10/10/2024,Tsuen Wan Centre・Block 5 (Anking House)・Lower Floor・Flat F,,,--,380ft²,@$32,Centaline
10/10/2024,The Paramount・Block 8・Flat E,,,--,857ft²,@$32,Centaline
10/10/2024,Garden Rivera・Block C・Lower Floor・Flat 1,,,--,269ft²,@$45,Centaline
10/10/2024,Tierra Verde・Phase 2・Block 9・Lower Floor・Flat B,,,--,765ft²,@$41,Centaline
10/10/2024,Bayview・Upper Floor・Flat B,,,--,602ft²,@$47,Centaline
10/10/2024,Greenfield Garden・Phase 3・Tower 10・Middle Floor・Flat A,,,--,450ft²,@$37,Centaline
10/10/2024,Valais,,,--,"2,016ft²",@$25,Centaline
10/10/2024,Wetland Seasons Bay・Phase 1・Tower 2A・Upper Floor・Flat A5,,,--,417ft²,@$33,Centaline
10/10/2024,Tin Wang Court・Wang Yuen House (Block B)・21/F・Flat 3,,$2.7M,--,401ft²,"@$6,733",Land Registry
10/10/2024,Lohas Park・Phase 10 Lp10・Tower 2 (2B)・19/F・Flat D,,$6.28M,,488ft²,"@$12,869",Land Registry
10/10/2024,Lohas Park・Phase 2B Le Prime・Tower 7 - R Wing・15/F・Flat B,,$6.64M,,732ft²,"@$9,068",Land Registry
10/10/2024,The Riverpark・Tower 2・36/F・Flat C,,$24.2M,,"1,262ft²","@$19,176",Land Registry
10/10/2024,Discovery Bay・Phase 4-Peninsula Vl Caperidge・24 Caperidge Drive,,$14M,,"1,381ft²","@$10,138",Land Registry
10/10/2024,Sorrento・Carpark・1/F・No.198,,$1.4M,--,--,--,Land Registry
10/10/2024,Tung Yuk Court・Tung Lai House (Block D)・18/F・Flat 1,,$6M,--,650ft²,"@$9,231",Land Registry
10/10/2024,The Pavilia Farm・Phase 2・Tower 6 (6A)・62/F・Flat E,,$10.85M,,488ft²,"@$22,234",Land Registry
10/10/2024,Race Tower・18/F・No. 81,,$8.58M,,589ft²,"@$14,567",Land Registry
10/10/2024,Yung Ming Court・Block A (Yun Ming House)・25/F・Flat 17,,$4.55M,--,382ft²,"@$11,911",Land Registry
10/10/2024,Kwun Shan Court・21/F・Flat 9,,$2.49M,--,--,--,Land Registry
10/10/2024,Parc Oasis・Tower 19 (47 Tat Chee Ave)・7/F・Flat C,,$9.1M,--,603ft²,"@$15,091",Land Registry
10/10/2024,The Palazzo・Block 9・62/F・Flat A,,$32M,,"1,845ft²","@$17,344",Land Registry
10/10/2024,The Palazzo・Block 9・62/F・Flat B,,$25M,,"1,411ft²","@$17,718",Land Registry
10/10/2024,Siu Tsui Court・Block A・28/F・Flat 1,,$3.41M,--,--,--,Land Registry
10/10/2024,Siu Tsui Court・Block A・1/F・Flat 7,,$2.36M,--,--,--,Land Registry
10/10/2024,Kai Yan Court・Block B・26/F・Flat 15,,$4.7M,--,--,--,Land Registry
10/10/2024,Kai Yan Court・Block B・12/F・Flat 5,,$3.55M,--,--,--,Land Registry
10/10/2024,Kai Yan Court・Block A・31/F・Flat 11,,$3.79M,--,--,--,Land Registry
10/10/2024,On Ying Court・Block A・20/F・Flat 6,,$2.95M,--,--,--,Land Registry
10/10/2024,On Ying Court・Block B・13/F・Flat 23,,$1.98M,--,--,--,Land Registry
10/10/2024,On Wah Court・Block B・6/F・Flat 14,,$3.38M,--,--,--,Land Registry
10/10/2024,On Lai Court・Block C・1/F・Flat 8,,$2.97M,--,--,--,Land Registry
10/10/2024,Ko Wang Court・Block B・37/F・Flat 21,,$2.78M,--,--,--,Land Registry
10/10/2024,Kwun Shan Court・6/F・Flat 7,,$3.15M,--,--,--,Land Registry
10/10/2024,Kai Yan Court・Block A・14/F・Flat 26,,$3.6M,--,--,--,Land Registry
10/10/2024,Ko Wang Court・Block A・25/F・Flat 8,,$1.55M,--,--,--,Land Registry
10/10/2024,Tierra Verde・Phase 2・Block 9・45/F・Flat G,,$7.65M,,516ft²,"@$14,826",Land Registry
10/10/2024,Cite 33・30/F・Flat C,,$7.65M,,474ft²,"@$16,139",Land Registry
10/10/2024,Wyler Gardens・Chong Chien Court・Block F・11/F・Flat 2,,$5M,--,456ft²,"@$10,965",Land Registry
10/10/2024,"Fairview Park・Section H, 2Nd Street・No. 21 (S.H Ss.151)",,$8.58M,,848ft²,"@$10,118",Land Registry
10/10/2024,Heng On Estate・Heng Yat House (Block 8)・25/F・Flat 12,,$2.8M,--,529ft²,"@$5,293",Land Registry
10/10/2024,United Building・Fung Yi Court・7/F・Flat 8,,$2.9M,--,287ft²,"@$10,105",Land Registry
10/10/2024,Tin Ping Estate・Tin Cheung House (Block 2)・27/F・Flat 10,,$1.5M,--,381ft²,"@$3,937",Land Registry
10/10/2024,Ching Tao Court・32/F・Flat 16,,$1.73M,--,--,--,Land Registry
10/10/2024,Cosmopolitan Estates・Tai Kwei Building (Block B)・6/F・Flat 3,,$2.15M,--,288ft²,"@$7,465",Land Registry
10/10/2024,La Costa・Carpark・3/F・No.6,,$1.06M,--,--,--,Land Registry
10/10/2024,Ching Tao Court・38/F・Flat 8,,$1.77M,--,--,--,Land Registry
10/10/2024,Ching Tao Court・21/F・Flat 10,,$2.11M,--,--,--,Land Registry
10/10/2024,Ching Tao Court・16/F・Flat 22,,$1.83M,--,--,--,Land Registry
10/10/2024,Ching Tao Court・18/F・Flat 22,,$1.84M,--,--,--,Land Registry
10/10/2024,Ching Tao Court・24/F・Flat 22,,$1.87M,--,--,--,Land Registry
10/10/2024,Ching Tao Court・36/F・Flat 10,,$2.18M,--,--,--,Land Registry
10/10/2024,Ching Tao Court・21/F・Flat 22,,$1.86M,--,--,--,Land Registry
10/10/2024,Ching Tao Court・8/F・Flat 11,,$1.72M,--,--,--,Land Registry
10/10/2024,Ching Tao Court・19/F・Flat 10,,$2.1M,--,--,--,Land Registry
10/10/2024,Ching Tao Court・29/F・Flat 21,,$1.73M,--,--,--,Land Registry
10/10/2024,Ching Tao Court・12/F・Flat 9,,$1.95M,--,--,--,Land Registry
10/10/2024,Ching Tao Court・28/F・Flat 11,,$1.84M,--,--,--,Land Registry
10/10/2024,Ching Tao Court・27/F・Flat 9,,$2.04M,--,--,--,Land Registry
10/10/2024,Ching Tao Court・28/F・Flat 22,,$1.88M,--,--,--,Land Registry
10/10/2024,Ching Tao Court・16/F・Flat 10,,$2.08M,--,--,--,Land Registry
10/10/2024,124B Waterloo Road・G/F・No. 124B,,$5.15M,--,827ft²,"@$6,227",Land Registry
10/10/2024,124B Waterloo Road・2/F・No. 124B,,$5M,--,853ft²,"@$5,862",Land Registry
10/10/2024,Choi Hing Court・Block B (Choi Wui House)・14/F・Flat 9,,$3.65M,--,372ft²,"@$9,812",Land Registry
10/10/2024,Alto Residences・Tower 8・8/F・Flat A,,$8.98M,--,629ft²,"@$14,277",Land Registry
10/10/2024,The Pavilia Forest・Phase 3 The Pavilia Forest III・Tower 1・16/F・Flat D,,$4.86M,--,263ft²,"@$18,464",Land Registry
10/10/2024,Kingswood Villas・Phase 7 Kenswood Court・Carpark・B/M・No.436,,$1M,--,--,--,Land Registry
10/10/2024,Cheong Yuen Building (Apartments)・7/F・Flat D,,$6M,,656ft²,"@$9,146",Land Registry
10/10/2024,Tai Po Centre・Phase 6・Block 12・23/F・Flat B,,$4.42M,,391ft²,"@$11,304",Land Registry
10/10/2024,Man Shing Building (Mansion)・10/F・Flat B,,$3M,--,440ft²,"@$6,818",Land Registry
10/10/2024,Palace Garden・Block B・12/F・Flat B2,,$11.7M,--,"1,152ft²","@$10,156",Land Registry
10/10/2024,Smithfield Terrace・Block B・14/F・Flat 7,,$3.68M,--,265ft²,"@$13,887",Land Registry
10/10/2024,Cherry Mansion・6/F・Flat H (No. 25),,$4M,--,615ft²,"@$6,504",Land Registry
10/10/2024,Bellagio・Carpark・2/F・No.R2033,,"$680,000",--,--,--,Land Registry
10/10/2024,Shing Hing Building・1/F・Flat F,,$2.68M,,313ft²,"@$8,562",Land Registry
10/10/2024,Yuet On Building・5/F・Flat C,,$3.56M,,363ft²,"@$9,807",Land Registry
10/10/2024,Lucky Plaza・Chuk Lam Court (Block D1)・11/F・Flat B,,$4.2M,--,390ft²,"@$10,769",Land Registry
10/10/2024,Kt Marina・Phase 1・Tower 2A・10/F・Flat G,,$5M,--,306ft²,"@$16,330",Land Registry
10/10/2024,Bal Residence・18/F・Flat C,,$5.11M,--,341ft²,"@$14,974",Land Registry
10/10/2024,South Horizons・Phase 4 The Oasis・Dover Court (Block 25)・8/F・Flat D,,$6.48M,,519ft²,"@$12,486",Land Registry
10/10/2024,Bauhinia Garden・Carpark・1/F・No.29,,"$750,000",--,--,--,Land Registry
10/10/2024,One East Coast・Tower 1B・7/F・Flat D,,$5.5M,,378ft²,"@$14,550",Land Registry
10/10/2024,Beneville・Block 1・7/F・Flat C,,$5.5M,,618ft²,"@$8,900",Land Registry
10/10/2024,Parc Oasis・Tower 22 (28 Grandeur Rd)・7/F・Flat E,,$10.1M,,654ft²,"@$15,443",Land Registry
10/10/2024,The Metro City・Phase 2・Carpark・BM2・No.Rc348,,"$900,000",--,--,--,Land Registry
10/10/2024,Kingswood Villas・Phase 7 Kenswood Court・Block 10・25/F・Flat H,,$4.48M,,547ft²,"@$8,190",Land Registry
10/10/2024,South Horizons・Phase 4 The Oasis・Albany Court (Block 32)・27/F・Flat G,,$8.5M,--,686ft²,"@$12,391",Land Registry
10/10/2024,Tin Ping Estate・Tin Hee House (Block 6)・32/F・Flat 17,,$2M,--,485ft²,"@$4,124",Land Registry
10/10/2024,Woodland Court・6/F・Flat A,,$5M,--,394ft²,"@$12,690",Land Registry
10/10/2024,Good View Court・12/F・Flat D,,$3.8M,--,465ft²,"@$8,172",Land Registry
10/10/2024,Valiant Court・16/F・Flat A,,$3.19M,,224ft²,"@$14,232",Land Registry
10/10/2024,Larchwood・15/F・Flat B,,$4.09M,--,210ft²,"@$19,467",Land Registry
10/10/2024,Metro Harbour View・Phase 2・Tower 10・23/F・Flat H,,$5.34M,,348ft²,"@$15,339",Land Registry
10/10/2024,Luk Yeung Sun Chuen・Block Q・13/F・Flat 2,,$5.18M,,451ft²,"@$11,486",Land Registry
10/10/2024,The Regent・Tower 8・9/F・Flat F,,$4.48M,,372ft²,"@$12,043",Land Registry
10/10/2024,Garden Rivera・Block A・14/F・Flat 2,,$3.47M,,269ft²,"@$12,900",Land Registry
10/10/2024,The Pacifica・Phase 1・Tower 5・32/F・Flat B,,$6.08M,,441ft²,"@$13,787",Land Registry
10/10/2024,Melody Garden・Block 2・26/F・Flat D,,$4.68M,--,695ft²,"@$6,734",Land Registry
10/10/2024,Novo Land・Phase 3B・Fiskars Tower 2A・33/F・Flat C,,$3.78M,--,292ft²,"@$12,933",Land Registry
10/10/2024,Penta House・4/F・Flat F,,$2.81M,--,417ft²,"@$6,739",Land Registry
10/10/2024,The Waterside・Tower 1・18/F・Flat E,,$5.48M,,483ft²,"@$11,346",Land Registry
10/10/2024,Ching Tao Court・22/F・Flat 12,,$1.34M,--,--,--,Land Registry
10/10/2024,Novo Land・Phase 3B・Fiskars Tower 1・25/F・Flat A1,,$8.21M,--,675ft²,"@$12,165",Land Registry
10/10/2024,The Metro City・Phase 2・Tower 11・37/F・Flat B,,$4.98M,,363ft²,"@$13,719",Land Registry
10/10/2024,Koko Hills・Phase 3A Koko Rosso・Tower 6・12/F・Flat B,,$8.74M,--,468ft²,"@$18,671",Land Registry
10/10/2024,The Esplanade・11/F・Flat U,,$2.95M,,231ft²,"@$12,771",Land Registry
10/10/2024,Lee Bo Building・25/F・Flat B,,$2.53M,,269ft²,"@$9,405",Land Registry
10/10/2024,Serenade Cove・Tower A・13/F・Flat 8,,$4.58M,,420ft²,"@$10,905",Land Registry
10/10/2024,Pokfulam Gardens・Block 3・24/F・Flat D,,$7.4M,,702ft²,"@$10,541",Land Registry
10/10/2024,Taikoo Shing・Kao Shan Terrace・(T-17) Kam Shan Mansion・11/F・Flat B,,$7.93M,,582ft²,"@$13,625",Land Registry
10/10/2024,The Horizon・Court A Tower 2・7/F・Flat A,,$29.33M,--,"1,328ft²","@$22,088",Land Registry
10/10/2024,The Horizon・Court A Tower 2・G/F・Flat A,,$31.54M,--,"1,342ft²","@$23,499",Land Registry
10/10/2024,Po Nga Court・Yat Wo House (Block A)・24/F・Flat 5,,$2.8M,--,447ft²,"@$6,264",Land Registry
10/10/2024,Manor Hill・Tower 1・36/F・Flat A6,,$4.25M,--,215ft²,"@$19,786",Land Registry
10/10/2024,L'aquatique・Block 2・7/F・Flat D2,,$9.85M,--,892ft²,"@$11,043",Land Registry
10/10/2024,Aegean Coast・Carpark・BM2・No.138,,"$860,000",--,--,--,Land Registry
10/10/2024,Novo Land・Phase 3B・Fiskars Tower 1・19/F・Flat D,,$5.27M,--,434ft²,"@$12,146",Land Registry
10/10/2024,Lai Ming Building・6/F・Flat C,,$2.8M,,324ft²,"@$8,642",Land Registry
10/10/2024,South Wave Court・Block 1・13/F・Flat E,,$3.88M,--,431ft²,"@$9,002",Land Registry
10/10/2024,Tai Hing Gardens・Phase 1・Block 1・22/F・Flat H,,$3.05M,--,428ft²,"@$7,126",Land Registry
10/10/2024,Yoho Town・Phase 2 Yoho Midtown・Block M7・42/F・Flat C,,$13.28M,,"1,026ft²","@$12,943",Land Registry
10/10/2024,Hampton Place・Tower 3・46/F・Flat A,,$8M,,469ft²,"@$17,058",Land Registry
10/10/2024,Novo Land・Phase 3B・Fiskars Tower 2A・20/F・Flat A1,,$8.5M,--,697ft²,"@$12,193",Land Registry
10/10/2024,Ocean Pride・Phase 3・Tower 10・32/F・Flat C,,$7.25M,,391ft²,"@$18,542",Land Registry
10/10/2024,Imperial Cullinan・Tower 6B・16/F・Flat C,,$25.2M,,"1,164ft²","@$21,649",Land Registry
10/10/2024,Wetland Seasons Bay・Phase 3・Tower 6B・5/F・Flat A8,,$6.27M,--,445ft²,"@$14,083",Land Registry
10/10/2024,Novo Land・Phase 3B・Fiskars Tower 1・25/F・Flat D,,$5.32M,--,434ft²,"@$12,261",Land Registry
10/10/2024,South Horizons・Phase 4 The Oasis・Albany Court (Block 32)・29/F・Flat H,,$8.15M,,634ft²,"@$12,855",Land Registry
10/10/2024,Eltanin‧Square Mile・Tower 1・9/F・Flat F,,$2.97M,,198ft²,"@$15,000",Land Registry
10/10/2024,Check Bo House・4/F・Flat B,,$2.3M,--,314ft²,"@$7,325",Land Registry
10/10/2024,Lai Tsui Court・Tower 2 (Lai Yung House)・9/F・Flat 11,,$4.45M,--,388ft²,"@$11,469",Land Registry
10/10/2024,Ching Tao Court・13/F・Flat 11,,$1.76M,--,--,--,Land Registry
10/10/2024,Wing Shing Building (Mansion)・14/F・Flat B,,$4.26M,,321ft²,"@$13,271",Land Registry
10/10/2024,South Horizons・Phase 1・Hoi Ngar Court (Block 3)・13/F・Flat H,,$7.3M,,598ft²,"@$12,207",Land Registry
10/10/2024,Amoy Gardens・Phase 1・Block G・10/F・Flat 4,,$3.8M,--,375ft²,"@$10,133",Land Registry
10/10/2024,Discovery Bay・Phase 5-Greenvale Village・Greenmont Court (Block 8)・14/F・Flat A,,$4.6M,,649ft²,"@$7,088",Land Registry
10/10/2024,Mei Foo Sun Chuen・Phase 1・5-7 Broadway・2/F・Flat C No. 5,,$6.18M,--,706ft²,"@$8,754",Land Registry
10/10/2024,Cheung On Estate・On Kong House (Block 3)・28/F・Flat 17,,$3M,--,485ft²,"@$6,186",Land Registry
10/10/2024,Jade Terrace・25/F・Flat D,,$10.71M,--,632ft²,"@$16,943",Land Registry
10/10/2024,Kwong Fai Mansion・27/F・Flat A,,$5.93M,,473ft²,"@$12,533",Land Registry
10/10/2024,Shun Cheong Building・21/F・Flat A,,$4.45M,,324ft²,"@$13,735",Land Registry
10/10/2024,Residence Bel-Air・Phase 4 Bel-Air On The Peak・Tower 5・33/F・Flat A,,$51M,,"1,798ft²","@$28,365",Land Registry
10/10/2024,Onmantin・Phase 2A・Tower 3・10/F・Flat G,,$12.16M,--,601ft²,"@$20,235",Land Registry
10/10/2024,Tak Fung House・6/F・Flat C (No. 251),,$3M,--,403ft²,"@$7,444",Land Registry
10/10/2024,Fortune Plaza・Kwai Cheong Court (Block 2)・7/F・Flat B,,$3.75M,--,339ft²,"@$11,062",Land Registry
10/10/2024,Lai Tsui Court・Tower 4 (Lai Ki House)・28/F・Flat 8,,$2.88M,--,287ft²,"@$10,035",Land Registry
10/10/2024,The Paddington・Block A・10/F・Flat A9,,$3.04M,--,185ft²,"@$16,419",Land Registry
10/10/2024,Man Yui Building・9/F・No. 172A,,$2.06M,--,309ft²,"@$6,667",Land Registry
10/10/2024,Hong Kong Garden・Phase 3・Block 28・3/F・Flat B,,$8.05M,,"1,382ft²","@$5,825",Land Registry
10/10/2024,Hong Kong Garden・Phase 3・Carpark・2/F・No.10 (Carpark D),,"$300,000",--,--,--,Land Registry
10/10/2024,Siu Yip House (Building)・8/F・Flat C (No. 187),,$2.6M,--,286ft²,"@$9,091",Land Registry
10/10/2024,Dragons Range・Court D Tower 2・17/F・Flat F,,$6.36M,,--,--,Land Registry
10/10/2024,Po Ming Court・Po Pak House (Block B)・23/F・Flat 2,,$3.15M,--,429ft²,"@$7,343",Land Registry
10/10/2024,Siu Lun Court・Yiu Lun House (Block D)・16/F・Flat 8,,$2.75M,--,401ft²,"@$6,858",Land Registry
10/10/2024,Novo Land・Phase 3B・Fiskars Tower 2A・12/F・Flat J,,$4.89M,--,400ft²,"@$12,225",Land Registry
10/10/2024,Well On Garden・Block 4・5/F・Flat C,,$5M,--,502ft²,"@$9,960",Land Registry
10/10/2024,Tierra Verde・Phase 2・Block 12・28/F・Flat E,,$12.2M,,761ft²,"@$16,032",Land Registry
10/10/2024,Tai Hing Building・2/F・Flat B,,$5.14M,,367ft²,"@$14,000",Land Registry
10/10/2024,Novo Land・Phase 3B・Fiskars Tower 2A・17/F・Flat C,,$3.69M,--,292ft²,"@$12,646",Land Registry
10/10/2024,Gold Coast Bay・Phase 1 The Uppland・Tower 3・9/F・Flat H,,$3.28M,--,312ft²,"@$10,500",Land Registry
10/10/2024,Victoria Skye・Ocean Waves Tower 2・27/F・Flat C,,$7.82M,,461ft²,"@$16,963",Land Registry
10/10/2024,The Pacifica・Phase 2・Tower 6 (Belle Mer)・42/F・Flat E,,$7.2M,,484ft²,"@$14,876",Land Registry
10/10/2024,Taikoo Shing・Kam Din Terrace・(T-19) Tang Kung Mansion・15/F・Flat A,,$6.6M,--,489ft²,"@$13,497",Land Registry
10/10/2024,Lai Tsui Court・Tower 2 (Lai Yung House)・3/F・Flat 8,,$2.55M,--,287ft²,"@$8,885",Land Registry
10/10/2024,Tsui Chuk Garden・Block 8・4/F・Flat G,,$3.42M,--,592ft²,"@$5,777",Land Registry
10/10/2024,View Mansion・3/F・No. 5M,,$36M,,"1,539ft²","@$23,392",Land Registry
10/10/2024,Tsuen King Garden・Phase 1・Block 3・30/F・Flat G,,$4.88M,,499ft²,"@$9,780",Land Registry
10/10/2024,Larchwood・20/F・Flat J,,$5.49M,--,259ft²,"@$21,189",Land Registry
10/10/2024,Kien May Building・1/F・No. 89,,$3.3M,--,551ft²,"@$5,989",Land Registry
10/10/2024,Manor Hill・Tower 2・38/F・Flat C3,,$4.21M,--,217ft²,"@$19,419",Land Registry
10/10/2024,On Wo Gardens・On Hong Building・4/F・Flat G,,$2.4M,--,262ft²,"@$9,160",Land Registry
10/10/2024,Laguna City・Phase 1・Carpark・B/M・No.123,,$1.5M,--,--,--,Land Registry
10/10/2024,Luso Apartments・Block A・1/F・Flat 2/4/6/8/10/12/14/16/18/20,,$22M,--,"1,607ft²","@$13,690",Land Registry
10/10/2024,48-48B Nga Tsin Long Road・1/F・No. 48A,,$4.38M,,501ft²,"@$8,743",Land Registry
10/10/2024,Mont Verra・Tower 5・2/F・Flat A,,$191.8M,--,"4,274ft²","@$44,876",Land Registry
10/10/2024,Chi Fu Fa Yuen・Fu Lai Yuen (Block H-1)・6/F・Flat B,,$6.1M,--,588ft²,"@$10,374",Land Registry
10/10/2024,Grand Homm・Tower 1・23/F・Flat A,,$35M,--,"1,367ft²","@$25,604",Land Registry
10/10/2024,Ching Tao Court・18/F・Flat 12,,$1.33M,--,--,--,Land Registry
10/10/2024,Kam Fung Court・Kam Ho House (Block H)・1/F・Flat 12,,$4.3M,--,652ft²,"@$6,595",Land Registry
10/10/2024,Mei Chung Court・Lok Chung House (Block F)・5/F・Flat 10,,$2.78M,--,401ft²,"@$6,933",Land Registry
10/10/2024,The Pavilia Bay・Carpark・BM1・No.63,,$2.6M,--,--,--,Land Registry
10/10/2024,Larchwood・11/F・Flat B,,$3.99M,--,210ft²,"@$18,990",Land Registry
10/10/2024,On Foo Building・7/F・Flat C,,$3.2M,--,363ft²,"@$8,815",Land Registry
10/10/2024,Mei Pak Court・3/F・Flat 6,,$4.07M,--,447ft²,"@$9,101",Land Registry
10/10/2024,Garden Rivera・Block A・33/F・Flat 5,,$3.3M,,269ft²,"@$12,268",Land Registry
10/10/2024,Shatinpark・Stage 1・Escort Garden (Block 1)・13/F・Flat H,,$3.19M,,297ft²,"@$10,741",Land Registry
10/10/2024,Pano Harbour・Tower 8・23/F・Flat A,,$53.87M,--,"1,523ft²","@$35,369",Land Registry
10/10/2024,Tak Nga Court・28/F・Flat 23,,$2.8M,--,443ft²,"@$6,321",Land Registry
10/10/2024,Luk Yeung Sun Chuen・Block J・22/F・Flat 4,,$6.5M,,582ft²,"@$11,168",Land Registry
10/10/2024,Foo Yu Building・Block B・21/F・Flat B4,,$3.45M,,374ft²,"@$9,225",Land Registry
10/10/2024,The Arles・Tower 2・42/F・Flat A,,$6.53M,--,325ft²,"@$20,095",Land Registry
10/10/2024,Novo Land・Phase 3B・Fiskars Tower 1・20/F・Flat L,,$6.49M,--,512ft²,"@$12,681",Land Registry
10/10/2024,Novo Land・Phase 3B・Fiskars Tower 2A・11/F・Flat C,,$3.67M,--,292ft²,"@$12,575",Land Registry
10/10/2024,Novo Land・Phase 3B・Fiskars Tower 1・17/F・Flat D,,$5.25M,--,434ft²,"@$12,100",Land Registry
10/10/2024,Sun Court・7/F・Flat H,,$2.5M,,258ft²,"@$9,690",Land Registry
10/10/2024,Hong Lai Garden・Block 2・7/F・Flat H,,$2.9M,,362ft²,"@$8,011",Land Registry
10/10/2024,Bellagio・Phase 1・Tower 9・50/F・Flat E,,$5.4M,,517ft²,"@$10,445",Land Registry
10/10/2024,Tsing Yi Garden・Block 2・9/F・Flat G,,$5.6M,,547ft²,"@$10,238",Land Registry
10/10/2024,Fanling Centre・Phase 2・Block K・11/F・Flat 2,,$5.27M,,510ft²,"@$10,333",Land Registry
10/10/2024,Royal Green・Tower 1・2/F・Flat E,,$6.11M,,546ft²,"@$11,190",Land Registry
10/10/2024,Waldorf Garden・Block 3・4/F・Flat B,,$3.28M,,412ft²,"@$7,956",Land Registry
10/10/2024,Lohas Park・Phase 3A Hemera・Diamond (Tower 1)・47/F・Flat Lb,,$13.2M,,"1,146ft²","@$11,518",Land Registry
10/10/2024,Belair Gardens・Carpark・NO.52・No.544,,"$600,000",--,--,--,Land Registry
10/10/2024,Mount Parker Lodge・Block A・28/F・Flat 5,,$6.99M,,699ft²,"@$10,000",Land Registry
10/10/2024,Larchwood・12/F・Flat H,,$3.99M,--,204ft²,"@$19,549",Land Registry
10/10/2024,Monte Vista・Block 2・36/F・Flat B,,$12.8M,,"1,118ft²","@$11,449",Land Registry
10/10/2024,Delightful Mansion・13/F・Flat D,,$5.5M,,461ft²,"@$11,931",Land Registry
10/10/2024,The Grandiose・Block 2・47/F・Flat J,,$9M,,651ft²,"@$13,825",Land Registry
10/10/2024,Kam Hay Court・Kam Foon House (Block A)・34/F・Flat 9,,$3.1M,--,554ft²,"@$5,596",Land Registry
10/10/2024,Ka Tin Court・Ka Yin House (Block C)・1/F・Flat 7,,$3M,--,469ft²,"@$6,397",Land Registry
10/10/2024,Shaukiwan Centre・Block 3 (Block C)・20/F・Flat C,,$3.68M,,304ft²,"@$12,105",Land Registry
10/10/2024,Westview Height・13/F・Flat C,,$4.23M,,264ft²,"@$16,023",Land Registry
10/10/2024,The Reach・Tower 13・12/F・Flat D,,$4.27M,,425ft²,"@$10,035",Land Registry
10/10/2024,Timley Court・4/F・No. 99,,$4M,--,300ft²,"@$13,333",Land Registry
10/10/2024,Ava 61・16/F・Flat E,,$2.9M,,161ft²,"@$18,012",Land Registry
10/10/2024,Aqua Marine・Carpark・3/F・No.P216,,$1.38M,--,--,--,Land Registry
10/10/2024,Caribbean Coast・Phase 3 Carmel Cove・Tower 10・52/F・Flat F,,$6M,,565ft²,"@$10,619",Land Registry
10/10/2024,Savannah・Tower 1・2/F・Flat C,,$11M,,689ft²,"@$15,965",Land Registry
10/10/2024,Ocean Pride・Phase 3A Ocean Supreme・Tower 5A・41/F・Flat C,,$14.3M,,812ft²,"@$17,611",Land Registry
10/10/2024,Silver Court・10/F・Flat B,,$7.4M,,713ft²,"@$10,379",Land Registry
10/10/2024,Tsing Yi Garden・Block 5・5/F・Flat E,,$4.13M,,343ft²,"@$12,041",Land Registry
10/10/2024,Koko Hills・Phase 3B Koko Mare・Tower 8・7/F・Flat G,,$8.02M,--,441ft²,"@$18,195",Land Registry
10/10/2024,The Bloomsway・The Laguna Tower 2・7/F・Flat B,,$10.5M,,976ft²,"@$10,758",Land Registry
10/10/2024,The Bloomsway・Carpark・B/M・No.C7 (The Laguna),,$2M,--,--,--,Land Registry
10/10/2024,Park View Garden・Block 1・29/F・Flat G,,$7.32M,,662ft²,"@$11,054",Land Registry
10/10/2024,Garden Vista・Phase 2・Block E・2/F・Flat 7,,$6.6M,,688ft²,"@$9,593",Land Registry
10/10/2024,129 Pei Ho Street・8/F・No. 129,,$2.98M,--,558ft²,"@$5,341",Land Registry
10/10/2024,30 Pei Ho Street・6/F・No. 30,,$3.7M,--,648ft²,"@$5,710",Land Registry
10/10/2024,St. George's Mansions・Tower 2・16/F・Flat C,,$23.45M,--,723ft²,"@$32,430",Land Registry
10/10/2024,Wing Cheung Building・9/F・Flat E,,$2.5M,--,--,--,Land Registry
10/10/2024,Belair Monte・Carpark・2/F・No.C6,,$1.2M,--,--,--,Land Registry
10/10/2024,Shing Yip Mansion・3/F・Flat C,,$2.88M,--,293ft²,"@$9,829",Land Registry
10/10/2024,The Hermitage・Tower 7・19/F・Flat E,,$5.83M,,301ft²,"@$19,362",Land Registry
10/10/2024,Ko Wang Court・Block A・38/F・Flat 18,,$1.82M,--,--,--,Land Registry
10/10/2024,Koko Hills・Phase 3B Koko Mare・Tower 8・3/F・Flat K,,$7.96M,--,432ft²,"@$18,431",Land Registry
10/10/2024,Sun Hing Building・15/F・Flat 16A,,$2M,,207ft²,"@$9,662",Land Registry
10/10/2024,Wah May Building・Block A・8/F・Flat A2,,$3M,,350ft²,"@$8,571",Land Registry
10/10/2024,Hong Wah Court・Chung Hong House (Block C)・19/F・Flat 5,,$3.2M,--,380ft²,"@$8,421",Land Registry
10/10/2024,Island Resort・Tower 5・8/F・Flat A,,$8.8M,--,729ft²,"@$12,071",Land Registry
10/10/2024,Conduit Tower・29/F・Flat D,,$12.75M,,705ft²,"@$18,085",Land Registry
10/10/2024,Twin Regency・Tower 2・22/F・Flat J,,$4.15M,,394ft²,"@$10,533",Land Registry
10/10/2024,Pierhead Garden・Tower 2・30/F・Flat C,,$4.48M,,521ft²,"@$8,599",Land Registry
10/10/2024,Viking Court・3/F・Flat C,,$3.99M,,324ft²,"@$12,315",Land Registry
10/10/2024,Braemar Hill Mansions・Block 1・7/F・Flat B,,$17.88M,,"1,124ft²","@$15,907",Land Registry
10/10/2024,June Garden・Block 2・5/F・Flat F,,$3.55M,--,360ft²,"@$9,861",Land Registry
9/10/2024,Amoy Gardens・Phase 2A・Block I・Upper Floor・Flat 2,,$4.6M,--,391ft²,"@$11,765",Centaline
9/10/2024,South Horizons・Phase 4 The Oasis・Dover Court (Block 25)・Lower Floor・Flat D,,$6.48M,--,519ft²,"@$12,486",Centaline
9/10/2024,Ocean Shores・Phase 1・Tower 1・Middle Floor・Flat B,,$7.3M,--,784ft²,"@$9,311",Centaline
9/10/2024,The Concerto・Lower Floor・Flat A,,,--,294ft²,@$49,Centaline
9/10/2024,Banyan Garden・Phase 2・Tower 8・Upper Floor・Flat F,,,--,509ft²,@$41,Centaline
9/10/2024,Mei Foo Sun Chuen・Phase 3・49-51 Broadway・Upper Floor・Flat B No. 49,,,--,511ft²,@$33,Centaline
9/10/2024,Discovery Bay・Phase 3-Hillgrove Village・Elegance Court・Middle Floor・Flat B,,,--,398ft²,@$32,Centaline
9/10/2024,Royal Green・Tower 1・Lower Floor・Flat G,,,--,414ft²,@$29,Centaline
9/10/2024,Upper East・Middle Floor・Flat K (T1C),,,--,216ft²,@$60,Centaline
9/10/2024,Bellagio・Phase 1・Tower 6・Lower Floor・Flat H,,,--,517ft²,@$27,Centaline
9/10/2024,Hong Kong Garden・Phase 1・Block 4・Lower Floor・Flat C,,,--,513ft²,@$28,Centaline
9/10/2024,The Beaumount・II・Tower 1・Upper Floor・Flat G,,,--,504ft²,@$31,Centaline
9/10/2024,Laguna City・Phase 1・Block 14・Lower Floor・Flat E,,,--,687ft²,@$31,Centaline
9/10/2024,Greenfield Garden・Phase 2・Tower 9・Lower Floor・Flat C,,,--,366ft²,@$38,Centaline
9/10/2024,Ocean Shores・Phase 3・Tower 15・Middle Floor・Flat B,,,--,405ft²,@$44,Centaline
9/10/2024,Monaco One・Phase 1・Tower 2B・Lower Floor・Flat F,,,--,328ft²,@$53,Centaline
9/10/2024,La Vogue Court・Middle Floor・Flat A,,,--,"1,003ft²",@$42,Centaline
9/10/2024,The Quinn ‧ Square Mile・Tower 1・Middle Floor・Flat B,,,--,280ft²,@$59,Centaline
9/10/2024,Fanling Town Center・Forum Court (Block 6)・Middle Floor・Flat G,,,--,369ft²,@$34,Centaline
9/10/2024,Coastal Skyline・Phase 3 La Rossa・La Rossa B (Tower 8)・Middle Floor・Flat F,,,--,531ft²,@$39,Centaline
9/10/2024,Savannah・Tower 2A・Lower Floor・Flat G,,,--,312ft²,@$50,Centaline
9/10/2024,Shun Hing Building・Lower Floor・No. 13 (Flat B),,,--,432ft²,@$36,Centaline
9/10/2024,Hang Lung Bank Eastern Branch Building・Upper Floor・Flat B,,,--,485ft²,@$34,Centaline
9/10/2024,The Cairnhill・Phase 1・Block 5・Upper Floor・Flat B,,,--,"1,158ft²",@$30,Centaline
9/10/2024,The Grand Marine・Tower 1A・Lower Floor・Flat F,,,--,299ft²,@$47,Centaline
9/10/2024,Tai Po Centre・Phase 2・Block 4・Lower Floor・Flat G,,,--,313ft²,@$40,Centaline
9/10/2024,Yoho Town・Phase 2 Yoho Midtown・Block M3・Upper Floor・Flat E,,,--,507ft²,@$35,Centaline
9/10/2024,Oceania Heights・Tower 1・Upper Floor・Flat C,,,--,485ft²,@$29,Centaline
9/10/2024,J Residence・Upper Floor・Flat 11,,,--,358ft²,@$50,Centaline
9/10/2024,Ocean Pride・Phase 3・Tower 8・Upper Floor・Flat C,,,--,391ft²,@$52,Centaline
9/10/2024,Taikoo Shing・Harbour View Gardens (West)・(T-34) Banyan Mansion・Middle Floor・Flat G,,,--,"1,015ft²",@$38,Centaline
9/10/2024,Kingswood Villas・Phase 1 Locwood Court・Block 2・Lower Floor・Flat H,,,--,552ft²,@$24,Centaline
9/10/2024,The Grand Marine・Tower 1・Middle Floor・Flat F,,,--,313ft²,@$47,Centaline
9/10/2024,Century Link・Phase 2・Tower 1B・Middle Floor・Flat 10,,,--,379ft²,@$41,Centaline
9/10/2024,Noble Hill・Tower 8 - Hill Top・Middle Floor・Flat D,,,--,503ft²,@$28,Centaline
9/10/2024,Villa By The Park・Block 2・Middle Floor・Flat C,,,--,426ft²,@$30,Centaline
9/10/2024,Novo Land・Phase 3B・Fiskars Tower 1・20/F・Flat J,,$5.89M,--,472ft²,"@$12,473",Land Registry
9/10/2024,Park Yoho・Phase 2B Park Yoho Napoli・Tower 21A・10/F・Flat B,,$8.29M,--,718ft²,"@$11,546",Land Registry
9/10/2024,Grand Court・Carpark・2/F・No.12,,"$300,000",--,--,--,Land Registry
9/10/2024,Cheong Fung Mansion・2/F・Flat L,,$3M,--,353ft²,"@$8,499",Land Registry
9/10/2024,Harbour Place・Tower 1・7/F・Flat A,,$6.55M,,432ft²,"@$15,162",Land Registry
9/10/2024,Novo Land・Phase 3B・Fiskars Tower 1・20/F・Flat D,,$5.37M,--,434ft²,"@$12,381",Land Registry
9/10/2024,Tai Po Centre・Phase 3・Block 22・11/F・Flat H,,$3.18M,--,325ft²,"@$9,785",Land Registry
9/10/2024,Kam Fung Building・8/F・Flat A,,$5.56M,,547ft²,"@$10,165",Land Registry
9/10/2024,The Orchards・Tower 1・11/F・Flat C,,$10.18M,,611ft²,"@$16,661",Land Registry
9/10/2024,Bauhinia Garden・Tower 5・26/F・Flat G,,$5.05M,--,484ft²,"@$10,434",Land Registry
9/10/2024,Long Ping Estate・Po Ping House・15/F・Flat 8,,$1.45M,--,358ft²,"@$4,050",Land Registry
9/10/2024,Kam Tai Court・Kam Man House (Block L)・22/F・Flat 3,,$4.2M,--,521ft²,"@$8,061",Land Registry
9/10/2024,East Point City・Block 5・29/F・Flat F,,$5.95M,,466ft²,"@$12,768",Land Registry
9/10/2024,The Sherwood・Tower 8・9/F・Flat H,,$3M,,361ft²,"@$8,310",Land Registry
9/10/2024,Tsui Lai Garden・Block 1・26/F・Flat K,,$5.5M,--,590ft²,"@$9,322",Land Registry
9/10/2024,Kwan Tak Building・2/F・Flat Q,,$2.9M,--,521ft²,"@$5,566",Land Registry
9/10/2024,Lai Bo Building・19/F・Flat E,,$2.5M,--,238ft²,"@$10,504",Land Registry
9/10/2024,On Sau Court・Block B・9/F・Flat 13,,$2.99M,--,--,--,Land Registry
9/10/2024,On Sau Court・Block B・20/F・Flat 16,,$3.01M,--,--,--,Land Registry
9/10/2024,On Sau Court・Block B・19/F・Flat 28,,$3.1M,--,--,--,Land Registry
9/10/2024,On Sau Court・Block A・25/F・Flat 1,,$3.15M,--,--,--,Land Registry
9/10/2024,On Sau Court・Block B・14/F・Flat 18,,$2.54M,--,--,--,Land Registry
9/10/2024,On Sau Court・Block A・10/F・Flat 21,,$2.62M,--,--,--,Land Registry
9/10/2024,On Sau Court・Block B・24/F・Flat 26,,$1.93M,--,--,--,Land Registry
9/10/2024,On Sau Court・Block A・13/F・Flat 1,,$3.04M,--,--,--,Land Registry
9/10/2024,On Sau Court・Block A・30/F・Flat 30,,$2.55M,--,--,--,Land Registry
9/10/2024,On Sau Court・Block A・16/F・Flat 23,,$2.66M,--,--,--,Land Registry
9/10/2024,On Sau Court・Block B・24/F・Flat 28,,$3.14M,--,--,--,Land Registry
9/10/2024,On Sau Court・Block A・15/F・Flat 30,,$2.45M,--,--,--,Land Registry
9/10/2024,On Sau Court・Block A・21/F・Flat 25,,$2.55M,--,--,--,Land Registry
9/10/2024,Kwun Shan Court・4/F・Flat 12,,$1.99M,--,--,--,Land Registry
9/10/2024,Kwun Shan Court・6/F・Flat 15,,$2.81M,--,--,--,Land Registry
9/10/2024,Kai Chuen Court・Block 3 (Kai Chi House)・15/F・Flat 3,,$1.8M,--,--,--,Land Registry
9/10/2024,Kwun Shan Court・19/F・Flat 5,,$3.49M,--,--,--,Land Registry
9/10/2024,Kai Chuen Court・Block 3 (Kai Chi House)・19/F・Flat 8,,$1.84M,--,--,--,Land Registry
9/10/2024,Kwun Shan Court・20/F・Flat 9,,$2.48M,--,--,--,Land Registry
9/10/2024,Kai Chuen Court・Block 5 (Kai Wu House)・27/F・Flat 11,,$2.86M,--,--,--,Land Registry
9/10/2024,Kai Chuen Court・Block 4 (Kai Tao House)・15/F・Flat 20,,$2.55M,--,--,--,Land Registry
9/10/2024,Kwun Shan Court・19/F・Flat 3,,$2.88M,--,--,--,Land Registry
9/10/2024,Kwun Shan Court・34/F・Flat 3,,$3.03M,--,--,--,Land Registry
9/10/2024,On Sau Court・Block B・32/F・Flat 15,,$2.63M,--,--,--,Land Registry
9/10/2024,On Sau Court・Block A・3/F・Flat 17,,$2.4M,--,--,--,Land Registry
9/10/2024,Kt Marina・Phase 1・Tower 2B・6/F・Flat F,,$4.94M,--,307ft²,"@$16,088",Land Registry
9/10/2024,The Metro City・Phase 2・Tower 8・1/F・Flat C,,$4.63M,,363ft²,"@$12,755",Land Registry
9/10/2024,Palatial Coast・Grand Pacific View・Block 2・6/F・Flat D,,$8.2M,--,"1,186ft²","@$6,914",Land Registry
9/10/2024,Kingswood Villas・Phase 1 Locwood Court・Block 9・27/F・Flat G,,$4.38M,--,548ft²,"@$7,993",Land Registry
9/10/2024,Siu Hin Court・Yat Sang House (Block B)・2/F・Flat 15,,$2.89M,--,407ft²,"@$7,096",Land Registry
9/10/2024,One Kai Tak・Il・Tower 5・17/F・Flat A,,$9.5M,,547ft²,"@$17,367",Land Registry
9/10/2024,Cheung Hing Mansion・2/F・Flat B,,$2.8M,--,349ft²,"@$8,023",Land Registry
9/10/2024,Connaught Garden・Block 2・25/F・Flat G,,$5.5M,,334ft²,"@$16,467",Land Registry
9/10/2024,Park Island・Phase 5 Oceancrest・Tower 29・21/F・Flat B,,$5.6M,,526ft²,"@$10,646",Land Registry
9/10/2024,Metropolitan Rise・22/F・Flat H,,$5M,,385ft²,"@$12,987",Land Registry
9/10/2024,Standard Building・5/F・Flat A (No. 152),,$2.48M,--,563ft²,"@$4,405",Land Registry
9/10/2024,Kwai Hong Court・Kwai Yat House (Block B)・11/F・Flat 1,,$4.7M,--,578ft²,"@$8,131",Land Registry
9/10/2024,Harbour Park・5/F・Flat B,,$2.36M,--,205ft²,"@$11,512",Land Registry
9/10/2024,Novum West・Tower 1・23/F・Flat D,,$4.65M,,219ft²,"@$21,233",Land Registry
9/10/2024,The Harbourside・Tower 3・19/F・Flat B,,$26.38M,,"1,049ft²","@$25,148",Land Registry
9/10/2024,Larchwood・18/F・Flat H,,$4.49M,--,204ft²,"@$22,000",Land Registry
9/10/2024,Larchwood・16/F・Flat H,,$4.09M,--,204ft²,"@$20,039",Land Registry
9/10/2024,Larchwood・6/F・Flat C,,$3.89M,--,203ft²,"@$19,153",Land Registry
9/10/2024,Paradise Square・29/F・Flat G,,$6.55M,,454ft²,"@$14,427",Land Registry
9/10/2024,Mei Foo Sun Chuen・Phase 5・2-4 Nassau Street・9/F・Flat C No. 4,,$6.2M,--,508ft²,"@$12,205",Land Registry
9/10/2024,Kiu Fat Building・Front Block (Block B)・6/F・Flat 2,,$5.8M,--,418ft²,"@$13,876",Land Registry
9/10/2024,Ching Tao Court・31/F・Flat 22,,$1.89M,--,--,--,Land Registry
9/10/2024,Pearl Island Garden・Block 4・G/F・Flat B,,$5.3M,--,753ft²,"@$7,039",Land Registry
9/10/2024,Yue Hing Building・10/F・Flat A,,$2.5M,--,217ft²,"@$11,521",Land Registry
9/10/2024,Castello・Block 3・31/F・Flat E,,$6.69M,,547ft²,"@$12,227",Land Registry
9/10/2024,Wing Fok Centre・Block 3・21/F・Flat G,,$3.58M,--,588ft²,"@$6,088",Land Registry
9/10/2024,Serene Garden・Block 2・21/F・Flat C,,$4.82M,--,590ft²,"@$8,169",Land Registry
9/10/2024,Kiu Kin Mansion・15/F・No. 568A,,$3.78M,,513ft²,"@$7,368",Land Registry
9/10/2024,Cheung Fat Mansion・9/F・Flat I,,$1.75M,,199ft²,"@$8,794",Land Registry
9/10/2024,Shatin Centre・On Ning Building (Block E)・9/F・Flat C,,$4.38M,,347ft²,"@$12,622",Land Registry
9/10/2024,24 Lung Sum Avenue・1/F・Front,,$2.85M,--,556ft²,"@$5,126",Land Registry
9/10/2024,Full Wealth Gardens・Block 3 (Golden Maple Court)・4/F・Flat G,,$4.75M,,451ft²,"@$10,532",Land Registry
9/10/2024,The Highline・22/F・Flat J,,$4.27M,--,211ft²,"@$20,227",Land Registry
9/10/2024,Monaco One・Phase 2 Monaco Marine・Mansion D・6/F・Flat A,,$15M,,--,--,Land Registry
9/10/2024,Sun View Court・6/F・Flat A,,$6.98M,--,478ft²,"@$14,603",Land Registry
9/10/2024,Uptown・Tower 7・17/F・Flat A,,$4.1M,,529ft²,"@$7,750",Land Registry
9/10/2024,Lai Yan Court・Lai Ying House (Block A)・9/F・Flat 7,,$3.6M,--,432ft²,"@$8,333",Land Registry
9/10/2024,Ching Tai Court・Hung Tai House (Block G)・25/F・Flat 1,,$3.8M,--,554ft²,"@$6,859",Land Registry
9/10/2024,Wah Fung Garden・19/F・Flat H,,$4.78M,,515ft²,"@$9,282",Land Registry
9/10/2024,Kingswood Villas・Phase 7 Kenswood Court・Block 10・25/F・Flat G,,$4.15M,,547ft²,"@$7,587",Land Registry
9/10/2024,Man Wah Building・18/F・Flat 14(No.12),,$5.3M,--,710ft²,"@$7,465",Land Registry
9/10/2024,165 Fa Yuen Street・8/F・No. 165,,$3.13M,--,706ft²,"@$4,426",Land Registry
9/10/2024,Po Hang Building・Block B・5/F・Flat B2,,$3.35M,--,343ft²,"@$9,767",Land Registry
9/10/2024,Sun Lee Building・19/F・Flat J,,$2.43M,--,280ft²,"@$8,679",Land Registry
9/10/2024,Island Harbourview・Tower 10・2/F・Flat C,,$13.28M,,786ft²,"@$16,896",Land Registry
9/10/2024,Hollywood Hill・5/F・Flat A,,$6.95M,--,--,--,Land Registry
9/10/2024,The Waterfront・Phase 2・Tower 7・19/F・Flat D,,$19M,--,"1,127ft²","@$16,859",Land Registry
9/10/2024,Ko Wai Building・3/F・Flat I,,$2.5M,,343ft²,"@$7,289",Land Registry
9/10/2024,Kwong Yuen Building・5/F・Flat E,,$3.2M,,393ft²,"@$8,142",Land Registry
9/10/2024,Ching Tao Court・34/F・Flat 9,,$2.07M,--,--,--,Land Registry
9/10/2024,Walton Estate・Tak Hay House (Block 4)・5/F・Flat D,,$4M,--,429ft²,"@$9,324",Land Registry
9/10/2024,Shui Fung Building・14/F・Flat A,,$3M,,237ft²,"@$12,658",Land Registry
9/10/2024,Mount Regency・Phase 1・Tower 1B・12/F・Flat A,,$7.95M,--,468ft²,"@$16,985",Land Registry
9/10/2024,The Coronation・Tower 3・32/F・Flat A,,$26M,--,"1,614ft²","@$16,109",Land Registry
9/10/2024,The Horizon・House 2,,$79M,--,"4,090ft²","@$19,315",Land Registry
9/10/2024,Ching Tao Court・15/F・Flat 11,,$1.77M,--,--,--,Land Registry
9/10/2024,Ching Tao Court・17/F・Flat 9,,$1.98M,--,--,--,Land Registry
9/10/2024,Ching Tao Court・8/F・Flat 9,,$1.91M,--,--,--,Land Registry
9/10/2024,Grand Victoria・Phase 3・Tower 2・3/F・Flat A,,$12.71M,--,584ft²,"@$21,763",Land Registry
9/10/2024,Seaview Crescent・Block 1・8/F・Flat B,,$8.18M,,844ft²,"@$9,692",Land Registry
9/10/2024,Ocean Pride・Phase 3・Tower 9・33/F・Flat A,,$8.88M,--,519ft²,"@$17,110",Land Registry
9/10/2024,Kam Fung Court・Kam Wai House (Block C)・27/F・Flat 7,,$4.79M,--,433ft²,"@$11,058",Land Registry
9/10/2024,Serenity Park・Phase 1・Block 1・23/F・Flat C,,$5M,,445ft²,"@$11,236",Land Registry
9/10/2024,Tai Yin Lodge・12/F・No. 15,,$7.2M,,505ft²,"@$14,257",Land Registry
9/10/2024,Lei On Court・Lei Ting House (Block F)・33/F・Flat 2,,$5.1M,--,516ft²,"@$9,884",Land Registry
9/10/2024,Ching Tao Court・38/F・Flat 11,,$1.87M,--,--,--,Land Registry
9/10/2024,Bauhinia Garden・Tower 3・25/F・Flat C,,$4.95M,--,484ft²,"@$10,227",Land Registry
9/10/2024,Larvotto・Tower 8・7/F・Flat A,,$20M,,"1,026ft²","@$19,493",Land Registry
9/10/2024,Yue Fai Court・Tin Fai House (Block F)・23/F・Flat 6,,$3.7M,--,384ft²,"@$9,635",Land Registry
9/10/2024,Yen Dack Building・2/F・Flat C,,$3M,--,491ft²,"@$6,110",Land Registry
9/10/2024,Hong Tak Gardens・Tower 2・20/F・Flat B,,$3.35M,,363ft²,"@$9,229",Land Registry
9/10/2024,Hollywood Hill・11/F・Flat A,,$7.3M,--,--,--,Land Registry
9/10/2024,Greenwood Terrace・Carpark・2/F・No.167,,"$700,000",--,--,--,Land Registry
9/10/2024,Parc Versailles・Phase 1・Carpark・G/F・No.17,,$1.58M,--,--,--,Land Registry
9/10/2024,Parc Versailles・Phase 1・Block 2・5/F・Flat B,,$9.2M,,"1,085ft²","@$8,479",Land Registry
9/10/2024,Banyan Garden・Carpark・3/F・No.278,,$1.18M,--,--,--,Land Registry
9/10/2024,Shun Chi Court・Shun Tai House (Block E)・12/F・Flat 14,,$4.4M,--,560ft²,"@$7,857",Land Registry
9/10/2024,Taikoo Shing・Horizon Gardens・(T-55) Kai Tien Mansion・8/F・Flat C,,$10M,,797ft²,"@$12,547",Land Registry
9/10/2024,Hong Tin Court・Wo Hong House (Block B)・17/F・Flat 2,,$5.11M,--,550ft²,"@$9,287",Land Registry
9/10/2024,Dynasty Court・Tower 2・26/F・Flat B,,$93.29M,--,"1,794ft²","@$52,000",Land Registry
9/10/2024,Novo Land・Phase 3B・Fiskars Tower 2B・33/F・Flat H,,$5.76M,--,440ft²,"@$13,093",Land Registry
9/10/2024,Sun Tuen Mun Centre・Block 1・21/F・Flat F,,$4M,,455ft²,"@$8,791",Land Registry
9/10/2024,Teemko Court・10/F・Flat A,,$2.85M,,183ft²,"@$15,574",Land Registry
9/10/2024,Lions Rise・Tower 3B・19/F・Flat A,,$11M,,715ft²,"@$15,385",Land Registry
9/10/2024,Victory Court・20/F・Flat B,,$3.08M,--,335ft²,"@$9,194",Land Registry
9/10/2024,Victoria Harbour・Phase 2B-2 Victoria Harbour II・Tower 3・12/F・Flat A,,$52.3M,--,"1,448ft²","@$36,119",Land Registry
9/10/2024,Caribbean Coast・Phase 3 Carmel Cove・Tower 11・56/F・Flat C,,$5.7M,,565ft²,"@$10,088",Land Registry
9/10/2024,Tai Shun House・4/F・Flat J,,$2M,--,485ft²,"@$4,124",Land Registry
9/10/2024,Century Link・Phase 2・Tower 2B・20/F・Flat 7,,$5.6M,,453ft²,"@$12,362",Land Registry
9/10/2024,The Coronation・Tower 2・23/F・Flat A,,$12.8M,--,954ft²,"@$13,417",Land Registry
9/10/2024,Sun Yuen Long Centre・Block 1・11/F・Flat A,,$4.9M,,485ft²,"@$10,103",Land Registry
9/10/2024,Villa Esplanada・Phase 2・Block 6・9/F・Flat D,,$7.63M,,531ft²,"@$14,369",Land Registry
9/10/2024,Serenade Cove・Tower A・11/F・Flat 7,,$5.76M,,570ft²,"@$10,105",Land Registry
9/10/2024,East Asia Gardens・Tai Fat House・11/F・Flat 4,,$4.38M,,460ft²,"@$9,522",Land Registry
9/10/2024,Kam Tong Building・7/F・Flat 14,,$2.86M,,347ft²,"@$8,242",Land Registry
9/10/2024,172 Yee Kuk Street・4/F・No. 172 (Flat C),,"$800,000",--,105ft²,"@$7,619",Land Registry
9/10/2024,Dao Shing Building・17/F・Flat F,,$4.5M,,467ft²,"@$9,636",Land Registry
9/10/2024,The Belchers・Phase 1・Tower 1・30/F・Flat F,,$26.38M,,"1,221ft²","@$21,605",Land Registry
9/10/2024,Des Voeux W Residence・22/F・Flat E,,$4.55M,--,213ft²,"@$21,359",Land Registry
9/10/2024,Serene Garden・Block 3・13/F・Flat F,,$4.18M,--,431ft²,"@$9,698",Land Registry
9/10/2024,The Pavilia Bay・Tower 2B・19/F・Flat E,,$4.2M,--,306ft²,"@$13,725",Land Registry
9/10/2024,Novo Land・Phase 3B・Fiskars Tower 1・12/F・Flat D,,$5.22M,--,434ft²,"@$12,030",Land Registry
9/10/2024,Beverly Garden・Block 8・19/F・Flat F,,$4.48M,--,431ft²,"@$10,394",Land Registry
9/10/2024,Yu Chui Court・Yu Lim House (Block Q)・19/F・Flat 4,,$4.78M,--,516ft²,"@$9,264",Land Registry
9/10/2024,Villa Athena・Block 4・3/F・Flat A,,$9.08M,,775ft²,"@$11,716",Land Registry
9/10/2024,On Tat Building・5/F・No. 976,,$3M,--,494ft²,"@$6,073",Land Registry
9/10/2024,Chung Hing Mansion・8/F・Flat 14,,$2.9M,,334ft²,"@$8,683",Land Registry
9/10/2024,Monaco・Phase 1・Tower 2B・10/F・Flat G,,$8.49M,,441ft²,"@$19,252",Land Registry
9/10/2024,Yee Nga Court・Yee Dat House (Block D)・11/F・Flat 5,,$2.75M,--,401ft²,"@$6,858",Land Registry
9/10/2024,Foon Tak Building・4/F・Flat A,,$3M,,351ft²,"@$8,547",Land Registry
9/10/2024,Uptown・Tower 5・8/F・Flat D,,$3.85M,,526ft²,"@$7,319",Land Registry
9/10/2024,57 Ho Pui Street・3/F・Front,,$2.8M,--,443ft²,"@$6,321",Land Registry
9/10/2024,Harbour Place・Tower 6・3/F・Flat J,,$7.6M,,589ft²,"@$12,903",Land Registry
9/10/2024,Novo Land・Phase 3B・Fiskars Tower 2A・29/F・Flat C,,$3.75M,--,292ft²,"@$12,857",Land Registry
9/10/2024,Man Hing Building・3/F・No. 6,,$6.7M,--,645ft²,"@$10,388",Land Registry
9/10/2024,La Cite Noble・Block 3・9/F・Flat C,,$4.58M,,377ft²,"@$12,149",Land Registry
9/10/2024,Shatin Centre・Sun Ning Building (Block G)・19/F・Flat G,,$4.05M,,310ft²,"@$13,065",Land Registry
9/10/2024,Pearl Island Villas・Block F7・2/F・Flat 1,,$2.8M,,286ft²,"@$9,790",Land Registry
9/10/2024,Cleveland Mansion・11/F・Flat A,,$14.68M,,"1,206ft²","@$12,172",Land Registry
9/10/2024,The Horizon・Court D Tower 2・17/F・Flat C,,$20M,,"1,231ft²","@$16,247",Land Registry
9/10/2024,Yu Chui Court・Yu Kan House (Block S)・21/F・Flat 5,,$6.3M,--,663ft²,"@$9,502",Land Registry
9/10/2024,Coastal Skyline・Phase 1・Block 1・23/F・Flat E,,$6.2M,,592ft²,"@$10,473",Land Registry
9/10/2024,Kt Marina・Phase 1・Tower 2A・7/F・Flat G,,$4.96M,--,306ft²,"@$16,199",Land Registry
9/10/2024,Chill Residence・Tower 1・31/F・Flat B,,$4.87M,--,261ft²,"@$18,673",Land Registry
9/10/2024,90 Nga Tsin Wai Road・4/F・Front,,$3.43M,--,403ft²,"@$8,511",Land Registry
9/10/2024,29-31 Lung Kong Road・2/F・No. 31,,$4.86M,--,576ft²,"@$8,438",Land Registry
9/10/2024,Lung Cheung Court・4/F・Flat F,,$1.78M,,194ft²,"@$9,175",Land Registry
9/10/2024,Ching Tao Court・15/F・Flat 10,,$2.07M,--,--,--,Land Registry
9/10/2024,Yuen Tat Building (House)・5/F・Flat 5,,$2M,--,374ft²,"@$5,348",Land Registry
9/10/2024,Novo Land・Phase 3B・Fiskars Tower 2A・10/F・Flat C,,$3.67M,--,292ft²,"@$12,554",Land Registry
9/10/2024,Pierhead Garden・Tower 4・29/F・Flat E,,$4.55M,--,609ft²,"@$7,471",Land Registry
9/10/2024,Indi Home・47/F・Flat 19,,$4.43M,,312ft²,"@$14,192",Land Registry
9/10/2024,Belvedere Garden・Phase 2・Block 9・15/F・Flat D,,$5.33M,,668ft²,"@$7,976",Land Registry
9/10/2024,Kingswood Villas・Phase 7 Kenswood Court・Block 11・30/F・Flat C,,$4.2M,,546ft²,"@$7,692",Land Registry
9/10/2024,Larchwood・5/F・Flat B,,$3.89M,--,210ft²,"@$18,514",Land Registry
9/10/2024,Belvedere Garden・Phase 2・Carpark・2/F・No.152,,"$790,000",--,--,--,Land Registry
9/10/2024,Kingswood Villas・Phase 5 Lynwood Court・Block 8・17/F・Flat G,,$4.35M,,547ft²,"@$7,952",Land Registry
9/10/2024,Melody Garden・Block 3・25/F・Flat D,,$4.5M,--,--,--,Land Registry
9/10/2024,Miami Beach Towers・Tower 4・18/F・Flat F,,$3.8M,--,466ft²,"@$8,155",Land Registry
9/10/2024,Vision City・Carpark・3/F・No.R7,,$1.8M,--,--,--,Land Registry
9/10/2024,City One Shatin・Site 5・Block 48・24/F・Flat B,,$4.12M,,284ft²,"@$14,507",Land Registry
9/10/2024,Taikoo Shing・Kao Shan Terrace・(T-13) Wah Shan Mansion・7/F・Flat F,,$8.39M,,685ft²,"@$12,246",Land Registry
9/10/2024,32-34 Li Po Lung Path・1/F・No. 34,,$3.5M,--,325ft²,"@$10,769",Land Registry
9/10/2024,Kai Yan Court・Block A・29/F・Flat 25,,$3.15M,--,--,--,Land Registry
9/10/2024,Onmantin・Phase 2B・Tower 5 (5A)・23/F・Flat A,,$19.82M,--,783ft²,"@$25,310",Land Registry
9/10/2024,Cheung Wo Court・Wo Kwan House (Block A)・3/F・Flat 3,,$3.62M,--,414ft²,"@$8,744",Land Registry
9/10/2024,Hoi Tak Gardens・Block 2・3/F・Flat C,,$2.75M,,325ft²,"@$8,462",Land Registry
9/10/2024,Lohas Park・Phase 12B Park Seasons・Tower 2 (2A)・11/F・Flat G,,$4.66M,--,325ft²,"@$14,351",Land Registry
9/10/2024,Onmantin・Phase 2A・Tower 3・8/F・Flat F,,$10.08M,--,490ft²,"@$20,573",Land Registry
9/10/2024,Wing Kai Building・5/F・No. 110A,,$2.1M,--,257ft²,"@$8,171",Land Registry
9/10/2024,Grand Central・Phase 2・Tower 3・35/F・Flat A,,$13.5M,,832ft²,"@$16,226",Land Registry
9/10/2024,Fung Yu Building・6/F・Flat E,,$3.5M,,299ft²,"@$11,706",Land Registry
9/10/2024,Wah Fai Court・6/F・Flat D,,$3.92M,,307ft²,"@$12,769",Land Registry
9/10/2024,21-25 Third Street・3/F・No. 21 (Flat A),,$3.3M,--,395ft²,"@$8,354",Land Registry
9/10/2024,Lohas Park・Phase 1 The Capitol・Carpark・2/F・No.2-147,,$1.65M,--,--,--,Land Registry
9/10/2024,Smithfield Terrace・Block A・28/F・Flat 6,,$3.38M,,221ft²,"@$15,294",Land Registry
9/10/2024,Fung Wong Chuen Building・15/F・Flat F,,$2.8M,--,386ft²,"@$7,254",Land Registry
9/10/2024,74-80 Nga Tsin Long Road・2/F・No. 78 (Flat C),,$3.21M,--,372ft²,"@$8,629",Land Registry
9/10/2024,Cheong Shing Building・5/F・Flat B,,$3.16M,,313ft²,"@$10,096",Land Registry
9/10/2024,Ching Tao Court・14/F・Flat 22,,$1.82M,--,--,--,Land Registry
9/10/2024,Shing Yip Mansion・1/F・Flat D,,$3.31M,,310ft²,"@$10,677",Land Registry
9/10/2024,Luen King Mansion・4/F・Flat A,,$3.19M,,333ft²,"@$9,580",Land Registry
9/10/2024,Ching Tao Court・8/F・Flat 10,,$2.02M,--,--,--,Land Registry
9/10/2024,Ching Tao Court・35/F・Flat 9,,$2.07M,--,--,--,Land Registry
9/10/2024,Ching Tao Court・22/F・Flat 4,,$1.71M,--,--,--,Land Registry
9/10/2024,Ching Tao Court・19/F・Flat 9,,$2M,--,--,--,Land Registry
9/10/2024,Bedford Gardens・(Block K) Tak Fook Court・2/F・Flat F,,$3.8M,,401ft²,"@$9,476",Land Registry
9/10/2024,Tung Chung Crescent・Phase 2・Block 8・28/F・Flat F,,$5.9M,,592ft²,"@$9,966",Land Registry
9/10/2024,Discovery Bay・Phase 5-Greenvale Village・Greenmont Court (Block 8)・9/F・Flat G,,$8.7M,,757ft²,"@$11,493",Land Registry
8/10/2024,Mei Foo Sun Chuen・Phase 1・18-20 Broadway・Middle Floor・Flat C No. 20,,$8.34M,--,918ft²,"@$9,083",Centaline
8/10/2024,Harbour Glory・Tower 5・Lower Floor・Flat B,,$25.7M,--,"1,065ft²","@$24,131",Centaline
8/10/2024,Asjoe Mansion・Upper Floor・Flat A,,$21.5M,--,"1,884ft²","@$11,412",Centaline
8/10/2024,South Wave Court・Block 3・Upper Floor・Flat B,,,--,589ft²,@$31,Centaline
8/10/2024,The Yoho Hub・Phase C The Yoho Hub II・Tower 8・Middle Floor・Flat B,,,--,441ft²,@$42,Centaline
8/10/2024,Kornhill・Block B (Flat 1 - 8)・Upper Floor・Flat 7,,,--,497ft²,@$38,Centaline
8/10/2024,Laguna City・Phase 2・Block 26・Middle Floor・Flat F,,,--,517ft²,@$38,Centaline
8/10/2024,Kai Tak Garden・Block 5・Upper Floor・Flat A,,,--,649ft²,@$29,Centaline
8/10/2024,Prima Villa・Block 1・Upper Floor・Flat F,,,--,419ft²,@$44,Centaline
8/10/2024,The Quinn ‧ Square Mile・Tower 2・Lower Floor・Flat L,,,--,269ft²,@$58,Centaline
8/10/2024,Regency Bay・Phase 1・Tower 2・Lower Floor・Flat B,,,--,262ft²,@$40,Centaline
8/10/2024,The Pacifica・Phase 1・Tower 2・Middle Floor・Flat A,,,--,441ft²,@$41,Centaline
8/10/2024,City One Shatin・Site 4・Block 40・Lower Floor・Flat A,,,--,284ft²,@$49,Centaline
8/10/2024,Discovery Bay・Phase 3-Headland Vil.Parkland Dr.,,,--,"1,183ft²",@$34,Centaline
8/10/2024,Discovery Bay・Phase 12 Siena Two・Block 40・Middle Floor・Flat B,,,--,457ft²,@$32,Centaline
8/10/2024,Nan Fung Plaza・Tower 2・Middle Floor・Flat D,,,--,450ft²,@$38,Centaline
8/10/2024,Upper East・Upper Floor・Flat G (T1C),,,--,308ft²,@$51,Centaline
8/10/2024,The Pavilia Farm・Phase 1・Tower 2 (2B)・Lower Floor・Flat A,,,--,663ft²,@$44,Centaline
8/10/2024,Eden Manor・Tower 7・Upper Floor・Flat C,,,--,375ft²,@$36,Centaline
8/10/2024,Gramercy・Middle Floor・Flat A,,,--,650ft²,@$69,Centaline
8/10/2024,Tung Chung Crescent・Phase 2・Block 7・Middle Floor・Flat F,,,--,592ft²,@$33,Centaline
8/10/2024,Telford Gardens・Block O・Middle Floor・Flat 13,,,--,517ft²,@$34,Centaline
8/10/2024,The Vertex・East Wing・Lower Floor・Flat B,,,--,439ft²,@$50,Centaline
8/10/2024,Metro City・Phase 1・Tower 4・Lower Floor・Flat G,,,--,701ft²,@$33,Centaline
8/10/2024,Park Central・Phase 1・Tower 5・Upper Floor・Flat E,,,--,465ft²,@$41,Centaline
8/10/2024,Hollywood Terrace・Block B・Lower Floor・Flat C,,,--,631ft²,@$38,Centaline
8/10/2024,Imperial Villas・Phase 2・Tower 8・Flat D,,,--,646ft²,@$25,Centaline
8/10/2024,Lohas Park・Phase 6 Lp6・Tower 2・Lower Floor・Flat E,,,--,525ft²,@$34,Centaline
8/10/2024,Manor Hill・Tower 1・Middle Floor・Flat A2,,,--,321ft²,@$48,Centaline
8/10/2024,Lohas Park・Phase 10 Lp10・Tower 2 (2B)・Upper Floor・Flat C,,,--,516ft²,@$35,Centaline
8/10/2024,The Latitude・Tower 7・Lower Floor・Flat D,,,--,626ft²,@$40,Centaline
8/10/2024,The Quinn ‧ Square Mile・Tower 1・Lower Floor・Flat B,,,--,280ft²,@$61,Centaline
8/10/2024,Triumph Court・Block A・Lower Floor・Flat 5,,,--,362ft²,@$40,Centaline
8/10/2024,Hanford Garden・Block 1・Upper Floor・Flat D,,,--,584ft²,@$25,Centaline
8/10/2024,The Holborn・Tower B・Upper Floor・Flat B9,,,--,221ft²,@$75,Centaline
8/10/2024,Moorsom Lodge・Flat 2,,,--,"1,217ft²",@$34,Centaline
8/10/2024,Royal Court・Upper Floor・Flat E,,,--,702ft²,@$48,Centaline
8/10/2024,Cheerful Court・Upper Floor・Flat B,,,--,319ft²,@$58,Centaline
8/10/2024,Regent Hill・Upper Floor・Flat B,,,--,355ft²,@$51,Centaline
8/10/2024,1 Tai Hang Road・Middle Floor・Flat D,,,--,559ft²,@$45,Centaline
8/10/2024,The Astro・Lower Floor・Flat A,,,--,172ft²,@$70,Centaline
8/10/2024,Laguna Verde・Phase 1 Green Wood・Tower 3・Upper Floor・Flat E,,,--,559ft²,@$37,Centaline
8/10/2024,Park Summit・Tower 1・Upper Floor・Flat F,,,--,283ft²,@$48,Centaline
8/10/2024,Liberte・Block 2・Lower Floor・Flat E,,,--,510ft²,@$37,Centaline
8/10/2024,Regent On The Park・Tower 1・Lower Floor・Flat A,,,--,"2,072ft²",@$46,Centaline
8/10/2024,Lohas Park・Phase 5A Malibu・Tower 2A・Upper Floor・Flat E,,,--,575ft²,@$37,Centaline
8/10/2024,Metro Harbour View・Phase 2・Tower 7・Lower Floor・Flat E,,,--,346ft²,@$46,Centaline
8/10/2024,The Latitude・Tower 6・Upper Floor・Flat E,,,--,535ft²,@$42,Centaline
8/10/2024,Larchwood・Upper Floor・Flat H,,,--,205ft²,@$69,Centaline
8/10/2024,Grand Victoria・Phase 1・Tower 3B・Middle Floor・Flat F,,,--,323ft²,@$56,Centaline
8/10/2024,Tsui Lam Estate・Pik Lam House (Block 1)・Middle Floor・Flat 4,,,--,349ft²,@$32,Centaline
8/10/2024,Lohas Park・Phase 6 Lp6・Tower 5・Middle Floor・Flat J,,,--,309ft²,@$49,Centaline
8/10/2024,Lions Rise・Tower 3B・Lower Floor・Flat B,,,--,715ft²,@$45,Centaline
8/10/2024,La Cite Noble・Block 4・Upper Floor・Flat B,,,--,561ft²,@$39,Centaline
8/10/2024,Koko Hills・Phase 1・Tower 3・Lower Floor・Flat C,,,--,366ft²,@$41,Centaline
8/10/2024,Grand Central・Phase 1・Tower 1・Lower Floor・Flat E,,,--,678ft²,@$39,Centaline
8/10/2024,Tak Bo Garden・Block A・Lower Floor・Flat A4,,,--,265ft²,@$47,Centaline
8/10/2024,The Wings・Ocean Wings・Tower 6B・Upper Floor・Flat F,,,--,368ft²,@$48,Centaline
8/10/2024,Ocean Shores・Phase 2・Tower 9・Lower Floor・Flat A,,,--,638ft²,@$38,Centaline
8/10/2024,New Kwai Fong Gardens・Block C・Upper Floor・Flat 7,,,--,415ft²,@$41,Centaline
8/10/2024,Whampoa Garden・Phase 10 Banyan Mansions・Block 5・Middle Floor・Flat C,,,--,910ft²,@$37,Centaline
8/10/2024,Coastal Skyline・Phase 1・Block 6・Middle Floor・Flat H,,,--,490ft²,@$37,Centaline
8/10/2024,The Wings・IIIB・Tower 1B・Upper Floor・Flat E,,,--,510ft²,@$42,Centaline
8/10/2024,Island Garden・Tower 3・Upper Floor・Flat C,,,--,991ft²,@$39,Centaline
8/10/2024,Grand Promenade・Tower 1・Upper Floor・Flat D,,,--,504ft²,@$52,Centaline
8/10/2024,Residence Bel-Air・Phase 4 Bel-Air On The Peak・Tower 2・Upper Floor・Flat B,,,--,723ft²,@$48,Centaline
8/10/2024,The Pacifica・Phase 2・Tower 7・Upper Floor・Flat B,,,--,554ft²,@$44,Centaline
8/10/2024,Tin Chung Court・Chung Chak House (Block M)・Lower Floor・Flat 6,,,--,--,--,Centaline
8/10/2024,Lime Stardom・Middle Floor・Flat J,,,--,473ft²,@$48,Centaline
8/10/2024,Harbour Pinnacle・Middle Floor・Flat H,,,--,445ft²,@$56,Centaline
8/10/2024,Hampton Place・Tower 1・Lower Floor・Flat C,,,--,429ft²,@$47,Centaline
8/10/2024,The Orchards・Tower 1・Lower Floor・Flat C,,,--,611ft²,@$44,Centaline
8/10/2024,The Parkside・Tower 3・Lower Floor・Flat E,,,--,545ft²,@$39,Centaline
8/10/2024,Aegean Coast・Tower 7・Middle Floor・Flat H,,,--,490ft²,@$26,Centaline
8/10/2024,Aegean Coast・Tower 5・Middle Floor・Flat H,,,--,519ft²,@$26,Centaline
8/10/2024,Regentville・Phase 1・Block 2・Upper Floor・Flat H,,,--,419ft²,@$27,Centaline
8/10/2024,Blossom Garden・Block 2・Lower Floor・Flat C,,,--,415ft²,@$30,Centaline
8/10/2024,Eight Regency・Upper Floor・Flat F,,,--,344ft²,@$36,Centaline
8/10/2024,The Arch・Star Tower (Block 2)・Lower Floor・Flat B,,,--,400ft²,@$65,Centaline
8/10/2024,Silicon Hill・University Hill Phase 2A・Marina Tower 3・Lower Floor・Flat B5,,,--,280ft²,@$53,Centaline
8/10/2024,Tsing Yi Garden・Block 7・Upper Floor・Flat A,,,--,343ft²,@$43,Centaline
8/10/2024,Sheungshui Town Center・Paris Court (Block 3)・Lower Floor・Flat D,,,--,454ft²,@$31,Centaline
8/10/2024,Century Link・Phase 2・Tower 1A・Middle Floor・Flat 5,,,--,456ft²,@$41,Centaline
8/10/2024,Century Link・Phase 1・Tower 5A・Middle Floor・Flat 5,,,--,468ft²,@$39,Centaline
8/10/2024,Wetland Seasons Bay・Phase 1・Tower 3B・Lower Floor・Flat C7,,,--,429ft²,@$31,Centaline
8/10/2024,Eltanin‧Square Mile・Tower 1・Middle Floor・Flat J,,,--,249ft²,@$62,Centaline
8/10/2024,Park Yoho・Phase 3 Park Yoho Bologna・Tower 8B・Middle Floor・Flat E,,,--,388ft²,@$34,Centaline
8/10/2024,Yoho Town・Phase 2 Yoho Midtown・Block M8・Upper Floor・Flat F,,,--,693ft²,@$32,Centaline
8/10/2024,Yick Fai Building・Lower Floor・Flat C,,,--,379ft²,@$32,Centaline
8/10/2024,The Grand Marine・Tower 1・Upper Floor・Flat F,,,--,312ft²,@$49,Centaline
8/10/2024,Yuccie Square・Tower 5・Upper Floor・Flat F,,,--,645ft²,@$31,Centaline
8/10/2024,The Gloucester・Lower Floor・Flat D,,,--,368ft²,@$65,Centaline
8/10/2024,Southorn Garden・Upper Floor・Flat 5,,,--,516ft²,@$47,Centaline
8/10/2024,The Oakridge・Middle Floor・Flat C,,,--,428ft²,@$46,Centaline
8/10/2024,Oceania Heights・Tower 1・Lower Floor・Flat G,,,--,457ft²,@$31,Centaline
8/10/2024,Centra Horizon・Tower 8・Upper Floor・Flat D,,,--,276ft²,@$48,Centaline
8/10/2024,Rhine Court・Block B・Lower Floor・Flat 1,,,--,970ft²,@$39,Centaline
8/10/2024,No. 63 Pok Fu Lam Road・Tower 2 (Emerald House)・Middle Floor・Flat A,,,--,276ft²,@$65,Centaline
8/10/2024,The Avenue・Phase 2・Tower 2・Lower Floor・Flat M,,,--,515ft²,@$61,Centaline
8/10/2024,One Wanchai・Lower Floor・Flat D,,,--,393ft²,@$61,Centaline
8/10/2024,Silicon Hill・University Hill Phase 2B・Scenic Tower 3・Middle Floor・Flat B1,,,--,377ft²,@$40,Centaline
8/10/2024,Kingsford Height・Middle Floor・Flat B,,,--,"1,058ft²",@$44,Centaline
8/10/2024,Royal Ascot・Phase 2・Block 10・Upper Floor・Flat F,,,--,974ft²,@$33,Centaline
8/10/2024,Lucky Plaza・Yae Lam Court (Block B2)・Middle Floor・Flat H,,,--,326ft²,@$40,Centaline
8/10/2024,Mantin Heights・Tower 8・Lower Floor・Flat F,,,--,560ft²,@$43,Centaline
8/10/2024,Dragonfair Garden・Block 1・Lower Floor・Flat B,,,--,307ft²,@$49,Centaline
8/10/2024,One．Artlane・Upper Floor・Flat J,,,--,224ft²,@$79,Centaline
8/10/2024,South Horizons・Phase 4 The Oasis・Berkeley Court (Block 33)・Middle Floor・Flat H,,,--,634ft²,@$33,Centaline
8/10/2024,The Merton・Tower 1・Upper Floor・Flat C,,,--,496ft²,@$48,Centaline
8/10/2024,Victoria Skye・Ocean Waves Tower 3・Middle Floor・Flat E,,,--,433ft²,@$51,Centaline
8/10/2024,City Point・Block 6・Lower Floor・Flat A,,,--,896ft²,@$35,Centaline
8/10/2024,Residence Oasis・Tower 7・Middle Floor・Flat F,,,--,509ft²,@$37,Centaline
8/10/2024,Parkview Court・Upper Floor・Flat D,,,--,418ft²,@$30,Centaline
8/10/2024,Tuen Mun Town Plaza・Phase 3・Block 8・Upper Floor・Flat D,,,--,356ft²,@$34,Centaline
8/10/2024,Tsuen Cheong Centre・Cheong On Building・Middle Floor・Flat C,,,--,316ft²,@$41,Centaline
8/10/2024,Wetland Seasons Bay・Phase 3・Tower 6B・Middle Floor・Flat B5,,,--,553ft²,@$31,Centaline
8/10/2024,Waterside Plaza・Block 1・Lower Floor・Flat A,,,--,540ft²,@$31,Centaline
8/10/2024,Tsuen Wan Centre・Block 18 (Tsinan House)・Lower Floor・Flat E,,,--,329ft²,@$32,Centaline
8/10/2024,Discovery Park・Phase 2・Block 7・Middle Floor・Flat B,,,--,485ft²,@$34,Centaline
8/10/2024,Double Cove・Phase 1・Block 1・Upper Floor・Flat H,,,--,496ft²,@$35,Centaline
8/10/2024,St. Barths・Phase 1・Maple Court Tower 2・Middle Floor・Flat G,,,--,481ft²,@$42,Centaline
8/10/2024,Shatinpark・Stage 1・Ashley Garden (Block 3)・Upper Floor・Flat B,,,--,297ft²,@$40,Centaline
8/10/2024,Century Gateway・Phase 2・Tower 7・Upper Floor・Flat D,,,--,"1,107ft²",@$39,Centaline
8/10/2024,The Visionary・Tower 10・Lower Floor・Flat C,,,--,445ft²,@$36,Centaline
8/10/2024,The Esplanade・Middle Floor・Flat N,,,--,448ft²,@$33,Centaline
8/10/2024,Ocean Camino・Phase 2・Tower 5A・Upper Floor・Flat M,,,--,223ft²,@$37,Centaline
8/10/2024,Rambler Crest・Tower 2・Lower Floor・Flat F,,,--,488ft²,@$32,Centaline
8/10/2024,Sham Wan Towers・Block 2・Lower Floor・Flat F,,,--,480ft²,@$42,Centaline
8/10/2024,Victoria Skye・Ocean Waves Tower 1・Lower Floor・Flat A,,,--,"1,190ft²",@$41,Centaline
8/10/2024,The Morrison・Middle Floor・Flat A,,,--,431ft²,@$51,Centaline
8/10/2024,Choi Po Court・Choi Ying House (Block A)・Lower Floor・Flat 8,,,--,338ft²,@$29,Centaline
8/10/2024,One Innovale・Phase 2・Tower C・Lower Floor・Flat 8,,,--,426ft²,@$38,Centaline
8/10/2024,One Innovale・Phase 3・Tower E・Middle Floor・Flat 21,,,--,302ft²,@$38,Centaline
8/10/2024,The Yoho Hub・Phase C The Yoho Hub II・Tower 8・Upper Floor・Flat B,,,--,441ft²,@$44,Centaline
8/10/2024,Baker Circle One・Phase 1・Baker Circle ‧ Dover・Middle Floor・Flat E,,,--,205ft²,@$71,Centaline
8/10/2024,Sereno Verde・Phase 5 Reach Summit・Tower 2・Upper Floor・Flat A,,,--,377ft²,@$31,Centaline
8/10/2024,The Quinn ‧ Square Mile・Tower 1・Lower Floor・Flat B,,,--,280ft²,@$57,Centaline
8/10/2024,Lohas Park・Phase 8 Sea To Sky・Tower 1・Middle Floor・Flat E,,,--,467ft²,@$39,Centaline
8/10/2024,Ava 61・9/F・Flat C,,$2.57M,,150ft²,"@$17,133",Land Registry
8/10/2024,Noble Place・Tower 2・5/F・Flat E,,$4.28M,,508ft²,"@$8,425",Land Registry
8/10/2024,The Belchers・Phase 1・Tower 2・60/F・Flat E,,$14.5M,,667ft²,"@$21,739",Land Registry
8/10/2024,The Metro City・Phase 2・Tower 2・3/F・Flat E,,$6.5M,,538ft²,"@$12,082",Land Registry
8/10/2024,Whampoa Garden・Phase 4 Palm Mansions・Block 4・12/F・Flat D,,$8.4M,,714ft²,"@$11,765",Land Registry
8/10/2024,Novo Land・Phase 3B・Fiskars Tower 1・21/F・Flat D,,$5.29M,--,434ft²,"@$12,194",Land Registry
8/10/2024,Sheung Chui Court・Block C (Chui Ting House)・3/F・Flat 6,,$4.25M,--,443ft²,"@$9,594",Land Registry
8/10/2024,Siu Kwai Court・Siu Keung House (Block A)・21/F・Flat 15,,$3.45M,--,443ft²,"@$7,788",Land Registry
8/10/2024,Kingswood Villas・Phase 5 Lynwood Court・Block 6・37/F・Flat E,,$3.85M,,446ft²,"@$8,632",Land Registry
8/10/2024,Chuk Yuen North Estate・Pak Yuen House (Block 9)・12/F・Flat 24,,"$668,200",--,--,--,Land Registry
8/10/2024,Cheung On Estate・On Wu House (Block 5)・16/F・Flat 17,,"$558,200",--,--,--,Land Registry
8/10/2024,Shan King Estate・King On House (Block 5)・2/F・Flat A8,,"$467,000",--,--,--,Land Registry
8/10/2024,Tai Wo Estate・Lai Wo House (Block 6)・9/F・Flat 1,,"$637,900",--,--,--,Land Registry
8/10/2024,Harbour View Terrace・10/F・No. 108,,$17.8M,,"1,249ft²","@$14,251",Land Registry
8/10/2024,Yau Tong Centre・Block 8・8/F・Flat B,,$3.3M,--,433ft²,"@$7,621",Land Registry
8/10/2024,Tak Po Building・11/F・Flat B,,$3.8M,,401ft²,"@$9,476",Land Registry
8/10/2024,Tierra Verde・Phase 1・Tower 3A・10/F・Flat E,,$9M,,676ft²,"@$13,314",Land Registry
8/10/2024,Choi Fung Court・38/F・Flat 5,,$3.65M,--,530ft²,"@$6,887",Land Registry
8/10/2024,Commune Modern・Tower 1・10/F・Flat E,,$3.75M,,293ft²,"@$12,799",Land Registry
8/10/2024,Sun Hing Garden・Hong Yan Court (Block 2)・25/F・Flat F,,$4.28M,--,591ft²,"@$7,242",Land Registry
8/10/2024,The Wings・The Wings・Tower 7・39/F・Flat D,,$8.58M,,536ft²,"@$16,007",Land Registry
8/10/2024,Sun Tuen Mun Centre・Block 8・12/F・Flat B,,$3.8M,,462ft²,"@$8,225",Land Registry
8/10/2024,Tak Tin Estate・Tak Shing House (Block 7)・10/F・Flat 1,,"$669,400",--,--,--,Land Registry
8/10/2024,Ko Wang Court・Block B・25/F・Flat 22,,$2.01M,--,--,--,Land Registry
8/10/2024,Lohas Park・Phase 10 Lp10・Tower 1 (1B)・47/F・Flat C,,$6.52M,,484ft²,"@$13,471",Land Registry
8/10/2024,Ching Tao Court・15/F・Flat 9,,$1.97M,--,--,--,Land Registry
8/10/2024,Ching Tao Court・39/F・Flat 10,,$2.19M,--,--,--,Land Registry
8/10/2024,Ching Tao Court・9/F・Flat 9,,$1.92M,--,--,--,Land Registry
8/10/2024,Novo Land・Phase 3B・Fiskars Tower 2A・28/F・Flat E,,$3.19M,--,252ft²,"@$12,669",Land Registry
8/10/2024,On Ning Garden・Block 5・2/F・Flat A,,$5.15M,--,583ft²,"@$8,834",Land Registry
8/10/2024,Cheong Yuen Building・4/F・Flat K,,$3.2M,--,450ft²,"@$7,111",Land Registry
8/10/2024,Wetland Seasons Bay・Phase 3・Tower 6B・1/F・Flat B1,,$5.24M,--,328ft²,"@$15,985",Land Registry
8/10/2024,No. 8 Royal Green・18/F・Flat C,,$5.7M,,596ft²,"@$9,564",Land Registry
8/10/2024,Park Yoho・Phase 1C Park Yoho Sicilia・Tower 1B・12/F・Flat F,,$4.38M,,407ft²,"@$10,762",Land Registry
8/10/2024,St Michel・Phase 1・Crown Tower・10/F・Flat C,,$25.76M,--,"1,494ft²","@$17,242",Land Registry
8/10/2024,Rich View Terrace・20/F・Flat D,,$5.1M,--,393ft²,"@$12,977",Land Registry
8/10/2024,Whampoa Estate・On Kwai Building (Block C)・11/F・Flat 8,,$5.1M,,442ft²,"@$11,538",Land Registry
8/10/2024,Kt Marina・Phase 1・Tower 2B・16/F・Flat G,,$7.06M,--,432ft²,"@$16,338",Land Registry
8/10/2024,Glorious Peak・23/F・Flat C,,$4.95M,,507ft²,"@$9,763",Land Registry
8/10/2024,20 Battery Street・3/F・No. 20,,$2.38M,--,499ft²,"@$4,770",Land Registry
8/10/2024,Hanford Garden・Block 7・6/F・Flat C,,$5.6M,,624ft²,"@$8,974",Land Registry
8/10/2024,Harbour Glory・Tower 7・26/F・Flat B,,$42.3M,,"1,270ft²","@$33,307",Land Registry
8/10/2024,Allway Garden・Block P・16/F・Flat 1,,$4.3M,,546ft²,"@$7,875",Land Registry
8/10/2024,Ko Wai Building・2/F・Flat E,,$3.15M,--,413ft²,"@$7,627",Land Registry
8/10/2024,Century Link・Phase 1・Tower 5A・7/F・Flat 6,,$5.28M,,483ft²,"@$10,932",Land Registry
8/10/2024,The Hermitage・Tower 3・59/F・Flat B,,$26.82M,,"1,118ft²","@$23,989",Land Registry
8/10/2024,Grand Promenade・Tower 3・16/F・Flat A,,$24.5M,,"1,129ft²","@$21,701",Land Registry
8/10/2024,No. 18 Farm Road・29/F・Flat A,,$7.58M,,501ft²,"@$15,130",Land Registry
8/10/2024,The Pacifica・Phase 1・Tower 2・29/F・Flat F,,$6.56M,,462ft²,"@$14,199",Land Registry
8/10/2024,Miami Quay・Phase 1・Tower 1・6/F・Flat A,,$17.64M,--,716ft²,"@$24,634",Land Registry
8/10/2024,The Quinn ‧ Square Mile・Tower 2・15/F・Flat M,,$4.32M,--,206ft²,"@$20,966",Land Registry
8/10/2024,Kwai Loong Building・15/F・Flat D,,$2.9M,,378ft²,"@$7,672",Land Registry
8/10/2024,Coastal Skyline・Phase 1・Block 1・15/F・Flat E,,$6.25M,,592ft²,"@$10,557",Land Registry
8/10/2024,Lohas Park・Phase 2C La Splendeur・Tower 11・65/F・Flat Rb,,$7M,,675ft²,"@$10,370",Land Registry
8/10/2024,Ting Yip Mansion・1/F・Flat C,,$2M,,287ft²,"@$6,969",Land Registry
8/10/2024,Bellagio・Carpark・2/F・No.R2036,,"$680,000",--,--,--,Land Registry
8/10/2024,Laguna City・Phase 4・Block 12・2/F・Flat F,,$5.5M,--,517ft²,"@$10,638",Land Registry
8/10/2024,Kwun Tong Mansion・10/F・Flat 30,,$3M,,397ft²,"@$7,557",Land Registry
8/10/2024,Tsz Oi Court・Stage 3・Oi Cheung House (Block M)・17/F・Flat 3,,$3.7M,--,506ft²,"@$7,312",Land Registry
8/10/2024,Yee Tiam Building・13/F・Flat C,,$2.78M,--,332ft²,"@$8,373",Land Registry
8/10/2024,Hoi Kwong Court・Block 1・2/F・Flat F,,$4.5M,,421ft²,"@$10,689",Land Registry
8/10/2024,Gold Coast Bay・Phase 1 The Uppland・Tower 3・25/F・Flat H,,$3.49M,--,312ft²,"@$11,173",Land Registry
8/10/2024,The Reach・Tower 7・15/F・Flat F,,$4.37M,,446ft²,"@$9,794",Land Registry
8/10/2024,Ka Shing Court・Ka Ming House (Block A)・24/F・Flat 10,,$4.02M,--,603ft²,"@$6,667",Land Registry
8/10/2024,Kai Chuen Court・Block 3 (Kai Chi House)・28/F・Flat 10,,$1.87M,--,--,--,Land Registry
8/10/2024,Kung Sheung Mansions・5/F・No. 117,,$4.8M,,747ft²,"@$6,426",Land Registry
8/10/2024,Harmony Garden・Block 8・31/F・Flat F,,$3.28M,--,431ft²,"@$7,610",Land Registry
8/10/2024,Palatial Coast・Grand Pacific View・Block 2・6/F・Flat C,,$8.78M,,"1,212ft²","@$7,244",Land Registry
8/10/2024,St. George's Mansions・Tower 3・19/F・Flat A,,$98.68M,--,"1,972ft²","@$50,041",Land Registry
8/10/2024,Park Island・Phase 3・Block 19・29/F・Flat E,,$5.18M,,490ft²,"@$10,571",Land Registry
8/10/2024,Fu Cheong House・3/F・Flat A,,$3.69M,,435ft²,"@$8,483",Land Registry
8/10/2024,Mascot Mansions・4/F・Flat D,,$2.33M,--,350ft²,"@$6,657",Land Registry
8/10/2024,Tai Wah Mansion・1/F・Flat A,,$4M,,545ft²,"@$7,339",Land Registry
8/10/2024,Sun Court・3/F・Flat E,,$2.7M,,258ft²,"@$10,465",Land Registry
8/10/2024,Richwood Park・Block 13・2/F・Flat A,,$9.28M,,"1,109ft²","@$8,368",Land Registry
8/10/2024,Telford Gardens・Block D・9/F・Flat 3,,$5.15M,--,538ft²,"@$9,572",Land Registry
8/10/2024,Ficus Garden・11/F・Flat B,,$9M,,899ft²,"@$10,011",Land Registry
8/10/2024,Lohas Park・Phase 6 Lp6・Tower 3・9/F・Flat H,,$3.9M,,307ft²,"@$12,704",Land Registry
8/10/2024,Skyehi・8/F・Flat G,,$3.2M,,265ft²,"@$12,075",Land Registry
8/10/2024,Tin Ma Court・Chun Fei House (Block C)・17/F・Flat 3,,$3.83M,--,415ft²,"@$9,224",Land Registry
8/10/2024,Sai Kung Mansion (Building)・Block B・10/F・Flat B7,,$5.3M,--,532ft²,"@$9,962",Land Registry
8/10/2024,Yuk Po Court・Ming Wu House (Block B)・1/F・Flat 4,,$4M,--,546ft²,"@$7,326",Land Registry
8/10/2024,Goodrich Garden・Tower 2・20/F・Flat H,,$3.39M,,415ft²,"@$8,169",Land Registry
8/10/2024,Hong Sing Gardens・Block 4・15/F・Flat B,,$3.3M,--,589ft²,"@$5,603",Land Registry
8/10/2024,Hong Kong Gold Coast・Block 5・16/F・Flat A,,$5.08M,,685ft²,"@$7,416",Land Registry
8/10/2024,St Michel・Phase 2・King Tower 2・7/F・Flat D,,$15.78M,--,990ft²,"@$15,939",Land Registry
8/10/2024,Kwong Ming Court・Kwong Yin House (Block C)・9/F・Flat 6,,$3.15M,--,433ft²,"@$7,275",Land Registry
8/10/2024,Lohas Park・Phase 6 Lp6・Tower 3・48/F・Flat L,,$4.18M,,312ft²,"@$13,397",Land Registry
8/10/2024,Uptown・Tower 8・15/F・Flat D,,$4.08M,,523ft²,"@$7,801",Land Registry
8/10/2024,After The Rain・15/F・Flat Q,,$6.2M,--,453ft²,"@$13,685",Land Registry
8/10/2024,Novo Land・Phase 3B・Fiskars Tower 2A・16/F・Flat C,,$3.69M,--,292ft²,"@$12,631",Land Registry
8/10/2024,Novo Land・Phase 3B・Fiskars Tower 2A・23/F・Flat A1,,$8.56M,--,697ft²,"@$12,287",Land Registry
8/10/2024,Century Link・Phase 1・Tower 5A・22/F・Flat 8,,$4.18M,,380ft²,"@$11,000",Land Registry
8/10/2024,Chelsea Court・Tower East (A1)・39/F・Flat F,,$6M,,477ft²,"@$12,579",Land Registry
8/10/2024,Gateway．Square Mile・8/F・Flat J,,$5.04M,--,272ft²,"@$18,517",Land Registry
8/10/2024,Hoi Sun Building・1/F・Flat A,,$5.5M,,326ft²,"@$16,871",Land Registry
8/10/2024,Lime Gala・Tower 1B・27/F・Flat H,,$4.8M,,291ft²,"@$16,495",Land Registry
8/10/2024,Grand Central・Phase 1・Tower 2・23/F・Flat J,,$7.68M,,485ft²,"@$15,835",Land Registry
8/10/2024,Wing Lee Building・14/F・Flat A,,$2.6M,--,207ft²,"@$12,560",Land Registry
8/10/2024,Grandview Garden・Block A・11/F・Flat H,,$4.5M,,354ft²,"@$12,712",Land Registry
8/10/2024,Shui Ning House・Block B・5/F・Flat B2,,$1.48M,--,249ft²,"@$5,944",Land Registry
8/10/2024,Grand Horizon・Carpark・G/F・No.C101,,$1.48M,--,--,--,Land Registry
8/10/2024,Ocean Shores・Phase 2・Tower 9・25/F・Flat H,,$6.78M,,498ft²,"@$13,614",Land Registry
8/10/2024,Amoy Gardens・Phase 2A・Block J・32/F・Flat 7,,$4.48M,,378ft²,"@$11,852",Land Registry
8/10/2024,Vibe Centro・Tower 1A・2/F・Flat B,,$8.6M,,538ft²,"@$15,985",Land Registry
8/10/2024,Laguna City・Phase 1・Block 2・6/F・Flat D,,$6.46M,,687ft²,"@$9,403",Land Registry
8/10/2024,The Belchers・Phase 2・Tower 6・28/F・Flat D,,$17.1M,,901ft²,"@$18,979",Land Registry
8/10/2024,Universal Mansion・7/F・Flat Q,,$3.85M,--,685ft²,"@$5,620",Land Registry
8/10/2024,One Victoria・Tower 2A・25/F・Flat H,,$19.72M,--,774ft²,"@$25,483",Land Registry
8/10/2024,Lake Silver・Tower 6・50/F・Flat B,,$24.2M,,"1,856ft²","@$13,039",Land Registry
8/10/2024,Sausalito・Tower 7・15/F・Flat B,,$5.99M,,483ft²,"@$12,402",Land Registry
8/10/2024,Monte Vista・Block 11・26/F・Flat A,,$6.68M,,675ft²,"@$9,896",Land Registry
8/10/2024,Grand Victoria・Phase 3・Tower 2・5/F・Flat A,,$12.74M,--,584ft²,"@$21,808",Land Registry
8/10/2024,Aberdeen House・8/F・Flat 2,,$2.8M,--,460ft²,"@$6,087",Land Registry
8/10/2024,The Aster・12/F・Flat B,,$14.52M,--,617ft²,"@$23,530",Land Registry
8/10/2024,Larchwood・25/F・Flat E,,$4.49M,--,202ft²,"@$22,218",Land Registry
8/10/2024,Royal Green・Tower 1・33/F・Flat C,,$5.6M,,536ft²,"@$10,448",Land Registry
8/10/2024,Man Wo Garden Mansion・5/F・Flat N,,$4.3M,,574ft²,"@$7,491",Land Registry
8/10/2024,Tonning Mansion・2/F・Flat A,,$3M,,263ft²,"@$11,407",Land Registry
8/10/2024,Victoria Harbour・Phase 2B-2 Victoria Harbour II・Tower 3・18/F・Flat A,,$54.31M,--,"1,448ft²","@$37,506",Land Registry
8/10/2024,Bowen Place・9/F・Flat B,,$39M,--,"1,485ft²","@$26,263",Land Registry
8/10/2024,Victoria Harbour・Phase 2B-2 Victoria Harbour II・Tower 3・18/F・Flat B,,$45.36M,--,"1,111ft²","@$40,830",Land Registry
8/10/2024,Victoria Harbour・Phase 2B-2 Victoria Harbour II・Tower 3・12/F・Flat B,,$41M,--,"1,111ft²","@$36,906",Land Registry
8/10/2024,Le Pont・Carpark・BM2・No.R2074,,$1.45M,--,--,--,Land Registry
8/10/2024,Lake Silver・Tower 6・56/F・Flat D,,$13.68M,,919ft²,"@$14,886",Land Registry
8/10/2024,Hong Kong Mansion・16/F・Flat J,,$3.73M,--,510ft²,"@$7,314",Land Registry
8/10/2024,Belvedere Garden・Phase 2・Block 7・12/F・Flat F,,$5.05M,,572ft²,"@$8,829",Land Registry
8/10/2024,Sol City・Tower 5・12/F・Flat D,,$6.92M,,537ft²,"@$12,886",Land Registry
8/10/2024,Provident Centre・Carpark・G/F・No.216,,$2.08M,--,--,--,Land Registry
8/10/2024,Formwell Garden・Carpark・B/M・No.11,,$1M,--,--,--,Land Registry
8/10/2024,Koko Hills・Phase 3A Koko Rosso・Tower 6・21/F・Flat F,,$9.4M,--,497ft²,"@$18,905",Land Registry
8/10/2024,Ching Tao Court・30/F・Flat 18,,$1.27M,--,--,--,Land Registry
8/10/2024,Ching Tao Court・17/F・Flat 21,,$1.67M,--,--,--,Land Registry
8/10/2024,Manor Hill・Tower 2・29/F・Flat C8,,$5.42M,--,284ft²,"@$19,081",Land Registry
8/10/2024,The Pavilia Farm・Phase 1・Tower 3 (3A)・29/F・Flat B,,$10M,,--,--,Land Registry
8/10/2024,The Wings・II・Tower 5A・7/F・Flat A,,$12.38M,,828ft²,"@$14,952",Land Registry
8/10/2024,Grand Jete・Phase 1・Tower 2・2/F・Flat K,,$4.98M,--,468ft²,"@$10,632",Land Registry
8/10/2024,Century Gateway・Phase 2・Tower 6・36/F・Flat H,,$6.4M,,--,--,Land Registry
8/10/2024,Yee Fung Court・1/F・Flat D,,$5.2M,,438ft²,"@$11,872",Land Registry
8/10/2024,Siu Pong Court・2/F・Flat 9,,$2.25M,--,375ft²,"@$6,000",Land Registry
8/10/2024,The Apex・Tower 2・50/F・Flat K,,$7.9M,,662ft²,"@$11,934",Land Registry
8/10/2024,Classical Gardens・Phase 2・Block 3・8/F・Flat C,,$8.08M,,883ft²,"@$9,151",Land Registry
8/10/2024,Villa Tiara・Block 1・11/F・Flat B,,$5.1M,,659ft²,"@$7,739",Land Registry
8/10/2024,Villa Tiara・Carpark・CP3・No.C18,,"$500,000",--,--,--,Land Registry
8/10/2024,The Arles・Tower 1・16/F・Flat C,,$4.6M,,228ft²,"@$20,175",Land Registry
8/10/2024,Ho King Building・7/F・Flat J,,$2.8M,--,401ft²,"@$6,983",Land Registry
8/10/2024,One Victoria・Carpark・B/M・No.7,,$2.94M,--,--,--,Land Registry
8/10/2024,One Victoria・Carpark・B/M・No.8,,$3.05M,--,--,--,Land Registry
8/10/2024,The Verandah Garden・Carpark・3/F・No.39,,"$505,000",--,--,--,Land Registry
8/10/2024,Manor Hill・Tower 1・31/F・Flat B5,,$4.24M,--,215ft²,"@$19,735",Land Registry
8/10/2024,Park Central・Phase 2・Tower 3・23/F・Flat D,,$6.28M,,465ft²,"@$13,505",Land Registry
8/10/2024,Ko Chun Court・Chun Yat House (Block D)・5/F・Flat 11,,$4.5M,--,594ft²,"@$7,576",Land Registry
8/10/2024,Bondlane II・17/F・Flat N5,,$7.27M,--,282ft²,"@$25,777",Land Registry
8/10/2024,Kwong Ming Court・Kwong Ning House (Block F)・5/F・Flat 3,,$4.6M,--,601ft²,"@$7,654",Land Registry
8/10/2024,Kai Yan Court・Block A・16/F・Flat 9,,$3.63M,--,--,--,Land Registry
8/10/2024,Tin Shing Court・Shing Chuen House (Block O)・38/F・Flat 4,,$3.53M,--,506ft²,"@$6,976",Land Registry
8/10/2024,Ngan Ho Court・Block B (Ngan Long House)・3/F・Flat 3,,$1.68M,--,391ft²,"@$4,297",Land Registry
8/10/2024,Beverly Garden・Block 6・17/F・Flat E,,$3.75M,--,484ft²,"@$7,748",Land Registry
8/10/2024,Heng Fa Chuen・Block 45・15/F・Flat 3,,$8M,--,645ft²,"@$12,403",Land Registry
8/10/2024,Noble Hill・Tower 8 - Hill Top・10/F・Flat A,,$7.95M,,791ft²,"@$10,051",Land Registry
8/10/2024,Tin Shing Court・Shing Chi House (Block F)・3/F・Flat 5,,$4.08M,--,650ft²,"@$6,277",Land Registry
8/10/2024,Long Ping Estate・Chu Ping House・26/F・Flat 10,,$2.33M,--,423ft²,"@$5,508",Land Registry
8/10/2024,Ching Tao Court・14/F・Flat 9,,$1.96M,--,--,--,Land Registry
8/10/2024,Cheong Ip Building・6/F・No. 354A,,$3M,--,445ft²,"@$6,742",Land Registry
8/10/2024,Taikoo Shing・Harbour View Gardens (West)・(T-33) Pine Mansion・19/F・Flat G,,$17M,,"1,015ft²","@$16,749",Land Registry
8/10/2024,Symphony Bay・Villa Concerto・Carpark・B/M・No.791,,"$800,000",--,--,--,Land Registry
8/10/2024,Ka Tin Court・Ka Yin House (Block C)・12/F・Flat 6,,$3.3M,--,469ft²,"@$7,036",Land Registry
8/10/2024,Telford Gardens・Block G・2/F・Flat 12,,$5M,,517ft²,"@$9,671",Land Registry
8/10/2024,Telford Gardens・Block R・1/F・Flat 10,,$4.8M,,494ft²,"@$9,717",Land Registry
8/10/2024,Cheung Wo Court・Wo Kin House (Block D)・21/F・Flat 1,,$3.8M,--,434ft²,"@$8,756",Land Registry
8/10/2024,Tsing Yi Garden・Block 3・22/F・Flat G,,$5.8M,,547ft²,"@$10,603",Land Registry
8/10/2024,On Ning Garden・Block 2・5/F・Flat G,,$4.32M,--,465ft²,"@$9,290",Land Registry
8/10/2024,Fung Shing Court・Wah Shing House (Block B)・2/F・Flat 8,,$3M,--,381ft²,"@$7,874",Land Registry
8/10/2024,Kam Ying Court・Kam Dat House (Block E)・1/F・Flat 2,,$2.69M,--,554ft²,"@$4,856",Land Registry
8/10/2024,Tuen Mun Town Plaza・Phase 1・Block 3・27/F・Flat G,,$3.8M,,349ft²,"@$10,888",Land Registry
8/10/2024,Park Royale・Tower 8・3/F・Flat D,,$4.18M,,489ft²,"@$8,548",Land Registry
8/10/2024,Lung Mong Building・1/F・Flat A (No. 38),,$3M,--,589ft²,"@$5,093",Land Registry
8/10/2024,Ching Tao Court・39/F・Flat 17,,$1.76M,--,--,--,Land Registry
8/10/2024,Laguna City・Phase 1・Block 15・23/F・Flat G,,$5.99M,,517ft²,"@$11,586",Land Registry
8/10/2024,Novo Land・Phase 3B・Fiskars Tower 2A・18/F・Flat C,,$3.7M,--,292ft²,"@$12,685",Land Registry
8/10/2024,Kam Lung Court・Lung Sing House (Block D)・8/F・Flat 1,,$2.9M,--,401ft²,"@$7,232",Land Registry
8/10/2024,Yu Chui Court・Yu Kan House (Block S)・28/F・Flat 2,,$5M,--,519ft²,"@$9,634",Land Registry
8/10/2024,Hin Keng Estate・Hin Yau House (Block 5)・28/F・Flat 21,,$2.68M,--,489ft²,"@$5,481",Land Registry
8/10/2024,Siu Hong Court・Siu Yan House (Block G)・27/F・Flat 4,,$3.08M,--,429ft²,"@$7,179",Land Registry
8/10/2024,Tin Shing Court・Shing Kwan House (Block Q)・8/F・Flat 7,,$3.24M,--,506ft²,"@$6,399",Land Registry
8/10/2024,Onmantin・Phase 2A・Tower 2・17/F・Flat A,,$38.28M,--,"1,432ft²","@$26,732",Land Registry
8/10/2024,Grand Victoria・Phase 3・Tower 1 (1A)・7/F・Flat B,,$27.6M,--,929ft²,"@$29,709",Land Registry
8/10/2024,The Astrid・Tower 2・16/F・Flat F,,$11.08M,,704ft²,"@$15,739",Land Registry
8/10/2024,Kin On Mansion・5/F・Flat 1,,$2.96M,--,319ft²,"@$9,279",Land Registry
7/10/2024,Mei Foo Sun Chuen・Phase 3・61-63 Broadway・Middle Floor・Flat D No. 63,,$6.18M,--,657ft²,"@$9,406",Centaline
7/10/2024,The Wings・The Wings・Tower 7・Lower Floor・Flat C,,$12.1M,--,706ft²,"@$17,139",Centaline
7/10/2024,Lions Rise・Tower 6A・Middle Floor・Flat C,,$13.2M,--,827ft²,"@$15,961",Centaline
7/10/2024,Prima Villa・Block 2・Middle Floor・Flat F,,$6.3M,--,417ft²,"@$15,108",Centaline
7/10/2024,Vibe Centro・Tower 1A・Upper Floor・Flat A,,$20M,--,832ft²,"@$24,038",Centaline
7/10/2024,Garden Rivera・Block A・Lower Floor・Flat 4,,,--,242ft²,@$54,Centaline
7/10/2024,Double Cove・Phase 4 Double Cove Grandview・Block 7・Upper Floor・Flat B,,,--,569ft²,@$42,Centaline
7/10/2024,Royal Ascot・Phase 2・Block 11・Lower Floor・Flat B,,,--,974ft²,@$31,Centaline
7/10/2024,Bel Air Heights・Block 2・Lower Floor・Flat B,,,--,449ft²,@$37,Centaline
7/10/2024,Metro Harbour View・Phase 2・Tower 9・Middle Floor・Flat F,,,--,420ft²,@$42,Centaline
7/10/2024,Arezzo・Lower Floor・Flat B,,,--,970ft²,@$53,Centaline
7/10/2024,Island Crest・Tower 2・Upper Floor・Flat B,,,--,555ft²,@$63,Centaline
7/10/2024,The Southside・Phase 2 La Marina・Tower 1 (1B)・Upper Floor・Flat E,,,--,523ft²,@$57,Centaline
7/10/2024,Ravana Garden・Block 5・Upper Floor・Flat B,,,--,384ft²,@$40,Centaline
7/10/2024,Baguio Villa・Block 26・Lower Floor・Flat C,,,--,976ft²,@$35,Centaline
7/10/2024,Mont Vert・Phase 1・Tower 7・Middle Floor・Flat E,,,--,798ft²,@$26,Centaline
7/10/2024,Mayfair By The Sea・Ll・Tower 15・Lower Floor・Flat B,,,--,"1,395ft²",@$33,Centaline
7/10/2024,Laguna Verde・Phase 4(4A) Laguna Grande・Tower 19・Upper Floor・Flat B,,,--,516ft²,@$45,Centaline
7/10/2024,Festival City・Phase 3・Tower 1・Middle Floor・Flat Sb,,,--,786ft²,@$38,Centaline
7/10/2024,The Pavilia Farm・Phase 2・Tower 7 (7B)・Upper Floor・Flat E,,,--,495ft²,@$55,Centaline
7/10/2024,Avignon・Tower 11・Lower Floor・Flat E,,,--,554ft²,@$25,Centaline
7/10/2024,The Met. Sublime・Lower Floor・Flat C,,,--,259ft²,@$69,Centaline
7/10/2024,Imperial Cullinan・Tower 2・Lower Floor・Flat A,,,--,"1,243ft²",@$43,Centaline
7/10/2024,Park Yoho・Phase 2C Park Yoho Milano・Tower 32A・Middle Floor・Flat F,,,--,254ft²,@$38,Centaline
7/10/2024,The Manhattan・Block H・Upper Floor・Flat H,,,--,"2,051ft²",@$40,Centaline
7/10/2024,City One Shatin・Site 2・Block 15・Lower Floor・Flat C,,,--,853ft²,@$30,Centaline
7/10/2024,Metro Town・Phase 1・Tower 3・Middle Floor・Flat B,,,--,678ft²,@$38,Centaline
7/10/2024,Harbour Place・Tower 1・Lower Floor・Flat E,,,--,481ft²,@$44,Centaline
7/10/2024,Laguna City・Phase 3・Block 32・Lower Floor・Flat G,,,--,517ft²,@$36,Centaline
7/10/2024,Ultima・Phase 1・Tower 6・Upper Floor・Flat D,,,--,800ft²,@$51,Centaline
7/10/2024,No. 8 Clear Water Bay Road・Upper Floor・Flat C,,,--,504ft²,@$40,Centaline
7/10/2024,Oasis Kai Tak・Tower 2・Lower Floor・Flat A,,,--,494ft²,@$52,Centaline
7/10/2024,The Henley・Phase 1・Tower 2・Lower Floor・Flat H,,,--,379ft²,@$58,Centaline
7/10/2024,La Cite Noble・Block 5・Upper Floor・Flat H,,,--,434ft²,@$40,Centaline
7/10/2024,Laguna City・Phase 4・Block 23・Upper Floor・Flat C,,,--,522ft²,@$35,Centaline
7/10/2024,Ocean Shores・Phase 2・Tower 7・Middle Floor・Flat H,,,--,498ft²,@$41,Centaline
7/10/2024,The Beaumount・II・Tower 2・Middle Floor・Flat F,,,--,504ft²,@$31,Centaline
7/10/2024,Harbour Green・Tower 5・Lower Floor・Flat H,,,--,482ft²,@$41,Centaline
7/10/2024,Sorrento・Phase 1・Block 5・Middle Floor・Flat E,,,--,849ft²,@$51,Centaline
7/10/2024,Kornhill・Block C (Flat 9 - 16)・Upper Floor・Flat 16,,,--,594ft²,@$37,Centaline
7/10/2024,Miami Beach Towers・Tower 2・Middle Floor・Flat G,,,--,450ft²,@$28,Centaline
7/10/2024,Mantin Heights・Tower 9・Middle Floor・Flat A,,,--,960ft²,@$55,Centaline
7/10/2024,Aegean Coast・Tower 2・Upper Floor・Flat D,,,--,617ft²,@$28,Centaline
7/10/2024,Hong Kong Gold Coast・Block 9・Upper Floor・Flat A,,,--,680ft²,@$23,Centaline
7/10/2024,Island Place・Block 1 (One Island Place)・Lower Floor・Flat F,,,--,788ft²,@$39,Centaline
7/10/2024,Golden Lion Garden・Phase 2・Golden Fullness Court (Block F)・Upper Floor・Flat 6,,,--,335ft²,@$39,Centaline
7/10/2024,The Yoho Hub・Phase C The Yoho Hub II・Tower 8・Lower Floor・Flat K,,,--,495ft²,@$38,Centaline
7/10/2024,Century Link・Phase 1・Tower 5B・Lower Floor・Flat 6,,,--,480ft²,@$38,Centaline
7/10/2024,Caribbean Coast・Phase 4 Crystal Cove・Tower 15・Lower Floor・Flat D,,,--,645ft²,@$39,Centaline
7/10/2024,Eight South Lane・Upper Floor・Flat A,,,--,323ft²,@$59,Centaline
7/10/2024,Park Haven・Upper Floor・Flat F,,,--,375ft²,@$59,Centaline
7/10/2024,The Holborn・Tower B・Middle Floor・Flat B1,,,--,268ft²,@$65,Centaline
7/10/2024,Hong Lai Garden・Block 1・Lower Floor・Flat D,,,--,480ft²,@$28,Centaline
7/10/2024,Mayfair By The Sea・Ll,,,--,602ft²,@$28,Centaline
7/10/2024,37 Repulse Bay Road・Tower 1・Upper Floor・Flat A,,,--,848ft²,@$46,Centaline
7/10/2024,Solaria・Tower 5・Middle Floor・Flat F,,,--,325ft²,@$42,Centaline
7/10/2024,Tai Po Centre・Phase 4・Block 10・Lower Floor・Flat C,,,--,371ft²,@$38,Centaline
7/10/2024,The Nova・Upper Floor・Flat F,,,--,764ft²,@$60,Centaline
7/10/2024,South Horizons・Phase 4 The Oasis・Eaton Court (Block 26)・Lower Floor・Flat B,,,--,516ft²,@$41,Centaline
7/10/2024,The Sail At Victoria・Upper Floor・Flat B,,,--,"1,059ft²",@$42,Centaline
7/10/2024,Arts Mansion・Upper Floor・Flat C,,,--,766ft²,@$42,Centaline
7/10/2024,The Harbourside・Tower 2・Upper Floor・Flat C,,,--,"1,060ft²",@$58,Centaline
7/10/2024,Monaco One・Phase 2 Monaco Marine・Mansion D・Middle Floor・Flat E,,,--,484ft²,@$45,Centaline
7/10/2024,Oceanaire・Tower 1A・Middle Floor・Flat D,,,--,822ft²,@$30,Centaline
7/10/2024,Caribbean Coast・Phase 2 Albany Cove・Tower 7・Middle Floor・Flat F,,,--,550ft²,@$34,Centaline
7/10/2024,Yoho Town・Phase 2 Yoho Midtown・Block M9・Lower Floor・Flat E,,,--,538ft²,@$32,Centaline
7/10/2024,Dragon Pride・Lower Floor・Flat C,,,--,419ft²,@$43,Centaline
7/10/2024,The Zenith・Phase 1・Tower 3・Lower Floor・Flat F,,,--,485ft²,@$47,Centaline
7/10/2024,Choi Po Court・Choi Ngan House (Block D)・Lower Floor・Flat 6,,,--,394ft²,@$28,Centaline
7/10/2024,Sheung Shui Centre・Block 3・Upper Floor・Flat A,,,--,351ft²,@$35,Centaline
7/10/2024,Choi Wo Court・36/F・Flat 10,,$4M,--,477ft²,"@$8,386",Land Registry
7/10/2024,Fairview Garden・Block 2・25/F・Flat F,,$6M,--,545ft²,"@$11,009",Land Registry
7/10/2024,Allway Garden・Block Q・24/F・Flat 3,,$3.91M,,480ft²,"@$8,146",Land Registry
7/10/2024,Ching Tao Court・13/F・Flat 16,,$1.64M,--,--,--,Land Registry
7/10/2024,Kai Chuen Court・Block 4 (Kai Tao House)・32/F・Flat 21,,$3.3M,--,--,--,Land Registry
7/10/2024,Koko Hills・Phase 3B Koko Mare・Tower 8・2/F・Flat D,,$10.35M,--,453ft²,"@$22,837",Land Registry
7/10/2024,Atrium House・22/F・Flat A3,,$3.55M,,305ft²,"@$11,639",Land Registry
7/10/2024,Grand Waterfront・Tower 6・60/F・Flat H,,$5.84M,,382ft²,"@$15,285",Land Registry
7/10/2024,Dawning Views・Block 7・8/F・Flat C,,$7.5M,,719ft²,"@$10,431",Land Registry
7/10/2024,Sceneway Garden・Block 1・6/F・Flat D,,$6M,,537ft²,"@$11,173",Land Registry
7/10/2024,Fok Cheong Building・12/F・Flat 8,,$2.83M,--,351ft²,"@$8,063",Land Registry
7/10/2024,The Waterfront・Phase 1・Tower 3・6/F・Flat F,,$23M,,"1,076ft²","@$21,375",Land Registry
7/10/2024,Jubilant Place・Tower 5・12/F・Flat C,,$9.73M,--,839ft²,"@$11,597",Land Registry
7/10/2024,Vantage Park・Carpark・2/F・No.P1,,$1.05M,--,--,--,Land Registry
7/10/2024,Luk Yeung Sun Chuen・Block F・5/F・Flat 5,,$6.1M,,582ft²,"@$10,481",Land Registry
7/10/2024,Winner Building・1/F・Flat C,,$2.6M,--,288ft²,"@$9,028",Land Registry
7/10/2024,The Metro City・Phase 2・Tower 2・34/F・Flat C,,$5.3M,,363ft²,"@$14,601",Land Registry
7/10/2024,Marlborough House・6/F・Flat C,,$16.48M,,973ft²,"@$16,937",Land Registry
7/10/2024,Waldorf Garden・Block 1・22/F・Flat B,,$3.91M,,410ft²,"@$9,532",Land Registry
7/10/2024,Garden Vista・Phase 2・Carpark・G/F・No.158,,"$820,000",--,--,--,Land Registry
7/10/2024,Kwong Lam Court・Hing Lam House (Block A)・3/F・Flat 9,,$2.93M,--,595ft²,"@$4,921",Land Registry
7/10/2024,Greenfield Garden・Phase 1・Tower 4・25/F・Flat G,,$4.45M,,368ft²,"@$12,092",Land Registry
7/10/2024,Amoy Gardens・Phase 3・Block O・8/F・Flat 3,,$3.83M,,322ft²,"@$11,894",Land Registry
7/10/2024,Kt Marina・Phase 1・Tower 2A・6/F・Flat G,,$4.94M,--,306ft²,"@$16,134",Land Registry
7/10/2024,Dragon Inn Court・Carpark・3/F・No.36,,"$500,000",--,--,--,Land Registry
7/10/2024,The Pavilia Forest・Phase 3 The Pavilia Forest III・Tower 1・25/F・Flat K,,$4.81M,--,260ft²,"@$18,508",Land Registry
7/10/2024,Kt Marina・Phase 1・Tower 2A・11/F・Flat G,,$5.01M,--,306ft²,"@$16,366",Land Registry
7/10/2024,Kt Marina・Phase 1・Tower 2B・15/F・Flat G,,$7.04M,--,432ft²,"@$16,306",Land Registry
7/10/2024,Hang Chun Court・Chun Lai House (Block A)・9/F・Flat 9,,$5.2M,--,645ft²,"@$8,062",Land Registry
7/10/2024,Island Crest・Tower 1・27/F・Flat F,,$8.17M,,374ft²,"@$21,845",Land Registry
7/10/2024,Greenland Gardens・Block A・8/F・Flat C,,$8M,--,714ft²,"@$11,204",Land Registry
7/10/2024,Larchwood・21/F・Flat H,,$4.59M,--,204ft²,"@$22,490",Land Registry
7/10/2024,Discovery Bay・Phase 8-La Costa・Costa Court・13/F・Flat G,,$10.6M,,963ft²,"@$11,007",Land Registry
7/10/2024,Hyde Towers・Block A・10/F・Flat A2,,$4.65M,,587ft²,"@$7,922",Land Registry
7/10/2024,Chun Man Court・Man Hor House (Block D)・15/F・Flat 8,,$4M,--,525ft²,"@$7,619",Land Registry
7/10/2024,Marina Cove・Phase 5・House A22,,$23.88M,,"1,406ft²","@$16,984",Land Registry
7/10/2024,Kt Marina・Phase 1・Tower 2B・6/F・Flat C,,$8.28M,--,450ft²,"@$18,407",Land Registry
7/10/2024,Fulham Garden・Block Gh・12/F・Flat G,,$20.2M,--,"1,560ft²","@$12,949",Land Registry
7/10/2024,Mont Verra・Tower 2・5/F・Flat A,,$260M,--,"4,395ft²","@$59,158",Land Registry
7/10/2024,Tivoli Garden・Tower 1・29/F・Flat H,,$7.98M,--,706ft²,"@$11,303",Land Registry
7/10/2024,High Park・Phase 1・Tower 2・3/F・Flat B02,,$5.3M,--,445ft²,"@$11,912",Land Registry
7/10/2024,Ching Tao Court・17/F・Flat 22,,$1.84M,--,--,--,Land Registry
7/10/2024,Ching Tao Court・22/F・Flat 22,,$1.86M,--,--,--,Land Registry
7/10/2024,Novo Land・Phase 3B・Fiskars Tower 2A・15/F・Flat C,,$3.68M,--,292ft²,"@$12,608",Land Registry
7/10/2024,East Sun Mansion・12A/F・No. 41,,$8.48M,,739ft²,"@$11,475",Land Registry
7/10/2024,Coastal Skyline・Phase 4 Le Bleu Deux・Block 3・16/F・Flat B,,$6.88M,,568ft²,"@$12,113",Land Registry
7/10/2024,Sea Crest Villa・Phase 3・Block 7・1/F・Flat A,,$3.1M,,415ft²,"@$7,470",Land Registry
7/10/2024,Belvedere Garden・Phase 3・Block 6・35/F・Flat H,,$6.6M,,728ft²,"@$9,066",Land Registry
7/10/2024,Rambler Crest・Tower 6・11/F・Flat C,,$4.8M,,488ft²,"@$9,836",Land Registry
7/10/2024,One Beacon Hill・Phase 2・Tower 7・9/F・Flat A,,$24.7M,,"1,104ft²","@$22,373",Land Registry
7/10/2024,Yee Tsui Court・Lok Yee House (Block C)・20/F・Flat 7,,$3M,--,449ft²,"@$6,682",Land Registry
7/10/2024,Victoria Harbour・Phase 2B-2 Victoria Harbour II・Tower 3・19/F・Flat A,,$56.36M,--,"1,448ft²","@$38,925",Land Registry
7/10/2024,Pictorial Garden・Phase 2・Forum Court (Block B)・10/F・Flat F,,$8.2M,,839ft²,"@$9,774",Land Registry
7/10/2024,Luk Yeung Sun Chuen・Block H・17/F・Flat 4,,$6.29M,,582ft²,"@$10,808",Land Registry
7/10/2024,Tsuen Kam Centre・Block 2・5/F・Flat H,,$3.9M,,375ft²,"@$10,400",Land Registry
7/10/2024,Victoria Harbour・Phase 2B-2 Victoria Harbour II・Tower 3・16/F・Flat A,,$52M,--,"1,448ft²","@$35,912",Land Registry
7/10/2024,The Wings・Ocean Wings・Tower 6B・11/F・Flat E,,$5.35M,,368ft²,"@$14,538",Land Registry
7/10/2024,Allway Garden・Block R・24/F・Flat 3,,$3.66M,--,480ft²,"@$7,625",Land Registry
7/10/2024,The Long Beach・Tower 7・36/F・Flat A,,$16M,,842ft²,"@$19,002",Land Registry
7/10/2024,Prima Villa・Block 5・27/F・Flat G,,$5.9M,,419ft²,"@$14,081",Land Registry
7/10/2024,Hang Hing Court・17/F・Flat C,,$3.2M,,241ft²,"@$13,278",Land Registry
7/10/2024,Montane Mansion・16/F・Flat 20,,$2.8M,,360ft²,"@$7,778",Land Registry
7/10/2024,Green Leaves Garden・Block A・3/F・Flat 1,,$3.1M,--,305ft²,"@$10,164",Land Registry
7/10/2024,Hyde Towers・Block A・12/F・Flat A6,,$4.45M,,587ft²,"@$7,581",Land Registry
7/10/2024,Hoi King Mansion・1/F・Flat D,,$3.31M,,530ft²,"@$6,245",Land Registry
7/10/2024,No. 1 Star Street・16/F・Flat B,,$6.1M,,295ft²,"@$20,678",Land Registry
7/10/2024,Tsuen Wan Centre・Block 10 (Peking House)・18/F・Flat C,,$3.47M,--,425ft²,"@$8,165",Land Registry
7/10/2024,Tsuen Wan Centre・Block 13 (Kweiyang House)・20/F・Flat F,,$3.2M,--,378ft²,"@$8,466",Land Registry
7/10/2024,H Cube・8/F・Flat 12,,$4M,,293ft²,"@$13,652",Land Registry
7/10/2024,Chi Fu Fa Yuen・Carpark・3/F・No.50,,"$850,000",--,--,--,Land Registry
7/10/2024,Nan Fung Sun Chuen・Block 10・28/F・Flat E,,$6M,,516ft²,"@$11,628",Land Registry
7/10/2024,Kam Tai Court・Kam Man House (Block L)・13/F・Flat 2,,$4.3M,--,526ft²,"@$8,175",Land Registry
7/10/2024,Yick Fai Building・10/F・Flat C,,$3.23M,,379ft²,"@$8,522",Land Registry
7/10/2024,Tai Po Centre・Phase 2・Block 5・17/F・Flat H,,$3.18M,,299ft²,"@$10,635",Land Registry
7/10/2024,The Legend・Tower 5・31/F・Flat B,,$17M,,871ft²,"@$19,518",Land Registry
7/10/2024,Kt Marina・Phase 1・Tower 2A・17/F・Flat D,,$9.83M,--,534ft²,"@$18,416",Land Registry
7/10/2024,The Paddington・Block A・11/F・Flat A9,,$3.05M,--,185ft²,"@$16,468",Land Registry
7/10/2024,Victor Court・30/F・Flat C,,$4.62M,,322ft²,"@$14,348",Land Registry
7/10/2024,Serenity Park・Phase 1・Block 8・20/F・Flat B,,$6.12M,--,526ft²,"@$11,635",Land Registry
7/10/2024,Tierra Verde・Phase 1・Tower 3・25/F・Flat F,,$7.9M,,523ft²,"@$15,105",Land Registry
7/10/2024,Koko Hills・Phase 3B Koko Mare・Tower 9・6/F・Flat F,,$5.97M,--,310ft²,"@$19,255",Land Registry
7/10/2024,Banyan Garden・Phase 1・Tower 1・36/F・Flat D,,$6.95M,,492ft²,"@$14,126",Land Registry
7/10/2024,Mei Foo Sun Chuen・Phase 3・80-82 Broadway・6/F・Flat C No. 82,,$5.18M,--,581ft²,"@$8,916",Land Registry
7/10/2024,Discovery Bay・Phase 15 Positano・Block L5,,$16M,,"1,447ft²","@$11,057",Land Registry
7/10/2024,Park Avenue・Phase 1・Tower 9・18/F・Flat G,,$8M,--,466ft²,"@$17,167",Land Registry
7/10/2024,Hoi Ching Mansion・16/F・Flat 2,,$2.83M,--,316ft²,"@$8,956",Land Registry
7/10/2024,Kt Marina・Phase 1・Tower 2B・3/F・Flat F,,$4.91M,--,307ft²,"@$16,003",Land Registry
7/10/2024,Eltanin‧Square Mile・Tower 1・19/F・Flat J,,$4.27M,,249ft²,"@$17,141",Land Registry
7/10/2024,Hong Lok Building・1/F・Flat F,,$3.38M,--,643ft²,"@$5,257",Land Registry
7/10/2024,Yee Tsui Court・Cheong Yee House (Block A)・19/F・Flat 2,,$4.8M,--,483ft²,"@$9,938",Land Registry
7/10/2024,Residence Bel-Air・Phase 6 Bel-Air No. 8・Tower 5・19/F・Flat B,,$14.1M,,698ft²,"@$20,201",Land Registry
7/10/2024,Tong Ming Court・Tong Fu House (Block C)・31/F・Flat 1,,$5.4M,--,634ft²,"@$8,517",Land Registry
7/10/2024,Garden Vista・Phase 2・Block F・10/F・Flat 6,,$6.5M,,616ft²,"@$10,552",Land Registry
7/10/2024,Discovery Bay・Phase 7-La Vista・12 Vista Avenue (Vista Court)・2/F・Flat C,,$5.4M,,619ft²,"@$8,724",Land Registry
7/10/2024,Discovery Bay・Phase 5-Greenvale Village・Greenery Court (Block 1)・22/F・Flat D,,$6.2M,,876ft²,"@$7,078",Land Registry
7/10/2024,Hong Tin Court・Wo Hong House (Block B)・21/F・Flat 7,,$4.3M,--,420ft²,"@$10,238",Land Registry
7/10/2024,Glorious Garden・Block 10・1/F・Flat J,,$3.55M,--,592ft²,"@$5,997",Land Registry
7/10/2024,Ching Tao Court・20/F・Flat 21,,$1.69M,--,--,--,Land Registry
7/10/2024,Symphony Bay・Villa Rhapsody・Carpark・LCP・No.169,,"$800,000",--,--,--,Land Registry
7/10/2024,Beverly Garden・Block 6・28/F・Flat E,,$4.3M,--,484ft²,"@$8,884",Land Registry
7/10/2024,Lok Hin Terrace・Block 5・6/F・Flat H,,$4M,--,564ft²,"@$7,092",Land Registry
7/10/2024,Sun Tuen Mun Centre・Block 9・19/F・Flat G,,$4M,,455ft²,"@$8,791",Land Registry
7/10/2024,Aqua Marine・Tower 1・5/F・Flat E,,$6.48M,,502ft²,"@$12,908",Land Registry
7/10/2024,Yen Lok Building・Block B・24/F・Flat V,,$3M,--,250ft²,"@$12,000",Land Registry
7/10/2024,Aria Kowloon Peak・Carpark・BM3・No.6,,$2M,--,--,--,Land Registry
7/10/2024,Kt Marina・Phase 1・Tower 2A・3/F・Flat G,,$4.9M,--,306ft²,"@$16,007",Land Registry
7/10/2024,Fanling Centre・Phase 1・Block C・18/F・Flat 2,,$6M,--,535ft²,"@$11,215",Land Registry
7/10/2024,Kam On Building・4/F・No. 40,,$2.14M,--,564ft²,"@$3,794",Land Registry
7/10/2024,Chill Residence・Tower 1・26/F・Flat J,,$6.65M,--,322ft²,"@$20,653",Land Registry
7/10/2024,The Riverpark・Tower 1・6/F・Flat F,,$7.6M,,507ft²,"@$14,990",Land Registry
7/10/2024,Kwun Shan Court・30/F・Flat 3,,$3M,--,--,--,Land Registry
7/10/2024,Union Plaza・Tower 2・11/F・Flat E,,$5.25M,--,684ft²,"@$7,675",Land Registry
7/10/2024,Baguio Villa・Block 23・4/F・Flat D,,$13.08M,--,"1,363ft²","@$9,596",Land Registry
7/10/2024,King Wang Heights・13/F・Flat A,,$3.38M,,309ft²,"@$10,939",Land Registry
7/10/2024,Maiden Court・Carpark・G/F・No.188,,$1M,--,--,--,Land Registry
7/10/2024,May Shing Court・Fai Shing House (Block C)・13/F・Flat 20,,$4.68M,--,490ft²,"@$9,551",Land Registry
7/10/2024,Des Voeux W Residence・23/F・Flat B,,$6.7M,--,268ft²,"@$24,989",Land Registry
7/10/2024,One Homantin・Tower 6・12/F・Flat A,,$12.2M,--,681ft²,"@$17,915",Land Registry
7/10/2024,Riviera Gardens・Carpark・2/F・No.40 (Podium C),,"$800,000",--,--,--,Land Registry
7/10/2024,Well On Garden・Block 2・12/F・Flat F,,$5.1M,,502ft²,"@$10,159",Land Registry
7/10/2024,Galaxia・Tower D・52-53/F・Flat 3,,$17.86M,,"1,271ft²","@$14,052",Land Registry
7/10/2024,Tin Fu Court・Hing Fu House (Block G)・11/F・Flat 4,,$3.95M,--,650ft²,"@$6,077",Land Registry
7/10/2024,Cheung On Estate・On Pak House (Block 7)・18/F・Flat 20,,$2.69M,--,443ft²,"@$6,072",Land Registry
7/10/2024,Tin Shing Court・Shing Wui House (Block G)・24/F・Flat 6,,$3.7M,--,517ft²,"@$7,157",Land Registry
7/10/2024,Tai Wo Estate・Hang Wo House (Block 12)・18/F・Flat 15,,$1.6M,--,349ft²,"@$4,585",Land Registry
7/10/2024,Lai Yan Court・Lai Choi House (Block B)・35/F・Flat 15,,$3.83M,--,428ft²,"@$8,949",Land Registry
7/10/2024,Lai Tsui Court・Tower 1 (Lai Sum House)・31/F・Flat 15,,$4.2M,--,382ft²,"@$10,995",Land Registry
7/10/2024,Tin Shing Court・Shing Kan House (Block E)・34/F・Flat 7,,$4.75M,--,650ft²,"@$7,308",Land Registry
7/10/2024,Yuet Wu Villa・Block 11・24/F・Flat G,,$3.98M,--,592ft²,"@$6,723",Land Registry
7/10/2024,Yuet Wu Villa・Block 15・4/F・Flat F,,$3.04M,--,484ft²,"@$6,277",Land Registry
7/10/2024,Sheung Chui Court・Block B (Chui Ho House)・6/F・Flat 1,,$4.4M,--,438ft²,"@$10,046",Land Registry
7/10/2024,Fung Shing Court・Fu Shing House (Block C)・23/F・Flat 13,,$4.5M,--,490ft²,"@$9,184",Land Registry
7/10/2024,Hong Sing Gardens・Block 5・26/F・Flat F,,$3M,--,495ft²,"@$6,061",Land Registry
7/10/2024,The Pavilia Bay・Carpark・BM2・No.22,,$2.68M,--,--,--,Land Registry
7/10/2024,Upper East・22/F・Flat L (T1C),,$3.15M,,219ft²,"@$14,384",Land Registry
7/10/2024,Kai Chi Building・3/F・Flat C (Flat 3),,$2.88M,--,393ft²,"@$7,328",Land Registry
7/10/2024,Greenfield Garden・Phase 1・Tower 6・30/F・Flat G,,$4.45M,,368ft²,"@$12,092",Land Registry
7/10/2024,The Wings・The Wings・Tower 6・7/F・Flat E,,$7.85M,,538ft²,"@$14,591",Land Registry
7/10/2024,Taikoo Shing・Kao Shan Terrace・(T-13) Wah Shan Mansion・2/F・Flat F,,$7.19M,,685ft²,"@$10,501",Land Registry
7/10/2024,Koko Hills・Phase 3A Koko Rosso・Tower 6・25/F・Flat G,,$9.96M,--,475ft²,"@$20,975",Land Registry
7/10/2024,Ka Keng Court・Ka Oi House (Block A)・31/F・Flat 1,,$5.6M,--,650ft²,"@$8,615",Land Registry
7/10/2024,Grandview Garden・Block 1・17/F・Flat C,,$4.4M,--,309ft²,"@$14,239",Land Registry
7/10/2024,Coastal Skyline・Phase 1・Block 6・29/F・Flat C,,$8.8M,,874ft²,"@$10,069",Land Registry
7/10/2024,Plover Cove Garden・Block A・11/F・Flat 3,,$6.13M,,561ft²,"@$10,927",Land Registry
7/10/2024,Forest Hill・House 21・HOUSE 21・Duplex Th-21A,,$12.75M,,"1,551ft²","@$8,221",Land Registry
7/10/2024,Regency Bay・Phase 2・Tower 1・3/F・Flat F,,$9.56M,--,449ft²,"@$21,289",Land Registry
7/10/2024,Onmantin・Phase 2A・Tower 3・3/F・Flat B,,$16.24M,--,725ft²,"@$22,399",Land Registry
7/10/2024,Villa Lucca・Tower 12,,$23.02M,--,"1,387ft²","@$16,600",Land Registry
7/10/2024,Hoi Tak Court・31/F・Flat 6,,$4.2M,--,379ft²,"@$11,082",Land Registry
7/10/2024,Homantin Hillside・Tower 2・3/F・Flat B,,$6M,,349ft²,"@$17,192",Land Registry
7/10/2024,City One Shatin・Site 4・Block 44・15/F・Flat A,,$3.87M,,284ft²,"@$13,627",Land Registry
7/10/2024,Liberte・Block 7・28/F・Flat H,,$6.55M,,491ft²,"@$13,340",Land Registry
7/10/2024,Fairview Park・Golden Bamboo Road East・No. 66 (S.F Ss.122 (9100)),,$9.7M,,962ft²,"@$10,083",Land Registry
7/10/2024,Sky Tower・Block 5・22/F・Flat E,,$6.73M,,452ft²,"@$14,889",Land Registry
7/10/2024,Tak Bo Garden・Block G・11/F・Flat G5,,$3.65M,,382ft²,"@$9,555",Land Registry
7/10/2024,Novo Land・Phase 3B・Fiskars Tower 1・27/F・Flat L,,$6.6M,--,512ft²,"@$12,882",Land Registry
7/10/2024,Canaryside・10/F・Flat B,,$7.8M,,666ft²,"@$11,712",Land Registry
7/10/2024,Po Wah Building・13/F・Flat D,,$2.6M,,267ft²,"@$9,738",Land Registry
7/10/2024,Lei On Court・Lei Hong House (Block A)・8/F・Flat 6,,$4.45M,--,516ft²,"@$8,624",Land Registry
7/10/2024,Po Pui Court・Po Chui House (Block D)・34/F・Flat 7,,$4.59M,--,554ft²,"@$8,285",Land Registry
7/10/2024,40A Nga Tsin Long Road・3/F・No. 40A,,$4.22M,--,499ft²,"@$8,457",Land Registry
7/10/2024,Mansion House・1/F・Flat B,,$2.44M,--,215ft²,"@$11,349",Land Registry
7/10/2024,29-31 Nam Kok Road・5/F・Flat A (No. 29),,$4.46M,,487ft²,"@$9,158",Land Registry
7/10/2024,Cheong Shing Building・1/F・Flat E,,$2.8M,,285ft²,"@$9,825",Land Registry
7/10/2024,Man Fat House・3/F・Flat B,,$3.13M,,320ft²,"@$9,781",Land Registry
7/10/2024,Cheong Shing Building・4/F・Flat E,,$2.55M,,285ft²,"@$8,947",Land Registry
7/10/2024,Yau Lung Building・4/F・Flat C,,$2.19M,--,223ft²,"@$9,821",Land Registry
7/10/2024,Lohas Park・Phase 12B Park Seasons・Tower 2 (2A)・15/F・Flat A,,$6.49M,--,448ft²,"@$14,480",Land Registry
7/10/2024,Lohas Park・Phase 12B Park Seasons・Tower 2 (2B)・27/F・Flat A,,$8.04M,--,537ft²,"@$14,980",Land Registry
7/10/2024,Lohas Park・Phase 12B Park Seasons・Tower 2 (2B)・27/F・Flat D,,$6.28M,--,437ft²,"@$14,359",Land Registry
7/10/2024,Lake Silver・Tower 8・28/F・Flat B,,$10.46M,,762ft²,"@$13,727",Land Registry
7/10/2024,Island Harbourview・Tower 2・23/F・Flat A,,$9.61M,,651ft²,"@$14,759",Land Registry
7/10/2024,Blossom Garden・Block 3・24/F・Flat C,,$3.5M,,415ft²,"@$8,434",Land Registry
7/10/2024,The Pavilia Bay・Tower 1B・33/F・Flat F,,$4.55M,,306ft²,"@$14,869",Land Registry
7/10/2024,Wai Pont House・5/F・Flat A,,$2.86M,,292ft²,"@$9,795",Land Registry
7/10/2024,Kwai Sing Centre・Tower A・3/F・Flat 6,,$3.08M,,383ft²,"@$8,042",Land Registry
7/10/2024,Park Yoho・Phase 2A Park Yoho Genova・Tower 15A・12/F・Flat C,,$5.27M,,520ft²,"@$10,131",Land Registry
7/10/2024,Mei Foo Sun Chuen・Phase 3・72-74 Broadway・19/F・Flat D No. 72,,$6.3M,--,704ft²,"@$8,949",Land Registry
7/10/2024,Park Island・Phase 3・Block 20・17/F・Flat C,,$5.5M,,566ft²,"@$9,717",Land Registry
7/10/2024,Serene Garden・Block 1・11/F・Flat G,,$3.7M,--,484ft²,"@$7,645",Land Registry
7/10/2024,Fanling Centre・Phase 1・Block B・21/F・Flat 1,,$4.58M,,468ft²,"@$9,786",Land Registry
7/10/2024,Blossom Garden・Block 1・6/F・Flat A,,$3.85M,,480ft²,"@$8,021",Land Registry
7/10/2024,Pak Ling Mansion・6/F・Flat A,,$3M,--,504ft²,"@$5,952",Land Registry
7/10/2024,Pak Ling Mansion・9/F・Flat A,,$2.58M,--,338ft²,"@$7,633",Land Registry
7/10/2024,Pak Ling Mansion・11/F・Flat A,,$2.62M,--,338ft²,"@$7,751",Land Registry
6/10/2024,Windsor Court・Middle Floor・Flat B,,,--,259ft²,@$58,Centaline
6/10/2024,Novo Land・Phase 1A・Elverum Tower 1・Middle Floor・Flat F,,,--,236ft²,@$47,Centaline
6/10/2024,City One Shatin・Site 4・Block 38・Middle Floor・Flat G,,,--,304ft²,@$44,Centaline
6/10/2024,Wai Wah Centre・Block 2・Upper Floor・Flat A,,,--,358ft²,@$46,Centaline
6/10/2024,City One Shatin・Site 4・Block 41・Lower Floor・Flat F,,,--,284ft²,@$44,Centaline
6/10/2024,Glorious Peak・Lower Floor・Flat E,,,--,558ft²,@$27,Centaline
6/10/2024,Monaco One・Phase 1・Tower 2B・Upper Floor・Flat D,,,--,464ft²,@$52,Centaline
6/10/2024,Residence Oasis・Tower 6・Lower Floor・Flat C,,,--,488ft²,@$36,Centaline
6/10/2024,"Fairview Park・Section J, 3Rd Street",,,--,848ft²,@$42,Centaline
6/10/2024,Bonham Ville・Middle Floor・No. 5,,,--,478ft²,@$41,Centaline
6/10/2024,Cullinan West・Phase 3 Cullinan West Il・Tower 3A・Middle Floor・Flat A,,,--,"1,358ft²",@$43,Centaline
6/10/2024,Beverly Villa・Block 10・Middle Floor・Flat C,,,--,"1,211ft²",@$35,Centaline
6/10/2024,Tropicana Gardens・Block 2 (Block B)・Lower Floor・Flat G,,,--,408ft²,@$37,Centaline
6/10/2024,Lohas Park・Phase 6 Lp6・Tower 5・Middle Floor・Flat M,,,--,305ft²,@$51,Centaline
6/10/2024,The Quinn ‧ Square Mile・Tower 1・Lower Floor・Flat G,,,--,258ft²,@$62,Centaline
6/10/2024,One Innovale・Phase 3・Tower D・Middle Floor・Flat 10,,,--,319ft²,@$38,Centaline
6/10/2024,The Yoho Hub・Phase B・Tower 2・Lower Floor・Flat E,,,--,538ft²,@$37,Centaline
6/10/2024,Monterey・Tower 5・Upper Floor・Flat B,,,--,280ft²,@$56,Centaline
6/10/2024,Park Central・Phase 2・Tower 11・Lower Floor・Flat E,,,--,384ft²,@$45,Centaline
6/10/2024,The Pavilia Hill・Tower 6・Upper Floor・Flat A,,,--,"1,164ft²",@$63,Centaline
6/10/2024,South Horizons・Phase 2・Yee Mei Court (Block 7)・Middle Floor・Flat H,,,--,739ft²,@$40,Centaline
6/10/2024,Yu Fung Building・Upper Floor・Flat A,,,--,771ft²,@$43,Centaline
6/10/2024,Kennedy 38・Lower Floor・Flat D,,,--,334ft²,@$72,Centaline
6/10/2024,Tin Yau Court・Yau Tai House (Block C)・Middle Floor・Flat 6,,,--,435ft²,@$25,Centaline
6/10/2024,The Garrison・Upper Floor・Flat A,,,--,251ft²,@$66,Centaline
6/10/2024,Garden Rivera・Block E・Upper Floor・Flat 1,,,--,269ft²,@$51,Centaline
6/10/2024,One Innovale・Phase 3・Tower E・Upper Floor・Flat 25,,,--,272ft²,@$42,Centaline
6/10/2024,Coastal Skyline・Phase 1・Block 3・Lower Floor・Flat F,,,--,388ft²,@$40,Centaline
5/10/2024,Elegant Garden・Block 1・Upper Floor・Flat A,,$6.8M,--,404ft²,"@$16,832",Centaline
5/10/2024,Aberdeen Centre・Hoi Ying Court (Block L)・Middle Floor・Flat 1,,,--,438ft²,@$33,Centaline
5/10/2024,Chi Fu Fa Yuen・Fu Ho Yuen (Block H-5)・Lower Floor・Flat B,,,--,588ft²,@$31,Centaline
5/10/2024,Madison Park・Middle Floor・Flat C,,,--,301ft²,@$56,Centaline
5/10/2024,City One Shatin・Site 5・Block 50・Upper Floor・Flat C,,,--,304ft²,@$44,Centaline
5/10/2024,King Ho Building・Middle Floor・Flat B,,,--,403ft²,@$45,Centaline
5/10/2024,Discovery Bay・Phase 1-Parkridge Village・Seaview・Middle Floor・Flat F,,,--,440ft²,@$27,Centaline
5/10/2024,Lohas Park・Phase 4B Wings At Sea Il・Tower 5A・Lower Floor・Flat F,,,--,343ft²,@$43,Centaline
5/10/2024,Shatinpark・Stage 1・Avon Garden (Block 2)・Upper Floor・Flat A,,,--,286ft²,@$40,Centaline
5/10/2024,No. 8 Royal Green・Middle Floor・Flat H,,,--,663ft²,@$25,Centaline
5/10/2024,Sheung Shui Centre・Block 5・Lower Floor・Flat C,,,--,350ft²,@$31,Centaline
5/10/2024,Caribbean Coast・Phase 3 Carmel Cove・Lux Living (Tower 12)・Upper Floor・Flat A,,,--,918ft²,@$31,Centaline
5/10/2024,Metro City・Phase 1・Tower 3・Lower Floor・Flat G,,,--,364ft²,@$45,Centaline
5/10/2024,Valais,,,--,"2,017ft²",@$26,Centaline
5/10/2024,Dynasty Heights・Tropicana・Tropicana 7 (Block 20)・Upper Floor・Flat A,,,--,969ft²,@$35,Centaline
5/10/2024,East Point City・Block 8・Middle Floor・Flat D,,,--,619ft²,@$33,Centaline
5/10/2024,Provident Centre・Block 2・Upper Floor・Flat E,,,--,"1,039ft²",@$37,Centaline
5/10/2024,Hong Kong Garden・Phase 1・Admiralty Heights (Block 5)・Middle Floor・Flat F,,,--,365ft²,@$34,Centaline
5/10/2024,Broadview Mansion・Upper Floor・Flat A,,,--,938ft²,@$41,Centaline
5/10/2024,The Orchards・Tower 1・Upper Floor・Flat A,,,--,821ft²,@$52,Centaline
5/10/2024,Nan Fung Sun Chuen・Block 2・Middle Floor・Flat B,,,--,391ft²,@$42,Centaline
5/10/2024,St Martin・Phase 2・Tower 9・Middle Floor・Flat B2,,,--,449ft²,@$38,Centaline
5/10/2024,The Henley・Phase 1・Condominium C・Upper Floor・Flat G,,,--,208ft²,@$70,Centaline
5/10/2024,Mei Foo Sun Chuen・Phase 3・53-55 Broadway・Upper Floor・Flat B No. 55,,,--,654ft²,@$34,Centaline
5/10/2024,Aria Kowloon Peak・Tower 3・Lower Floor・Flat E,,,--,749ft²,@$33,Centaline
5/10/2024,Tak Bo Garden・Block E・Middle Floor・Flat E8,,,--,265ft²,@$36,Centaline
5/10/2024,Metro Town・Phase 2 Le Point・Tower 6・Lower Floor・Flat C,,,--,503ft²,@$38,Centaline
5/10/2024,Lohas Park・Phase 5A Malibu・Tower 2A・Lower Floor・Flat A,,,--,660ft²,@$37,Centaline
5/10/2024,The Wings・The Wings・Tower 8・Upper Floor・Flat C,,,--,968ft²,@$37,Centaline
5/10/2024,City One Shatin・Site 7・Block 36・Upper Floor・Flat C,,,--,307ft²,@$39,Centaline
5/10/2024,The Quinn ‧ Square Mile・Tower 1・Lower Floor・Flat N,,,--,205ft²,@$64,Centaline
5/10/2024,Smithfield Terrace・Block A・Middle Floor・Flat 1,,,--,281ft²,@$50,Centaline
5/10/2024,Lee Bo Building・Lower Floor・Flat C,,,--,234ft²,@$33,Centaline
5/10/2024,Seaview Crescent・Block 3・Lower Floor・Flat F,,,--,531ft²,@$34,Centaline
5/10/2024,The Consonance・Lower Floor・Flat D,,,--,302ft²,@$63,Centaline
5/10/2024,City One Shatin・Site 5・Block 48・Middle Floor・Flat A,,,--,284ft²,@$51,Centaline
5/10/2024,Tsuen Wan Centre・Block 6 (Chungking House)・Upper Floor・Flat H,,,--,324ft²,@$35,Centaline
5/10/2024,Greenfield Garden・Phase 1・Tower 4・Middle Floor・Flat E,,,--,443ft²,@$35,Centaline
5/10/2024,The Avenue・Phase 2・Tower 2・Lower Floor・Flat L,,,--,329ft²,@$59,Centaline
5/10/2024,St. Barths・Phase 1・Maple Court Tower 1・Middle Floor・Flat E,,,--,441ft²,@$48,Centaline
5/10/2024,Kornhill Garden・Block 2・Middle Floor・Flat E,,,--,431ft²,@$42,Centaline
5/10/2024,The Holborn・Tower B・Middle Floor・Flat B1,,,--,268ft²,@$71,Centaline
5/10/2024,Sun Tuen Mun Centre・Block 9・Middle Floor・Flat G,,,--,455ft²,@$27,Centaline
5/10/2024,The Riverpark・Tower 3・Upper Floor・Flat A,,,--,"1,262ft²",@$36,Centaline
5/10/2024,Hollywood Terrace・Block B・Upper Floor・Flat E,,,--,766ft²,@$40,Centaline
5/10/2024,The Royal Court・Middle Floor・Flat A,,,--,"1,107ft²",@$45,Centaline
5/10/2024,Taikoo Shing・On Shing Terrace・(T-27) Ning On Mansion・Middle Floor・Flat H,,,--,580ft²,@$34,Centaline
5/10/2024,Elegant Court・Upper Floor・Flat A (No. 14A),,,--,522ft²,@$52,Centaline
5/10/2024,Luk Yeung Sun Chuen・Block Q・Upper Floor・Flat 8,,,--,475ft²,@$35,Centaline
5/10/2024,Wetland Seasons Bay・Phase 1・Tower 2B・Middle Floor・Flat C5,,,--,438ft²,@$30,Centaline
5/10/2024,Ocean Pride・Phase 3A Ocean Supreme・Tower 3A・Upper Floor・Flat B,,,--,"1,163ft²",@$37,Centaline
5/10/2024,Tsuen King Garden・Phase 1・Block 5・Upper Floor・Flat D,,,--,362ft²,@$38,Centaline
5/10/2024,H Cube・Middle Floor・Flat 12,,,--,293ft²,@$56,Centaline
5/10/2024,Classical Gardens・Phase 1・Block 11・Upper Floor・Flat F,,,--,513ft²,@$34,Centaline
5/10/2024,Vista Paradiso・Phase 2・Tower 8・Lower Floor・Flat B,,,--,745ft²,@$32,Centaline
5/10/2024,Rambler Crest・Tower 2・Lower Floor・Flat H,,,--,451ft²,@$33,Centaline
5/10/2024,Parc City・Tower 6・Middle Floor・Flat B,,,--,432ft²,@$49,Centaline
5/10/2024,K‧Summit・Urban Villa 2・Flat A,,,--,323ft²,@$54,Centaline
5/10/2024,Chong Hing Building・Middle Floor・Flat A,,,--,549ft²,@$38,Centaline
5/10/2024,Laguna City・Phase 1・Block 17・Upper Floor・Flat G,,,--,517ft²,@$31,Centaline
5/10/2024,Grand Central・Phase 1・Tower 2・Lower Floor・Flat L,,,--,540ft²,@$45,Centaline
5/10/2024,Yoho Town・Phase 2 Yoho Midtown・Block M2・Upper Floor・Flat F,,,--,475ft²,@$36,Centaline
5/10/2024,Greenfields・Block 2・Lower Floor・Flat D,,,--,667ft²,@$27,Centaline
4/10/2024,The Zenith・Phase 1・Tower 1・Upper Floor・Flat D,,$12.5M,--,612ft²,"@$20,425",Centaline
4/10/2024,Glorious Peak・Middle Floor・Flat C,,$5.34M,--,505ft²,"@$10,570",Centaline
4/10/2024,The Met. Blossom・Tower 1・Lower Floor・Flat A06,,$3.5M,--,283ft²,"@$12,367",Centaline
4/10/2024,Peak One・Phase 1・Block 5・Lower Floor・Flat B,,$16M,--,"1,291ft²","@$12,393",Centaline
4/10/2024,Kai Tak Garden・Block 1・Upper Floor・Flat H,,$5M,--,612ft²,"@$8,170",Centaline
4/10/2024,Sung Lan Mansion・Upper Floor・Flat A,,$8.2M,--,930ft²,"@$8,817",Centaline
4/10/2024,Monte Vista・Block 11・Middle Floor・Flat C,,$6.72M,--,765ft²,"@$8,784",Centaline
4/10/2024,Monte Vista・Block 12・Middle Floor・Flat B,,$7.15M,--,765ft²,"@$9,346",Centaline
4/10/2024,80 Robinson Road・Block 1・Upper Floor・Flat A,,,--,"1,052ft²",@$56,Centaline
4/10/2024,Flora Plaza・Block 1・Lower Floor・Flat A,,,--,392ft²,@$32,Centaline
4/10/2024,Ying Piu Mansion・Lower Floor・Flat C,,,--,404ft²,@$47,Centaline
4/10/2024,Lohas Park・Phase 2A Le Prestige・Blue Danube (Tower 5 - L Wing)・Upper Floor・Flat D,,,--,972ft²,@$28,Centaline
4/10/2024,Kingswood Villas・Phase 5 Lynwood Court・Block 8・Middle Floor・Flat D,,,--,544ft²,@$24,Centaline
4/10/2024,Beverly Court・Upper Floor・Flat B,,,--,879ft²,@$43,Centaline
4/10/2024,The Long Beach・Tower 7・Lower Floor・Flat B,,,--,556ft²,@$44,Centaline
4/10/2024,Heya Delight・Upper Floor・Flat D,,,--,518ft²,@$42,Centaline
4/10/2024,Mantin Heights・Tower 6・Middle Floor・Flat D,,,--,554ft²,@$47,Centaline
4/10/2024,Central Park Towers・Phase 1・Tower 3・Upper Floor・Flat G,,,--,502ft²,@$27,Centaline
4/10/2024,The Manhattan・Block F・Lower Floor・Flat F,,,--,"1,551ft²",@$37,Centaline
4/10/2024,St Martin・Phase 1・Tower 3・Lower Floor・Flat A2,,,--,452ft²,@$38,Centaline
4/10/2024,Sorrento・Phase 1・Block 6・Middle Floor・Flat A,,,--,632ft²,@$51,Centaline
4/10/2024,Silicon Hill・University Hill Phase 2B・Scenic Tower 1・Upper Floor・Flat A5,,,--,409ft²,@$38,Centaline
4/10/2024,Hoover Towers・Tower 1・Middle Floor・Flat A,,,--,355ft²,@$46,Centaline
4/10/2024,Monmouth Villa・Lower Floor・Flat A,,,--,"1,574ft²",@$39,Centaline
4/10/2024,Ying Wa Court・Lower Floor・Flat B,,,--,466ft²,@$47,Centaline
4/10/2024,The Beaumount・Phase 1・Tower 6・Upper Floor・Flat B,,,--,499ft²,@$33,Centaline
4/10/2024,Kam Wah Garden・Block B・Middle Floor・Flat 8,,,--,353ft²,@$31,Centaline
4/10/2024,Taikoo Shing・Kam Din Terrace・(T-22) Ming Kung Mansion・Middle Floor・Flat D,,,--,702ft²,@$38,Centaline
4/10/2024,Discovery Park・Phase 1・Block 2・Upper Floor・Flat C,,,--,495ft²,@$35,Centaline
4/10/2024,Chelsea Heights・Phase 1・Block 2・Lower Floor・Flat A,,,--,512ft²,@$30,Centaline
4/10/2024,48A-48B Fuk Wa Street・2/F・No. 29,,$2.45M,--,508ft²,"@$4,823",Land Registry
4/10/2024,The Wings・II・Carpark・BM2・No.57,,$1.52M,--,--,--,Land Registry
4/10/2024,The Wings・II・Carpark・BM2・No.58,,$1.38M,--,--,--,Land Registry
4/10/2024,3 Hok Ling Street・3/F・No. 3,,$2.8M,--,531ft²,"@$5,273",Land Registry
4/10/2024,Upper Riverbank・Tower 1・19/F・Flat B,,$20M,,854ft²,"@$23,419",Land Registry
4/10/2024,Ching Tao Court・30/F・Flat 10,,$2.16M,--,--,--,Land Registry
4/10/2024,Marina Habitat・Tower 2・36/F・Flat F,,$6.5M,--,527ft²,"@$12,334",Land Registry
4/10/2024,Kt Marina・Phase 1・Tower 2B・9/F・Flat G,,$6.98M,--,432ft²,"@$16,167",Land Registry
4/10/2024,Park Central・Phase 2・Tower 12・37/F・Flat C,,$8M,,642ft²,"@$12,461",Land Registry
4/10/2024,Nan Fung Sun Chuen・Block 10・25/F・Flat F,,$4.88M,,391ft²,"@$12,481",Land Registry
4/10/2024,Mei Foo Sun Chuen・Phase 3・52-54 Broadway・11/F・Flat C No. 52,,$8M,,863ft²,"@$9,270",Land Registry
4/10/2024,Heng Fa Chuen・Block 13・5/F・Flat 6,,$4.6M,,453ft²,"@$10,155",Land Registry
4/10/2024,Luen Fat Building・2/F・No. 28,,$3.28M,--,370ft²,"@$8,865",Land Registry
4/10/2024,The Pavilia Forest・Phase 3 The Pavilia Forest III・Tower 1・6/F・Flat F,,$6.56M,--,382ft²,"@$17,165",Land Registry
4/10/2024,Laguna City・Phase 1・Block 3・20/F・Flat D,,$7.2M,,687ft²,"@$10,480",Land Registry
4/10/2024,Belvedere Garden・Phase 1・Block 2・3/F・Flat H,,$5.5M,--,644ft²,"@$8,540",Land Registry
4/10/2024,Kai Chuen Court・Block 4 (Kai Tao House)・33/F・Flat 20,,$2.67M,--,--,--,Land Registry
4/10/2024,Kam Yin Mansion・5/F・No. 17,,$2.8M,--,370ft²,"@$7,568",Land Registry
4/10/2024,Kam Yin Mansion・5/F・No. 15,,$2.8M,--,370ft²,"@$7,568",Land Registry
4/10/2024,Fook Wan Mansion・5/F・Flat G,,$4.05M,--,465ft²,"@$8,710",Land Registry
4/10/2024,Mayfair Gardens・Block 6・7/F・Flat H,,$4.2M,--,478ft²,"@$8,787",Land Registry
4/10/2024,Ching Tao Court・32/F・Flat 17,,$1.74M,--,--,--,Land Registry
4/10/2024,Ching Tao Court・16/F・Flat 11,,$1.77M,--,--,--,Land Registry
4/10/2024,Ching Tao Court・32/F・Flat 22,,$1.89M,--,--,--,Land Registry
4/10/2024,Manor Hill・Tower 1・38/F・Flat A3,,$4.1M,--,203ft²,"@$20,217",Land Registry
4/10/2024,The Pavilia Forest・Phase 3 The Pavilia Forest III・Tower 1・29/F・Flat J,,$4.97M,--,261ft²,"@$19,042",Land Registry
4/10/2024,Manor Hill・Tower 2・37/F・Flat C5,,$4.3M,--,222ft²,"@$19,369",Land Registry
4/10/2024,The Horizon・Court B Tower 1・11/F・Flat C,,$19.43M,--,"1,179ft²","@$16,478",Land Registry
4/10/2024,Residence Oasis・Tower 2・28/F・Flat A,,$10.25M,,742ft²,"@$13,814",Land Registry
4/10/2024,Cosmopolitan Estates・Tai Yau Building (Block E)・8/F・Flat 2,,$2.88M,,326ft²,"@$8,834",Land Registry
4/10/2024,Cosmopolitan Estates・Tai Yau Building (Block E)・3/F・Flat 5,,$2.68M,,326ft²,"@$8,221",Land Registry
4/10/2024,Victoria Harbour・Phase 2B-2 Victoria Harbour II・Tower 3・19/F・Flat B,,$43.89M,--,"1,111ft²","@$39,505",Land Registry
4/10/2024,Shui King Building・Block A・19/F・Flat A3,,$2.8M,--,363ft²,"@$7,713",Land Registry
4/10/2024,City One Shatin・Site 4・Block 44・23/F・Flat G,,$4.34M,,304ft²,"@$14,276",Land Registry
4/10/2024,Kt Marina・Phase 1・Tower 2B・12/F・Flat F,,$5.02M,--,307ft²,"@$16,365",Land Registry
4/10/2024,Caribbean Coast・Phase 3 Carmel Cove・Tower 11・35/F・Flat C,,$5.58M,,563ft²,"@$9,911",Land Registry
4/10/2024,Kt Marina・Phase 1・Tower 2B・15/F・Flat F,,$5.03M,--,307ft²,"@$16,397",Land Registry
4/10/2024,Lohas Park・Phase 2A Le Prestige・Swan Lake (Tower 2 - L Wing)・42/F・Flat A,,$10.2M,,973ft²,"@$10,483",Land Registry
4/10/2024,Coastal Skyline・Phase 4 Le Bleu Deux・Block 1・7/F・Flat B,,$6.9M,,563ft²,"@$12,256",Land Registry
4/10/2024,The Sparkle・Block 2・33/F・Flat A,,$8.18M,,597ft²,"@$13,702",Land Registry
4/10/2024,Wyler Gardens・Hang Chien Court・Block F・3/F・Flat 6,,$3.52M,,372ft²,"@$9,462",Land Registry
4/10/2024,Kt Marina・Phase 1・Tower 2B・17/F・Flat B,,$8.8M,--,474ft²,"@$18,557",Land Registry
4/10/2024,Ching Tao Court・10/F・Flat 9,,$1.93M,--,--,--,Land Registry
4/10/2024,Holford Gardens・Fook Hey Court (Block 2)・1/F・Flat J,,$3M,--,497ft²,"@$6,036",Land Registry
4/10/2024,Greenland Garden・Block A・6/F・Flat 8,,$3M,,330ft²,"@$9,091",Land Registry
4/10/2024,Greenwood Terrace・Tower 6・26/F・Flat H,,$5.35M,--,646ft²,"@$8,282",Land Registry
4/10/2024,The Colonnades・The Colonnades・8/F・Flat A,,$9.2M,,679ft²,"@$13,549",Land Registry
4/10/2024,Kingswood Villas・Phase 1 Locwood Court・Carpark・BM2・No.66,,"$958,000",--,--,--,Land Registry
4/10/2024,Yan Shing Court・Yan Choi House (Block F)・11/F・Flat 10,,$2.65M,--,401ft²,"@$6,608",Land Registry
4/10/2024,Tai Po Centre・Phase 3・Block 20・5/F・Flat B,,$3.08M,,315ft²,"@$9,778",Land Registry
4/10/2024,Tai Wo Estate・Sun Wo House (Block 3)・24/F・Flat 18,,$2.38M,--,443ft²,"@$5,372",Land Registry
4/10/2024,188 Apliu Street・7/F・No. 188,,$2M,--,675ft²,"@$2,963",Land Registry
4/10/2024,Golden Orchid Court・6/F・Flat A,,$2.8M,,310ft²,"@$9,032",Land Registry
4/10/2024,St Martin・Phase 2・Tower 11・21/F・Flat B1,,$9.06M,--,479ft²,"@$18,914",Land Registry
4/10/2024,Mount Regency・Phase 1・Tower 1A・29/F・Flat B,,$3.28M,,--,--,Land Registry
4/10/2024,The Vertex・East Wing・27/F・Flat A,,$12.78M,,639ft²,"@$20,000",Land Registry
4/10/2024,Lung Wa Building・8/F・Flat A,,$2.6M,--,471ft²,"@$5,520",Land Registry
4/10/2024,Manor Centre・Block 5・12/F・Flat B,,$3.6M,--,299ft²,"@$12,040",Land Registry
4/10/2024,Fung Shing Court・Wing Shing House (Block A)・16/F・Flat 4,,$3.1M,--,490ft²,"@$6,327",Land Registry
4/10/2024,Taikoo Shing・Kao Shan Terrace・(T-14) Loong Shan Mansion・24/F・Flat A,,$6.98M,--,530ft²,"@$13,170",Land Registry
4/10/2024,Yen Dack Building・10/F・Flat H,,$3.45M,--,491ft²,"@$7,026",Land Registry
4/10/2024,Victoria Harbour・Phase 2B-2 Victoria Harbour II・Tower 3・16/F・Flat B,,$45.38M,--,"1,111ft²","@$40,846",Land Registry
4/10/2024,The Haddon・16/F・Flat R,,$6.59M,--,--,--,Land Registry
4/10/2024,Sceneway Garden・Block 7・19/F・Flat A,,$6M,--,537ft²,"@$11,173",Land Registry
4/10/2024,Fook Wah Mansion・10/F・Flat A,,$2.6M,--,382ft²,"@$6,806",Land Registry
4/10/2024,Kingswood Villas・Phase 5 Lynwood Court・Block 3・13/F・Flat F,,$3.75M,,442ft²,"@$8,480",Land Registry
4/10/2024,Chi Lok Fa Yuen・Lok Yee Yuen (Block 3)・13/F・Flat F,,$4M,--,584ft²,"@$6,849",Land Registry
4/10/2024,Golden Lion Garden・Phase 1・Golden Beauty Court (Block B)・2/F・Flat 3,,$3M,,285ft²,"@$10,526",Land Registry
4/10/2024,Cullinan West・Phase 2A・Tower 2B・41/F・Flat D,,$7.1M,,351ft²,"@$20,228",Land Registry
4/10/2024,The Quinn ‧ Square Mile・Tower 1・3/F・Flat F,,$6.5M,--,243ft²,"@$26,749",Land Registry
4/10/2024,Kin Fook Mansion・7/F・Flat A,,$3M,,310ft²,"@$9,677",Land Registry
4/10/2024,Scenic Gardens・Block 5・16/F・Flat B,,$4.58M,,505ft²,"@$9,069",Land Registry
4/10/2024,The Grandiose・Block 1・38/F・Flat B,,$8.85M,,668ft²,"@$13,249",Land Registry
4/10/2024,Koko Hills・Phase 3B Koko Mare・Tower 9・7/F・Flat F,,$5.99M,--,310ft²,"@$19,316",Land Registry
4/10/2024,Larchwood・20/F・Flat A,,$5.19M,--,250ft²,"@$20,752",Land Registry
4/10/2024,Lake Silver・Tower 2・9/F・Flat H,,$8.08M,,604ft²,"@$13,377",Land Registry
4/10/2024,Sheung Chui Court・Block C (Chui Ting House)・30/F・Flat 8,,$5.1M,--,441ft²,"@$11,565",Land Registry
4/10/2024,Victoria Harbour・Phase 2B-2 Victoria Harbour II・Tower 3・8/F・Flat A,,$47.8M,--,"1,448ft²","@$33,011",Land Registry
4/10/2024,The Aurora・Tower 1・28/F・Flat F,,$7.75M,,445ft²,"@$17,416",Land Registry
4/10/2024,Siu Hei Court・On Hei House (Block A)・28/F・Flat 7,,$3.31M,--,415ft²,"@$7,976",Land Registry
4/10/2024,Ching Lai Court・Lai Kin House (Block C)・7/F・Flat 8,,$3.21M,--,411ft²,"@$7,805",Land Registry
4/10/2024,Park Island・Phase 2・Block 3・16/F・Flat B,,$8.4M,,781ft²,"@$10,755",Land Registry
4/10/2024,Ching Tao Court・39/F・Flat 9,,$2.09M,--,--,--,Land Registry
4/10/2024,The Metro City・Phase 3 The Metropolis・Tower 3・36/F・Flat H,,$7.6M,,631ft²,"@$12,044",Land Registry
4/10/2024,Ayton・Tower 1・2/F・Flat B,,$27M,--,"1,198ft²","@$22,538",Land Registry
4/10/2024,Waldorf Garden・Block 3・5/F・Flat A,,$3M,--,414ft²,"@$7,246",Land Registry
4/10/2024,One Homantin・Tower 3・3/F・Flat A,,$13M,,752ft²,"@$17,287",Land Registry
4/10/2024,Kt Marina・Phase 1・Tower 2B・3/F・Flat G,,$7.21M,--,432ft²,"@$16,694",Land Registry
4/10/2024,Kt Marina・Phase 1・Tower 2B・2/F・Flat G,,$6.88M,--,432ft²,"@$15,928",Land Registry
4/10/2024,Ocean Shores・Phase 2・Tower 8・49/F・Flat G,,$6.99M,,497ft²,"@$14,060",Land Registry
4/10/2024,Nan Fung Sun Chuen・Block 3・9/F・Flat C,,$4.28M,--,391ft²,"@$10,946",Land Registry
4/10/2024,Ko Wang Court・Block B・38/F・Flat 1,,$1.65M,--,--,--,Land Registry
4/10/2024,Holly Building・7/F・Flat E,,$2.6M,,370ft²,"@$7,027",Land Registry
4/10/2024,Aegean Coast・Tower 7・5/F・Flat A,,$5.15M,,650ft²,"@$7,923",Land Registry
4/10/2024,Po Lam Court・8/F・No. 67,,$5.5M,,460ft²,"@$11,957",Land Registry
4/10/2024,Larchwood・25/F・Flat G,,$4.29M,--,206ft²,"@$20,816",Land Registry
4/10/2024,91 Queen's Road East・7/F・No. 91,,$6.88M,--,410ft²,"@$16,780",Land Registry
4/10/2024,No. 2 Park Road・33/F・Flat D,,$19M,,864ft²,"@$21,991",Land Registry
4/10/2024,"Fairview Park・Section G, 2Nd Street・No. 30 (S.G Ss.162)",,$7.6M,,848ft²,"@$8,962",Land Registry
4/10/2024,Mei Foo Sun Chuen・Phase 8・114-116 Broadway・8/F・Flat B No. 114,,$6M,,671ft²,"@$8,942",Land Registry
4/10/2024,The Grand Marine・Tower 2・3/F・Flat B,,$5.2M,,426ft²,"@$12,207",Land Registry
4/10/2024,Fung Tak Estate・Chu Fung House (Block 1)・28/F・Flat 18,,$3.4M,--,443ft²,"@$7,675",Land Registry
4/10/2024,Sui Wo Court・Wing Cheung House (Block H)・14/F・Flat 2,,$4.12M,--,550ft²,"@$7,491",Land Registry
4/10/2024,Grand Promenade・Tower 2・55/F・Flat F,,$8.88M,,498ft²,"@$17,831",Land Registry
4/10/2024,Lohas Park・Phase 12B Park Seasons・Tower 2 (2B)・33/F・Flat D,,$6.5M,--,437ft²,"@$14,876",Land Registry
4/10/2024,Pine Crest・4/F・Flat A,,$53M,--,"1,917ft²","@$27,647",Land Registry
4/10/2024,Victor Court・2/F・Flat B,,$4.08M,,319ft²,"@$12,790",Land Registry
4/10/2024,Ontolo・Block H2,,$58.1M,--,"2,995ft²","@$19,400",Land Registry
4/10/2024,Hopewell House・6/F・Flat F,,$3M,--,410ft²,"@$7,317",Land Registry
4/10/2024,Upton・29/F・Flat B,,$33M,--,"1,702ft²","@$19,389",Land Registry
4/10/2024,Nob Hill・Tower 2・16/F・Flat E,,$11.3M,,761ft²,"@$14,849",Land Registry
4/10/2024,Lei Ka (Kwa) Court・3/F・No. 17A,,$4.35M,--,541ft²,"@$8,041",Land Registry
4/10/2024,Island Resort・Tower 3・32/F・Flat G,,$6.85M,,455ft²,"@$15,055",Land Registry
4/10/2024,Royal Ascot・Carpark・1/F・No.A174,,"$880,000",--,--,--,Land Registry
4/10/2024,Greenwood Terrace・Carpark・3/F・No.282,,$1.05M,--,--,--,Land Registry
4/10/2024,Albert House・17/F・Flat B,,$3.05M,--,407ft²,"@$7,494",Land Registry
4/10/2024,Sung Lan Mansion・9/F・Flat A,,$8.2M,--,930ft²,"@$8,817",Land Registry
4/10/2024,Kt Marina・Phase 1・Tower 2A・9/F・Flat G,,$4.99M,--,306ft²,"@$16,310",Land Registry
4/10/2024,Hong Kong Garden・Phase 2・Carmel Heights (Block 7)・17/F・Flat B,,$5.1M,,715ft²,"@$7,133",Land Registry
4/10/2024,Riviera Gardens・Hoi Tao Mansion (Block 5)・11/F・Flat E,,$3.7M,,422ft²,"@$8,768",Land Registry
4/10/2024,The Pacifica・Carpark・5/F・No.R196,,$1.41M,--,--,--,Land Registry
4/10/2024,Whampoa Garden・Phase 2 Cherry Mansions・Block 13・8/F・Flat A,,$5.45M,,389ft²,"@$14,010",Land Registry
4/10/2024,Ching Tao Court・19/F・Flat 18,,$1.23M,--,--,--,Land Registry
4/10/2024,Ching Tao Court・6/F・Flat 22,,$1.77M,--,--,--,Land Registry
4/10/2024,Park Avenue・Central Park・Tower 1・19/F・Flat D,,$20.5M,,"1,013ft²","@$20,237",Land Registry
4/10/2024,Summit Terrace・Carpark・P2・No.C3 (Phase I),,$1M,--,--,--,Land Registry
4/10/2024,Cnt Bisney・2/F・Flat F,,$7.8M,--,561ft²,"@$13,904",Land Registry
4/10/2024,Lung Cheung Court・4/F・Flat E,,$2.36M,,256ft²,"@$9,219",Land Registry
4/10/2024,Axis・27/F・Flat A,,$3.85M,,246ft²,"@$15,650",Land Registry
4/10/2024,Tak Lee Building・13/F・Flat 1,,$3.55M,,431ft²,"@$8,237",Land Registry
4/10/2024,Plover Cove Garden・Block A・18/F・Flat 6,,$6.05M,,561ft²,"@$10,784",Land Registry
4/10/2024,Century Gateway・Phase 1・Tower 5・20/F・Flat K,,$5.82M,,475ft²,"@$12,253",Land Registry
4/10/2024,Choi Po Court・Choi Ngan House (Block D)・26/F・Flat 12,,$2.9M,--,351ft²,"@$8,262",Land Registry
4/10/2024,Seaview Crescent・Carpark・B/M・No.D153,,$1.07M,--,--,--,Land Registry
4/10/2024,City Point・Carpark・2/F・No.R201,,$1.37M,--,--,--,Land Registry
4/10/2024,Koko Hills・Phase 3A Koko Rosso・Tower 6・23/F・Flat F,,$9.45M,--,497ft²,"@$19,018",Land Registry
4/10/2024,Richland Gardens・Block 7・33/F・Flat A,,$3.88M,--,447ft²,"@$8,680",Land Registry
4/10/2024,Oasis Kai Tak・Tower 5・22/F・Flat B,,$10.25M,,533ft²,"@$19,231",Land Registry
4/10/2024,Oceanic Mansion・5/F・Flat 2,,$2.3M,--,360ft²,"@$6,389",Land Registry
4/10/2024,Tai Wo Estate・Tsui Wo House (Block 5)・10/F・Flat 19,,$2.36M,--,443ft²,"@$5,327",Land Registry
4/10/2024,Greenpark Villa・Carpark・B/M・No.147,,"$500,000",--,--,--,Land Registry
4/10/2024,Kam Fung Court・Kam Mei House (Block G)・6/F・Flat 12,,$4.17M,--,540ft²,"@$7,719",Land Registry
4/10/2024,Novo Land・Phase 3B・Fiskars Tower 2A・32/F・Flat C,,$3.77M,--,292ft²,"@$12,913",Land Registry
4/10/2024,Bellagio・Phase 2・Tower 2・12/F・Flat F,,$5.45M,,515ft²,"@$10,583",Land Registry
4/10/2024,The Pavilia Forest・Phase 3 The Pavilia Forest III・Tower 1・15/F・Flat C,,$12.47M,--,579ft²,"@$21,537",Land Registry
4/10/2024,King Nga Court・King Yan House (Block A)・11/F・Flat 7,,$4.55M,--,645ft²,"@$7,054",Land Registry
4/10/2024,No. 8 Royal Green・6/F・Flat G,,$6.9M,,762ft²,"@$9,055",Land Registry
4/10/2024,Century Gateway・Phase 1・Tower 5・30/F・Flat J,,$9M,,646ft²,"@$13,932",Land Registry
4/10/2024,Rhythm Garden・Block 1・18/F・Flat K,,$4.5M,--,449ft²,"@$10,022",Land Registry
4/10/2024,Hanley Villa・Block 7・8/F・Flat B,,$6M,--,680ft²,"@$8,824",Land Registry
4/10/2024,Banyan Garden・Phase 1・Tower 2・26/F・Flat H,,$6.24M,,464ft²,"@$13,444",Land Registry
4/10/2024,Lido Garden・Block 5・25/F・Flat E,,$4M,--,547ft²,"@$7,313",Land Registry
4/10/2024,Siu Hong Court・Siu Cheong House (Block L)・10/F・Flat 5,,$3.2M,--,447ft²,"@$7,159",Land Registry
4/10/2024,Cheung Wo Court・Wo Yuet House (Block B)・26/F・Flat 6,,$4.08M,--,414ft²,"@$9,855",Land Registry
4/10/2024,Mei King Mansion・Phase 1・Block 1・7/F・Flat 23,,$2.53M,,357ft²,"@$7,087",Land Registry
4/10/2024,Ching Wah Court・Wah Woon House (Block A)・10/F・Flat 3,,$3.53M,--,415ft²,"@$8,506",Land Registry
4/10/2024,Yuk Ming Court・Wai Ming House (Block A)・30/F・Flat 7,,$3.4M,--,435ft²,"@$7,816",Land Registry
4/10/2024,Kam Fung Court・Kam Ling House (Block B)・5/F・Flat 7,,$3.88M,--,436ft²,"@$8,899",Land Registry
4/10/2024,Ping Yan Court・Block C (Ping Tai House)・8/F・Flat 19,,$3.02M,--,384ft²,"@$7,865",Land Registry
4/10/2024,Pano Harbour・Tower 8・31/F・Flat A,,$59.69M,--,"1,523ft²","@$39,190",Land Registry
4/10/2024,Residence Bel-Air・Phase 6 Bel-Air No. 8・Tower 5・31/F・Flat B,,$13.8M,,698ft²,"@$19,771",Land Registry
4/10/2024,Festival City・Phase 3・Tower 2・25/F・Flat Sc,,$14M,,958ft²,"@$14,614",Land Registry
4/10/2024,Kam Fung Court・Kam Yung House (Block A)・7/F・Flat 14,,$4.3M,--,436ft²,"@$9,862",Land Registry
4/10/2024,141 Temple Street・4/F・No. 141,,$1.5M,--,414ft²,"@$3,623",Land Registry
4/10/2024,The Pavilia Forest・Phase 3 The Pavilia Forest III・Tower 1・12/F・Flat G,,$6.86M,--,395ft²,"@$17,377",Land Registry
4/10/2024,Regency Bay・Phase 2・Tower 1・17/F・Flat D,,$10.93M,--,502ft²,"@$21,775",Land Registry
4/10/2024,Ching Tao Court・32/F・Flat 11,,$1.85M,--,--,--,Land Registry
4/10/2024,Parc Oasis・Carpark・1/F・No.188,,$1M,--,--,--,Land Registry
4/10/2024,The Pavilia Farm・Phase 1・Tower 3 (3A)・21/F・Flat D,,$6.18M,,299ft²,"@$20,669",Land Registry
4/10/2024,Koko Hills・Phase 3A Koko Rosso・Tower 6・1/F・Flat F,,$10.46M,--,460ft²,"@$22,746",Land Registry
4/10/2024,Earl Gardens・7/F・Flat A,,$20.5M,--,"1,647ft²","@$12,447",Land Registry
4/10/2024,The Metro City・Phase 2・Tower 10・12/F・Flat D,,$5.38M,,441ft²,"@$12,200",Land Registry
4/10/2024,Ocean Shores・Phase 1・Tower 1・8/F・Flat H,,$6.29M,,516ft²,"@$12,190",Land Registry
4/10/2024,Royal Peninsula・Block 2・41/F・Flat A,,$10.5M,,701ft²,"@$14,979",Land Registry
4/10/2024,Oscar By The Sea・Phase 2・Block 8・49/F・Flat F,,$6.06M,,526ft²,"@$11,521",Land Registry
4/10/2024,Kwai Chung Building・19/F・Flat O,,$3M,,438ft²,"@$6,849",Land Registry
4/10/2024,Yuccie Square・Tower 3・8/F・Flat K,,$7.45M,,643ft²,"@$11,586",Land Registry
4/10/2024,Good Luck Mansion (Hung Wan House)・1/F・Flat 10 (No. 119),,$2.95M,--,531ft²,"@$5,556",Land Registry
4/10/2024,Novo Land・Phase 3B・Fiskars Tower 1・27/F・Flat D,,$5.34M,--,434ft²,"@$12,309",Land Registry
4/10/2024,Paradise Square・36/F・Flat G,,$6.52M,,454ft²,"@$14,361",Land Registry
4/10/2024,Siu Ming Building・5/F・Flat A,,$2.98M,--,550ft²,"@$5,418",Land Registry
4/10/2024,Infinity・Block A2・7/F・Flat A,,$93M,--,"1,869ft²","@$49,759",Land Registry
4/10/2024,Edition 178・12/F・Flat F,,$3.98M,,244ft²,"@$16,311",Land Registry
3/10/2024,Sunshine City・Phase 4・Block M・Lower Floor・Flat 2,,$4.9M,--,363ft²,"@$13,499",Centaline
3/10/2024,Symphony Bay・Villa Concerto・Block 11・Lower Floor・Flat F,,,--,"1,031ft²",@$31,Centaline
3/10/2024,Kam On Court・Ngan On House (Block B)・Lower Floor・Flat 10,,,--,401ft²,@$32,Centaline
3/10/2024,Shing Kok Mansion・Middle Floor・No. 10,,,--,504ft²,@$47,Centaline
3/10/2024,One Victoria・Tower 2B・Middle Floor・Flat E,,,--,452ft²,@$39,Centaline
3/10/2024,Urbana Lofts・Upper Floor・No. 15 & 17,,,--,372ft²,@$44,Centaline
3/10/2024,Bal Residence・Middle Floor・Flat E,,,--,344ft²,@$49,Centaline
3/10/2024,The Reach・Tower 11・Upper Floor・Flat B,,,--,440ft²,@$31,Centaline
3/10/2024,Kin Fai Building・Middle Floor・Flat D,,,--,321ft²,@$34,Centaline
3/10/2024,Twin Peaks・Tower 1・Lower Floor・Flat F,,,--,819ft²,@$40,Centaline
3/10/2024,Whampoa Garden・Phase 11 Bauhinia Mansions・Block 7・Upper Floor・Flat B,,,--,505ft²,@$42,Centaline
3/10/2024,Sorrento・Phase 1・Block 5・Middle Floor・Flat E,,,--,849ft²,@$53,Centaline
3/10/2024,Ocean Shores・Phase 2・Tower 7・Middle Floor・Flat D,,,--,--,--,Centaline
3/10/2024,Ocean Shores・Phase 3・Tower 15・Upper Floor・Flat H,,,--,516ft²,@$37,Centaline
3/10/2024,Wetland Seasons Park・Phase 2・Tower 18・Upper Floor・Flat B3,,,--,517ft²,@$32,Centaline
3/10/2024,Central Park Towers・Phase 1・Tower 1・Upper Floor・Flat D,,,--,677ft²,@$25,Centaline
3/10/2024,The Quinn ‧ Square Mile・Tower 1・Lower Floor・Flat D,,,--,205ft²,@$63,Centaline
3/10/2024,Jones Hive・Lower Floor・Flat A,,,--,559ft²,@$55,Centaline
3/10/2024,Park Yoho・Phase 2B Park Yoho Napoli・Tower 26・Lower Floor・Flat C,,,--,560ft²,@$27,Centaline
3/10/2024,Riva・Enna Boulevard Tower 5・Lower Floor・Flat C,,,--,506ft²,@$30,Centaline
3/10/2024,The Avenue・Phase 2・Tower 2・Middle Floor・Flat F,,,--,438ft²,@$61,Centaline
3/10/2024,Artisan House・Lower Floor・Flat J,,,--,221ft²,@$81,Centaline
3/10/2024,Elm Tree Towers・Block A・Lower Floor・Flat 2,,,--,"1,570ft²",@$41,Centaline
3/10/2024,Fairview Park・9Th Street River North,,,--,848ft²,@$34,Centaline
3/10/2024,The Royale・Phase 3 Skypoint Royale・Tower 7・Lower Floor・Flat 5,,,--,324ft²,@$34,Centaline
3/10/2024,Eldo Court・Tower C・Middle Floor・Flat D,,,--,566ft²,@$28,Centaline
3/10/2024,One Victoria・Tower 2B・Upper Floor・Flat B,,,--,329ft²,@$51,Centaline
3/10/2024,Causeway Centre・Block B・Middle Floor・Flat 5,,,--,302ft²,@$56,Centaline
3/10/2024,Eden Manor・Tower 7・Middle Floor・Flat G,,,--,280ft²,@$34,Centaline
3/10/2024,1B Nga Tsin Long Road・2/F・No. 1B,,$2M,--,667ft²,"@$2,999",Land Registry
3/10/2024,Charming Garden・Block 15・15/F・Flat C,,$6.39M,--,592ft²,"@$10,794",Land Registry
3/10/2024,T Plus・11/F・Flat 3,,$2.07M,,164ft²,"@$12,610",Land Registry
3/10/2024,Whampoa Garden・Phase 5 Oak Mansions・Block 3・10/F・Flat H,,$5.8M,,503ft²,"@$11,531",Land Registry
3/10/2024,Tai Po Centre・Phase 5・Block 17・19/F・Flat E,,$5.13M,,453ft²,"@$11,325",Land Registry
3/10/2024,Luen Hong Apartments・6/F・Flat 7,,$4.18M,,391ft²,"@$10,691",Land Registry
3/10/2024,Hing Wong Mansion・5/F・Flat 8 (No. 81),,$4.25M,--,689ft²,"@$6,168",Land Registry
3/10/2024,Ching Tao Court・37/F・Flat 11,,$1.87M,--,--,--,Land Registry
3/10/2024,The Rise・6/F・Flat Lc,,$5.1M,,522ft²,"@$9,770",Land Registry
3/10/2024,Tseung Kwan O Plaza・Phase 1・Tower 3A・56/F・Flat E,,$6.58M,,445ft²,"@$14,787",Land Registry
3/10/2024,Telford Gardens・Block H・11/F・Flat 5,,$4.8M,--,517ft²,"@$9,284",Land Registry
3/10/2024,163 Ki Lung Street・3/F・No. 163,,$2.85M,--,564ft²,"@$5,053",Land Registry
3/10/2024,Hong Kong Mansion・8/F・Flat J,,$4M,--,510ft²,"@$7,843",Land Registry
3/10/2024,Sheung Man Court・8/F・Flat 4,,$2.88M,--,288ft²,"@$10,000",Land Registry
3/10/2024,Yat Nga Court・Yat Wing House (Block A)・34/F・Flat 13,,$4M,--,544ft²,"@$7,353",Land Registry
3/10/2024,Telford Gardens・Block A・12/F・Flat 5,,$5M,,517ft²,"@$9,671",Land Registry
3/10/2024,Victoria Harbour・Phase 2B-2 Victoria Harbour II・Tower 3・9/F・Flat A,,$48.19M,--,"1,448ft²","@$33,281",Land Registry
3/10/2024,St Michel・Phase 1・Crown Tower・7/F・Flat C,,$23.87M,--,"1,494ft²","@$15,979",Land Registry
3/10/2024,Victoria Centre・Block 3・26/F・Flat D,,$11M,--,777ft²,"@$14,157",Land Registry
3/10/2024,Chi Fu Fa Yuen・Fu On Yuen (Block H-3)・23/F・Flat A,,$5.28M,,439ft²,"@$12,027",Land Registry
3/10/2024,Grammy Centre・Block B・3/F・Flat E,,$4M,--,364ft²,"@$10,989",Land Registry
3/10/2024,Siu Ming Building・4/F・Flat D,,$2.45M,--,478ft²,"@$5,126",Land Registry
3/10/2024,Tai On Building・2/F・Flat 13,,$2.7M,--,352ft²,"@$7,670",Land Registry
3/10/2024,Kt Marina・Phase 1・Tower 2B・10/F・Flat F,,$5.01M,--,307ft²,"@$16,303",Land Registry
3/10/2024,Ocean Pride・Phase 3A Ocean Supreme・Tower 2A・26/F・Flat A,,$22M,,"1,164ft²","@$18,900",Land Registry
3/10/2024,The Visionary・Tower 7・9/F・Flat B,,$10.6M,,"1,033ft²","@$10,261",Land Registry
3/10/2024,Indi Home・7/F・Flat 16,,$6.15M,,538ft²,"@$11,431",Land Registry
3/10/2024,The Terraces・NO. 9・Flat A,,$14.2M,--,"1,116ft²","@$12,724",Land Registry
3/10/2024,Novo Land・Phase 3B・Fiskars Tower 2A・27/F・Flat D,,$3.89M,--,292ft²,"@$13,337",Land Registry
3/10/2024,Larchwood・21/F・Flat C,,$4.29M,--,203ft²,"@$21,123",Land Registry
3/10/2024,Larchwood・20/F・Flat C,,$4.19M,--,203ft²,"@$20,631",Land Registry
3/10/2024,Kt Marina・Phase 1・Tower 2A・7/F・Flat N,,$4.72M,--,288ft²,"@$16,392",Land Registry
3/10/2024,Kt Marina・Phase 1・Tower 2A・9/F・Flat N,,$4.76M,--,288ft²,"@$16,528",Land Registry
3/10/2024,Kt Marina・Phase 1・Tower 2A・17/F・Flat N,,$4.85M,--,288ft²,"@$16,847",Land Registry
3/10/2024,Kt Marina・Phase 1・Tower 2A・16/F・Flat N,,$4.83M,--,288ft²,"@$16,785",Land Registry
3/10/2024,Larchwood・26/F・Flat C,,$4.59M,--,203ft²,"@$22,601",Land Registry
3/10/2024,Larchwood・22/F・Flat C,,$4.39M,--,203ft²,"@$21,616",Land Registry
3/10/2024,Larchwood・26/F・Flat G,,$4.29M,--,206ft²,"@$20,816",Land Registry
3/10/2024,Larchwood・23/F・Flat C,,$4.49M,--,203ft²,"@$22,108",Land Registry
3/10/2024,Larchwood・19/F・Flat C,,$4.19M,--,203ft²,"@$20,631",Land Registry
3/10/2024,Larchwood・11/F・Flat C,,$3.89M,--,203ft²,"@$19,153",Land Registry
3/10/2024,Parkvale・Tower 4 Ling Pak Mansion・30/F・Flat A,,$9.7M,,659ft²,"@$14,719",Land Registry
3/10/2024,Connie Towers・Block B・16/F・Flat B6,,$4M,--,435ft²,"@$9,195",Land Registry
3/10/2024,Wing Fok Centre・Block 2・14/F・Flat C,,$3.63M,--,592ft²,"@$6,132",Land Registry
3/10/2024,The Apex・Tower 2・17/F・Flat J,,$5.38M,,484ft²,"@$11,116",Land Registry
3/10/2024,Yue Man Centre・Block 1・18/F・Flat C,,$6.5M,,588ft²,"@$11,054",Land Registry
3/10/2024,Jade Plaza・Carpark・3/F・No.4,,$1.5M,--,--,--,Land Registry
3/10/2024,Dragon Court・Carpark・NO.30・No.9,,$1M,--,--,--,Land Registry
3/10/2024,Cheung On Estate・On Pak House (Block 7)・14/F・Flat 22,,$2.78M,--,485ft²,"@$5,732",Land Registry
3/10/2024,Fung Wong Chuen Building・2/F・Flat B,,$2.6M,--,415ft²,"@$6,265",Land Registry
3/10/2024,Tak Bo Garden・Block E・19/F・Flat E7,,$3M,,282ft²,"@$10,631",Land Registry
3/10/2024,Cheung Lee Building・1/F・Flat A,,$3M,--,348ft²,"@$8,621",Land Registry
3/10/2024,Dawning Views・Block 4・13/F・Flat E,,$4.2M,,384ft²,"@$10,938",Land Registry
3/10/2024,Parkvale・Tower 4 Ling Pak Mansion・7/F・Flat A,,$8.5M,--,659ft²,"@$12,898",Land Registry
3/10/2024,382-382A Lai Chi Kok Road・4/F・No. 382A,,$1.98M,--,305ft²,"@$6,492",Land Registry
3/10/2024,Kin On Mansion・6/F・Flat 6,,$3M,,319ft²,"@$9,404",Land Registry
3/10/2024,Che Cheung Building・2/F・Flat E,,$2.35M,--,311ft²,"@$7,556",Land Registry
3/10/2024,The Wings・The Wings・Tower 6・43/F・Flat C,,$23.5M,--,"1,072ft²","@$21,922",Land Registry
3/10/2024,Whampoa Estate・Lok Wah Building (Block I)・10/F・Flat 1,,$5.4M,,490ft²,"@$11,020",Land Registry
3/10/2024,Parkvale・Tower 2 Shui Pak Mansion・5/F・Flat F,,$7.03M,,550ft²,"@$12,782",Land Registry
3/10/2024,Telford Gardens・Block G・5/F・Flat 7,,$5.36M,--,538ft²,"@$9,963",Land Registry
3/10/2024,The Harbourside・Tower 3・40/F・Flat C,,$34.5M,,"1,062ft²","@$32,486",Land Registry
3/10/2024,Park Yoho・Phase 2A Park Yoho Genova・Tower 16A・11/F・Flat A,,$9.28M,,925ft²,"@$10,032",Land Registry
3/10/2024,Yoho Town・Phase 1・Block 8・22/F・Flat A,,$5.3M,,422ft²,"@$12,559",Land Registry
3/10/2024,Glory Heights・11/F・Flat C,,$18.5M,,"1,093ft²","@$16,926",Land Registry
3/10/2024,The Pacifica・Carpark・3/F・No.R13,,$1.3M,--,--,--,Land Registry
3/10/2024,Elite Garden・20/F・Flat C,,$5.6M,--,805ft²,"@$6,957",Land Registry
3/10/2024,Primrose Hill・Tower 1・18/F・Flat F,,$4M,,282ft²,"@$14,177",Land Registry
3/10/2024,Les Saisons・L Ete (Tower 2)・38/F・Flat B,,$9.8M,,567ft²,"@$17,284",Land Registry
3/10/2024,Lohas Park・Phase 12B Park Seasons・Tower 2 (2B)・18/F・Flat C,,$6.54M,--,451ft²,"@$14,506",Land Registry
3/10/2024,Onmantin・Phase 2A・Tower 1・10/F・Flat E,,$10.6M,--,482ft²,"@$21,992",Land Registry
3/10/2024,Onmantin・Phase 2A・Tower 3・11/F・Flat G,,$12.3M,--,601ft²,"@$20,461",Land Registry
3/10/2024,Onmantin・Phase 2A・Tower 1・20/F・Flat B,,$41.33M,--,"1,433ft²","@$28,841",Land Registry
3/10/2024,Tai Koon Mansion・10/F・Flat 6,,$3M,--,462ft²,"@$6,494",Land Registry
3/10/2024,Caribbean Coast・Phase 6・Carpark・BM1・No.C35,,$1.3M,--,--,--,Land Registry
3/10/2024,Fulham Garden・Block Cd・7/F・Flat D,,$20M,--,"1,560ft²","@$12,821",Land Registry
3/10/2024,Tai Po Centre・Phase 4・Block 6・5/F・Flat A,,$4.42M,--,451ft²,"@$9,794",Land Registry
3/10/2024,Mount Haven・Block 2・9/F・Flat A,,$7.53M,,773ft²,"@$9,741",Land Registry
3/10/2024,Discovery Bay・Phase 3-Hillgrove Village・Elegance Court・5/F・Flat F,,$5.8M,,776ft²,"@$7,474",Land Registry
3/10/2024,The Beaumount・II・Tower 2・15/F・Flat E,,$5.4M,,509ft²,"@$10,609",Land Registry
3/10/2024,Beverly Garden・Carpark・1/F・No.125,,"$940,000",--,--,--,Land Registry
3/10/2024,Lohas Park・Phase 2A Le Prestige・Carpark・3/F・No.590,,$1.6M,--,--,--,Land Registry
3/10/2024,60 Cheung Sha Wan Road・3/F・No. 60,,$3.6M,--,743ft²,"@$4,845",Land Registry
3/10/2024,Melody Garden・Block 4・2/F・Flat E,,$5.9M,--,861ft²,"@$6,852",Land Registry
3/10/2024,Cayman Rise・Block 2・17/F・Flat G,,$7.07M,,464ft²,"@$15,237",Land Registry
3/10/2024,Tung Chung Crescent・Phase 1・Block 2・27/F・Flat C,,$8.08M,,803ft²,"@$10,062",Land Registry
3/10/2024,Koko Hills・Phase 3A Koko Rosso・Tower 6・22/F・Flat F,,$9.42M,--,497ft²,"@$18,962",Land Registry
3/10/2024,Greenfield Terrace・Block B・16/F・Flat B2,,$9.5M,--,"1,013ft²","@$9,378",Land Registry
3/10/2024,The Vantage・30/F・Flat A5,,$5.4M,,277ft²,"@$19,495",Land Registry
3/10/2024,La Lumiere・8/F・Flat H,,$6.28M,,429ft²,"@$14,639",Land Registry
3/10/2024,Mont Vert・Phase 1・Tower 5・25/F・Flat C,,$6.82M,,847ft²,"@$8,046",Land Registry
3/10/2024,The Quinn ‧ Square Mile・Tower 1・21/F・Flat D,,$4.89M,--,209ft²,"@$23,377",Land Registry
3/10/2024,Serenity Park・Phase 1・Block 15・9/F・Flat C,,$4.8M,,441ft²,"@$10,884",Land Registry
3/10/2024,Ching Tao Court・31/F・Flat 16,,$1.73M,--,--,--,Land Registry
3/10/2024,Park Island・Phase 1・Block 13・15/F・Flat E,,$4.7M,,537ft²,"@$8,752",Land Registry
3/10/2024,The Belchers・Phase 2・Tower 6・22/F・Flat E,,$23.38M,,"1,200ft²","@$19,483",Land Registry
3/10/2024,The Belcher's・Carpark・P5・No.5116,,$2.3M,--,--,--,Land Registry
3/10/2024,Kwai Fong Terrace・Block 2・17/F・Flat C,,$4.49M,--,473ft²,"@$9,493",Land Registry
3/10/2024,Mayfair Gardens・Block 12・12/F・Flat F,,$3.3M,--,424ft²,"@$7,783",Land Registry
3/10/2024,Lung Poon Court・Lung Bik House (Block F)・28/F・Flat 5,,$4.25M,--,383ft²,"@$11,097",Land Registry
3/10/2024,76 Nga Tsin Wai Road・3/F・No. 76,,$4.58M,--,535ft²,"@$8,561",Land Registry
3/10/2024,Cheong Wan Mansion・16/F・Flat B,,$4.5M,,346ft²,"@$13,006",Land Registry
3/10/2024,Ching Tao Court・5/F・Flat 1,,$1.14M,--,--,--,Land Registry
3/10/2024,The Grand Marine・Tower 1A・20/F・Flat F,,$4.2M,,299ft²,"@$14,047",Land Registry
3/10/2024,The Harbourside・19/F・Flat C,,$6.18M,--,350ft²,"@$17,657",Land Registry
3/10/2024,Kt Marina・Phase 1・Tower 2A・2/F・Flat M,,$8.35M,--,481ft²,"@$17,356",Land Registry
3/10/2024,Uptown East・Tower 1B・19/F・Flat F,,$7.82M,--,468ft²,"@$16,703",Land Registry
3/10/2024,Koko Hills・Phase 3B Koko Mare・Tower 9・11/F・Flat D,,$9.13M,--,464ft²,"@$19,668",Land Registry
3/10/2024,Bondlane II・21/F・Flat S8,,$10.35M,--,390ft²,"@$26,541",Land Registry
3/10/2024,Look Yuen・6/F・Flat B,,$3.1M,,406ft²,"@$7,635",Land Registry
3/10/2024,City One Shatin・Site 5・Block 46・29/F・Flat G,,$3.78M,,304ft²,"@$12,434",Land Registry
3/10/2024,Australia House・5/F・No. 7,,$3.55M,--,381ft²,"@$9,318",Land Registry
3/10/2024,Hoi Tao Building・Block A・9/F・Flat 2,,$2.3M,--,314ft²,"@$7,325",Land Registry
3/10/2024,Yee Fat Building・Block B・17/F・Flat B3,,$2.61M,--,299ft²,"@$8,729",Land Registry
3/10/2024,Ching Tao Court・23/F・Flat 22,,$1.86M,--,--,--,Land Registry
3/10/2024,The Reach・Tower 6・17/F・Flat H,,$4.3M,--,439ft²,"@$9,795",Land Registry
3/10/2024,Melody Garden・Block 2・18/F・Flat C,,$4M,--,699ft²,"@$5,722",Land Registry
3/10/2024,Grand Victoria・Phase 3・Tower 2・6/F・Flat A,,$12.76M,--,584ft²,"@$21,851",Land Registry
3/10/2024,The Vertex・East Wing・27/F・Flat C,,$11.22M,--,490ft²,"@$22,898",Land Registry
3/10/2024,Onmantin・Phase 2A・Tower 3・5/F・Flat G,,$11.7M,--,601ft²,"@$19,474",Land Registry
3/10/2024,Onmantin・Phase 2A・Tower 3・12/F・Flat E,,$10.2M,--,490ft²,"@$20,808",Land Registry
3/10/2024,Regency Bay・Phase 2・Tower 1・10/F・Flat D,,$10.71M,--,502ft²,"@$21,334",Land Registry
3/10/2024,Rhythm Garden・Block 9・23/F・Flat K,,$4.6M,--,452ft²,"@$10,177",Land Registry
3/10/2024,Laguna City・Phase 4・Block 11・23/F・Flat C,,$5.78M,,517ft²,"@$11,180",Land Registry
3/10/2024,The Pacifica・Phase 1・Tower 3・19/F・Flat A,,$5.88M,,441ft²,"@$13,333",Land Registry
3/10/2024,South Wave Court・Carpark・3/F・No.306,,$1.38M,--,--,--,Land Registry
3/10/2024,Shiu (Siu) King Building・24/F・Flat E,,$3.3M,--,498ft²,"@$6,627",Land Registry
3/10/2024,Grand Central・Phase 2・Tower 3・50/F・Flat H,,$8.98M,,544ft²,"@$16,507",Land Registry
3/10/2024,Kwong Yuen Estate・Kapok House (Block 4)・20/F・Flat 19,,$2.2M,--,443ft²,"@$4,966",Land Registry
3/10/2024,The Arles・Tower 2・43/F・Flat A,,$6.56M,--,325ft²,"@$20,197",Land Registry
3/10/2024,Altissimo・Tower 1・12/F・Flat G,,$5.27M,,315ft²,"@$16,730",Land Registry
3/10/2024,The Belchers・Phase 2・Tower 6・12/F・Flat E,,$21.38M,,"1,200ft²","@$17,817",Land Registry
3/10/2024,Garden Rivera・Block B・9/F・Flat 8,,$2.85M,,242ft²,"@$11,777",Land Registry
3/10/2024,Garden Rivera・Block F・6/F・Flat 8,,$2.78M,,242ft²,"@$11,488",Land Registry
3/10/2024,Garden Rivera・Block B・9/F・Flat 7,,$2.83M,,242ft²,"@$11,686",Land Registry
3/10/2024,Garden Rivera・Block F・22/F・Flat 5,,$2.85M,,269ft²,"@$10,595",Land Registry
3/10/2024,Fu Kwai Building・2/F・No. 11A,,$3M,--,587ft²,"@$5,111",Land Registry
3/10/2024,Greenland Garden・Block B・30/F・Flat 1,,$2.89M,,330ft²,"@$8,758",Land Registry
3/10/2024,Silver Fountain Terrace・House B,,$20M,--,"2,057ft²","@$9,723",Land Registry
3/10/2024,Grand Horizon・Block 3・31/F・Flat F,,$5.74M,,461ft²,"@$12,447",Land Registry
3/10/2024,The Verandah Garden・Carpark・5/F・No.53,,$1.5M,--,--,--,Land Registry
2/10/2024,The Grand Panorama・Block 1・Upper Floor・Flat B,,$19.6M,--,971ft²,"@$20,185",Centaline
2/10/2024,City One Shatin・Site 4・Block 37・Upper Floor・Flat C,,$4.17M,--,304ft²,"@$13,711",Centaline
2/10/2024,Mei Foo Sun Chuen・Phase 1・2-4 Broadway・Lower Floor・Flat C No. 2,,$6.78M,--,856ft²,"@$7,921",Centaline
2/10/2024,Aegean Coast・Tower 5・Middle Floor・Flat A,,$6.02M,--,733ft²,"@$8,213",Centaline
2/10/2024,Discovery Park・Phase 2・Block 8・Upper Floor・Flat E,,$7.9M,--,645ft²,"@$12,248",Centaline
2/10/2024,On Kwok Villa・Block 26・Rear,,$2.45M,--,380ft²,"@$6,447",Centaline
2/10/2024,111 Caine Road・Middle Floor・No. 111,,,--,666ft²,@$30,Centaline
2/10/2024,Grand Central・Phase 1・Tower 1・Middle Floor・Flat C,,,--,765ft²,@$39,Centaline
2/10/2024,The Quinn ‧ Square Mile・Tower 1・Lower Floor・Flat C,,,--,269ft²,@$61,Centaline
2/10/2024,The Wings・IIIB・Tower 1A・Lower Floor・Flat G,,,--,513ft²,@$41,Centaline
2/10/2024,The Quinn ‧ Square Mile・Tower 1・Middle Floor・Flat L,,,--,388ft²,@$63,Centaline
2/10/2024,Vibe Centro・Tower 1A・Middle Floor・Flat C,,,--,245ft²,@$56,Centaline
2/10/2024,The Beaumount・Phase 1・Tower 2・Lower Floor・Flat F,,,--,498ft²,@$34,Centaline
2/10/2024,Amoy Gardens・Phase 3・Block L・Lower Floor・Flat 7,,,--,285ft²,@$48,Centaline
2/10/2024,Tak Bo Garden・Block G・Upper Floor・Flat G2,,,--,282ft²,@$48,Centaline
2/10/2024,One Victoria・Tower 1A・Middle Floor・Flat F,,,--,448ft²,@$40,Centaline
2/10/2024,The Regent・Tower 16・Lower Floor・Flat D,,,--,761ft²,@$32,Centaline
2/10/2024,Tsing Yi Garden・Block 6・Upper Floor・Flat A,,,--,343ft²,@$41,Centaline
2/10/2024,Twin Regency・Tower 1・Upper Floor・Flat E,,,--,433ft²,@$32,Centaline
2/10/2024,Imperial Villas・Phase 1・Tower 3・Flat B,,,--,548ft²,@$23,Centaline
2/10/2024,The Reach・Tower 2・Upper Floor・Flat F,,,--,356ft²,@$31,Centaline
2/10/2024,Fortress Metro Tower・Tower B・Lower Floor・Flat 4,,,--,396ft²,@$44,Centaline
2/10/2024,Kwai Chung Plaza・Block 2・Lower Floor・Flat C,,,--,493ft²,@$39,Centaline
2/10/2024,Novum East・Upper Floor・Flat R,,,--,238ft²,@$61,Centaline
2/10/2024,Taikoo Shing・Kao Shan Terrace・(T-16) Yee Shan Mansion・Lower Floor・Flat C,,,--,685ft²,@$38,Centaline
2/10/2024,The Zenith・Phase 1・Tower 1・Upper Floor・Flat B,,,--,478ft²,@$55,Centaline
2/10/2024,Aegean Coast・Tower 7・Middle Floor・Flat G,,,--,490ft²,@$26,Centaline
2/10/2024,South Horizons・Phase 2・Yee Mei Court (Block 7)・Lower Floor・Flat G,,,--,742ft²,@$40,Centaline
2/10/2024,Seaview Crescent・Block 2・Lower Floor・Flat H,,,--,562ft²,@$33,Centaline
2/10/2024,Tierra Verde・Phase 2・Block 9・11/F・Flat E,,$9M,,675ft²,"@$13,333",Land Registry
2/10/2024,La Cite Noble・Block 1・14/F・Flat E,,$5.7M,,434ft²,"@$13,134",Land Registry
2/10/2024,271 Castle Peak Road・7/F・No. 271,,$2.45M,--,694ft²,"@$3,530",Land Registry
2/10/2024,Wing Ning Building・Block B・7/F・Flat B1,,$2.38M,,239ft²,"@$9,958",Land Registry
2/10/2024,Hong King Building・11/F・Flat G,,$2.9M,--,--,--,Land Registry
2/10/2024,Plover Cove Garden・Block C・20/F・Flat 8,,$4.3M,,343ft²,"@$12,536",Land Registry
2/10/2024,Carlton Mansion・11/F・Flat A,,$7.1M,--,723ft²,"@$9,820",Land Registry
2/10/2024,No. 1 Shouson Hill Road East・House 19,,$147M,,"2,840ft²","@$51,761",Land Registry
2/10/2024,Charming Garden・Carpark・3/F・No.333,,$1.38M,--,--,--,Land Registry
2/10/2024,Repulse Bay Garden・Block 1-2・7/F・Block 2 (No. 38),,$60M,,"2,049ft²","@$29,283",Land Registry
2/10/2024,Kwun Shan Court・17/F・Flat 10,,$2.44M,--,--,--,Land Registry
2/10/2024,On Sau Court・Block A・5/F・Flat 22,,$2.54M,--,--,--,Land Registry
2/10/2024,On Sau Court・Block B・30/F・Flat 23,,$1.92M,--,--,--,Land Registry
2/10/2024,The Trend Plaza・Block D・15/F・Flat 6,,$5M,--,--,--,Land Registry
2/10/2024,Mei Foo Sun Chuen・Phase 7・Carpark・2/F・No.452,,$1M,--,--,--,Land Registry
2/10/2024,Jade Plaza・Block C・7/F・Flat 8,,$2.8M,,269ft²,"@$10,409",Land Registry
2/10/2024,Marigold Mansions・12/F・Flat C,,$6.75M,--,860ft²,"@$7,849",Land Registry
2/10/2024,Kt Marina・Phase 1・Tower 2B・17/F・Flat G,,$7.07M,--,432ft²,"@$16,370",Land Registry
2/10/2024,Novo Land・Phase 3B・Fiskars Tower 2A・19/F・Flat C,,$3.7M,--,292ft²,"@$12,685",Land Registry
2/10/2024,Tung Shing Building・9/F・Flat C,,$5.3M,,581ft²,"@$9,122",Land Registry
2/10/2024,Novo Land・Phase 3B・Fiskars Tower 2A・22/F・Flat E,,$3.09M,--,252ft²,"@$12,258",Land Registry
2/10/2024,Gold Coast Bay・Phase 1 The Uppland・Tower 3・19/F・Flat A,,$8.25M,--,653ft²,"@$12,631",Land Registry
2/10/2024,Sceneway Garden・Block 6・21/F・Flat A,,$5.9M,,537ft²,"@$10,987",Land Registry
2/10/2024,Lei On Court・Lei Yan House (Block C)・26/F・Flat 3,,$6.43M,--,650ft²,"@$9,892",Land Registry
2/10/2024,Hoi Lok Court・Block D (Hoi Yuk House)・21/F・Flat 6,,$4.66M,--,--,--,Land Registry
2/10/2024,Mei Chung Court・Hong Chung House (Block E)・31/F・Flat 8,,$2.78M,--,401ft²,"@$6,933",Land Registry
2/10/2024,Victoria Harbour・Phase 1B・Tower 5A・11/F・Flat D,,$8.88M,--,380ft²,"@$23,368",Land Registry
2/10/2024,Kingston Lodge・12/F・Flat A,,$10.88M,,970ft²,"@$11,216",Land Registry
2/10/2024,Regentville・Grand Regentville・Block 8・8/F・Flat B,,$5.12M,,462ft²,"@$11,082",Land Registry
2/10/2024,Liang Ga Building・20/F・Flat D,,$4.65M,--,382ft²,"@$12,173",Land Registry
2/10/2024,Siu Hin Court・Yat Sang House (Block B)・16/F・Flat 14,,$3.28M,--,385ft²,"@$8,519",Land Registry
2/10/2024,Tierra Verde・Phase 2・Block 9・36/F・Flat G,,$7.5M,,520ft²,"@$14,423",Land Registry
2/10/2024,Grand Yoho・Phase 1・Tower 1・31/F・Flat A,,$7.5M,--,498ft²,"@$15,060",Land Registry
2/10/2024,Dawning Views・Carpark・1/F・No.87,,$1.26M,--,--,--,Land Registry
2/10/2024,City Garden・Carpark・2/F・No.85,,$1.2M,--,--,--,Land Registry
2/10/2024,Waterside Plaza・Block 4・6/F・Flat B,,$4.58M,,533ft²,"@$8,593",Land Registry
2/10/2024,Ultima・Phase 2・Tower 1・19/F・Flat D,,$20M,--,894ft²,"@$22,370",Land Registry
2/10/2024,Wah Koon Building・6/F・Flat C,,$3.35M,--,260ft²,"@$12,885",Land Registry
2/10/2024,Convention Plaza Apartments・34/F・Flat 17,,$23M,--,"1,012ft²","@$22,727",Land Registry
2/10/2024,The Belchers・Phase 1・Tower 2・42/F・Flat H,,$19.75M,,955ft²,"@$20,681",Land Registry
2/10/2024,Park Yoho・Phase 1B Park Yoho Venezia・Tower 7A・6/F・Flat B,,$4.68M,,497ft²,"@$9,416",Land Registry
2/10/2024,Park Yoho・Phase 2B Park Yoho Napoli・Tower 28・7/F・Flat A,,$10.56M,,--,--,Land Registry
2/10/2024,Amoy Gardens・Phase 1・Block E・6/F・Flat 2,,$4.08M,,390ft²,"@$10,462",Land Registry
2/10/2024,23 Kai Tak Road・7/F・No. 23,,$5.68M,,676ft²,"@$8,402",Land Registry
2/10/2024,Nga Tsin Wai Building・7/F・Flat A,,$5.08M,,662ft²,"@$7,674",Land Registry
2/10/2024,Nga Tsin Wai Building・3/F・Flat C,,$3.8M,,456ft²,"@$8,333",Land Registry
2/10/2024,Kam Ning Mansion・22-23/F・Flat A,,$18.1M,,"1,066ft²","@$16,979",Land Registry
2/10/2024,Lohas Park・Phase 2B Le Prime・Tower 6 - L Wing・36/F・Flat D,,$9.4M,,977ft²,"@$9,621",Land Registry
2/10/2024,Vibe Centro・Tower 1A・15/F・Flat E,,$5.85M,,350ft²,"@$16,714",Land Registry
2/10/2024,Central Park Towers・Phase 2 Central Park Towers II・Tower 9・37/F・Flat H,,$5.9M,,677ft²,"@$8,715",Land Registry
2/10/2024,Ping Yan Court・Block A (Ping Oi House)・12/F・Flat 18,,$3.24M,--,376ft²,"@$8,612",Land Registry
2/10/2024,Cullinan West・Phase 3 Cullinan West Il・Tower 3B・28/F・Flat G,,$4.86M,,272ft²,"@$17,868",Land Registry
2/10/2024,Hong Lai Garden・Block 1・9/F・Flat G,,$3.12M,,363ft²,"@$8,595",Land Registry
2/10/2024,Sereno Verde・Phase 2・Block 15・6/F・Flat G,,$6.25M,,751ft²,"@$8,322",Land Registry
2/10/2024,Belair Monte・Block 2・20/F・Flat G,,$5.64M,,612ft²,"@$9,216",Land Registry
2/10/2024,Charming Garden・Block 16・21/F・Flat D,,$5.88M,--,592ft²,"@$9,932",Land Registry
2/10/2024,318 Castle Peak Road・1/F・Flat A (Front),,$2M,,280ft²,"@$7,143",Land Registry
2/10/2024,Park Towers・Tower 2・22/F・Flat F,,$16.2M,,910ft²,"@$17,802",Land Registry
2/10/2024,1015 Canton Road・2/F・No. 1015,,$2M,--,--,--,Land Registry
2/10/2024,Metro Harbour View・Phase 2・Tower 5・40/F・Flat C,,$7.48M,,520ft²,"@$14,385",Land Registry
2/10/2024,Chun Hing Building・10/F・Flat A (No. 25),,$3.88M,--,529ft²,"@$7,335",Land Registry
2/10/2024,Sai Kung Garden・Block 2・6/F・Flat A,,$4.5M,,470ft²,"@$9,574",Land Registry
2/10/2024,Mantin Heights・Tower 10・11/F・Flat E,,$8M,--,--,--,Land Registry
2/10/2024,1033 Canton Road・3/F・Flat D,,$1.89M,,243ft²,"@$7,778",Land Registry
2/10/2024,Uptown East・Tower 1A・20/F・Flat B,,$8.18M,--,527ft²,"@$15,520",Land Registry
2/10/2024,Sutton・5/F・Flat B,,$11.07M,--,650ft²,"@$17,034",Land Registry
2/10/2024,Sang Cheong Building・10/F・Flat G,,$3M,--,--,--,Land Registry
2/10/2024,Melody Garden・Block 9・10/F・Flat B,,$4.02M,--,591ft²,"@$6,802",Land Registry
2/10/2024,Park Signature・Tower 1・16/F・Flat F,,$4.75M,,523ft²,"@$9,082",Land Registry
2/10/2024,Kt Marina・Phase 1・Tower 2A・6/F・Flat N,,$4.71M,--,288ft²,"@$16,365",Land Registry
2/10/2024,Koko Hills・Phase 3B Koko Mare・Tower 9・22/F・Flat E,,$8.84M,--,435ft²,"@$20,310",Land Registry
2/10/2024,Eden Manor・Tower 1・26/F・Flat A,,$20.8M,--,"1,314ft²","@$15,830",Land Registry
2/10/2024,1 Wa Fung Street・4/F・No. 1,,$2.95M,--,550ft²,"@$5,364",Land Registry
2/10/2024,No. 8 Waterloo Road・Block 1・7/F・Flat E,,$6.33M,,442ft²,"@$14,321",Land Registry
2/10/2024,Kingswood Villas・Phase 1 Locwood Court・Block 13・30/F・Flat A,,$5.33M,--,636ft²,"@$8,381",Land Registry
2/10/2024,Everich Building・14/F・Flat A,,$3.86M,--,452ft²,"@$8,540",Land Registry
2/10/2024,Ching Lai Court・Lai Tai House (Block D)・2/F・Flat 3,,$3M,--,--,--,Land Registry
2/10/2024,The Sea Crest・Tower 2・9/F・Flat C,,$6.03M,,606ft²,"@$9,950",Land Registry
2/10/2024,Pierhead Garden・Tower 3・20/F・Flat C,,$4.5M,,521ft²,"@$8,637",Land Registry
2/10/2024,One West Kowloon・Tower 1・43/F・Flat D,,$10.18M,,869ft²,"@$11,715",Land Registry
2/10/2024,Kingswood Villas・Phase 7 Kenswood Court・Block 13・22/F・Flat E,,$3.97M,,446ft²,"@$8,901",Land Registry
2/10/2024,Taikoo Shing・Sing Fai Terrace・(T-53) Ngan Sing Mansion・21/F・Flat H,,$11.45M,,--,--,Land Registry
2/10/2024,The First Building・4/F・Flat A (No. 53),,$5.7M,--,410ft²,"@$13,902",Land Registry
2/10/2024,Tat Hing Building・3/F・No. 186 (Flat C),,$4.08M,--,271ft²,"@$15,055",Land Registry
2/10/2024,87 Queen's Road East・7/F・No. 87,,$6.35M,,378ft²,"@$16,799",Land Registry
2/10/2024,Po Hing Mansion・2/F・Block B,,$7.58M,,536ft²,"@$14,142",Land Registry
2/10/2024,The Hillgrove・Alder III,,$5.08M,--,650ft²,"@$7,815",Land Registry
2/10/2024,Grand Promenade・Tower 6・11/F・Flat B,,$14.08M,,749ft²,"@$18,798",Land Registry
2/10/2024,Sunshine City・Phase 2・Block D・7/F・Flat 3,,$4.55M,,321ft²,"@$14,174",Land Registry
2/10/2024,Shun King Building・6/F・Flat A (No. 185),,$5.5M,--,595ft²,"@$9,244",Land Registry
2/10/2024,City Garden・Carpark・2/F・No.53,,$1M,--,--,--,Land Registry
2/10/2024,Tsing Yi Estate・Yee Yat House・21/F・Flat 21,,$2.8M,--,443ft²,"@$6,321",Land Registry
2/10/2024,Kt Marina・Phase 1・Tower 2A・11/F・Flat D,,$9.7M,--,534ft²,"@$18,161",Land Registry
2/10/2024,Hong Lok Yuen・Hong Lok Road East・138B Hong Lok Road East (S S 725),,$21.18M,--,"1,553ft²","@$13,638",Land Registry
2/10/2024,One Regent Place・House 1,,$19.8M,,"1,532ft²","@$12,924",Land Registry
2/10/2024,Foon Lok Mansion・5/F・Flat F,,$2.72M,--,632ft²,"@$4,304",Land Registry
2/10/2024,Bo Fung Building・9/F・Flat A,,$3.73M,,352ft²,"@$10,597",Land Registry
2/10/2024,Sorrento・Phase 2・Block 2・69/F・Flat D,,$26.25M,,"1,091ft²","@$24,060",Land Registry
2/10/2024,14 North Street・1/F・No. 14,,$2.08M,--,339ft²,"@$6,136",Land Registry
2/10/2024,Centre Place・21/F・Flat B,,$11.8M,,579ft²,"@$20,380",Land Registry
2/10/2024,Novo Land・Phase 3B・Fiskars Tower 2A・12/F・Flat C,,$3.68M,--,292ft²,"@$12,593",Land Registry
2/10/2024,Novo Land・Phase 3B・Fiskars Tower 2B・7/F・Flat G,,$4.93M,--,418ft²,"@$11,797",Land Registry
2/10/2024,Century Link・Phase 1・Tower 6A・16/F・Flat 3,,$6.2M,,600ft²,"@$10,333",Land Registry
2/10/2024,The Avenue・Phase 2・Tower 3・6/F・Flat B,,$10.01M,,532ft²,"@$18,814",Land Registry
2/10/2024,Siu Tsui Court・Block B・15/F・Flat 10,,$2.67M,--,--,--,Land Registry
2/10/2024,The Beaumount・II・Tower 3・33/F・Flat B,,$7.08M,,757ft²,"@$9,353",Land Registry
2/10/2024,Banyan Garden・Phase 1・Tower 3・53/F・Flat G,,$10.35M,,661ft²,"@$15,658",Land Registry
2/10/2024,Bon-Point・21/F・Flat D,,$16.3M,,834ft²,"@$19,544",Land Registry
2/10/2024,Balwin Court・Block 1・13/F・Flat B,,$9.38M,,815ft²,"@$11,509",Land Registry
2/10/2024,62 Bute Street・1/F・No. 62,,"$515,532",--,891ft²,@$579,Land Registry
2/10/2024,Julimount Garden・Carpark・G/F・No.19 (Customer),,"$106,059",--,--,--,Land Registry
2/10/2024,Mount Parker Residences・10/F・Flat D,,$28.38M,,"1,231ft²","@$23,054",Land Registry
2/10/2024,Ching Tao Court・29/F・Flat 17,,$1.73M,--,--,--,Land Registry
2/10/2024,Ching Tao Court・30/F・Flat 9,,$2.06M,--,--,--,Land Registry
2/10/2024,Ching Tao Court・36/F・Flat 16,,$1.74M,--,--,--,Land Registry
2/10/2024,Ching Tao Court・23/F・Flat 9,,$2.02M,--,--,--,Land Registry
2/10/2024,Ching Tao Court・10/F・Flat 8,,$1.64M,--,--,--,Land Registry
2/10/2024,Ching Tao Court・7/F・Flat 22,,$1.78M,--,--,--,Land Registry
2/10/2024,Grand Waterfront・Tower 6・15/F・Flat D,,$8.5M,,616ft²,"@$13,799",Land Registry
2/10/2024,The Belchers・Phase 2・Tower 6・46/F・Flat C,,$15M,,773ft²,"@$19,405",Land Registry
2/10/2024,Kai Chuen Court・Block 5 (Kai Wu House)・34/F・Flat 1,,$3.39M,--,--,--,Land Registry
2/10/2024,King Tin Court・Ching Sam House (Block B)・15/F・Flat 6,,$2.18M,--,--,--,Land Registry
2/10/2024,Des Voeux W Residence・22/F・Flat B,,$6.2M,--,268ft²,"@$23,119",Land Registry
2/10/2024,Yen Oi Garden・5/F・Flat A,,$3.7M,--,388ft²,"@$9,536",Land Registry
2/10/2024,King's Hill・19/F・Flat B,,$7.23M,,314ft²,"@$23,025",Land Registry
2/10/2024,Mont Vert・Phase 2・Tower 2・3/F・Flat H,,$6.5M,,--,--,Land Registry
2/10/2024,The Henley・Phase 3 The Henley III・Tower 3B・33/F・Flat A,,$25.07M,--,778ft²,"@$32,222",Land Registry
2/10/2024,Larchwood・17/F・Flat C,,$3.89M,--,203ft²,"@$19,153",Land Registry
2/10/2024,Hin Keng Estate・Hin Hing House (Block 4)・6/F・Flat 17,,$1.86M,--,--,--,Land Registry
2/10/2024,Taikoo Shing・On Shing Terrace・(T-31) Kin On Mansion・17/F・Flat B,,$9.6M,--,703ft²,"@$13,656",Land Registry
2/10/2024,Grand Yoho・Phase 2・Tower 3・39/F・Flat B,,$8.75M,,632ft²,"@$13,845",Land Registry
2/10/2024,Constellation Cove・Block 12・3/F・Flat B,,$10.65M,,"1,098ft²","@$9,699",Land Registry
2/10/2024,Goldwin Heights・28/F・Flat F,,$12.6M,,817ft²,"@$15,422",Land Registry
2/10/2024,Laguna City・Phase 1・Carpark・G/F・No.21B,,$1.7M,--,--,--,Land Registry
2/10/2024,Kt Marina・Phase 1・Tower 2A・16/F・Flat D,,$9.79M,--,534ft²,"@$18,324",Land Registry
2/10/2024,Laguna City・Phase 4・Block 23・6/F・Flat B,,$5.67M,,522ft²,"@$10,862",Land Registry
2/10/2024,Park Signature・Tower 1・6/F・Flat D,,$7.7M,,956ft²,"@$8,054",Land Registry
2/10/2024,Park Avenue・Central Park・Tower 5・11/F・Flat A,,$11.68M,,673ft²,"@$17,355",Land Registry
2/10/2024,Koko Hills・Phase 3B Koko Mare・Tower 8・26/F・Flat L,,$10.07M,--,462ft²,"@$21,790",Land Registry
2/10/2024,Onmantin・Phase 2A・Tower 2・16/F・Flat E,,$23.38M,--,968ft²,"@$24,153",Land Registry
2/10/2024,Onmantin・Phase 2A・Tower 3・5/F・Flat B,,$16.42M,--,725ft²,"@$22,647",Land Registry
2/10/2024,Tseung Kwan O Plaza・Carpark・BM2・No.66,,$1.28M,--,--,--,Land Registry
2/10/2024,Yoho Town・Phase 1・Block 8・33/F・Flat C,,$6.1M,,461ft²,"@$13,232",Land Registry
2/10/2024,Lohas Park・Phase 12B Park Seasons・Tower 2 (2A)・61/F・Flat C,,$6.98M,--,453ft²,"@$15,397",Land Registry
2/10/2024,Onmantin・Phase 2A・Tower 3・7/F・Flat B,,$16.48M,--,725ft²,"@$22,735",Land Registry
2/10/2024,Onmantin・Phase 2A・Tower 3・8/F・Flat B,,$16.75M,--,725ft²,"@$23,101",Land Registry
2/10/2024,Royal Green・Carpark・G/F・No.16,,$1.08M,--,--,--,Land Registry
2/10/2024,Tsuen King Garden・Phase 2・Block 8・27/F・Flat E,,$4.8M,--,--,--,Land Registry
2/10/2024,Hin Ming Court・7/F・Flat 4,,$4.6M,--,--,--,Land Registry
2/10/2024,Novo Land・Phase 3B・Fiskars Tower 2B・11/F・Flat G,,$4.97M,--,418ft²,"@$11,893",Land Registry
1/10/2024,Goldwin Heights・Upper Floor・Flat H,,,--,802ft²,@$49,Centaline
1/10/2024,Aberdeen Centre・Kong Cheong Court (Block G)・Lower Floor・Flat 1,,,--,451ft²,@$33,Centaline
1/10/2024,Chi Fu Fa Yuen・Fu Yi Yuen (Block H-7)・Middle Floor・Flat G,,,--,588ft²,@$34,Centaline
1/10/2024,Yue Fai Court・Mei Fai House (Block C)・Upper Floor・Flat 6,,,--,384ft²,@$36,Centaline
1/10/2024,Chi Fu Fa Yuen・Fu On Yuen (Block H-3)・Lower Floor・Flat E,,,--,439ft²,@$34,Centaline
1/10/2024,The Avenue・Phase 2・Tower 3・Lower Floor・Flat H,,,--,446ft²,@$49,Centaline
1/10/2024,Vantage Park・Block 1・Middle Floor・Flat D,,,--,447ft²,@$56,Centaline
1/10/2024,One．Artlane・Middle Floor・Flat K,,,--,286ft²,@$73,Centaline
1/10/2024,Villa Oceania・Block 5・Lower Floor・Flat A,,,--,954ft²,@$33,Centaline
1/10/2024,Double Cove・Phase 1・Block 5・Upper Floor・Flat B,,,--,512ft²,@$41,Centaline
1/10/2024,Centra Horizon・Tower 10・Middle Floor・Flat K,,,--,794ft²,@$31,Centaline
1/10/2024,Sunshine City・Phase 3・Block N・Middle Floor・Flat 5,,,--,503ft²,@$38,Centaline
1/10/2024,The Palazzo・Block 11・Upper Floor・Flat B,,,--,924ft²,@$38,Centaline
1/10/2024,Novum West・Tower 1・Middle Floor・Flat B,,,--,334ft²,@$72,Centaline
1/10/2024,Vista Paradiso・Phase 1・Tower 1・Middle Floor・Flat F,,,--,"1,025ft²",@$35,Centaline
1/10/2024,Solaria・Tower 8・Middle Floor・Flat G,,,--,462ft²,@$38,Centaline
1/10/2024,Flora Plaza・Block 5・Middle Floor・Flat B,,,--,526ft²,@$27,Centaline
1/10/2024,Fanling Centre・Phase 1・Block G・Middle Floor・Flat 4,,,--,368ft²,@$34,Centaline
1/10/2024,Fanling Town Center・Elegant Court (Block 5)・Middle Floor・Flat G,,,--,454ft²,@$29,Centaline
1/10/2024,Fanling Centre・Phase 1・Block B・Middle Floor・Flat 5,,,--,368ft²,@$35,Centaline
1/10/2024,Belair Monte・Block 6・Lower Floor・Flat A,,,--,427ft²,@$27,Centaline
1/10/2024,Hatton Place・Lower Floor・Flat C,,,--,"1,177ft²",@$42,Centaline
1/10/2024,Mantin Heights・Tower 10・Upper Floor・Flat C,,,--,581ft²,@$44,Centaline
1/10/2024,The Met. Bliss・Tower 2・Lower Floor・Flat B06,,,--,332ft²,@$45,Centaline
1/10/2024,Royal Jubilee・Tower 1・Upper Floor・Flat G,,,--,392ft²,@$32,Centaline
1/10/2024,Vision City・Block 2・Upper Floor・Flat D,,,--,522ft²,@$48,Centaline
1/10/2024,Yoho Town・Phase 2 Yoho Midtown・Block M7・Upper Floor・Flat D,,,--,"1,231ft²",@$37,Centaline
1/10/2024,The Yoho Hub・Phase C The Yoho Hub II・Tower 8・Upper Floor・Flat A,,,--,474ft²,@$42,Centaline
1/10/2024,Grand Yoho・Phase 2・Tower 3・Middle Floor・Flat F,,,--,723ft²,@$34,Centaline
1/10/2024,Victoria Court・Upper Floor・Flat B,,,--,"1,592ft²",@$36,Centaline
1/10/2024,Centra Horizon・Tower 10・Lower Floor・Flat F,,,--,404ft²,@$41,Centaline
1/10/2024,Belvedere Garden・Phase 3・Block 6・Middle Floor・Flat B,,,--,742ft²,@$30,Centaline
1/10/2024,Rhine Garden・Block 4・Upper Floor・Flat C,,,--,630ft²,@$23,Centaline
1/10/2024,Lido Garden・Block 4・Lower Floor・Flat C,,,--,617ft²,@$24,Centaline
1/10/2024,Sea Crest Villa・Phase 2・Block 5・Upper Floor・Flat B,,,--,802ft²,@$24,Centaline
1/10/2024,Bellagio・Phase 1・Tower 9・Upper Floor・Flat C,,,--,901ft²,@$31,Centaline
1/10/2024,L'aquatique・Block 2・Upper Floor・Flat F,,,--,318ft²,@$37,Centaline
1/10/2024,Bellagio・Phase 3・Tower 1・Upper Floor・Flat F,,,--,567ft²,@$26,Centaline
1/10/2024,Royal Ascot・Phase 2・Block 11・Middle Floor・Flat H,,,--,"1,039ft²",@$29,Centaline
1/10/2024,Royal Ascot・Phase 2・Block 8・Upper Floor・Flat A,,,--,"1,039ft²",@$30,Centaline
1/10/2024,Mayfair By The Sea 8・Tower 3A・Upper Floor・Flat C,,,--,773ft²,@$34,Centaline
1/10/2024,Galaxia・Tower C・Middle Floor・Flat 3,,,--,517ft²,@$46,Centaline
1/10/2024,No. 8 Clear Water Bay Road・Middle Floor・Flat F,,,--,504ft²,@$43,Centaline
1/10/2024,The Sparkle・Block 1・Lower Floor・Flat D,,,--,395ft²,@$37,Centaline
1/10/2024,Miami Beach Towers・Tower 2・Middle Floor・Flat G,,,--,450ft²,@$26,Centaline
1/10/2024,The Esplanade・Upper Floor・Flat U,,,--,231ft²,@$41,Centaline
1/10/2024,Regency Bay・Phase 1・Tower 2・Upper Floor・Flat G,,,--,297ft²,@$47,Centaline
1/10/2024,Miami Beach Towers・Tower 2・Middle Floor・Flat E,,,--,469ft²,@$26,Centaline
1/10/2024,Chelsea Court・Tower East (A1)・Lower Floor・Flat H,,,--,384ft²,@$44,Centaline
1/10/2024,Banyan Garden・Phase 2・Tower 8・Middle Floor・Flat A,,,--,510ft²,@$39,Centaline
1/10/2024,The Campton・Upper Floor・Flat Q,,,--,386ft²,@$46,Centaline
1/10/2024,Banyan Garden・Phase 2・Tower 7・Upper Floor・Flat B,,,--,517ft²,@$41,Centaline
1/10/2024,King Fai Court・Middle Floor・Flat 2,,,--,219ft²,@$41,Centaline
1/10/2024,Grand Victoria・Phase 1・Tower 2・Upper Floor・Flat C,,,--,784ft²,@$52,Centaline
1/10/2024,Jloft・Middle Floor・Flat B,,,--,206ft²,@$59,Centaline
1/10/2024,Cullinan West・Phase 3 Cullinan West Il・Tower 3B・Middle Floor・Flat D,,,--,436ft²,@$60,Centaline
1/10/2024,Tivoli Garden・Tower 4・Upper Floor・Flat D,,,--,712ft²,@$33,Centaline
1/10/2024,Riva・Helorus Boulevard Tower 3・Lower Floor・Flat A,,,--,"1,087ft²",@$25,Centaline
1/10/2024,Waldorf Garden・Block 5・Middle Floor・Flat G,,,--,404ft²,@$28,Centaline
1/10/2024,Academic Terrace・Block 2・Middle Floor・Flat A,,,--,531ft²,@$29,Centaline
1/10/2024,Taikoo Shing・Horizon Gardens・(T-59) Heng Tien Mansion・Middle Floor・Flat H,,,--,584ft²,@$37,Centaline
1/10/2024,Taikoo Shing・Kam Din Terrace・(T-19) Tang Kung Mansion・Upper Floor・Flat A,,,--,489ft²,@$44,Centaline
1/10/2024,Residence Bel-Air・Phase 4 Bel-Air On The Peak・Tower 2・Middle Floor・Flat C,,,--,"1,400ft²",@$52,Centaline
1/10/2024,Uptown Plaza・Block 2・Upper Floor・Flat B,,,--,489ft²,@$34,Centaline
1/10/2024,Discovery Bay・Phase 13 Chianti・The Lustre (Block 5)・Lower Floor・Flat A,,,--,893ft²,@$29,Centaline
1/10/2024,Discovery Bay・Phase 8-La Costa,,,--,"1,183ft²",@$32,Centaline
1/10/2024,Discovery Bay・Phase 16 Poggibonsi・Block 6・Middle Floor・Flat A,,,--,"1,019ft²",@$32,Centaline
1/10/2024,Discovery Bay・Phase 4-Peninsula Vl Capeland・Blossom Court・Middle Floor・Flat A,,,--,546ft²,@$19,Centaline
1/10/2024,Discovery Bay・Phase 14 Amalfi・Amalfi Two・Lower Floor・Flat D,,,--,929ft²,@$32,Centaline
1/10/2024,Discovery Bay・Phase 13 Chianti・The Pavilion (Block 1)・Upper Floor・Flat E,,,--,905ft²,@$33,Centaline
1/10/2024,Discovery Bay・Phase 3-Hillgrove Village・Brilliance Court・Lower Floor・Flat E,,,--,398ft²,@$28,Centaline
1/10/2024,Grand Waterfront・Tower 3・Middle Floor・Flat C,,,--,427ft²,@$46,Centaline
1/10/2024,Miami Quay・Phase 1・Tower 2・Lower Floor・Flat E,,,--,250ft²,@$52,Centaline
1/10/2024,Tsuen King Garden・Phase 2・Block 11・Lower Floor・Flat D,,,--,577ft²,@$32,Centaline
1/10/2024,The Wings・II・Tower 3B・Lower Floor・Flat C,,,--,672ft²,@$45,Centaline
1/10/2024,May Shing Court・Fai Shing House (Block C)・Lower Floor・Flat 8,,,--,381ft²,@$31,Centaline
1/10/2024,Sui Fung Mansion・Flat E,,,--,264ft²,@$47,Centaline
1/10/2024,Royal Green・Tower 1・Middle Floor・Flat H,,,--,372ft²,@$34,Centaline
1/10/2024,Lions Rise・Tower 1・Lower Floor・Flat C,,,--,764ft²,@$43,Centaline
1/10/2024,Sky Tower・Block 6・Lower Floor・Flat A,,,--,479ft²,@$41,Centaline
1/10/2024,The Latitude・Tower 6・Middle Floor・Flat F,,,--,545ft²,@$43,Centaline
1/10/2024,Arezzo・Upper Floor・Flat B,,,--,980ft²,@$65,Centaline
1/10/2024,Parkway Court・Block A・Upper Floor・Flat 8,,,--,988ft²,@$41,Centaline
1/10/2024,Centre Point・Lower Floor・Flat C,,,--,337ft²,@$58,Centaline
1/10/2024,Le Pont・Tower 5B・Lower Floor・Flat B,,,--,468ft²,@$24,Centaline
1/10/2024,Koko Hills・Phase 3A Koko Rosso・Tower 6・Lower Floor・Flat J,,,--,301ft²,@$51,Centaline
1/10/2024,Grand Central・Phase 1・Tower 1・Upper Floor・Flat H,,,--,759ft²,@$47,Centaline
1/10/2024,The Metro City・Phase 2・Tower 7・Upper Floor・Flat F,,,--,363ft²,@$40,Centaline
1/10/2024,Telford Gardens・Block B・Lower Floor・Flat 3,,,--,538ft²,@$32,Centaline
1/10/2024,Telford Gardens・Block G・Middle Floor・Flat 12,,,--,517ft²,@$34,Centaline
1/10/2024,Telford Gardens・Block Q・Lower Floor・Flat 14,,,--,540ft²,@$33,Centaline
1/10/2024,K‧Summit・Tower 1A・Lower Floor・Flat A,,,--,293ft²,@$60,Centaline
1/10/2024,The Visionary・Tower 7・Middle Floor・Flat A,,,--,"1,033ft²",@$35,Centaline
1/10/2024,Lohas Park・Phase 5A Malibu・Tower 1B・Middle Floor・Flat A,,,--,807ft²,@$40,Centaline
1/10/2024,Lohas Park・Phase 2B Le Prime・Tower 8 - L Wing・Upper Floor・Flat D,,,--,670ft²,@$30,Centaline
1/10/2024,Residence Bel-Air・Phase 1・Tower 6・Upper Floor・Flat A,,,--,"1,365ft²",@$44,Centaline
1/10/2024,The Summa・Tower 1・Upper Floor・Flat C,,,--,954ft²,@$53,Centaline
1/10/2024,Mei Foo Sun Chuen・Phase 5・6-8 Nassau Street・Upper Floor・Flat C No. 8,,,--,712ft²,@$31,Centaline
1/10/2024,Wah Yuen Chuen・Wah Yee Court (Block 2)・Middle Floor・Flat D,,,--,504ft²,@$32,Centaline
1/10/2024,Mei Foo Sun Chuen・Phase 1・5-7 Broadway・Lower Floor・Flat A No. 5,,,--,719ft²,@$34,Centaline
1/10/2024,Jloft・Middle Floor・Flat B,,,--,206ft²,@$62,Centaline
1/10/2024,The Quinn ‧ Square Mile・Tower 1・Lower Floor・Flat G,,,--,258ft²,@$59,Centaline
1/10/2024,Cullinan West・Phase 5 Cullinan West Ill・Tower 8・Upper Floor・Flat D,,,--,276ft²,@$60,Centaline
1/10/2024,Cullinan West・Phase 3 Cullinan West Il・Tower 5B・Middle Floor・Flat J,,,--,346ft²,@$59,Centaline
1/10/2024,The Yoho Hub・Phase C The Yoho Hub II・Tower 8・Middle Floor・Flat B,,,--,441ft²,@$41,Centaline
1/10/2024,Carado Garden・Block 4・Upper Floor・Flat F,,,--,428ft²,@$38,Centaline
1/10/2024,Mount Pavilia,,,--,"3,189ft²",@$34,Centaline
1/10/2024,Miami Mansion・Lower Floor・Flat 2,,,--,"1,037ft²",@$28,Centaline
1/10/2024,Richland Garden・Block 1・Lower Floor・Flat E,,,--,326ft²,@$32,Centaline
1/10/2024,The Palazzo・Block 2・Lower Floor・Flat C,,,--,696ft²,@$42,Centaline
1/10/2024,Lohas Park・Phase 8 Sea To Sky・Tower 1・Middle Floor・Flat G,,,--,466ft²,@$40,Centaline
1/10/2024,Manor Hill・Tower 2・Lower Floor・Flat D1,,,--,286ft²,@$52,Centaline
1/10/2024,Lohas Park・Phase 6 Lp6・Tower 5・Middle Floor・Flat H,,,--,347ft²,@$45,Centaline
1/10/2024,Fairview Park・Pinery Road South,,,--,"1,035ft²",@$21,Centaline
1/10/2024,Valais,,,--,"3,275ft²",@$29,Centaline
1/10/2024,Oma Oma・Tower 1B・Middle Floor・Flat E,,,--,450ft²,@$27,Centaline
1/10/2024,Bellagio・Phase 1・Tower 6・Middle Floor・Flat B,,,--,891ft²,@$29,Centaline
1/10/2024,Avignon・Tower 6・Middle Floor・Flat C,,,--,922ft²,@$25,Centaline
1/10/2024,Caribbean Coast・Phase 2 Albany Cove・Tower 7・Upper Floor・Flat E,,,--,544ft²,@$32,Centaline
1/10/2024,Lohas Park・Phase 4A Wings At Sea・Tower 2A・Lower Floor・Flat D,,,--,473ft²,@$36,Centaline
1/10/2024,The Parcville・Tower 9・Lower Floor・Flat H,,,--,460ft²,@$25,Centaline
1/10/2024,Double Cove・Phase 2 Double Cove Starview・Block 19・Middle Floor・Flat H,,,--,794ft²,@$38,Centaline
1/10/2024,The Grandiose・Block 2・Lower Floor・Flat F,,,--,440ft²,@$37,Centaline
1/10/2024,Smithfield Terrace・Block C・Middle Floor・Flat 2,,,--,281ft²,@$59,Centaline
1/10/2024,Hilltop Mansion・Block A-B・Lower Floor・Flat A,,,--,"1,733ft²",@$33,Centaline
1/10/2024,One．Artlane・Middle Floor・Flat F,,,--,301ft²,@$73,Centaline
1/10/2024,Victoria Harbour・Phase 1B・Tower 5A・Middle Floor・Flat E,,,--,369ft²,@$65,Centaline
1/10/2024,Island Lodge・Lower Floor・Flat C,,,--,"1,003ft²",@$34,Centaline
1/10/2024,Heng Fa Chuen・Block 24・Upper Floor・Flat 3,,,--,499ft²,@$37,Centaline
1/10/2024,Heng Fa Chuen・Block 50・Middle Floor・Flat 6,,,--,645ft²,@$35,Centaline
1/10/2024,Heng Fa Chuen・Block 40・Middle Floor・Flat 1,,,--,826ft²,@$38,Centaline
1/10/2024,Heng Fa Chuen・Block 29・Upper Floor・Flat 3,,,--,643ft²,@$36,Centaline
1/10/2024,Winner Centre・Block C・Middle Floor・Flat 1,,,--,260ft²,@$42,Centaline
1/10/2024,Heng Fa Chuen・Block 13・Lower Floor・Flat 8,,,--,475ft²,@$36,Centaline
1/10/2024,Grand Promenade・Tower 6・Upper Floor・Flat G,,,--,508ft²,@$47,Centaline
1/10/2024,Seaview Garden・Block 6・Upper Floor・Flat C,,,--,582ft²,@$26,Centaline
1/10/2024,Heng Fa Chuen・Block 19・Upper Floor・Flat 1,,,--,547ft²,@$39,Centaline
1/10/2024,Kornhill・Block R (Flat 9 - 16)・Middle Floor・Flat 16,,,--,616ft²,@$40,Centaline
1/10/2024,Hong Kong Garden・Phase 3・Block 21・Upper Floor・Flat C,,,--,792ft²,@$25,Centaline
1/10/2024,OMA by the Sea・Tower 1・Lower Floor・Flat B7,,,--,352ft²,@$27,Centaline
1/10/2024,Celeste Court・Upper Floor・Flat B,,,--,935ft²,@$49,Centaline
1/10/2024,Celeste Court・Upper Floor・Flat F,,,--,794ft²,@$44,Centaline
1/10/2024,Park Haven・Lower Floor・Flat G,,,--,610ft²,@$41,Centaline
1/10/2024,Leigyinn Building・58-64A Leighton Road・Upper Floor・No. 62,,,--,"1,046ft²",@$25,Centaline
1/10/2024,Tak Fat Building・Lower Floor・Flat C,,,--,259ft²,@$48,Centaline
1/10/2024,Faber Court・Block A・Lower Floor・Flat A,,,--,"1,749ft²",@$35,Centaline
1/10/2024,Cullinan West・Phase 2A・Sun Sky Mansion・Middle Floor・Flat A,,,--,"1,852ft²",@$40,Centaline
1/10/2024,The Quinn ‧ Square Mile・Tower 1・Middle Floor・Flat F,,,--,269ft²,@$61,Centaline
1/10/2024,The Long Beach・Tower 2・Middle Floor・Flat E,,,--,559ft²,@$43,Centaline
1/10/2024,Island Garden・Tower 1・Middle Floor・Flat A,,,--,"1,055ft²",@$40,Centaline
1/10/2024,Centra Horizon・Tower 12・Middle Floor・Flat C,,,--,251ft²,@$51,Centaline
1/10/2024,Fortune Centre・Upper Floor・Flat C,,,--,341ft²,@$35,Centaline
1/10/2024,Wai Fat Building・Upper Floor・Flat A,,,--,520ft²,@$25,Centaline
1/10/2024,Lohas Park・Phase 6 Lp6・Tower 3・Lower Floor・Flat C,,,--,425ft²,@$42,Centaline
1/10/2024,Lohas Park・Phase 7A Montara・Tower 2 (2B)・Middle Floor・Flat E,,,--,368ft²,@$42,Centaline
1/10/2024,The Pavilia Farm・Phase 1・Tower 2 (2A)・Lower Floor・Flat B,,,--,753ft²,@$48,Centaline
1/10/2024,New Town Plaza・Phase 3・Grevillea Court (Block 4)・Upper Floor・Flat G,,,--,652ft²,@$43,Centaline
1/10/2024,Aspen Crest・Middle Floor・Flat G,,,--,214ft²,@$57,Centaline
1/10/2024,San Po Kong Plaza・Block 2・Lower Floor・Flat E,,,--,408ft²,@$37,Centaline
1/10/2024,Convention Plaza Apartments・Lower Floor・Flat 19,,,--,"1,394ft²",@$54,Centaline
1/10/2024,Galaxia・Tower C・Upper Floor・Flat 1,,,--,593ft²,@$42,Centaline
1/10/2024,Prime View Garden・Block 3・Upper Floor・Flat F,,,--,399ft²,@$25,Centaline
1/10/2024,The Coronation・Tower 2・Middle Floor・Flat D,,,--,605ft²,@$43,Centaline
1/10/2024,Grand Victoria・Phase 2・Tower 3 (3B)・Lower Floor・Flat A,,,--,605ft²,@$50,Centaline
1/10/2024,The Harbourside・Tower 3・Upper Floor・Flat D,,,--,"1,084ft²",@$47,Centaline
1/10/2024,Cullinan West・Phase 5 Cullinan West Ill・Tower 8・Upper Floor・Flat E,,,--,267ft²,@$63,Centaline
1/10/2024,Sorrento・Phase 1・Block 3・Lower Floor・Flat A,,,--,620ft²,@$52,Centaline
1/10/2024,Grand Victoria・Phase 2・Tower 3 (3B)・Middle Floor・Flat E,,,--,323ft²,@$62,Centaline
1/10/2024,Laguna City・Phase 1・Block 1・Lower Floor・Flat E,,,--,687ft²,@$31,Centaline
1/10/2024,Lok Nga Court・Nga Ping House (Block F)・Upper Floor・Flat 8,,,--,447ft²,@$29,Centaline
1/10/2024,Lohas Park・Phase 2C La Splendeur・Tower 11・Lower Floor・Flat Lc,,,--,"1,001ft²",@$29,Centaline
1/10/2024,Lohas Park・Phase 6 Lp6・Tower 1・Lower Floor・Flat C,,,--,516ft²,@$36,Centaline
1/10/2024,The Vertex・West Wing・Lower Floor・Flat K,,,--,327ft²,@$51,Centaline
1/10/2024,Merlin Centre・Block A・Upper Floor・Flat A8,,,--,266ft²,@$45,Centaline
1/10/2024,Heya Crystal・Tower 3・Middle Floor・Flat A,,,--,524ft²,@$37,Centaline
1/10/2024,22A Kennedy Road・Upper Floor・Flat B,,,--,--,--,Centaline
1/10/2024,Lohas Park・Phase 2B Le Prime・Tower 6 - L Wing・Upper Floor・Flat A,,,--,987ft²,@$24,Centaline
1/10/2024,East Point City・Block 5・Lower Floor・Flat E,,,--,524ft²,@$36,Centaline
1/10/2024,Tseung Kwan O Plaza・Phase 2・Tower 8・Upper Floor・Flat H,,,--,646ft²,@$39,Centaline
1/10/2024,Yee Yuen・No. 16,,,--,"1,121ft²",@$29,Centaline
1/10/2024,Florient Rise・Tower 1・Upper Floor・Flat A,,,--,959ft²,@$43,Centaline
1/10/2024,Parc Oasis・Tower 15 (19 Parc Oasis Rd)・Upper Floor・Flat F,,,--,603ft²,@$44,Centaline
1/10/2024,Laguna Verde・Phase 4(4A) Laguna Grande・Tower 20・Upper Floor・Flat B,,,--,537ft²,@$48,Centaline
1/10/2024,Island Harbourview・Tower 8・Middle Floor・Flat B,,,--,788ft²,@$46,Centaline
1/10/2024,The Quinn ‧ Square Mile・Tower 2・Lower Floor・Flat D,,,--,205ft²,@$66,Centaline
1/10/2024,The Quinn ‧ Square Mile・Tower 2・Lower Floor・Flat E,,,--,291ft²,@$58,Centaline
1/10/2024,Lohas Park・Phase 3A Hemera・Topaz (Tower 5)・Lower Floor・Flat Ra,,,--,699ft²,@$31,Centaline
1/10/2024,The Papillons・Tower 7・Lower Floor・Flat A,,,--,882ft²,@$40,Centaline
1/10/2024,Monaco One・Phase 2 Monaco Marine・Tower 1A・Upper Floor・Flat E,,,--,438ft²,@$55,Centaline
1/10/2024,Koko Hills・Phase 3A Koko Rosso・Tower 6・Middle Floor・Flat E,,,--,420ft²,@$46,Centaline
1/10/2024,Koko Hills・Phase 3A Koko Rosso・Tower 6・Upper Floor・Flat E,,,--,420ft²,@$46,Centaline
1/10/2024,Maya・Tower 2・Lower Floor・Flat B,,,--,717ft²,@$33,Centaline
1/10/2024,Grand Central・Phase 1・Tower 2・Lower Floor・Flat D,,,--,462ft²,@$42,Centaline
1/10/2024,Man Fuk Building・Middle Floor・Flat 24,,,--,375ft²,@$37,Centaline
1/10/2024,Sceneway Garden・Block 7・Middle Floor・Flat E,,,--,614ft²,@$38,Centaline
1/10/2024,Aqua Marine・Tower 3・Middle Floor・Flat F,,,--,496ft²,@$41,Centaline
1/10/2024,Lohas Park・Phase 6 Lp6・Tower 1・Lower Floor・Flat G,,,--,505ft²,@$34,Centaline
1/10/2024,Ying Ming Court・Ming Leung House (Block B)・Middle Floor・Flat 6,,,--,554ft²,@$29,Centaline
1/10/2024,Aqua Marine・Tower 2・Lower Floor・Flat B,,,--,494ft²,@$40,Centaline
1/10/2024,Mei Foo Sun Chuen・Phase 3・72-74 Broadway・Upper Floor・Flat C No. 72,,,--,541ft²,@$36,Centaline
1/10/2024,Mei Foo Sun Chuen・Phase 3・84-86 Broadway・Upper Floor・Flat C No. 84,,,--,544ft²,@$33,Centaline
1/10/2024,Mei Foo Sun Chuen・Phase 8・130-132 Broadway・Upper Floor・Flat C No. 132,,,--,666ft²,@$35,Centaline
1/10/2024,The Forest Hills・Middle Floor・Flat F,,,--,665ft²,@$39,Centaline
1/10/2024,Cullinan West・Phase 3 Cullinan West Il・Tower 3A・Lower Floor・Flat B,,,--,"1,320ft²",@$45,Centaline
1/10/2024,Macpherson Place・Tower 1A・Upper Floor・Flat B,,,--,942ft²,@$39,Centaline
1/10/2024,K‧Summit・Tower 2B・Middle Floor・Flat D,,,--,515ft²,@$49,Centaline
1/10/2024,Vibe Centro・Tower 2A・Lower Floor・Flat E,,,--,527ft²,@$45,Centaline
1/10/2024,Monaco One・Phase 1・Tower 2B・Lower Floor・Flat C,,,--,495ft²,@$51,Centaline
1/10/2024,The Long Beach・Tower 2・Lower Floor・Flat D,,,--,564ft²,@$41,Centaline
1/10/2024,Floral Tower・Middle Floor・Flat A,,,--,621ft²,@$44,Centaline
1/10/2024,Island Crest・Tower 2・Upper Floor・Flat D,,,--,460ft²,@$63,Centaline
1/10/2024,Prince Wesidence・Middle Floor・Flat B,,,--,--,--,Centaline
1/10/2024,Parc Palais・Tower 1・Lower Floor・Flat D,,,--,842ft²,@$43,Centaline
1/10/2024,Seaside Sonata・Tower 2・Middle Floor・Flat D,,,--,722ft²,@$39,Centaline
1/10/2024,Cullinan West・Phase 3 Cullinan West Il・Tower 5B・Lower Floor・Flat E,,,--,270ft²,@$62,Centaline
1/10/2024,The Quinn ‧ Square Mile・Tower 1・Middle Floor・Flat E,,,--,291ft²,@$52,Centaline
1/10/2024,The Campton・Upper Floor・Flat H,,,--,840ft²,@$45,Centaline
1/10/2024,Capital Villa,,,--,"2,196ft²",@$41,Centaline
1/10/2024,K‧Summit・Tower 2A・Middle Floor・Flat D,,,--,517ft²,@$46,Centaline
1/10/2024,Tseung Kwan O Plaza・Phase 1・Tower 3A・Middle Floor・Flat E,,,--,445ft²,@$40,Centaline
1/10/2024,Bauhinia Garden・Tower 3・Lower Floor・Flat J,,,--,427ft²,@$35,Centaline
1/10/2024,The Parkside・Tower 2A・Middle Floor・Flat A,,,--,694ft²,@$42,Centaline
1/10/2024,Laguna City・Phase 1・Block 17・Upper Floor・Flat F,,,--,517ft²,@$34,Centaline
1/10/2024,Grand Central・Phase 1・Tower 1・Upper Floor・Flat A,,,--,"1,091ft²",@$40,Centaline
1/10/2024,Koko Hills・Phase 3A Koko Rosso・Tower 6・Lower Floor・Flat D,,,--,431ft²,@$44,Centaline
1/10/2024,Henley Park・Tower 1B・Upper Floor・Flat J,,,--,398ft²,@$53,Centaline
1/10/2024,The Papillons・Tower 6・Middle Floor・Flat J,,,--,521ft²,@$38,Centaline
1/10/2024,Lohas Park・Phase 9C Ocean Marini・Tower 1 (1B)・Lower Floor・Flat E,,,--,479ft²,@$39,Centaline
1/10/2024,Amoy Gardens・Phase 2A・Block J・Lower Floor・Flat 2,,,--,391ft²,@$38,Centaline
1/10/2024,Tak Bo Garden・Block A・Upper Floor・Flat A3,,,--,282ft²,@$44,Centaline
1/10/2024,Telford Gardens・Block A・Middle Floor・Flat 11,,,--,538ft²,@$36,Centaline
1/10/2024,Sutton・Upper Floor・Flat A,,,--,635ft²,@$52,Centaline
1/10/2024,Tseung Kwan O Plaza・Phase 1・Tower 2・Middle Floor・Flat H,,,--,447ft²,@$38,Centaline
1/10/2024,Monterey・Tower 5・Upper Floor・Flat C,,,--,692ft²,@$48,Centaline
1/10/2024,The Long Beach・Tower 1・Upper Floor・Flat D,,,--,574ft²,@$44,Centaline
1/10/2024,Koko Hills・Phase 3A Koko Rosso・Tower 7・Middle Floor・Flat A,,,--,441ft²,@$48,Centaline
1/10/2024,The Grandiose・Block 2・Lower Floor・Flat F,,,--,438ft²,@$42,Centaline
1/10/2024,Ocean Shores・Phase 2・Tower 8・Upper Floor・Flat G,,,--,497ft²,@$40,Centaline
1/10/2024,Cullinan West・Phase 5 Cullinan West Ill・Tower 6・Middle Floor・Flat G,,,--,273ft²,@$60,Centaline
1/10/2024,Grand Victoria・Phase 1・Tower 3A・Upper Floor・Flat D,,,--,527ft²,@$63,Centaline
1/10/2024,Kwai Wo Building・Upper Floor・Flat E,,,--,278ft²,@$42,Centaline
1/10/2024,The Grandiose・Block 3・Lower Floor・Flat G,,,--,452ft²,@$41,Centaline
1/10/2024,Laguna Verde・Phase 1 Green Wood・Tower 5・Middle Floor・Flat D,,,--,404ft²,@$47,Centaline
1/10/2024,Richland Gardens・Block 2・Lower Floor・Flat A,,,--,447ft²,@$34,Centaline
1/10/2024,The Legend・Tower 5・Middle Floor・Flat C,,,--,871ft²,@$48,Centaline
1/10/2024,Coastal Skyline・Phase 1・Block 5・Lower Floor・Flat F,,,--,388ft²,@$39,Centaline
1/10/2024,Century Link・Phase 1・Tower 5A・Upper Floor・Flat 1,,,--,642ft²,@$37,Centaline
1/10/2024,Tung Chung Crescent・Phase 2・Block 8・Middle Floor・Flat E,,,--,527ft²,@$36,Centaline
1/10/2024,Caribbean Coast・Phase 4 Crystal Cove・Tower 16・Middle Floor・Flat H,,,--,927ft²,@$28,Centaline
1/10/2024,Heng Fa Chuen・Block 41・Lower Floor・Flat 6,,,--,645ft²,@$37,Centaline
1/10/2024,Mei Foo Sun Chuen・Phase 6・2-4 Humbert Street・Upper Floor・Flat D No. 4,,,--,670ft²,@$32,Centaline
1/10/2024,Jloft・Middle Floor・Flat D,,,--,228ft²,@$57,Centaline
1/10/2024,Jloft・Middle Floor・Flat B,,,--,203ft²,@$60,Centaline
1/10/2024,Gallant Garden Mansion・Middle Floor・Flat C,,,--,790ft²,@$31,Centaline
1/10/2024,Belvedere Garden・Phase 1・Block 1・Lower Floor・Flat B,,,--,470ft²,@$34,Centaline
1/10/2024,Tung Chung Crescent・Phase 2・Block 6・Upper Floor・Flat A,,,--,772ft²,@$35,Centaline
1/10/2024,Nan Shan Mansion・Lower Floor・Flat 2,,,--,398ft²,@$34,Centaline
1/10/2024,Luk Yeung Sun Chuen・Block P・Middle Floor・Flat 3,,,--,451ft²,@$35,Centaline
1/10/2024,Sunshine City・Phase 2・Block D・Lower Floor・Flat 6,,,--,321ft²,@$45,Centaline
1/10/2024,Royal Peninsula・Block 3・Upper Floor・Flat F,,,--,464ft²,@$53,Centaline
1/10/2024,Harbourfront Landmark・Tower 3・Lower Floor・Flat B,,,--,"1,580ft²",@$41,Centaline
1/10/2024,The Vantage・Lower Floor・Flat A6,,,--,269ft²,@$58,Centaline
1/10/2024,Harbour Place・Tower 1・Lower Floor・Flat F,,,--,432ft²,@$47,Centaline
1/10/2024,Whampoa Garden・Phase 9 Lily Mansions・Block 7・Upper Floor・Flat E,,,--,860ft²,@$38,Centaline
1/10/2024,The Beverly Hills・Phase 1,,,--,"1,902ft²",@$27,Centaline
1/10/2024,Providence Bay・Phase 2 Providence Peak・Tower 5・Lower Floor・Flat A,,,--,"1,522ft²",@$32,Centaline
1/10/2024,Wetland Seasons Park・Phase 2・Tower 3・Lower Floor・Flat B2,,,--,394ft²,@$27,Centaline
1/10/2024,Harbour Green・Tower 5・Middle Floor・Flat F,,,--,541ft²,@$46,Centaline
1/10/2024,The Quinn ‧ Square Mile・Tower 2・Upper Floor・Flat L,,,--,269ft²,@$59,Centaline
1/10/2024,Imperial Court・Upper Floor・Flat 6,,,--,340ft²,@$32,Centaline
1/10/2024,Island Harbourview・Tower 3・Lower Floor・Flat F,,,--,457ft²,@$44,Centaline
1/10/2024,Jloft・Lower Floor・Flat D,,,--,226ft²,@$56,Centaline
1/10/2024,Dragons Range・Court D Tower 1・Lower Floor・Flat D,,,--,654ft²,@$32,Centaline
1/10/2024,Forest Hill・House 23・Duplex Gh-23A,,,--,"1,551ft²",@$21,Centaline
1/10/2024,Tierra Verde・Phase 1・Tower 2・Upper Floor・Flat G,,,--,520ft²,@$41,Centaline
1/10/2024,Tsing Yi Garden・Block 7・Upper Floor・Flat F,,,--,343ft²,@$41,Centaline
1/10/2024,West Park・Upper Floor・Flat C,,,--,321ft²,@$50,Centaline
1/10/2024,Lohas Park・Phase 4B Wings At Sea Il・Tower 3A・Lower Floor・Flat C,,,--,453ft²,@$41,Centaline
1/10/2024,The Quinn ‧ Square Mile・Tower 2・Middle Floor・Flat N,,,--,258ft²,@$65,Centaline
1/10/2024,The Quinn ‧ Square Mile・Tower 2・Lower Floor・Flat J,,,--,269ft²,@$62,Centaline
1/10/2024,Metro Harbour View・Phase 1・Tower 3・Lower Floor・Flat E,,,--,338ft²,@$49,Centaline
1/10/2024,Manhattan Heights・Lower Floor・Flat A,,,--,434ft²,@$56,Centaline
1/10/2024,The Merton・Tower 1・Lower Floor・Flat D,,,--,470ft²,@$47,Centaline
1/10/2024,Island Crest・Tower 2・Lower Floor・Flat E,,,--,459ft²,@$65,Centaline
1/10/2024,Novum West・Tower 1・Upper Floor・Flat B,,,--,334ft²,@$75,Centaline
1/10/2024,Ka Fai Court・Upper Floor・Flat B,,,--,399ft²,@$42,Centaline
1/10/2024,Ocean Shores・Phase 1・Tower 2・Lower Floor・Flat F,,,--,504ft²,@$37,Centaline
1/10/2024,On Ning Garden・Block 4・Middle Floor・Flat A,,,--,583ft²,@$33,Centaline
1/10/2024,One Homantin・Tower 7・Lower Floor・Flat C,,,--,409ft²,@$49,Centaline
1/10/2024,Hilton Plaza・Block A・Middle Floor・Flat 5,,,--,274ft²,@$47,Centaline
1/10/2024,Kau To Highland,,,--,"3,141ft²",@$39,Centaline
1/10/2024,Le Pont・Tower 5A・Upper Floor・Flat C,,,--,698ft²,@$26,Centaline
1/10/2024,Grand Jete・Phase 2・Tower 5・Middle Floor・Flat H,,,--,269ft²,@$36,Centaline
1/10/2024,Dragons Range・Court B Tower 3・Middle Floor・Flat B,,,--,958ft²,@$31,Centaline
1/10/2024,One Innovale・Phase 3・Tower D・Middle Floor・Flat 2,,,--,367ft²,@$38,Centaline
1/10/2024,Belvedere Garden・Phase 2・Block 4・Lower Floor・Flat G,,,--,572ft²,@$31,Centaline
1/10/2024,Belvedere Garden・Phase 3・Block 6・Upper Floor・Flat A,,,--,728ft²,@$30,Centaline
1/10/2024,The Visionary・Tower 10・Upper Floor・Flat A,,,--,483ft²,@$34,Centaline
1/10/2024,Coastal Skyline・Phase 1・Block 1・Middle Floor・Flat H,,,--,381ft²,@$41,Centaline
1/10/2024,The Visionary・Tower 7・Middle Floor・Flat C,,,--,670ft²,@$36,Centaline
1/10/2024,Caribbean Coast・Phase 2 Albany Cove・Tower 8・Middle Floor・Flat E,,,--,543ft²,@$33,Centaline
1/10/2024,Coastal Skyline・Phase 1・Block 2・Lower Floor・Flat F,,,--,485ft²,@$39,Centaline
1/10/2024,Century Link・Phase 2・Tower 1A・Upper Floor・Flat 3,,,--,453ft²,@$42,Centaline
1/10/2024,Caribbean Coast・Phase 2 Albany Cove・Tower 6・Upper Floor・Flat F,,,--,550ft²,@$34,Centaline
1/10/2024,Wetland Seasons Park・Phase 2・Tower 18・Lower Floor・Flat A3,,,--,441ft²,@$31,Centaline
1/10/2024,Noble Hill・Tower 2・Middle Floor・Flat H,,,--,442ft²,@$28,Centaline
1/10/2024,St Martin・Phase 1・Tower 3・Middle Floor・Flat B3,,,--,441ft²,@$39,Centaline
1/10/2024,Tsui Lai Garden・Block 1・Upper Floor・Flat J,,,--,591ft²,@$22,Centaline
1/10/2024,Choi Po Court・Choi Ching House (Block B)・Upper Floor・Flat 7,,,--,438ft²,@$25,Centaline
1/10/2024,Tin Ping Estate・Tin Ming House (Block 4)・Lower Floor・Flat 49,,,--,349ft²,@$29,Centaline
1/10/2024,Kam Wah Garden・Block A・Lower Floor・Flat 7,,,--,330ft²,@$38,Centaline
1/10/2024,Providence Bay・Phase 2 Providence Peak・Tower 16・Middle Floor・Flat B,,,--,"1,545ft²",@$27,Centaline
1/10/2024,Yoho Town・Phase 2 Yoho Midtown・Block M6・Upper Floor・Flat A,,,--,399ft²,@$34,Centaline
1/10/2024,Twin Regency・Tower 2・Upper Floor・Flat A,,,--,396ft²,@$32,Centaline
1/10/2024,Double Cove・Phase 2 Double Cove Starview・Block 18・Upper Floor・Flat D,,,--,498ft²,@$38,Centaline
1/10/2024,Double Cove・Phase 3 Double Cove Starview Prime・Block 22・Middle Floor・Flat C,,,--,503ft²,@$35,Centaline
1/10/2024,Sunshine City・Phase 3・Block R・Upper Floor・Flat 8,,,--,369ft²,@$41,Centaline
1/10/2024,Rica Victoria・Middle Floor・Flat A,,,--,531ft²,@$43,Centaline
1/10/2024,Wunsha Court・Upper Floor・Flat A,,,--,325ft²,@$55,Centaline
1/10/2024,Park Yoho・Phase 1B Park Yoho Venezia・Tower 7B・Middle Floor・Flat D,,,--,583ft²,@$27,Centaline
1/10/2024,The Yoho Hub・Phase C The Yoho Hub II・Tower 8・Lower Floor・Flat D,,,--,463ft²,@$39,Centaline
1/10/2024,Park Yoho・Phase 1B Park Yoho Venezia・Tower 6B・Upper Floor・Flat D,,,--,723ft²,@$26,Centaline
1/10/2024,City One Shatin・Site 1・Block 7・Lower Floor・Flat E,,,--,504ft²,@$39,Centaline
1/10/2024,City One Shatin・Site 5・Block 48・Upper Floor・Flat E,,,--,284ft²,@$47,Centaline
1/10/2024,Caribbean Coast・Phase 2 Albany Cove・Tower 7・Lower Floor・Flat A,,,--,891ft²,@$31,Centaline
1/10/2024,Caribbean Coast・Phase 4 Crystal Cove・Tower 16・Upper Floor・Flat G,,,--,756ft²,@$32,Centaline
1/10/2024,Tung Chung Crescent・Phase 2・Block 6・Lower Floor・Flat G,,,--,--,--,Centaline
1/10/2024,Century Link・Phase 1・Tower 5B・Lower Floor・Flat 2,,,--,468ft²,@$40,Centaline
1/10/2024,The Quinn ‧ Square Mile・Tower 1・Middle Floor・Flat B,,,--,280ft²,@$60,Centaline
1/10/2024,Park Summit・Tower 1・Middle Floor・Flat E,,,--,354ft²,@$47,Centaline
1/10/2024,Clague Garden Estate・Tower A・Upper Floor・Flat D,,,--,353ft²,@$40,Centaline
1/10/2024,Ching Shing Court・Middle Floor・Flat 1,,,--,381ft²,@$31,Centaline
1/10/2024,Ching Nga Court・Upper Floor・Flat 14,,,--,443ft²,@$36,Centaline
1/10/2024,Silicon Hill・University Hill Phase 2A・Marina Tower 1・Upper Floor・Flat B2,,,--,398ft²,@$43,Centaline
1/10/2024,Harbour Green・Tower 5・Middle Floor・Flat A,,,--,482ft²,@$43,Centaline
1/10/2024,Sereno Verde・Phase 2・Block 10・Upper Floor・Flat E,,,--,525ft²,@$25,Centaline
1/10/2024,Kin Fai Building・Upper Floor・Flat A,,,--,321ft²,@$30,Centaline
1/10/2024,The Yoho Hub・Phase C The Yoho Hub II・Tower 8・Lower Floor・Flat F,,,--,517ft²,@$39,Centaline
1/10/2024,The Grand Marine・Tower 1A・Middle Floor・Flat C,,,--,577ft²,@$35,Centaline
1/10/2024,The Grand Marine・Tower 1A・Upper Floor・Flat E,,,--,301ft²,@$47,Centaline
1/10/2024,Park Yoho・Phase 1C Park Yoho Sicilia・Tower 1B・Middle Floor・Flat D,,,--,326ft²,@$34,Centaline
1/10/2024,Robinson Place・Tower 1 (One Robinson Place )・Middle Floor・Flat A,,,--,893ft²,@$46,Centaline
1/10/2024,Solaria・Tower 6・Lower Floor・Flat A,,,--,339ft²,@$44,Centaline
1/10/2024,Wing Ming Garden・Middle Floor・Flat A,,,--,475ft²,@$29,Centaline
1/10/2024,St Martin・Phase 1・Tower 2・Middle Floor・Flat B2,,,--,605ft²,@$40,Centaline
1/10/2024,Tai Po Plaza・Yee Sing Court (Block 5)・Middle Floor・Flat D,,,--,488ft²,@$29,Centaline
1/10/2024,Serenity Park・Phase 1・Block 1・Lower Floor・Flat A,,,--,446ft²,@$36,Centaline
1/10/2024,Ming Nga Court・Ming Yan House (Block B)・Upper Floor・Flat 1,,,--,363ft²,@$30,Centaline
1/10/2024,Ocean Shores・Phase 1・Tower 5・Lower Floor・Flat H,,,--,513ft²,@$38,Centaline
1/10/2024,Park Island・Phase 2・Block 6・Middle Floor・Flat D,,,--,831ft²,@$30,Centaline
1/10/2024,Silicon Hill・University Hill Phase 2A・Marina Tower 3・Middle Floor・Flat B3,,,--,431ft²,@$39,Centaline
1/10/2024,Peak One・Phase 1・Block 8・Upper Floor・Flat A,,,--,"1,121ft²",@$42,Centaline
1/10/2024,Grand Yoho・Phase 1・Tower 2・Lower Floor・Flat H,,,--,515ft²,@$33,Centaline
1/10/2024,Grand Yoho・Phase 1・Tower 9・Middle Floor・Flat B,,,--,592ft²,@$33,Centaline
1/10/2024,Grand Yoho・Phase 2・Tower 8・Lower Floor・Flat C,,,--,534ft²,@$32,Centaline
1/10/2024,The Reach・Tower 5・Middle Floor・Flat D,,,--,445ft²,@$31,Centaline
1/10/2024,Yoho Town・Phase 1・Block 2・Lower Floor・Flat A,,,--,433ft²,@$34,Centaline
1/10/2024,Coastal Skyline・Phase 1・Block 1・Lower Floor・Flat A,,,--,801ft²,@$31,Centaline
1/10/2024,Braemar Hill Mansions・Block 15・Middle Floor・Flat C,,,--,"1,090ft²",@$50,Centaline
1/10/2024,Kornville・Tower 2・Upper Floor・Flat D,,,--,538ft²,@$41,Centaline
1/10/2024,Les Saisons・Le Printemps (Tower 1)・Lower Floor・Flat A,,,--,563ft²,@$44,Centaline
1/10/2024,Lei King Wan・Sites C・Block 10 Yee Qun Mansion・Middle Floor・Flat A,,,--,808ft²,@$33,Centaline
1/10/2024,Taikoo Shing・Horizon Gardens・(T-58) Choi Tien Mansion・Middle Floor・Flat A,,,--,760ft²,@$42,Centaline
1/10/2024,Taikoo Shing・Kwun Hoi Terrace・(T-44) Pak Hoi Mansion・Upper Floor・Flat G,,,--,572ft²,@$38,Centaline
1/10/2024,Park Central・Phase 1・Tower 9・Middle Floor・Flat B,,,--,437ft²,@$39,Centaline
1/10/2024,Manor Hill・Tower 2・Middle Floor・Flat C3,,,--,217ft²,@$59,Centaline
1/10/2024,Silicon Hill・University Hill Phase 2A・Marina Tower 5B・Upper Floor・Flat A3,,,--,409ft²,@$39,Centaline
1/10/2024,The Esplanade・Lower Floor・Flat E,,,--,447ft²,@$32,Centaline
1/10/2024,Convention Plaza Apartments・Upper Floor・Flat 14,,,--,995ft²,@$55,Centaline
1/10/2024,The Avenue・Phase 2・Tower 1・Lower Floor・Flat G,,,--,552ft²,@$80,Centaline
1/10/2024,Mannie Garden・Lower Floor・Flat A,,,--,203ft²,@$53,Centaline
1/10/2024,The Met. Acappella・Wing 2・Middle Floor・Flat B3,,,--,389ft²,@$44,Centaline
1/10/2024,Mount Regency・Phase 1・Tower 1B・Middle Floor・Flat D,,,--,404ft²,@$33,Centaline
1/10/2024,Palatial Crest・Middle Floor・Flat A,,,--,721ft²,@$57,Centaline
1/10/2024,The Morgan・Lower Floor・Flat D1,,,--,"1,074ft²",@$51,Centaline
1/10/2024,The Belchers・Phase 2・Tower 5・Middle Floor・Flat G,,,--,"1,109ft²",@$56,Centaline
1/10/2024,The Morgan・Lower Floor・Flat A,,,--,"1,265ft²",@$55,Centaline
1/10/2024,Bohemian House・Middle Floor・Flat B,,,--,700ft²,@$56,Centaline
1/10/2024,Tregunter・Tower 3・Lower Floor・Flat B,,,--,"1,547ft²",@$44,Centaline
1/10/2024,The Cavaridge・Tower 1・Upper Floor・Flat B,,,--,"1,559ft²",@$40,Centaline
1/10/2024,Royal Ascot・Phase 1・Block 5・Lower Floor・Flat A,,,--,676ft²,@$36,Centaline
1/10/2024,The Palazzo・Block 6・Upper Floor・Flat B,,,--,891ft²,@$40,Centaline
1/10/2024,The Palazzo・Block 3・Upper Floor・Flat B,,,--,769ft²,@$43,Centaline
1/10/2024,The Palazzo・Block 6・Upper Floor・Flat A,,,--,908ft²,@$39,Centaline
1/10/2024,The Corniche・Tower 1・Lower Floor・Flat B,,,--,"2,108ft²",@$67,Centaline
1/10/2024,Po Nga Court・Hing Wo House (Block B)・Lower Floor・Flat 18,,,--,443ft²,@$28,Centaline
1/10/2024,Yue Shing Court・Shing Yan House (Block A)・Middle Floor・Flat 7,,,--,492ft²,@$30,Centaline
1/10/2024,Celestial Heights・Phase 2・17 Celestial Avenue・Lower Floor・No. 17,,,--,"1,137ft²",@$42,Centaline
1/10/2024,Yoo Residence・Middle Floor・Flat B,,,--,397ft²,@$55,Centaline
1/10/2024,J Residence・Lower Floor・Flat 11,,,--,358ft²,@$49,Centaline
1/10/2024,J Residence・Upper Floor・Flat 5,,,--,408ft²,@$56,Centaline
1/10/2024,Upton・Lower Floor・Flat A,,,--,"1,129ft²",@$50,Centaline
1/10/2024,South Horizons・Phase 2・Yee King Court (Block 8)・Middle Floor・Flat F,,,--,742ft²,@$38,Centaline
1/10/2024,South Horizons・Phase 2・Yee Moon Court (Block 12)・Lower Floor・Flat A,,,--,633ft²,@$38,Centaline
1/10/2024,Larvotto・Tower 9・Middle Floor・Flat C,,,--,596ft²,@$43,Centaline
1/10/2024,The Southside・Phase 1 Southland・Tower 2 (2A)・Middle Floor・Flat A,,,--,765ft²,@$51,Centaline
1/10/2024,Residence Bel-Air・Phase 2 South Tower・Tower 5・Lower Floor・Flat B,,,--,"1,376ft²",@$39,Centaline
1/10/2024,Serenade・Tower 1・Lower Floor・Flat D,,,--,788ft²,@$51,Centaline
1/10/2024,Grand Scholar・Upper Floor・Flat B,,,--,440ft²,@$48,Centaline
1/10/2024,Novum West・Tower 2・Middle Floor・Flat F,,,--,366ft²,@$67,Centaline
1/10/2024,Midland Centre・Block B・Upper Floor・Flat 2,,,--,285ft²,@$46,Centaline
1/10/2024,Beverly Hill・Block F・Lower Floor・Flat 2,,,--,"1,346ft²",@$41,Centaline
1/10/2024,Parc City・Tower 1・Lower Floor・Flat A,,,--,763ft²,@$36,Centaline
1/10/2024,The Papillons・Tower 5・Upper Floor・Flat K,,,--,882ft²,@$39,Centaline
1/10/2024,Alto Residences・Tower 7・Upper Floor・Flat A,,,--,618ft²,@$40,Centaline
1/10/2024,Caribbean Coast・Phase 3 Carmel Cove・Tower 10・Lower Floor・Flat E,,,--,544ft²,@$33,Centaline
1/10/2024,Island Crest・Tower 2・Middle Floor・Flat E,,,--,459ft²,@$61,Centaline
1/10/2024,Kingswood Villas・Phase 1 Locwood Court・Block 9・Lower Floor・Flat E,,,--,448ft²,@$27,Centaline
1/10/2024,Kingswood Villas・Phase 2 Sherwood Court・Block 3・Lower Floor・Flat G,,,--,548ft²,@$25,Centaline
1/10/2024,Monaco One・Phase 1・Tower 2A・Lower Floor・Flat E,,,--,446ft²,@$49,Centaline
1/10/2024,Riviera Gardens・Hoi Ming Mansion (Block 11)・Lower Floor・Flat G,,,--,580ft²,@$29,Centaline
1/10/2024,Savannah・Tower 2・Upper Floor・Flat E,,,--,477ft²,@$42,Centaline
1/10/2024,The Warren・Lower Floor・Flat A,,,--,612ft²,@$43,Centaline
1/10/2024,Tuen Mun Town Plaza・Phase 1・Block 3・Lower Floor・Flat K,,,--,393ft²,@$30,Centaline
1/10/2024,Golden Lion Garden・Phase 1・Golden Healthy Court (Block A)・Middle Floor・Flat 3,,,--,285ft²,@$43,Centaline
1/10/2024,The Pavilia Farm・Phase 1・Tower 2 (2B)・Lower Floor・Flat C,,,--,527ft²,@$53,Centaline
1/10/2024,The Cairnhill・Phase 1・Block 10・Middle Floor・Flat B,,,--,931ft²,@$30,Centaline
1/10/2024,The Cairnhill・Phase 2・Block 11・Upper Floor・Flat B,,,--,922ft²,@$28,Centaline
1/10/2024,Kingswood Villas・Phase 1 Locwood Court・Block 7・Upper Floor・Flat E,,,--,448ft²,@$25,Centaline
1/10/2024,Ocean Pride・Phase 3・Tower 9・Middle Floor・Flat D,,,--,508ft²,@$49,Centaline
1/10/2024,City Point・Block 3・Middle Floor・Flat E,,,--,765ft²,@$36,Centaline
1/10/2024,St Martin・Phase 2・Tower 10・Middle Floor・Flat A3,,,--,564ft²,@$41,Centaline
1/10/2024,Grandeur Gardens・Block A・Upper Floor・Flat A,,,--,378ft²,@$26,Centaline
1/10/2024,Tuen Mun Town Plaza・Phase 3・Block 8・Upper Floor・Flat E,,,--,356ft²,@$32,Centaline
1/10/2024,Century Link・Phase 1・Tower 5A・Lower Floor・Flat 8,,,--,380ft²,@$42,Centaline
1/10/2024,Grand Palisades・Block 9・Upper Floor・Flat C,,,--,533ft²,@$32,Centaline
1/10/2024,San Wai Court・San Woon House (Block E)・Upper Floor・Flat 8,,,--,401ft²,@$27,Centaline
1/10/2024,Tuen Mun Town Plaza・Phase 2・Block 1・Lower Floor・Flat C,,,--,327ft²,@$38,Centaline
1/10/2024,Siu Hong Court・Siu Cheong House (Block L)・Middle Floor・Flat 3,,,--,467ft²,@$27,Centaline
1/10/2024,Oceanaire・Tower 1B・Upper Floor・Flat C,,,--,745ft²,@$32,Centaline
1/10/2024,Villa Monte Rosa・Block C・Middle Floor・Flat 1,,,--,"2,090ft²",@$36,Centaline
1/10/2024,The Southside・Phase 1 Southland・Tower 2 (2B)・Lower Floor・Flat D,,,--,294ft²,@$60,Centaline
1/10/2024,Tierra Verde・Phase 2・Block 8・Lower Floor・Flat H,,,--,518ft²,@$41,Centaline
1/10/2024,Villa Esplanada・Phase 1・Block 2・Upper Floor・Flat A,,,--,519ft²,@$38,Centaline
1/10/2024,Mayfair Gardens・Block 7・Lower Floor・Flat E,,,--,401ft²,@$34,Centaline
1/10/2024,Yoho Town・Phase 1・Block 5・Lower Floor・Flat B,,,--,393ft²,@$34,Centaline
1/10/2024,Park Yoho・Phase 2A Park Yoho Genova・Tower 18A・Middle Floor・Flat B,,,--,493ft²,@$30,Centaline
1/10/2024,Evelyn Towers・Block G-H・Upper Floor・Flat H,,,--,"1,065ft²",@$45,Centaline
1/10/2024,The Henley・Phase 1・Tower 2・Middle Floor・Flat E,,,--,700ft²,@$61,Centaline
1/10/2024,South Horizons・Phase 4 The Oasis・Eaton Court (Block 26)・Middle Floor・Flat H,,,--,736ft²,@$40,Centaline
1/10/2024,The Southside・Phase 2 La Marina・Tower 2 (2B)・Lower Floor・Flat G,,,--,474ft²,@$52,Centaline
1/10/2024,The Southside・Phase 2 La Marina・Tower 2 (2A)・Upper Floor・Flat F,,,--,604ft²,@$53,Centaline
1/10/2024,South Horizons・Phase 3・Mei Wah Court (Block 22)・Upper Floor・Flat H,,,--,871ft²,@$40,Centaline
1/10/2024,South Horizons・Phase 4 The Oasis・Eaton Court (Block 26)・Upper Floor・Flat H,,,--,736ft²,@$34,Centaline
1/10/2024,Ocean Pride・Phase 3A Ocean Supreme・Tower 3B・Middle Floor・Flat C,,,--,534ft²,@$44,Centaline
1/10/2024,Chelsea Court・Tower West (B1)・Lower Floor・Flat E,,,--,450ft²,@$39,Centaline
1/10/2024,#Lyos,,,--,786ft²,@$36,Centaline
1/10/2024,Vibe Centro・Tower 1B・Upper Floor・Flat B,,,--,323ft²,@$56,Centaline
1/10/2024,Pristine Villa・Block 1・Lower Floor・Flat D,,,--,811ft²,@$29,Centaline
1/10/2024,Malibu Garden・Middle Floor・Flat A,,,--,597ft²,@$54,Centaline
1/10/2024,Celeste Court・Upper Floor・Flat E,,,--,617ft²,@$47,Centaline
1/10/2024,Century Link・Phase 1・Tower 5A・Upper Floor・Flat 1,,,--,646ft²,@$36,Centaline
1/10/2024,The Visionary・Tower 6・Upper Floor・Flat A,,,--,"1,160ft²",@$29,Centaline
1/10/2024,Dawning Views・Block 10・Lower Floor・Flat C,,,--,429ft²,@$32,Centaline
1/10/2024,Dawning Views・Block 1・Upper Floor・Flat D,,,--,379ft²,@$32,Centaline
1/10/2024,Avon Park・Block 6・Upper Floor・Flat G,,,--,400ft²,@$28,Centaline
1/10/2024,Regentville・Phase 1・Block 5・Upper Floor・Flat D,,,--,419ft²,@$31,Centaline
1/10/2024,Fleur Pavilia・Tower 2・Lower Floor・Flat D,,,--,808ft²,@$54,Centaline
1/10/2024,Jones Hive・Upper Floor・Flat D,,,--,333ft²,@$65,Centaline
1/10/2024,Royal Green・Tower 1・Lower Floor・Flat C,,,--,532ft²,@$23,Centaline
1/10/2024,Metropolis Plaza・Block 2・Upper Floor・Flat C,,,--,596ft²,@$29,Centaline
1/10/2024,The Parcville・Tower 5・Lower Floor・Flat E,,,--,460ft²,@$26,Centaline
1/10/2024,The Yoho Hub・Phase C The Yoho Hub II・Tower 8・Middle Floor・Flat A,,,--,463ft²,@$40,Centaline
1/10/2024,Koko Hills・Phase 3A Koko Rosso・Tower 6・Lower Floor・Flat G,,,--,474ft²,@$41,Centaline
1/10/2024,The Reach・Tower 9・Upper Floor・Flat B,,,--,984ft²,@$33,Centaline
1/10/2024,The Reach・Tower 2・Upper Floor・Flat G,,,--,424ft²,@$29,Centaline
1/10/2024,Cheong Yu Building・Middle Floor・Flat A,,,--,368ft²,@$26,Centaline
1/10/2024,Joy Garden・Block 1・Upper Floor・Flat D,,,--,821ft²,@$38,Centaline
1/10/2024,Yoho Town・Phase 1・Block 1・Lower Floor・Flat G,,,--,393ft²,@$34,Centaline
1/10/2024,Park Yoho・Phase 1C Park Yoho Sicilia・Tower 1A・Upper Floor・Flat B,,,--,490ft²,@$29,Centaline
1/10/2024,Springdale Villas・Tower 2・Lower Floor・Flat D,,,--,622ft²,@$32,Centaline
1/10/2024,The Quinn ‧ Square Mile・Tower 1・Middle Floor・Flat N,,,--,205ft²,@$66,Centaline
1/10/2024,Harbour Green・Tower 3・Upper Floor・Flat A,,,--,482ft²,@$46,Centaline
1/10/2024,Flora Garden・Block 2・Upper Floor・Flat A,,,--,"1,193ft²",@$48,Centaline
1/10/2024,The Reach・Tower 8・Upper Floor・Flat E,,,--,356ft²,@$32,Centaline
1/10/2024,Yoho Town・Phase 1・Block 6・Lower Floor・Flat C,,,--,411ft²,@$34,Centaline
1/10/2024,Riva・Enna Boulevard Tower 6・Middle Floor・Flat B,,,--,649ft²,@$29,Centaline
1/10/2024,Villa Premiere・Block 5・Lower Floor・Flat H,,,--,552ft²,@$26,Centaline
1/10/2024,Wetland Seasons Bay・Phase 3・Tower 6A・Lower Floor・Flat C1,,,--,268ft²,@$38,Centaline
1/10/2024,Island Harbourview・Tower 1・Lower Floor・Flat B,,,--,647ft²,@$46,Centaline
1/10/2024,Caribbean Coast・Phase 2 Albany Cove・Tower 8・Lower Floor・Flat A,,,--,891ft²,@$28,Centaline
1/10/2024,Caribbean Coast・Phase 3 Carmel Cove・Lux Living (Tower 12)・Upper Floor・Flat B,,,--,749ft²,@$28,Centaline
30/9/2024,Wing Fok Centre・Block 3・Upper Floor・Flat G,,$3.58M,--,588ft²,"@$6,088",Centaline
30/9/2024,Banyan Garden・Phase 3・Tower 6・Lower Floor・Flat A,,$6.5M,--,440ft²,"@$14,773",Centaline
30/9/2024,Caribbean Coast・Phase 4 Crystal Cove・Tower 15・Middle Floor・Flat E,,$5.8M,--,546ft²,"@$10,623",Centaline
30/9/2024,Caribbean Coast・Phase 3 Carmel Cove・Lux Living (Tower 12)・Upper Floor・Flat H,,$9.39M,--,--,--,Centaline
30/9/2024,Caribbean Coast・Phase 3 Carmel Cove・Tower 9・Middle Floor・Flat E,,$5.6M,--,546ft²,"@$10,256",Centaline
30/9/2024,No. 1 Star Street・Lower Floor・Flat B,,$5.8M,--,295ft²,"@$19,661",Centaline
30/9/2024,Seaview Crescent・Block 3・Upper Floor・Flat G,,$8.68M,--,855ft²,"@$10,152",Centaline
30/9/2024,Alassio・Middle Floor・Flat A,,,--,"1,012ft²",@$54,Centaline
30/9/2024,Parksdale・Middle Floor・Flat A,,,--,322ft²,@$53,Centaline
30/9/2024,Festival City・Phase 2・Tower 3・Lower Floor・Flat Sc,,,--,784ft²,@$36,Centaline
30/9/2024,Le Cap,,,--,"1,892ft²",@$32,Centaline
30/9/2024,Upper Riverbank・Tower 2・Upper Floor・Flat B,,,--,465ft²,@$51,Centaline
30/9/2024,T Plus・Middle Floor・Flat 31,,,--,128ft²,@$63,Centaline
30/9/2024,Jloft・Lower Floor・Flat D,,,--,228ft²,@$55,Centaline
30/9/2024,Lohas Park・Phase 4A Wings At Sea・Tower 2A・Upper Floor・Flat E,,,--,496ft²,@$34,Centaline
30/9/2024,The Repulse Bay・Block 2 (Taggart)・Middle Floor・Flat A,,,--,--,--,Centaline
30/9/2024,Imperial Cullinan・Tower 1・Lower Floor・Flat C,,,--,"1,269ft²",@$47,Centaline
30/9/2024,Laguna Verde・Phase 3 Costa Del Sol・Tower 11・Middle Floor・Flat H,,,--,865ft²,@$39,Centaline
30/9/2024,The Latitude・Tower 1A・Upper Floor・Flat A,,,--,"1,595ft²",@$34,Centaline
30/9/2024,Baker Circle One・Phase 1・Baker Circle ‧ Dover・Lower Floor・Flat E,,,--,202ft²,@$76,Centaline
30/9/2024,The Quinn ‧ Square Mile・Tower 1・Middle Floor・Flat G,,,--,258ft²,@$61,Centaline
30/9/2024,Metro Harbour View・Phase 2・Tower 10・Middle Floor・Flat D,,,--,348ft²,@$48,Centaline
30/9/2024,Beverley Heights・Block 2・Middle Floor・Flat A,,,--,869ft²,@$41,Centaline
30/9/2024,Caribbean Coast・Phase 2 Albany Cove・Tower 8・Middle Floor・Flat E,,,--,543ft²,@$34,Centaline
30/9/2024,The Quinn ‧ Square Mile・Tower 1・Lower Floor・Flat D,,,--,205ft²,@$66,Centaline
30/9/2024,Vision City・Block 5・Lower Floor・Flat G,,,--,742ft²,@$44,Centaline
30/9/2024,The Metro City・Phase 2・Tower 10・Middle Floor・Flat G,,,--,363ft²,@$43,Centaline
30/9/2024,St. George Apartments・Middle Floor・Flat D,,,--,982ft²,@$44,Centaline
30/9/2024,Island Crest・Tower 1・Middle Floor・Flat G,,,--,554ft²,@$60,Centaline
30/9/2024,Kennedy 38・Lower Floor・Flat E,,,--,262ft²,@$76,Centaline
30/9/2024,Corinthia By The Sea・Tower 6・Lower Floor・Flat A,,,--,578ft²,@$38,Centaline
30/9/2024,Hong Kong Garden・Phase 3・Carpark・4/F・No.160 (Carpark D),,"$320,000",--,--,--,Land Registry
30/9/2024,Pearl Court・Block B・22/F・Flat 7,,$5.5M,,435ft²,"@$12,644",Land Registry
30/9/2024,Grand View Garden・Tower 4・26/F・Flat C,,$4.68M,--,574ft²,"@$8,153",Land Registry
30/9/2024,Metropolitan Rise・8/F・Flat E,,$5.55M,,409ft²,"@$13,577",Land Registry
30/9/2024,Sky Tower・Block 2・15/F・Flat D,,$6.15M,,452ft²,"@$13,606",Land Registry
30/9/2024,Chi Fu Fa Yuen・Fu Yip Yuen (Block H-9)・21/F・Flat B,,$8M,,588ft²,"@$13,605",Land Registry
30/9/2024,Kwun Shan Court・26/F・Flat 7,,$3.42M,--,--,--,Land Registry
30/9/2024,Kwun Shan Court・26/F・Flat 12,,$2.31M,--,--,--,Land Registry
30/9/2024,On Sau Court・Block A・15/F・Flat 21,,$2.67M,--,--,--,Land Registry
30/9/2024,Kai Yan Court・Block A・1/F・Flat 2,,$2.02M,--,--,--,Land Registry
30/9/2024,On Sau Court・Block A・30/F・Flat 29,,$2.51M,--,--,--,Land Registry
30/9/2024,Mei Foo Sun Chuen・Phase 3・68-70 Broadway・20/F・Flat C No. 68,,$6.63M,,793ft²,"@$8,361",Land Registry
30/9/2024,Central Park Towers・Phase 2 Central Park Towers II・Tower 9・51/F・Flat D,,$7.2M,,712ft²,"@$10,112",Land Registry
30/9/2024,Tsing Yi Estate・Yee Yat House・7/F・Flat 21,,"$636,200",--,--,--,Land Registry
30/9/2024,Tai Po Centre・Phase 3・Block 23・5/F・Flat G,,$2.9M,--,315ft²,"@$9,206",Land Registry
30/9/2024,Fung Tak Estate・Suet Fung House (Block 5)・23/F・Flat 7,,$1.07M,--,--,--,Land Registry
30/9/2024,Bou Lee Building・7/F・Flat 13,,$2.8M,--,369ft²,"@$7,588",Land Registry
30/9/2024,Tai Hing Gardens・Phase 2・Tower 5・6/F・Flat C,,$3.98M,--,464ft²,"@$8,578",Land Registry
30/9/2024,Vision City・Block 3・17/F・Flat D,,$10M,,742ft²,"@$13,477",Land Registry
30/9/2024,Cheong Tai Building・7/F・Flat 3 (No. 87),,$2.7M,--,422ft²,"@$6,398",Land Registry
30/9/2024,Milan Place・11/F・Flat A,,$4.8M,,321ft²,"@$14,953",Land Registry
30/9/2024,Nerine Cove・Block 3・21/F・Flat D,,$4.75M,,522ft²,"@$9,100",Land Registry
30/9/2024,Hing Wong Court・7/F・No. 21,,$4.38M,--,397ft²,"@$11,033",Land Registry
30/9/2024,Vista・36/F・Flat D,,$10M,,687ft²,"@$14,556",Land Registry
30/9/2024,Manor Centre・Block 1・11/F・Flat C,,$3.5M,,299ft²,"@$11,706",Land Registry
30/9/2024,Mantin Heights・Tower 9・2/F・Flat A,,$23.5M,,910ft²,"@$25,824",Land Registry
30/9/2024,Caribbean Coast・Phase 3 Carmel Cove・Lux Living (Tower 12)・55/F・Flat H,,$9.52M,,932ft²,"@$10,215",Land Registry
30/9/2024,Festival City・Phase 1・Tower 1・48/F・Flat Sc,,$14.97M,,959ft²,"@$15,610",Land Registry
30/9/2024,Cheong Wai Mansion・23/F・Flat B,,$4M,,447ft²,"@$8,949",Land Registry
30/9/2024,Coastal Skyline・Phase 4 Le Bleu Deux・Block 5・6/F・Flat E,,$6.5M,,548ft²,"@$11,861",Land Registry
30/9/2024,Tai Hing Gardens・Phase 2・Tower 3・8/F・Flat D,,$5.5M,,587ft²,"@$9,370",Land Registry
30/9/2024,Ellen Building・3/F・Flat C,,$3.9M,--,367ft²,"@$10,627",Land Registry
30/9/2024,Sunshine Plaza・Block 2・7/F・Flat H,,$4.5M,,391ft²,"@$11,509",Land Registry
30/9/2024,Kiu Fai Mansion・22/F・Flat 12,,$6M,,511ft²,"@$11,742",Land Registry
30/9/2024,Vianni Cove・Carpark・G/F・No.R115,,$1.1M,--,--,--,Land Registry
30/9/2024,Tivoli Garden・Tower 3・18/F・Flat C,,$6.65M,--,598ft²,"@$11,120",Land Registry
30/9/2024,On Keung Building・3/F・Flat 10 (No. 93),,$3.5M,--,608ft²,"@$5,757",Land Registry
30/9/2024,Elegant Garden・Carpark・LG2・No.42,,$1.35M,--,--,--,Land Registry
30/9/2024,King Lai Court・King Tai House (Block B)・4/F・Flat 8,,$2.8M,--,401ft²,"@$6,983",Land Registry
30/9/2024,Tai Po Plaza・Yee Sing Court (Block 5)・31/F・Flat E,,$5.35M,--,474ft²,"@$11,287",Land Registry
30/9/2024,Hoi Tak Court・30/F・Flat 20,,$4.46M,--,389ft²,"@$11,465",Land Registry
30/9/2024,Fortress Garden・Fullview Court・10/F・Flat H,,$8.5M,--,798ft²,"@$10,652",Land Registry
30/9/2024,Millennium Court・7/F・Flat B,,$3.8M,,253ft²,"@$15,020",Land Registry
30/9/2024,Mori・Tower 5・16/F・Flat K,,$3.53M,--,291ft²,"@$12,127",Land Registry
30/9/2024,Siu Hong Court・Siu Wah House (Block I)・18/F・Flat 5,,$3.55M,--,466ft²,"@$7,618",Land Registry
30/9/2024,Larchwood・12/F・Flat C,,$3.89M,--,203ft²,"@$19,153",Land Registry
30/9/2024,Dandenong Mansion・5/F・Flat B,,$3.8M,,271ft²,"@$14,022",Land Registry
30/9/2024,Hung Fai Building・9/F・Flat 6,,$3.1M,,335ft²,"@$9,254",Land Registry
30/9/2024,Vision City・Block 1・56/F・Flat C,,$13.8M,,827ft²,"@$16,687",Land Registry
30/9/2024,The Campton・6/F・Flat J,,$7.38M,,538ft²,"@$13,717",Land Registry
30/9/2024,Luk Yeung Sun Chuen・Block F・3/F・Flat 4,,$5.88M,--,582ft²,"@$10,103",Land Registry
30/9/2024,Vision City・Block 1・56/F・Flat B,,$12.7M,,666ft²,"@$19,069",Land Registry
30/9/2024,Yan On Mansion・15/F・Flat N,,$2.7M,,346ft²,"@$7,803",Land Registry
30/9/2024,Greenery Plaza・Carpark・2/F・No.53,,"$550,000",--,--,--,Land Registry
30/9/2024,Hundred City Centre・16/F・No. 7/17,,$11M,,672ft²,"@$16,369",Land Registry
30/9/2024,Wing Fai Centre・Tower 3・7/F・Flat D,,$3.3M,--,588ft²,"@$5,612",Land Registry
30/9/2024,The Mediterranean・Tower 2・1/F・Flat D,,$6M,--,666ft²,"@$9,009",Land Registry
30/9/2024,Island Harbourview・Tower 9・36/F・Flat H,,$7.53M,,464ft²,"@$16,228",Land Registry
30/9/2024,Rising Billion Mansion・3/F・Flat C,,$1.97M,--,263ft²,"@$7,483",Land Registry
30/9/2024,Elegance Garden・Block 4・2/F・Flat J,,$4.3M,--,592ft²,"@$7,264",Land Registry
30/9/2024,Imperial Kennedy・10/F・Flat F,,$11.55M,,565ft²,"@$20,442",Land Registry
30/9/2024,After The Rain・16/F・Flat E,,$8.81M,--,717ft²,"@$12,285",Land Registry
30/9/2024,Kam Fung Court・Kam Huen House (Block F)・28/F・Flat 14,,$3.9M,--,431ft²,"@$9,049",Land Registry
30/9/2024,Yiu On Estate・Yiu Wing House (Block 7)・8/F・Flat 9,,$1.9M,--,407ft²,"@$4,668",Land Registry
30/9/2024,Yiu On Estate・Yiu Him House (Block 3)・25/F・Flat 7,,$2.1M,--,443ft²,"@$4,740",Land Registry
30/9/2024,Wah Fung Garden・6/F・Flat F,,$4M,,370ft²,"@$10,811",Land Registry
30/9/2024,Cheong Yiu Mansion (Building)・9/F・Flat B,,$3.08M,,311ft²,"@$9,887",Land Registry
30/9/2024,Siu Hong Court・Siu Sun House (Block B)・7/F・Flat 7,,$2.88M,--,423ft²,"@$6,809",Land Registry
30/9/2024,Kar Po Mansion・17/F・Flat D,,$2.98M,,342ft²,"@$8,713",Land Registry
30/9/2024,The Nova・3/F・Flat B,,$10M,,499ft²,"@$20,040",Land Registry
30/9/2024,Golden Building・Block 4・11/F・Flat C (No. 146C),,$2.98M,--,347ft²,"@$8,588",Land Registry
30/9/2024,Jubilee Garden・Block 4・10/F・Flat B,,$4.6M,,498ft²,"@$9,237",Land Registry
30/9/2024,On Sau Court・Block B・21/F・Flat 24,,$1.91M,--,--,--,Land Registry
30/9/2024,The Regent・Tower 3・6/F・Flat C,,$10.2M,,869ft²,"@$11,738",Land Registry
30/9/2024,Yue Yee Mansion・4/F・No. 86A,,$2M,,307ft²,"@$6,515",Land Registry
30/9/2024,Tin Fu Court・Chun Fu House (Block C)・6/F・Flat 8,,$4.08M,--,650ft²,"@$6,277",Land Registry
30/9/2024,Kt Marina・Phase 1・Tower 2B・7/F・Flat F,,$4.96M,--,307ft²,"@$16,150",Land Registry
30/9/2024,Mount Pavilia・Tower 15・2/F・Flat B,,$22.5M,,"1,836ft²","@$12,255",Land Registry
30/9/2024,Convention Plaza Apartments・18/F・Flat 19,,$27.6M,,"1,394ft²","@$19,799",Land Registry
30/9/2024,Lan Kwai House・2/F・No. 5,,$12M,--,700ft²,"@$17,143",Land Registry
30/9/2024,14 Square Street・5/F・No. 14,,$7.3M,--,404ft²,"@$18,069",Land Registry
30/9/2024,Mei Chung Court・Lai Chung House (Block B)・8/F・Flat 3,,$3.88M,--,401ft²,"@$9,676",Land Registry
30/9/2024,Ravana Garden・Block 2・9/F・Flat G,,$5.76M,,545ft²,"@$10,569",Land Registry
30/9/2024,Mei Foo Sun Chuen・Phase 4・105-107 Broadway・12/F・Flat D No. 107,,$5.1M,,504ft²,"@$10,119",Land Registry
30/9/2024,Prime View Garden・Block 4・27/F・Flat D,,$3.03M,--,400ft²,"@$7,575",Land Registry
30/9/2024,Goodview Garden・Tower 3・9/F・Flat 8,,$3.08M,,309ft²,"@$9,968",Land Registry
30/9/2024,Finnie・19/F・Flat B,,$8.34M,--,364ft²,"@$22,901",Land Registry
30/9/2024,Onmantin・Phase 2A・Tower 3・11/F・Flat F,,$10.24M,--,490ft²,"@$20,904",Land Registry
30/9/2024,Chi Fu Fa Yuen・Fu Wing Yuen (Block H-19)・11/F・Flat A,,$4.75M,,439ft²,"@$10,820",Land Registry
30/9/2024,Kwong Wing Building・5/F・Flat 10,,$2.8M,--,288ft²,"@$9,722",Land Registry
30/9/2024,Ocean Pointe・Tower 1・37/F・Flat A,,$7.83M,,775ft²,"@$10,103",Land Registry
30/9/2024,Ko Wang Court・Block B・11/F・Flat 6,,$2.45M,--,--,--,Land Registry
30/9/2024,Park Central・Phase 1・Tower 7・11/F・Flat E,,$5.35M,,384ft²,"@$13,932",Land Registry
30/9/2024,Kam Kwong Mansion・5/F・Flat A,,$4.2M,,346ft²,"@$12,139",Land Registry
30/9/2024,Choi Po Court・Choi Ching House (Block B)・5/F・Flat 6,,$3M,--,394ft²,"@$7,614",Land Registry
30/9/2024,The Visionary・Tower 2・30/F・Flat E,,$11.3M,,"1,035ft²","@$10,918",Land Registry
30/9/2024,The Visionary・Carpark・B/M・No.A287,,"$960,000",--,--,--,Land Registry
30/9/2024,Kornhill Garden・Block 6・6/F・Flat C,,$6.03M,--,592ft²,"@$10,186",Land Registry
30/9/2024,Hung Yu Mansion・Block B・5/F・Flat B6,,$2.98M,,374ft²,"@$7,968",Land Registry
30/9/2024,Lung Mun Oasis・Carpark・4/F・No.76,,"$738,000",--,--,--,Land Registry
30/9/2024,Mayfair Gardens・Block 9・30/F・Flat B,,$3.86M,,388ft²,"@$9,948",Land Registry
30/9/2024,Telford Gardens・Block K・21/F・Flat 13,,$5.4M,,551ft²,"@$9,800",Land Registry
30/9/2024,Kt Marina・Phase 1・Tower 2B・7/F・Flat G,,$6.95M,--,432ft²,"@$16,095",Land Registry
30/9/2024,Kingswood Villas・Phase 1 Locwood Court・Block 6・14/F・Flat D,,$4.42M,,551ft²,"@$8,018",Land Registry
30/9/2024,Yu Chui Court・Yu Fun House (Block A)・16/F・Flat 6,,$6.25M,--,650ft²,"@$9,615",Land Registry
30/9/2024,King Tak House・4/F・No. 12 (Flat B),,$4.5M,--,467ft²,"@$9,636",Land Registry
30/9/2024,Koko Hills・Phase 3B Koko Mare・Tower 9・5/F・Flat D,,$8.94M,--,464ft²,"@$19,261",Land Registry
30/9/2024,Kt Marina・Phase 1・Tower 2B・9/F・Flat F,,$4.99M,--,307ft²,"@$16,267",Land Registry
30/9/2024,Carado Garden・Block 3・15/F・Flat M,,$3.08M,--,482ft²,"@$6,390",Land Registry
30/9/2024,Rhine Garden・Carpark・P1・No.94,,"$900,000",--,--,--,Land Registry
30/9/2024,Hopewell House・20/F・Flat D,,$1.44M,--,290ft²,"@$4,959",Land Registry
30/9/2024,Century Gateway・Phase 1・Tower 5・12/F・Flat C,,$6M,,488ft²,"@$12,295",Land Registry
30/9/2024,City One Shatin・Site 4・Block 45・31/F・Flat E,,$3.9M,,284ft²,"@$13,732",Land Registry
30/9/2024,Mei Foo Sun Chuen・Phase 1・23 Broadway・18/F・Flat D,,$4.95M,,465ft²,"@$10,645",Land Registry
30/9/2024,Hong Lai Garden・Block 2・26/F・Flat H,,$3.58M,,362ft²,"@$9,890",Land Registry
30/9/2024,Caine Mansion・Carpark・1/F・No.4,,$1.4M,--,--,--,Land Registry
30/9/2024,Tak Mansion・7/F・Flat B,,$8.8M,--,780ft²,"@$11,282",Land Registry
30/9/2024,Wah Lai Mansion・Block A・1/F・Flat A5,,$3.11M,--,480ft²,"@$6,479",Land Registry
30/9/2024,The Victoria Towers・Tower 3・28/F・Flat B,,$13.5M,,750ft²,"@$18,000",Land Registry
30/9/2024,Goodrich Garden・Tower 1・34/F・Flat F,,$3.29M,,367ft²,"@$8,959",Land Registry
30/9/2024,Chelsea Heights・Phase 1・Block 2・6/F・Flat C,,$7.1M,,679ft²,"@$10,457",Land Registry
30/9/2024,Royal Peninsula・Block 5・33/F・Flat D,,$9.32M,,563ft²,"@$16,554",Land Registry
30/9/2024,Healthy Gardens・Block F・14/F・Flat 4,,$4.5M,--,446ft²,"@$10,090",Land Registry
30/9/2024,Larchwood・15/F・Flat H,,$3.99M,--,204ft²,"@$19,549",Land Registry
30/9/2024,Rhythm Garden・Block 8・6/F・Flat A,,$5.75M,--,588ft²,"@$9,779",Land Registry
30/9/2024,Tsing Yi Garden・Carpark・B/M・No.191,,$1.18M,--,--,--,Land Registry
30/9/2024,Tai Kok Tsui Building・10/F・Flat R,,$3.2M,--,436ft²,"@$7,339",Land Registry
30/9/2024,Rambler Crest・Tower 1・48/F・Flat D,,$6.7M,,690ft²,"@$9,710",Land Registry
30/9/2024,Hong Ning Building・5/F・Flat B3 (No. 115 Front),,$2.15M,--,385ft²,"@$5,584",Land Registry
30/9/2024,Ocean Shores・Phase 2・Tower 8・52/F・Flat G,,$6.55M,,497ft²,"@$13,179",Land Registry
30/9/2024,Monaco One・Phase 1・Tower 2A・17/F・Flat C,,$8.11M,--,326ft²,"@$24,868",Land Registry
30/9/2024,78-80 Nga Tsin Wai Road/26-28 Nam Kok Road・1/F・Flat C (No. 28),,$6.03M,--,684ft²,"@$8,816",Land Registry
30/9/2024,The Southside・Phase 2 La Marina・Tower 2 (2A)・36/F・Flat F,,$17.76M,--,604ft²,"@$29,409",Land Registry
30/9/2024,Mont Verra・Tower 3・G/F・Flat B,,$208.5M,--,"4,311ft²","@$48,365",Land Registry
30/9/2024,Banyan Garden・Phase 1・Tower 3・48/F・Flat H,,$6.8M,,506ft²,"@$13,439",Land Registry
30/9/2024,Metro Harbour View・Phase 2・Tower 10・36/F・Flat E,,$5.23M,,371ft²,"@$14,097",Land Registry
30/9/2024,Kai Chuen Court・Block 5 (Kai Wu House)・20/F・Flat 2,,$2.66M,--,--,--,Land Registry
30/9/2024,Sunshine Grove・Block 2・19/F・Flat A,,$6M,--,470ft²,"@$12,766",Land Registry
30/9/2024,Novo Land・Phase 3B・Fiskars Tower 2A・11/F・Flat J,,$4.88M,--,400ft²,"@$12,199",Land Registry
30/9/2024,66-68 Queen's Road West・2/F・No. 66,,$4.5M,--,524ft²,"@$8,588",Land Registry
30/9/2024,T Plus・15/F・Flat 7,,$2.22M,,164ft²,"@$13,537",Land Registry
30/9/2024,Tuen Mun Centre・15/F・Flat 2,,$3M,,282ft²,"@$10,638",Land Registry
30/9/2024,Altissimo・House 7,,$100.2M,--,"2,802ft²","@$35,760",Land Registry
30/9/2024,Altissimo・House 10,,$90M,--,"2,757ft²","@$32,644",Land Registry
30/9/2024,Altissimo・House 15,,$90M,--,"3,049ft²","@$29,518",Land Registry
30/9/2024,Kwong Ming Court・Kwong Cheong House (Block A)・18/F・Flat 10,,$4.38M,--,597ft²,"@$7,337",Land Registry
30/9/2024,Koko Hills・Phase 3B Koko Mare・Tower 9・9/F・Flat D,,$9.07M,--,464ft²,"@$19,552",Land Registry
30/9/2024,The Pavilia Bay・Tower 1B・46/F・Flat A,,$8.3M,,535ft²,"@$15,514",Land Registry
30/9/2024,Chung Yew Building・1/F・Flat 10,,$3M,--,551ft²,"@$5,445",Land Registry
30/9/2024,Hang Shun Building・5/F・Flat B (No. 33A),,$2.3M,--,392ft²,"@$5,867",Land Registry
30/9/2024,The Pavilia Farm・Phase 2・Tower 7 (7A)・61/F・Flat B,,$11.78M,,690ft²,"@$17,072",Land Registry
30/9/2024,40A Nga Tsin Long Road・4/F・No. 40A,,$4.13M,,499ft²,"@$8,277",Land Registry
30/9/2024,The Cairnhill・Phase 2・Block 12・18/F・Flat F,,$13.3M,,"1,015ft²","@$13,103",Land Registry
30/9/2024,Onmantin・Phase 2A・Tower 3・15/F・Flat G,,$12.31M,--,601ft²,"@$20,488",Land Registry
30/9/2024,Grand Victoria・Phase 3・Tower 2・26/F・Flat E,,$13.88M,--,525ft²,"@$26,438",Land Registry
30/9/2024,The Vertex・West Wing・21/F・Flat H,,$8.76M,--,438ft²,"@$19,995",Land Registry
30/9/2024,King's View Court・Carpark・4/F・No.30,,"$980,000",--,--,--,Land Registry
30/9/2024,Nan Fung Sun Chuen・Block 4・15/F・Flat H,,$6M,,570ft²,"@$10,526",Land Registry
30/9/2024,Belair Gardens・Carpark・NO.52・No.95,,"$980,000",--,--,--,Land Registry
30/9/2024,Tsuen Wan Garden・Glory Court (Block B)・6/F・Flat 4,,$3.36M,--,347ft²,"@$9,683",Land Registry
30/9/2024,New Kwai Fong Gardens・Block B・20/F・Flat 8,,$4.98M,,418ft²,"@$11,914",Land Registry
30/9/2024,Sereno Verde・Phase 4 La Pradera・Tower 12・2/F・Flat C,,$3.98M,,501ft²,"@$7,944",Land Registry
30/9/2024,Siu Hong Court・Siu Ping House (Block N)・16/F・Flat 1,,$3.55M,--,447ft²,"@$7,942",Land Registry
30/9/2024,Yan Ming Court・Yan Chung House (Block A)・25/F・Flat 3,,$3.9M,--,401ft²,"@$9,726",Land Registry
30/9/2024,Hill Main Mansion・3/F・Flat B,,$3M,--,480ft²,"@$6,250",Land Registry
30/9/2024,Lee Wing Building・5/F・Flat B,,$5M,,467ft²,"@$10,707",Land Registry
30/9/2024,Ching Tao Court・14/F・Flat 16,,$1.65M,--,--,--,Land Registry
30/9/2024,Tierra Verde・Phase 1・Tower 2・16/F・Flat A,,$11.38M,,752ft²,"@$15,133",Land Registry
30/9/2024,Lohas Park・Phase 4B Wings At Sea Il・Tower 3A・16/F・Flat B,,$8.28M,,--,--,Land Registry
30/9/2024,Discovery Bay・Phase 6-Db Plaza・D B Plaza・2/F・Flat 26,,$3.86M,,464ft²,"@$8,319",Land Registry
30/9/2024,Lohas Park・Phase 2B Le Prime・Tower 8 - R Wing・37/F・Flat B,,$6.76M,,654ft²,"@$10,336",Land Registry
30/9/2024,On Kay Court・Kay Hong House (Block C)・7/F・Flat 8,,$2.95M,--,414ft²,"@$7,126",Land Registry
29/9/2024,Eden Manor・Tower 7・Middle Floor・Flat E,,,--,372ft²,@$34,Centaline
29/9/2024,No. 1 & 3 Ede Road・Tower 1・Lower Floor・Flat B,,,--,"1,484ft²",@$53,Centaline
29/9/2024,Hong Kong Gold Coast・Block 12・Middle Floor・Flat B,,,--,710ft²,@$26,Centaline
29/9/2024,Wah Lee Building・Lower Floor・Flat A,,,--,319ft²,@$55,Centaline
29/9/2024,Lohas Park・Phase 6 Lp6・Tower 3・Upper Floor・Flat M,,,--,460ft²,@$38,Centaline
29/9/2024,One Victoria・Tower 2A・Lower Floor・Flat G,,,--,482ft²,@$41,Centaline
29/9/2024,Telford Gardens・Block I・Upper Floor・Flat 5,,,--,517ft²,@$36,Centaline
29/9/2024,Lohas Park・Phase 2A Le Prestige・Water Lilies (Tower 5 - R Wing)・Upper Floor・Flat B,,,--,717ft²,@$26,Centaline
29/9/2024,Kwai Fong Terrace・Block 2・Lower Floor・Flat C,,,--,473ft²,@$33,Centaline
29/9/2024,The Quinn ‧ Square Mile・Tower 2・Lower Floor・Flat D,,,--,205ft²,@$67,Centaline
29/9/2024,Caribbean Coast・Phase 3 Carmel Cove・Tower 10・Middle Floor・Flat F,,,--,--,--,Centaline
29/9/2024,Hong Kong Parkview・Parkview Rise・Tower 6・Upper Floor・Flat 45,,,--,"2,069ft²",@$45,Centaline
29/9/2024,Lohas Park・Phase 2B Le Prime・Tower 7 - L Wing・Lower Floor・Flat B,,,--,731ft²,@$26,Centaline
29/9/2024,Hong Kong Gold Coast・Block 4・Upper Floor・Flat B,,,--,576ft²,@$26,Centaline
29/9/2024,Rambler Crest・Tower 1・Lower Floor・Flat A,,,--,451ft²,@$32,Centaline
29/9/2024,La Grove・Block 5・Lower Floor・Flat E,,,--,449ft²,@$27,Centaline
28/9/2024,Mayfair By The Sea・Ll・Tower 11・Lower Floor・Flat C,,$8.6M,--,795ft²,"@$10,818",Centaline
28/9/2024,Yi Fung Court・Ho Fung House (Block B)・Middle Floor・Flat 1,,$4.36M,--,559ft²,"@$7,800",Centaline
28/9/2024,Serene Garden・Block 2・Upper Floor・Flat C,,$4.82M,--,590ft²,"@$8,169",Centaline
28/9/2024,Harbour Green・Tower 3・Middle Floor・Flat C,,$9.08M,--,541ft²,"@$16,784",Centaline
28/9/2024,Sun Yuen Long Centre・Block 1・Middle Floor・Flat A,,$4.9M,--,485ft²,"@$10,103",Centaline
28/9/2024,Coastal Skyline・Phase 4 Le Bleu Deux・Block 3・Upper Floor・Flat B,,$6.88M,--,568ft²,"@$12,113",Centaline
28/9/2024,Altissimo・Tower 3・Lower Floor・Flat K,,,--,518ft²,@$41,Centaline
28/9/2024,Jloft・Lower Floor・Flat D,,,--,228ft²,@$55,Centaline
28/9/2024,Cullinan West・Phase 3 Cullinan West Il・Tower 3B・Middle Floor・Flat G,,,--,272ft²,@$63,Centaline
28/9/2024,Discovery Bay・Phase 3-Parkvale Village・Crystal Court・Upper Floor・Flat A,,,--,722ft²,@$25,Centaline
28/9/2024,The Pavilia Farm・Phase 2・Tower 5 (5B)・Upper Floor・Flat D,,,--,521ft²,@$54,Centaline
28/9/2024,Upper East・Upper Floor・Flat N (T1A),,,--,194ft²,@$69,Centaline
28/9/2024,No. 2 Park Road・Lower Floor・Flat D,,,--,798ft²,@$48,Centaline
28/9/2024,The Royale・Phase 3 Skypoint Royale・Tower 6・Upper Floor・Flat 1,,,--,361ft²,@$33,Centaline
28/9/2024,The Wings・The Wings・Tower 1・Lower Floor・Flat B,,,--,870ft²,@$42,Centaline
28/9/2024,Ying Ming Court・Ming Tat House (Block C)・Upper Floor・Flat 3,,,--,401ft²,@$36,Centaline
28/9/2024,St Martin・Phase 2・Tower 10・Upper Floor・Flat B6,,,--,339ft²,@$46,Centaline
28/9/2024,Hampton Place・Tower 2・Middle Floor・Flat E,,,--,459ft²,@$41,Centaline
28/9/2024,Hong Kong Gold Coast・Block 4・Upper Floor・Flat C,,,--,476ft²,@$27,Centaline
28/9/2024,Giovane・Middle Floor・Flat A,,,--,341ft²,@$48,Centaline
28/9/2024,Park Avenue・Central Park・Tower 3・Upper Floor・Flat G,,,--,473ft²,@$48,Centaline
28/9/2024,Park Mediterranean・Tower 1・Middle Floor・Flat C,,,--,590ft²,@$32,Centaline
28/9/2024,The Spectra・Tower 1・Lower Floor・Flat H,,,--,481ft²,@$32,Centaline
28/9/2024,Tseung Kwan O Plaza・Phase 2・Tower 7・Lower Floor・Flat E,,,--,459ft²,@$36,Centaline
28/9/2024,Banyan Garden・Phase 3・Tower 5・Upper Floor・Flat E,,,--,544ft²,@$38,Centaline
28/9/2024,Monaco One・Phase 1・Tower 2A・Lower Floor・Flat D,,,--,323ft²,@$56,Centaline
28/9/2024,Monaco One・Phase 1・Tower 2B・Middle Floor・Flat E,,,--,328ft²,@$55,Centaline
28/9/2024,Win Fong Heights・Upper Floor・Flat G,,,--,476ft²,@$29,Centaline
28/9/2024,The Quinn ‧ Square Mile・Tower 2・Upper Floor・Flat F,,,--,258ft²,@$64,Centaline
28/9/2024,Sorrento・Phase 2・Block 1・Upper Floor・Flat B,,,--,"1,296ft²",@$49,Centaline
28/9/2024,Hong Kong Parkview・Parkview Rise・Tower 6・Middle Floor・Flat 43,,,--,"2,167ft²",@$42,Centaline
28/9/2024,Smithfield Terrace・Block B・Upper Floor・Flat 7,,,--,262ft²,@$55,Centaline
28/9/2024,Sun Yuen Long Centre・Block 1・Upper Floor・Flat B,,,--,466ft²,@$31,Centaline
28/9/2024,City One Shatin・Site 5・Block 50・Middle Floor・Flat F,,,--,284ft²,@$49,Centaline
28/9/2024,York Place・Middle Floor・Flat A,,,--,682ft²,@$59,Centaline
28/9/2024,The Oakhill・Middle Floor・Flat A,,,--,681ft²,@$59,Centaline
28/9/2024,Sun Court・Middle Floor・Flat F,,,--,257ft²,@$34,Centaline
28/9/2024,H．Bonaire・Upper Floor・Flat C,,,--,450ft²,@$51,Centaline
28/9/2024,One．Artlane・Middle Floor・Flat E,,,--,283ft²,@$70,Centaline
28/9/2024,Hanford Garden・Block 6・Middle Floor・Flat B,,,--,529ft²,@$25,Centaline
28/9/2024,The Pavilia Bay・Tower 2A・Lower Floor・Flat B,,,--,874ft²,@$42,Centaline
28/9/2024,Common Bond Building・Upper Floor・Flat B,,,--,274ft²,@$31,Centaline
28/9/2024,Jubilee Garden・Block 4・Middle Floor・Flat B,,,--,498ft²,@$34,Centaline
28/9/2024,Tai Hing Gardens・Phase 2・Tower 9・Lower Floor・Flat G,,,--,447ft²,@$25,Centaline
28/9/2024,Illumination Terrace・Block 1・Lower Floor・Flat F,,,--,568ft²,@$39,Centaline
28/9/2024,Double Cove・Phase 2 Double Cove Starview・Block 21・Lower Floor・Flat D,,,--,497ft²,@$38,Centaline
28/9/2024,J Residence・Middle Floor・Flat 8,,,--,438ft²,@$50,Centaline
28/9/2024,Yoo Residence・Upper Floor・Flat B,,,--,397ft²,@$63,Centaline
28/9/2024,The Reach・Tower 3・Middle Floor・Flat A,,,--,414ft²,@$29,Centaline
28/9/2024,Lucky Mansion・Lower Floor・Flat D,,,--,291ft²,@$32,Centaline
28/9/2024,Emerald Green・Block 1・Upper Floor・Flat D,,,--,526ft²,@$29,Centaline
28/9/2024,Hampton Place・Tower 3・Middle Floor・Flat C,,,--,449ft²,@$45,Centaline
27/9/2024,The Forest Hills・Middle Floor・Flat E,,$5.68M,--,456ft²,"@$12,456",Centaline
27/9/2024,Vista Paradiso・Phase 2・Tower 6・Middle Floor・Flat B,,$5.6M,--,526ft²,"@$10,646",Centaline
27/9/2024,The Henley・Phase 1・Condominium B・Middle Floor・Flat F,,$6.1M,--,301ft²,"@$20,266",Centaline
27/9/2024,Metro Harbour View・Phase 2・Tower 8・Lower Floor・Flat F,,$5.8M,--,417ft²,"@$13,909",Centaline
27/9/2024,Chi Fu Fa Yuen・Fu On Yuen (Block H-3)・Lower Floor・Flat F,,,--,588ft²,@$35,Centaline
27/9/2024,Bowen's Lookout・Middle Floor・No. 13,,,--,"1,703ft²",@$61,Centaline
27/9/2024,City One Shatin・Site 6・Block 26・Lower Floor・Flat G,,,--,326ft²,@$42,Centaline
27/9/2024,Summit Terrace・Block 5・Upper Floor・Flat G,,,--,446ft²,@$39,Centaline
27/9/2024,Serene Court・Middle Floor・Flat B,,,--,"1,900ft²",@$37,Centaline
27/9/2024,The Latitude・Tower 8・Middle Floor・Flat D,,,--,532ft²,@$43,Centaline
27/9/2024,One Innovale・Phase 2・Tower C・Lower Floor・Flat 23,,,--,227ft²,@$49,Centaline
27/9/2024,Lohas Park・Phase 6 Lp6・Tower 2・Upper Floor・Flat D,,,--,506ft²,@$38,Centaline
27/9/2024,The Quinn ‧ Square Mile・Tower 2・Lower Floor・Flat F,,,--,258ft²,@$63,Centaline
27/9/2024,Kin Fai Building・Middle Floor・Flat G,,,--,344ft²,@$31,Centaline
27/9/2024,Lohas Park・Phase 6 Lp6・Tower 5・Upper Floor・Flat B,,,--,428ft²,@$44,Centaline
27/9/2024,Sky Scraper・Upper Floor・Flat E,,,--,"1,806ft²",@$46,Centaline
27/9/2024,Cullinan West・Phase 5 Cullinan West Ill・Tower 7・Upper Floor・Flat K,,,--,380ft²,@$57,Centaline
27/9/2024,One East Coast・Tower 1B・Upper Floor・Flat D,,,--,378ft²,@$48,Centaline
27/9/2024,Laguna Verde・Phase 3 Costa Del Sol・Tower 8・Lower Floor・Flat C,,,--,811ft²,@$43,Centaline
27/9/2024,Gramercy・Lower Floor・Flat E,,,--,449ft²,@$67,Centaline
27/9/2024,Providence Bay・Phase 2 Providence Peak・Tower 16・Lower Floor・Flat D,,,--,622ft²,@$31,Centaline
27/9/2024,Hong Kong Gold Coast・Block 12・Lower Floor・Flat A,,,--,736ft²,@$24,Centaline
27/9/2024,Bo Fung Mansion・Upper Floor・Flat A,,,--,443ft²,@$40,Centaline
27/9/2024,Edition 178・Lower Floor・Flat B,,,--,248ft²,@$56,Centaline
27/9/2024,Taikoo Shing・Tsui Woo Terrace・(T-03) Tai Woo Mansion・Upper Floor・Flat D,,,--,583ft²,@$37,Centaline
27/9/2024,Azura・Lower Floor・Flat C,,,--,"1,280ft²",@$56,Centaline
27/9/2024,Pearl City Mansion・Block A・Upper Floor・Flat A9B,,,--,282ft²,@$53,Centaline
27/9/2024,Caine Hill・Upper Floor・Flat F,,,--,191ft²,@$88,Centaline
27/9/2024,Festival City・Phase 1・Tower 5・Upper Floor・Flat Nb,,,--,785ft²,@$39,Centaline
27/9/2024,Century Gateway・Phase 2・Tower 6・Upper Floor・Flat A,,,--,510ft²,@$34,Centaline
27/9/2024,Aegean Coast・Tower 1・Lower Floor・Flat G,,,--,519ft²,@$25,Centaline
27/9/2024,Tsuen Kam Centre・Block 1・Upper Floor・Flat G,,,--,375ft²,@$38,Centaline
27/9/2024,Monaco One・Phase 2 Monaco Marine・Tower 1A・Lower Floor・Flat B,,,--,326ft²,@$56,Centaline
27/9/2024,The Avenue・Phase 2・Tower 3・Middle Floor・Flat E,,,--,447ft²,@$58,Centaline
27/9/2024,The Yoho Hub・Phase C The Yoho Hub II・Tower 8・Middle Floor・Flat K,,,--,495ft²,@$40,Centaline
27/9/2024,Laguna City・Phase 1・Block 6・Upper Floor・Flat F,,,--,517ft²,@$36,Centaline
27/9/2024,Imperial Cullinan・Tower 3・Lower Floor・Flat C,,,--,896ft²,@$42,Centaline
27/9/2024,Cullinan West・Phase 5 Cullinan West Ill・Tower 6・Lower Floor・Flat D,,,--,393ft²,@$61,Centaline
27/9/2024,High Park・Phase 1・Tower 3・1/F・Flat B01,,$4.92M,--,385ft²,"@$12,781",Land Registry
27/9/2024,High Park・Phase 1・Tower 3・8/F・Flat A01,,$5.04M,--,449ft²,"@$11,214",Land Registry
27/9/2024,High Park・Phase 1・Tower 3・10/F・Flat A11,,$5.15M,--,439ft²,"@$11,721",Land Registry
27/9/2024,Yuet Lai Court・Lai Ha House (Block C)・4/F・Flat 4,,$4.14M,--,520ft²,"@$7,958",Land Registry
27/9/2024,Tsuen Wan Centre・Block 4 (Soochow House)・14/F・Flat E,,$3M,,324ft²,"@$9,259",Land Registry
27/9/2024,Victoria Skye・Ocean Waves Tower 1・36/F・Flat A,,$29.98M,,"1,190ft²","@$25,193",Land Registry
27/9/2024,Victoria Skye・Carpark・NO.1・No.83,,$2M,--,--,--,Land Registry
27/9/2024,Heng Fa Chuen・Block 18・6/F・Flat 1,,$4.65M,--,475ft²,"@$9,789",Land Registry
27/9/2024,Kornhill・Block C (Flat 9 - 16)・28/F・Flat 13,,$7.68M,,594ft²,"@$12,929",Land Registry
27/9/2024,Woodlands Court・23/F・Flat B,,$5.7M,,377ft²,"@$15,119",Land Registry
27/9/2024,Park Summit・Tower 2・26/F・Flat A,,$7.6M,,533ft²,"@$14,259",Land Registry
27/9/2024,Lohas Park・Phase 6 Lp6・Tower 5・10/F・Flat J,,$3.9M,,309ft²,"@$12,621",Land Registry
27/9/2024,Vibe Centro・Tower 1B・19/F・Flat C,,$4.3M,,228ft²,"@$18,860",Land Registry
27/9/2024,Eight Regency・9/F・Flat H,,$3.55M,,362ft²,"@$9,807",Land Registry
27/9/2024,46 Pau Chung Street・5/F・Flat B,,$2.7M,,306ft²,"@$8,824",Land Registry
27/9/2024,Kiu Wai Mansion・7/F・Flat C,,$5.7M,,621ft²,"@$9,179",Land Registry
27/9/2024,La Cite Noble・Block 3・15/F・Flat G,,$6.55M,,562ft²,"@$11,655",Land Registry
27/9/2024,Double Cove・Phase 3 Double Cove Starview Prime・Block 23・31/F・Flat D,,$6.65M,,498ft²,"@$13,353",Land Registry
27/9/2024,Affluence Garden・Felicitous House (Block 2)・14/F・Flat K,,$4.2M,--,577ft²,"@$7,279",Land Registry
27/9/2024,Kam Fung Court・Kam Lan House (Block J)・4/F・Flat 5,,$2.9M,--,435ft²,"@$6,667",Land Registry
27/9/2024,Yiu On Estate・Yiu Chung House (Block 5)・27/F・Flat 13,,$2.38M,--,443ft²,"@$5,372",Land Registry
27/9/2024,Greenwood Terrace・Tower 3・1/F・Flat F,,$5.45M,--,757ft²,"@$7,199",Land Registry
27/9/2024,Clague Garden Estate・Tower B・35/F・Flat D,,$3.28M,--,353ft²,"@$9,292",Land Registry
27/9/2024,Ocean Pride・Phase 3・Tower 8・50/F・Flat C,,$7.1M,,391ft²,"@$18,159",Land Registry
27/9/2024,Ching Tao Court・24/F・Flat 1,,$1.25M,--,--,--,Land Registry
27/9/2024,Diamond House・2/F・Flat B,,$1.95M,--,243ft²,"@$8,025",Land Registry
27/9/2024,Flora Plaza・Block 9・4/F・Flat B,,$5M,,526ft²,"@$9,506",Land Registry
27/9/2024,Hin Keng Estate・Hin Wan House (Block 6)・28/F・Flat 1,,$3.9M,--,443ft²,"@$8,804",Land Registry
27/9/2024,Tsui Chuk Garden・Block 6・9/F・Flat H,,$4.87M,--,591ft²,"@$8,240",Land Registry
27/9/2024,Kwai Chung Plaza・Block 3・24/F・Flat H,,$8M,--,516ft²,"@$15,504",Land Registry
27/9/2024,Foo Yue Building・7/F・Flat H,,$3M,--,314ft²,"@$9,554",Land Registry
27/9/2024,Seaview Crescent・Block 3・9/F・Flat B,,$8.18M,,846ft²,"@$9,669",Land Registry
27/9/2024,Po Fat Building・15/F・Flat C,,$3M,,281ft²,"@$10,676",Land Registry
27/9/2024,Fortress Garden・Fu Wai Court・3/F・Flat A,,$7.26M,,650ft²,"@$11,169",Land Registry
27/9/2024,Hong Pak Court・Cheung Pak House (Block C)・33/F・Flat 10,,$4M,--,401ft²,"@$9,975",Land Registry
27/9/2024,The Visionary・Carpark・B/M・No.A015,,"$900,000",--,--,--,Land Registry
27/9/2024,Tierra Verde・Phase 2・Block 11・29/F・Flat D,,$8.15M,,529ft²,"@$15,406",Land Registry
27/9/2024,Heng Fa Chuen・Block 40・12/F・Flat 2,,$8.8M,,713ft²,"@$12,342",Land Registry
27/9/2024,Kam On Building・3/F・Flat B,,$2.1M,,208ft²,"@$10,096",Land Registry
27/9/2024,Tsz Oi Court・Stage 1&2・Oi Kan House (Block C)・30/F・Flat 4,,$4.8M,--,645ft²,"@$7,442",Land Registry
27/9/2024,Island Harbourview・Tower 2・3/F・Flat D,,$9.18M,,647ft²,"@$14,189",Land Registry
27/9/2024,Hiu Lai Court・Hiu Shun House (Block H)・9/F・Flat 13,,$3.45M,--,540ft²,"@$6,389",Land Registry
27/9/2024,Belair Gardens・Nelly Heights (Block N)・2/F・Flat F,,$4.36M,,465ft²,"@$9,366",Land Registry
27/9/2024,City One Shatin・Site 2・Block 15・19/F・Flat B,,$8.28M,,819ft²,"@$10,110",Land Registry
27/9/2024,Delight Court・11/F・Flat B,,$5.88M,,485ft²,"@$12,124",Land Registry
27/9/2024,Siu Cheong Building・13/F・Flat A,,$3.22M,,255ft²,"@$12,627",Land Registry
27/9/2024,Heya Aqua・Tower 1・15/F・Flat B,,$6.75M,,482ft²,"@$14,004",Land Registry
27/9/2024,City One Shatin・Site 4・Block 38・15/F・Flat B,,$3.68M,,284ft²,"@$12,958",Land Registry
27/9/2024,Kiu Ming Mansion・8/F・Flat K,,$2.92M,,381ft²,"@$7,664",Land Registry
27/9/2024,Mount Beacon・Tower 3・7/F・Flat C,,$16M,,839ft²,"@$19,070",Land Registry
27/9/2024,Novo Land・Phase 3B・Fiskars Tower 2A・3/F・Flat D,,$3.63M,--,292ft²,"@$12,442",Land Registry
27/9/2024,Kingswood Villas・Phase 1 Locwood Court・Block 12・16/F・Flat H,,$4.42M,,549ft²,"@$8,051",Land Registry
27/9/2024,Marina Garden・Block 4・28/F・Flat B,,$5.4M,,646ft²,"@$8,356",Land Registry
27/9/2024,249 Yu Chau Street・7/F・No. 249 (Flat B),,$1M,,117ft²,"@$8,547",Land Registry
27/9/2024,Anho House・5/F・Flat C,,$2.8M,,380ft²,"@$7,368",Land Registry
27/9/2024,Castello・Block 6・16/F・Flat A,,$6.28M,,547ft²,"@$11,481",Land Registry
27/9/2024,New Pei Ho Building・2/F・Flat D,,$3.35M,--,653ft²,"@$5,130",Land Registry
27/9/2024,The Coronation・Tower 1・11/F・Flat B,,$14.7M,,928ft²,"@$15,841",Land Registry
27/9/2024,Kam Yuen Building・6/F・Flat B,,$2.63M,--,360ft²,"@$7,306",Land Registry
27/9/2024,Tai Po Centre・Phase 3・Block 23・22/F・Flat E,,$3.85M,--,325ft²,"@$11,846",Land Registry
27/9/2024,Wing Fok Centre・Block 1・19/F・Flat D,,$3.28M,--,589ft²,"@$5,569",Land Registry
27/9/2024,Metro City・Phase 1・Tower 3・25/F・Flat E,,$6.28M,,526ft²,"@$11,939",Land Registry
27/9/2024,Lime Gala・Tower 1A・27/F・Flat G,,$4.78M,,281ft²,"@$17,011",Land Registry
27/9/2024,Wealthy Heights・17/F・Flat D,,$29.88M,,"1,300ft²","@$22,985",Land Registry
27/9/2024,Cheong Shing Court・11/F・Flat 8,,$2.48M,--,349ft²,"@$7,106",Land Registry
27/9/2024,Bayview Park・20/F・Flat F,,$6.89M,,624ft²,"@$11,042",Land Registry
27/9/2024,Flora Plaza・Carpark・1/F・No.99,,$1.25M,--,--,--,Land Registry
27/9/2024,Fung Po Mansion・12/F・Flat F,,$2.68M,,306ft²,"@$8,758",Land Registry
27/9/2024,Stars By The Harbour・Tower 3・29/F・Flat A,,$24M,--,"1,129ft²","@$21,258",Land Registry
27/9/2024,Man Fung Building・17/F・Flat A,,$2.67M,--,270ft²,"@$9,874",Land Registry
27/9/2024,Park Belvedere・Tower 4・21/F・Flat D,,$6M,--,605ft²,"@$9,917",Land Registry
27/9/2024,Riviera Gardens・Hoi Kwai Mansion (Block 20)・11/F・Flat D,,$4M,,453ft²,"@$8,830",Land Registry
27/9/2024,Bellagio・Carpark・8/F・No.R8206,,"$630,000",--,--,--,Land Registry
27/9/2024,Ngan Hon Mansion・2/F・Flat B,,$2.95M,--,366ft²,"@$8,060",Land Registry
27/9/2024,Grand Jete・Phase 1・Tower 2・16/F・Flat E,,$9.56M,--,722ft²,"@$13,247",Land Registry
27/9/2024,Mount Regency・Phase 1・Tower 1B・8/F・Flat A,,$7.81M,--,468ft²,"@$16,691",Land Registry
27/9/2024,Grand Victoria・Phase 2・Tower 3 (3A)・18/F・Flat B,,$14.18M,--,491ft²,"@$28,880",Land Registry
27/9/2024,Bellevue (Belleve) Court・Block A・16/F・Flat 5,,$3.05M,--,292ft²,"@$10,445",Land Registry
27/9/2024,Maritime Bay・Block 1・17/F・Flat F,,$6.82M,,602ft²,"@$11,329",Land Registry
27/9/2024,Harbour Place・Tower 5・25/F・Flat E,,$7.15M,,481ft²,"@$14,857",Land Registry
27/9/2024,Taikoo Shing・Sing Fai Terrace・(T-48) Hoi Sing Mansion・10/F・Flat B,,$8.88M,,662ft²,"@$13,414",Land Registry
27/9/2024,Hilton Plaza・Block C・27/F・Flat 7,,$4.92M,,412ft²,"@$11,942",Land Registry
27/9/2024,Glorious Peak・10/F・Flat C,,$5.2M,,503ft²,"@$10,338",Land Registry
27/9/2024,Kornhill Garden・Block 2・19/F・Flat E,,$6.2M,--,431ft²,"@$14,385",Land Registry
27/9/2024,Novo Land・Phase 3B・Fiskars Tower 1・26/F・Flat D,,$5.33M,--,434ft²,"@$12,287",Land Registry
27/9/2024,Novo Land・Phase 3B・Fiskars Tower 2A・20/F・Flat C,,$3.71M,--,292ft²,"@$12,702",Land Registry
27/9/2024,Metro City・Phase 1・Tower 3・16/F・Flat E,,$6.38M,,526ft²,"@$12,129",Land Registry
27/9/2024,The Beaumount・Phase 1・Tower 1・42/F・Flat B,,$5.8M,,529ft²,"@$10,964",Land Registry
27/9/2024,Residence Bel-Air・Phase 2 South Tower・Tower 3・5/F・Flat A,,$27.8M,--,"1,365ft²","@$20,366",Land Registry
27/9/2024,San Wai Court・San Pui House (Block F)・34/F・Flat 6,,$3.03M,--,554ft²,"@$5,469",Land Registry
27/9/2024,Siu Lun Court・Carpark・3/F・No.212 (Phase 1),,"$730,000",--,--,--,Land Registry
27/9/2024,Miami Beach Towers・Tower 2・9/F・Flat F,,$3.86M,,442ft²,"@$8,733",Land Registry
27/9/2024,Mayfair Gardens・Block 5・19/F・Flat D,,$3.38M,,329ft²,"@$10,274",Land Registry
27/9/2024,Novo Land・Phase 3B・Fiskars Tower 2A・35/F・Flat C,,$3.78M,--,292ft²,"@$12,954",Land Registry
27/9/2024,Grandeur Garden・Block 2・4/F・Flat G,,$4.26M,,328ft²,"@$12,973",Land Registry
27/9/2024,Manor Hill・Tower 1・33/F・Flat A9,,$5.7M,--,300ft²,"@$19,007",Land Registry
27/9/2024,Kingswood Villas・Phase 2 Sherwood Court・Block 6・17/F・Flat B,,$5M,,633ft²,"@$7,899",Land Registry
27/9/2024,Ching Shing Court・7/F・Flat 13,,$4.08M,--,490ft²,"@$8,327",Land Registry
27/9/2024,Harmony Garden・Block 2・13/F・Flat A,,$6.88M,,587ft²,"@$11,721",Land Registry
27/9/2024,Highland Park・Tower 6・3/F・Flat A,,$5.4M,--,571ft²,"@$9,457",Land Registry
27/9/2024,Century Link・Phase 1・Tower 3A・28/F・Flat 5,,$5.55M,,--,--,Land Registry
27/9/2024,Novo Land・Phase 3B・Fiskars Tower 2B・3/F・Flat H,,$5.43M,--,441ft²,"@$12,322",Land Registry
27/9/2024,Siu Lun Court・Wing Lun House (Block I)・14/F・Flat 7,,$4.18M,--,645ft²,"@$6,481",Land Registry
27/9/2024,Kingswood Villas・Phase 5 Lynwood Court・Block 5・23/F・Flat B,,$4.75M,,630ft²,"@$7,540",Land Registry
27/9/2024,The Rise・40/F・Flat Lc,,$5.76M,,522ft²,"@$11,034",Land Registry
27/9/2024,Sereno Verde・Phase 5 Reach Summit・Tower 1・9/F・Flat F,,$3.19M,,270ft²,"@$11,807",Land Registry
27/9/2024,Ocean Pointe・Tower 1・21/F・Flat A,,$8.9M,,775ft²,"@$11,484",Land Registry
27/9/2024,Chui Man House・5/F・No. 7,,$5.2M,,302ft²,"@$17,219",Land Registry
27/9/2024,Monterey・Tower 2A・17/F・Flat B,,$16.36M,--,823ft²,"@$19,878",Land Registry
27/9/2024,The Southside・Phase 1 Southland・Tower 2 (2A)・32/F・Flat F,,$19.21M,--,728ft²,"@$26,383",Land Registry
27/9/2024,No. 3 Lincoln Road・NO. 3,,$215M,--,--,--,Land Registry
27/9/2024,5 Lincoln Road・NO. 5,,$215M,--,--,--,Land Registry
27/9/2024,Lohas Park・Phase 5A Malibu・Tower 3B・35/F・Flat E,,$5.39M,,368ft²,"@$14,647",Land Registry
27/9/2024,Po Hing Mansion・1/F・Block F,,$6.06M,--,433ft²,"@$13,995",Land Registry
27/9/2024,240 Hollywood Road・2/F・No. 240,,$5.6M,--,316ft²,"@$17,722",Land Registry
27/9/2024,Jade Terrace・26/F・Flat C,,$7.98M,,465ft²,"@$17,161",Land Registry
27/9/2024,Imperial Cullinan・Carpark・BM2・No.B2093,,$1.82M,--,--,--,Land Registry
27/9/2024,Hoi Lok Court・Block A (Hoi Pik House)・39/F・Flat 18,,$6.75M,--,477ft²,"@$14,151",Land Registry
27/9/2024,Providence Bay・Phase 2 Providence Peak・Tower 9・17/F・Flat A,,$12.88M,,"1,173ft²","@$10,980",Land Registry
27/9/2024,Chung Kin Building・5/F・Flat 3,,$2.8M,--,437ft²,"@$6,407",Land Registry
27/9/2024,Valiant Court・15/F・Flat B,,$2.98M,,224ft²,"@$13,304",Land Registry
27/9/2024,Fanling Town Center・Galaxy Court (Block 7)・14/F・Flat D,,$4.6M,,454ft²,"@$10,126",Land Registry
27/9/2024,Upper Riverbank・Mansion A,,$95.01M,--,"2,068ft²","@$45,942",Land Registry
27/9/2024,Wah Fai Court・3/F・Flat A,,$3.18M,,282ft²,"@$11,277",Land Registry
27/9/2024,Lohas Park・Phase 6 Lp6・Tower 5・28/F・Flat B,,$6.5M,,428ft²,"@$15,187",Land Registry
27/9/2024,Island Harbourview・Tower 5・15/F・Flat E,,$9.8M,,595ft²,"@$16,471",Land Registry
27/9/2024,The Long Beach・Tower 6・30/F・Flat E,,$6.5M,,547ft²,"@$11,883",Land Registry
27/9/2024,Metro Harbour View・Phase 2・Tower 8・26/F・Flat C,,$7.2M,,507ft²,"@$14,201",Land Registry
27/9/2024,Avon Park・Block 7・17/F・Flat G,,$4.6M,,488ft²,"@$9,426",Land Registry
27/9/2024,Heng Fa Chuen・Block 46・12/F・Flat 8,,$10.5M,,826ft²,"@$12,712",Land Registry
27/9/2024,Park Yoho・Phase 1A・Tower 9B・9/F・Flat C,,$4.78M,,532ft²,"@$8,985",Land Registry
27/9/2024,The Aurora・Tower 2・32/F・Flat F,,$7.92M,,439ft²,"@$18,041",Land Registry
27/9/2024,Ocean Shores・Phase 3・Tower 15・43/F・Flat D,,$7.45M,,543ft²,"@$13,720",Land Registry
27/9/2024,Double Cove・Phase 3 Double Cove Starview Prime・Block 25・11/F・Flat C,,$6.2M,,511ft²,"@$12,133",Land Registry
27/9/2024,Lohas Park・Phase 8 Sea To Sky・Tower 3・7/F・Flat A,,$14.78M,,"1,057ft²","@$13,983",Land Registry
27/9/2024,Tsui Lam Estate・Fai Lam House (Block 6)・8/F・Flat 2,,$3M,--,381ft²,"@$7,874",Land Registry
27/9/2024,Manor Hill・Tower 2・23/F・Flat D5,,$5.27M,--,283ft²,"@$18,629",Land Registry
27/9/2024,Victoria Harbour・Phase 2B-2 Victoria Harbour II・Tower 3・9/F・Flat B,,$39.04M,--,"1,111ft²","@$35,139",Land Registry
27/9/2024,Novo Land・Phase 3B・Fiskars Tower 2A・33/F・Flat D,,$3.78M,--,292ft²,"@$12,933",Land Registry
27/9/2024,Novo Land・Phase 3B・Fiskars Tower 2A・17/F・Flat D,,$3.69M,--,292ft²,"@$12,646",Land Registry
27/9/2024,Kt Marina・Phase 1・Tower 2A・1/F・Flat N,,$4.61M,--,288ft²,"@$15,997",Land Registry
27/9/2024,The Belchers・Phase 2・Tower 5・63/F・Flat C,,$23.8M,,"1,062ft²","@$22,411",Land Registry
27/9/2024,Le Billionnaire・22/F・Flat C,,$10.5M,,815ft²,"@$12,883",Land Registry
27/9/2024,Kornhill・Block F (Flat 1 - 8)・15/F・Flat 5,,$6.5M,--,596ft²,"@$10,906",Land Registry
27/9/2024,Kornhill・Block F (Flat 1 - 8)・15/F・Flat 6,,$5.8M,,522ft²,"@$11,111",Land Registry
27/9/2024,Villa Athena・Block 7・11/F・Flat A,,$7.93M,,727ft²,"@$10,908",Land Registry
27/9/2024,Hong Lok Yuen・Twentieth Street・32 Hong Lok Yuen Twentieth Street (S S 808),,$14.5M,--,"1,237ft²","@$11,722",Land Registry
27/9/2024,La Cite Noble・Block 3・35/F・Flat C,,$5.3M,,377ft²,"@$14,058",Land Registry
27/9/2024,Shun Chi Court・Shun Cheung House (Block B)・2/F・Flat 1,,$3.82M,--,560ft²,"@$6,821",Land Registry
27/9/2024,Hong Kong Garden・Phase 3・Block 15・1/F・Flat A2,,$5.86M,,936ft²,"@$6,261",Land Registry
27/9/2024,Shun Chi Court・Shun Tai House (Block E)・12/F・Flat 13,,$5.1M,--,656ft²,"@$7,774",Land Registry
27/9/2024,Sun Hing Garden・Carpark・B/M・No.P56,,"$900,000",--,--,--,Land Registry
27/9/2024,Laguna City・Phase 4・Block 10・19/F・Flat C,,$6.15M,,517ft²,"@$11,896",Land Registry
27/9/2024,Ka Keung Court・Ka Ying House (Block B)・17/F・Flat 2,,$4.8M,--,559ft²,"@$8,587",Land Registry
27/9/2024,Hilton Plaza・Carpark・1/F・No.53,,"$950,000",--,--,--,Land Registry
27/9/2024,Man Bo Building・11/F・Flat F,,$2.9M,--,263ft²,"@$11,027",Land Registry
27/9/2024,Tsui Yiu Court・1/F・Flat 2,,$3.2M,--,537ft²,"@$5,959",Land Registry
27/9/2024,South Horizons・Phase 4 The Oasis・Dover Court (Block 25)・5/F・Flat C,,$6.75M,,516ft²,"@$13,081",Land Registry
27/9/2024,Ho Fai Garden・Block 1・10/F・Flat A,,$5M,,463ft²,"@$10,799",Land Registry
27/9/2024,Koko Hills・Phase 3B Koko Mare・Tower 9・7/F・Flat D,,$8.99M,--,464ft²,"@$19,375",Land Registry
27/9/2024,Peace House (Ping Oi Building)・6/F・No. 39,,$4M,--,753ft²,"@$5,312",Land Registry
27/9/2024,Park Island・Phase 5 Oceancrest・Tower 30・16/F・Flat E,,$8.78M,,762ft²,"@$11,522",Land Registry
27/9/2024,The Pavilia Farm・Phase 2・Tower 5 (5B)・58/F・Flat A,,$13M,,668ft²,"@$19,461",Land Registry
27/9/2024,Dawning Views・Block 6・18/F・Flat G,,$4.7M,,428ft²,"@$10,981",Land Registry
27/9/2024,Avon Park・Block 1・22/F・Flat G,,$3.66M,,400ft²,"@$9,150",Land Registry
27/9/2024,Chun Man Court・Man Yin House (Block M)・6/F・Flat 8,,$5.1M,--,525ft²,"@$9,714",Land Registry
27/9/2024,Coastal Skyline・Phase 1・Block 6・41/F・Flat E,,$5.63M,,492ft²,"@$11,443",Land Registry
27/9/2024,Tsuen Wan Centre・Block 5 (Anking House)・29/F・Flat A,,$2.95M,,324ft²,"@$9,105",Land Registry
27/9/2024,City One Shatin・Site 4・Block 37・13/F・Flat H,,$4.07M,,304ft²,"@$13,382",Land Registry
27/9/2024,Double Cove・Phase 4 Double Cove Grandview・Block 7・20/F・Flat C,,$6.5M,,511ft²,"@$12,720",Land Registry
27/9/2024,Kwun Shan Court・22/F・Flat 13,,$2.17M,--,--,--,Land Registry
27/9/2024,Tsuen Cheong Centre・Cheong On Building・8/F・Flat G,,$3.58M,,316ft²,"@$11,329",Land Registry
27/9/2024,South Horizons・Phase 1・Hoi Wan Court (Block 4)・11/F・Flat E,,$7.08M,,598ft²,"@$11,839",Land Registry
27/9/2024,Lohas Park・Phase 9B Grand Marini・Tower 2 (2B)・38/F・Flat B,,$6.9M,,522ft²,"@$13,218",Land Registry
27/9/2024,The Haddon・22/F・Flat E,,$5.46M,--,276ft²,"@$19,790",Land Registry
27/9/2024,Po Tak Mansion・4/F・Flat A (No. 3A),,$10M,,662ft²,"@$15,106",Land Registry
27/9/2024,No. 31 Robinson Road・25/F・Flat B,,$34.68M,,"1,749ft²","@$19,828",Land Registry
27/9/2024,Chi Fu Fa Yuen・Fu Wing Yuen (Block H-19)・3/F・Flat E,,$4.5M,,439ft²,"@$10,251",Land Registry
27/9/2024,Amoy Gardens・Phase 3・Block O・19/F・Flat 5,,$4.2M,--,356ft²,"@$11,798",Land Registry
27/9/2024,Taikoo Shing・Harbour View Gardens (West)・(T-36) Oak Mansion・4/F・Flat H,,$15.8M,,"1,114ft²","@$14,183",Land Registry
27/9/2024,Marina South・Tower 1・32/F・Flat A,,$46M,--,"1,765ft²","@$26,062",Land Registry
27/9/2024,Lei Cheng Uk Estate・Wo Ping House (Block 3)・12/F・Flat 27,,$1.06M,--,277ft²,"@$3,827",Land Registry
27/9/2024,Grand Yoho・Phase 1・Tower 1・28/F・Flat H,,$6.3M,,499ft²,"@$12,625",Land Registry
27/9/2024,Yuk Choi Building・1/F・No. 33,,$1M,--,465ft²,"@$2,151",Land Registry
27/9/2024,Park Signature・Tower 9・15/F・Flat K,,$6.68M,,773ft²,"@$8,642",Land Registry
27/9/2024,Tai Wo Estate・Lai Wo House (Block 6)・25/F・Flat 15,,$2.35M,--,443ft²,"@$5,305",Land Registry
27/9/2024,Tai Wo Estate・Hei Wo House (Block 1)・12/F・Flat 10,,$2.06M,--,443ft²,"@$4,650",Land Registry
27/9/2024,Mont Rouge・Carpark・B/M・No.P62,,$2M,--,--,--,Land Registry
27/9/2024,Carlton Mansion・10/F・Flat D,,$5.25M,--,593ft²,"@$8,853",Land Registry
27/9/2024,Mei Foo Sun Chuen・Phase 3・41-43 Broadway・15/F・Flat A No. 43,,$6.11M,--,653ft²,"@$9,357",Land Registry
27/9/2024,Mei Foo Sun Chuen・Phase 3・68-70 Broadway・13/F・Flat D No. 70,,$6.3M,,713ft²,"@$8,836",Land Registry
27/9/2024,Fullview Garden・Block 8・6/F・Flat C,,$4.55M,--,592ft²,"@$7,686",Land Registry
27/9/2024,"Fairview Park・Section I, 2Nd Street・No. 49 (S.I Ss.306)",,$7.7M,,848ft²,"@$9,080",Land Registry
27/9/2024,Kt Marina・Phase 1・Tower 2A・3/F・Flat M,,$8.36M,--,481ft²,"@$17,380",Land Registry
27/9/2024,Tierra Verde・Phase 2・Block 1・49/F・Flat F,,$7.2M,,520ft²,"@$13,846",Land Registry
27/9/2024,One Victoria・Tower 2A・33/F・Flat H,,$20.12M,--,774ft²,"@$25,999",Land Registry
27/9/2024,The Papillons・Tower 6・8/F・Flat K,,$12.38M,,880ft²,"@$14,068",Land Registry
27/9/2024,Luen Tak Building・4/F・No. 184,,$4.28M,,554ft²,"@$7,726",Land Registry
27/9/2024,Kai Tak Garden・Block 3・13/F・Flat G,,$3.86M,--,495ft²,"@$7,798",Land Registry
27/9/2024,Highland Park・Tower 2・5/F・Flat A,,$3.98M,--,481ft²,"@$8,274",Land Registry
27/9/2024,The Sea Crest・Tower 2・13/F・Flat B,,$4.38M,,465ft²,"@$9,419",Land Registry
27/9/2024,Ko Chun Court・Chun Mau House (Block E)・4/F・Flat 7,,$2.95M,--,426ft²,"@$6,925",Land Registry
27/9/2024,Grand Yoho・Phase 2・Tower 5・40/F・Flat A,,$7.7M,,535ft²,"@$14,393",Land Registry
27/9/2024,Yue Fai Court・Yat Fai House (Block B)・15/F・Flat 2,,$4.1M,--,384ft²,"@$10,677",Land Registry
27/9/2024,Richland Gardens・Block 15・9/F・Flat E,,$3.95M,--,452ft²,"@$8,739",Land Registry
27/9/2024,Lei King Wan・Sites A・Block 2 Kwun King Mansion・15/F・Flat E,,$7.05M,,536ft²,"@$13,153",Land Registry
27/9/2024,Fung Shing Court・Fu Shing House (Block C)・6/F・Flat 4,,$3.9M,--,490ft²,"@$7,959",Land Registry
27/9/2024,Kwong Yuen Estate・Cypress House (Block 3)・18/F・Flat 12,,$2.18M,--,443ft²,"@$4,921",Land Registry
27/9/2024,Monterey・Tower 6A・15/F・Flat D,,$5M,,366ft²,"@$13,661",Land Registry
27/9/2024,Allway Garden・Block M・17/F・Flat 3,,$3.73M,,480ft²,"@$7,771",Land Registry
27/9/2024,The Pavilia Forest・Phase 1 The Pavilia Forest I・Tower 5・8/F・Flat H,,$6.82M,--,385ft²,"@$17,722",Land Registry
27/9/2024,On Lai Court・Block B・8/F・Flat 11,,$2.67M,--,--,--,Land Registry
27/9/2024,The Harbourside・Tower 3・35/F・Flat C,,$34.9M,,"1,062ft²","@$32,863",Land Registry
27/9/2024,Green Leaves Garden・Block A・20/F・Flat 4,,$3.05M,,305ft²,"@$10,000",Land Registry
27/9/2024,Yau Lee Building・8/F・Flat G (No. 21),,$2.8M,--,478ft²,"@$5,858",Land Registry
27/9/2024,Onmantin・Phase 2A・Tower 3・15/F・Flat F,,$10.32M,--,490ft²,"@$21,061",Land Registry
27/9/2024,Onmantin・Phase 2A・Tower 3・15/F・Flat E,,$10.22M,--,490ft²,"@$20,859",Land Registry
27/9/2024,Victoria Harbour・Phase 2B-2 Victoria Harbour II・Tower 3・11/F・Flat B,,$41.66M,--,"1,111ft²","@$37,496",Land Registry
27/9/2024,Onmantin・Phase 2A・Tower 1・11/F・Flat F,,$10.47M,--,482ft²,"@$21,716",Land Registry
27/9/2024,Lohas Park・Phase 2B Le Prime・Tower 7 - L Wing・52/F・Flat B,,$7.02M,,731ft²,"@$9,603",Land Registry
27/9/2024,The Pavilia Forest・Phase 3 The Pavilia Forest III・Tower 1・18/F・Flat F,,$7.17M,--,382ft²,"@$18,772",Land Registry
27/9/2024,The Wings・The Wings・Tower 3・26/F・Flat E,,$8.4M,,538ft²,"@$15,613",Land Registry
27/9/2024,Discovery Bay・Phase 13 Chianti・The Barion (Block 2)・11/F・Flat B,,$6.4M,,779ft²,"@$8,216",Land Registry
27/9/2024,Avon Park・Block 5・22/F・Flat H,,$3.8M,,400ft²,"@$9,500",Land Registry
27/9/2024,City One Shatin・Site 2・Block 16・7/F・Flat B,,$5.16M,,451ft²,"@$11,441",Land Registry
27/9/2024,Glorious Peak・35/F・Flat E,,$5.3M,,564ft²,"@$9,397",Land Registry
27/9/2024,Greenpark Villa・Block 6・10/F・Flat A,,$5.7M,,716ft²,"@$7,961",Land Registry
27/9/2024,Whampoa Garden・Phase 12 Bamboo Mansions・Block 3・13/F・Flat B,,$9.23M,--,729ft²,"@$12,661",Land Registry
27/9/2024,Hong Lok Square・12/F・Flat C,,$3.18M,,374ft²,"@$8,503",Land Registry
27/9/2024,Affluence Garden・Opulent House (Block 5)・32/F・Flat G,,$4.25M,--,593ft²,"@$7,167",Land Registry
27/9/2024,The Parcville・Tower 12・16/F・Flat E,,$4.66M,,460ft²,"@$10,130",Land Registry
27/9/2024,Kam Lung Mansion・Block 1・12/F・Flat B,,$4.15M,,431ft²,"@$9,629",Land Registry
27/9/2024,Kingswood Villas・Phase 2 Sherwood Court・Block 1・7/F・Flat C,,$4.2M,--,551ft²,"@$7,623",Land Registry
27/9/2024,The Reach・Tower 2・1/F・Flat E,,$3.57M,,355ft²,"@$10,051",Land Registry
27/9/2024,Prosper Centre・26/F・Flat C,,$2.9M,,339ft²,"@$8,555",Land Registry
27/9/2024,Siu Hong Court・Siu Ping House (Block N)・11/F・Flat 4,,$3.5M,--,483ft²,"@$7,246",Land Registry
27/9/2024,Kingswood Villas・Phase 3 Chestwood Court・Carpark・B/M・No.85,,$1M,--,--,--,Land Registry
27/9/2024,Wang Kwong Building・Block A・10/F・Flat A5,,$3.43M,--,--,--,Land Registry
27/9/2024,Universal Mansion・9/F・Flat E,,$3.2M,--,536ft²,"@$5,970",Land Registry
27/9/2024,Ka Wai Building・Block A・17/F・Flat 6,,$3.95M,,269ft²,"@$14,684",Land Registry
27/9/2024,Hyde Towers・Block A・10/F・Flat A1,,$4.9M,--,587ft²,"@$8,348",Land Registry
27/9/2024,Lohas Park・Phase 12B Park Seasons・Tower 2 (2A)・57/F・Flat C,,$6.77M,--,453ft²,"@$14,949",Land Registry
27/9/2024,Chun Man Court・Man Hei House (Block H)・15/F・Flat 6,,$4M,--,596ft²,"@$6,711",Land Registry
26/9/2024,Albert House・Middle Floor・Flat B,,$3.05M,--,407ft²,"@$7,494",Centaline
26/9/2024,Hampton Place・Tower 2・Upper Floor・Flat C,,$6.8M,--,429ft²,"@$15,851",Centaline
26/9/2024,The Aurora・Tower 2・Lower Floor・Flat G,,,--,442ft²,@$45,Centaline
26/9/2024,The Holborn・Tower B・Middle Floor・Flat B8,,,--,226ft²,@$66,Centaline
26/9/2024,Lung Fung Garden・Block B・Upper Floor・Flat B7,,,--,502ft²,@$31,Centaline
26/9/2024,Lions Rise・Tower 1・Middle Floor・Flat D,,,--,989ft²,@$38,Centaline
26/9/2024,Seaview Crescent・Block 3・Lower Floor・Flat H,,,--,562ft²,@$34,Centaline
26/9/2024,High One・Upper Floor・Flat G,,,--,220ft²,@$59,Centaline
26/9/2024,East Point City・Block 8・Upper Floor・Flat F,,,--,463ft²,@$41,Centaline
26/9/2024,One．Artlane・Upper Floor・Flat A,,,--,422ft²,@$69,Centaline
26/9/2024,Hong Lok Yuen・Tenth Street,,,--,"1,596ft²",@$36,Centaline
26/9/2024,San Po Kong Plaza・Block 2・Lower Floor・Flat C,,,--,609ft²,@$34,Centaline
26/9/2024,Convention Plaza Apartments・Upper Floor・Flat 15,,,--,713ft²,@$59,Centaline
26/9/2024,The Waterfront・Phase 2・Tower 7・Lower Floor・Flat D,,,--,"1,127ft²",@$45,Centaline
26/9/2024,Sceneway Garden・Block 8・Lower Floor・Flat G,,,--,612ft²,@$36,Centaline
26/9/2024,Monaco One・Phase 1・Tower 2A・Lower Floor・Flat B,,,--,441ft²,@$52,Centaline
26/9/2024,Metro City・Phase 1・Tower 1・Lower Floor・Flat D,,,--,420ft²,@$38,Centaline
26/9/2024,Caribbean Coast・Phase 2 Albany Cove・Tower 7・Upper Floor・Flat B,,,--,729ft²,@$34,Centaline
26/9/2024,Ma On Shan Centre・Tower 2・Lower Floor・Flat F,,,--,375ft²,@$37,Centaline
26/9/2024,Nam Hung Mansion・Block B・Upper Floor・Flat 1,,,--,391ft²,@$46,Centaline
26/9/2024,Ocean Shores・Phase 3・Tower 17・Upper Floor・Flat A,,,--,516ft²,@$37,Centaline
26/9/2024,Tuen Mun Town Plaza・Phase 3・Block 8・Upper Floor・Flat D,,,--,356ft²,@$32,Centaline
26/9/2024,No. 8 Royal Green・Lower Floor・Flat E,,,--,431ft²,@$31,Centaline
26/9/2024,Greenland Garden・Block B・Middle Floor・Flat 5,,,--,330ft²,@$30,Centaline
26/9/2024,Mayson Garden Building・Lower Floor・Flat B,,,--,591ft²,@$42,Centaline
26/9/2024,Caribbean Coast・Phase 1 Monterey Cove・Tower 3・Lower Floor・Flat H,,,--,956ft²,@$30,Centaline
26/9/2024,Tsing Yi Garden・Block 1・Lower Floor・Flat B,,,--,343ft²,@$41,Centaline
26/9/2024,Kornhill・Block D (Flat 9 - 16)・Lower Floor・Flat 13,,,--,596ft²,@$40,Centaline
26/9/2024,Park Island・Phase 3・Block 22・Lower Floor・Flat D,,,--,549ft²,@$27,Centaline
26/9/2024,The Esplanade・Lower Floor・Flat S,,,--,344ft²,@$32,Centaline
26/9/2024,Kingswood Villas・Phase 2 Sherwood Court・Block 3・Upper Floor・Flat B,,,--,633ft²,@$24,Centaline
26/9/2024,H Cube・Middle Floor・Flat 1,,,--,244ft²,@$53,Centaline
26/9/2024,City Point・Block 7・Middle Floor・Flat B,,,--,497ft²,@$35,Centaline
26/9/2024,Ava 62・Middle Floor・Flat C,,,--,173ft²,@$66,Centaline
26/9/2024,Serenity Park・Phase 2・Block 18・Middle Floor・Flat F,,,--,415ft²,@$32,Centaline
26/9/2024,Villa Esplanada・Phase 3・Block 11・Lower Floor・Flat B,,,--,499ft²,@$39,Centaline
26/9/2024,Coastal Skyline・Phase 1・Block 2・Middle Floor・Flat F,,,--,485ft²,@$38,Centaline
26/9/2024,Whampoa Garden・Phase 5 Oak Mansions・Block 7・Upper Floor・Flat C,,,--,552ft²,@$34,Centaline
26/9/2024,Yoho Town・Phase 1・Block 1・Lower Floor・Flat H,,,--,433ft²,@$32,Centaline
26/9/2024,Lai Tong Building・Block B・4/F・Flat B3,,$2.5M,,226ft²,"@$11,062",Land Registry
26/9/2024,Plover Cove Garden・Block B・2/F・Flat 7,,$5.2M,,561ft²,"@$9,269",Land Registry
26/9/2024,Hoi Lok Court・Block E (Hoi Tung House)・4/F・Flat 17,,$7.1M,--,629ft²,"@$11,288",Land Registry
26/9/2024,Mayfair By The Sea・II・Carpark・B/M・No.R339,,$2.23M,--,--,--,Land Registry
26/9/2024,Chelsea Court・Tower South (A2)・16/F・Flat A,,$5.7M,,464ft²,"@$12,284",Land Registry
26/9/2024,Kin Yick Building・1/F・Flat B,,$2M,--,399ft²,"@$5,013",Land Registry
26/9/2024,Full (Fu) Shing Building・7/F・Flat B,,$2.4M,,316ft²,"@$7,595",Land Registry
26/9/2024,One Princeton・2/F・Flat D,,$7.55M,--,423ft²,"@$17,839",Land Registry
26/9/2024,The Long Beach・Tower 6・36/F・Flat F,,$8.8M,,550ft²,"@$16,000",Land Registry
26/9/2024,Carado Garden・Block 4・3/F・Flat A,,$4.2M,--,482ft²,"@$8,714",Land Registry
26/9/2024,Tai Po Garden・Carpark・B/M・No.228,,"$600,000",--,--,--,Land Registry
26/9/2024,Yuccie Square・Tower 5・27/F・Flat G,,$5.97M,,428ft²,"@$13,949",Land Registry
26/9/2024,Ching Tao Court・35/F・Flat 15,,$1.32M,--,--,--,Land Registry
26/9/2024,On Sau Court・Block A・18/F・Flat 29,,$2.44M,--,--,--,Land Registry
26/9/2024,Po Sing Centre・Block B・12/F・Flat 4,,$3.7M,--,362ft²,"@$10,221",Land Registry
26/9/2024,Kingswood Villas・Phase 2 Sherwood Court・Block 4・13/F・Flat F,,$3.8M,,449ft²,"@$8,463",Land Registry
26/9/2024,Green Leaves Garden・Block A・11/F・Flat 4,,$3.2M,,305ft²,"@$10,492",Land Registry
26/9/2024,The Vertex・East Wing・30/F・Flat F,,$6M,,--,--,Land Registry
26/9/2024,Siu Shan Court・Hang King House (Block F)・8/F・Flat 4,,$3.5M,--,546ft²,"@$6,410",Land Registry
26/9/2024,Double Cove・Phase 2 Double Cove Starview・Block 21・16/F・Flat A,,$13.1M,,798ft²,"@$16,416",Land Registry
26/9/2024,Lockhart House・Block A・20/F・Flat 4,,$5.18M,,447ft²,"@$11,588",Land Registry
26/9/2024,The Ascent・21/F・Flat B,,$4.46M,,307ft²,"@$14,528",Land Registry
26/9/2024,Fu King Building・8/F・Flat B,,$1.62M,,166ft²,"@$9,759",Land Registry
26/9/2024,Supernova Stand・21/F・Flat B,,$5.08M,,322ft²,"@$15,776",Land Registry
26/9/2024,Cullinan West・Phase 3 Cullinan West Il・Tower 5A・31/F・Flat A,,$33.92M,,"1,509ft²","@$22,478",Land Registry
26/9/2024,Sky Tower・Block 3・31/F・Flat G,,$7.8M,,521ft²,"@$14,971",Land Registry
26/9/2024,Kt Marina・Phase 1・Tower 2A・11/F・Flat N,,$4.79M,--,288ft²,"@$16,628",Land Registry
26/9/2024,Kt Marina・Phase 1・Tower 2A・3/F・Flat N,,$4.67M,--,288ft²,"@$16,229",Land Registry
26/9/2024,Kt Marina・Phase 1・Tower 2A・2/F・Flat N,,$4.65M,--,288ft²,"@$16,153",Land Registry
26/9/2024,Kt Marina・Phase 1・Tower 2B・12/F・Flat G,,$7.03M,--,432ft²,"@$16,269",Land Registry
26/9/2024,Wing Shing House・1/F・Flat C (No. 19A),,$3.46M,--,375ft²,"@$9,227",Land Registry
26/9/2024,Wing Shing House・2/F・Flat A (No. 19),,$4.03M,--,447ft²,"@$9,016",Land Registry
26/9/2024,Nga Tsin Wai Building・6/F・Flat E,,$4.87M,--,581ft²,"@$8,382",Land Registry
26/9/2024,Park Signature・Tower 7・20/F・Flat D,,$5.7M,,701ft²,"@$8,131",Land Registry
26/9/2024,Kwong Wing Building・9/F・Flat 12A,,$2.9M,--,278ft²,"@$10,432",Land Registry
26/9/2024,La Grove・Block 1・1/F・Flat C,,$4.85M,,651ft²,"@$7,450",Land Registry
26/9/2024,Kt Marina・Phase 1・Tower 2B・11/F・Flat G,,$7.01M,--,432ft²,"@$16,234",Land Registry
26/9/2024,Novo Land・Phase 3B・Fiskars Tower 2A・35/F・Flat D,,$3.78M,--,292ft²,"@$12,954",Land Registry
26/9/2024,Kingswood Villas・Phase 6 Maywood Court・Block 7・28/F・Flat H,,$4.24M,,540ft²,"@$7,848",Land Registry
26/9/2024,Monaco・Phase 1・Tower 2B・31/F・Flat E,,$9.2M,,445ft²,"@$20,674",Land Registry
26/9/2024,The Gloucester・18/F・Flat B,,$8.5M,,342ft²,"@$24,854",Land Registry
26/9/2024,The Belchers・Phase 2・Tower 8・25/F・Flat A,,$17.08M,,900ft²,"@$18,978",Land Registry
26/9/2024,Ever Wealth Building・10/F・Flat A,,$4.2M,,344ft²,"@$12,209",Land Registry
26/9/2024,Lohas Park・Phase 2B Le Prime・Tower 6 - R Wing・45/F・Flat A,,$8.8M,,984ft²,"@$8,943",Land Registry
26/9/2024,Wetland Seasons Bay・Phase 3・Tower 6B・1/F・Flat A8,,$6.46M,--,407ft²,"@$15,881",Land Registry
26/9/2024,The Eldorado・Block 6・G/F・Flat C,,$5.98M,,616ft²,"@$9,708",Land Registry
26/9/2024,The Summa・Tower 2・29/F・Flat A,,$16.9M,,769ft²,"@$21,977",Land Registry
26/9/2024,Greenery Plaza・Block B・3/F・Flat 7,,$3.3M,,321ft²,"@$10,280",Land Registry
26/9/2024,Laguna City・Phase 4・Block 9・22/F・Flat C,,$5.85M,,517ft²,"@$11,315",Land Registry
26/9/2024,Kingswood Villas・Phase 7 Kenswood Court・Block 10・14/F・Flat B,,$4.85M,,630ft²,"@$7,698",Land Registry
26/9/2024,Sunshine City・Phase 4・Block M・26/F・Flat 3,,$5.14M,,363ft²,"@$14,154",Land Registry
26/9/2024,The Pavilia Forest・Phase 1 The Pavilia Forest I・Tower 5・16/F・Flat C,,$11.59M,--,560ft²,"@$20,693",Land Registry
26/9/2024,The Pavilia Forest・Phase 3 The Pavilia Forest III・Tower 1・28/F・Flat D,,$5.24M,--,263ft²,"@$19,909",Land Registry
26/9/2024,Kam Ming Building・3/F・Flat A,,$2.5M,--,580ft²,"@$4,310",Land Registry
26/9/2024,Cleveland Mansion・9/F・Flat A,,$14.37M,--,"1,206ft²","@$11,915",Land Registry
26/9/2024,Banyan Garden・Phase 3・Tower 6・50/F・Flat F,,$10.88M,,736ft²,"@$14,783",Land Registry
26/9/2024,The Haddon・27/F・Flat J,,$5.06M,--,262ft²,"@$19,326",Land Registry
26/9/2024,Wetland Seasons Bay・Phase 3・Tower 6A・7/F・Flat A2,,$6.36M,--,437ft²,"@$14,560",Land Registry
26/9/2024,Prince Central・11/F・Flat A,,$13.62M,--,436ft²,"@$31,238",Land Registry
26/9/2024,No. 133 Portofino・House 3,,$56.94M,--,"2,641ft²","@$21,560",Land Registry
26/9/2024,Ho Shun Lee Building・Block 1・16/F・Flat A,,$3.2M,--,356ft²,"@$8,989",Land Registry
26/9/2024,On Lai Court・Block C・24/F・Flat 4,,$3.36M,--,--,--,Land Registry
26/9/2024,Siu On Court・Ting On House (Block H)・8/F・Flat 3,,$3.51M,--,563ft²,"@$6,234",Land Registry
26/9/2024,Novo Land・Phase 3B・Fiskars Tower 2A・10/F・Flat J,,$4.87M,--,400ft²,"@$12,173",Land Registry
26/9/2024,Yu Chui Court・Yu Yin House (Block N)・24/F・Flat 6,,$5.82M,--,663ft²,"@$8,778",Land Registry
26/9/2024,Elly House・12/F・Flat F,,$2.86M,--,318ft²,"@$8,994",Land Registry
26/9/2024,Wing Hing Lung Building・8/F・No. 246/248,,$5.1M,,386ft²,"@$13,212",Land Registry
26/9/2024,K. City・Tower 1・25/F・Flat C,,$10.5M,--,679ft²,"@$15,464",Land Registry
26/9/2024,Hong Wah Court・Chung Hong House (Block C)・4/F・Flat 1,,$3M,--,380ft²,"@$7,895",Land Registry
26/9/2024,Heng Fa Chuen・Carpark・1/F (C/P BUILDING)・No.P142,,$1.3M,--,--,--,Land Registry
26/9/2024,Manhattan Avenue・25/F・Flat 1,,$7.5M,,419ft²,"@$17,900",Land Registry
26/9/2024,Tak Tin Estate・Tak Shing House (Block 7)・34/F・Flat 31,,$2.3M,--,443ft²,"@$5,192",Land Registry
26/9/2024,Yue Yee Mansion・2/F・No. 88,,$3.25M,--,569ft²,"@$5,712",Land Registry
26/9/2024,Taikoo Shing・Tsui Woo Terrace・(T-01) Tung Ting Mansion・27/F・Flat E,,$5.8M,,489ft²,"@$11,861",Land Registry
26/9/2024,Fat Cheong Building・1/F・Flat F (No. 71),,$3.3M,--,464ft²,"@$7,112",Land Registry
26/9/2024,Residence Oasis・Tower 2・27/F・Flat G,,$6.6M,,509ft²,"@$12,967",Land Registry
26/9/2024,Monaco・Phase 1・Tower 2B・7/F・Flat E,,$8.25M,,--,--,Land Registry
26/9/2024,Park Central・Phase 1・Tower 6・27/F・Flat F,,$8.6M,,680ft²,"@$12,647",Land Registry
26/9/2024,Ocean Shores・Phase 3・Tower 11・6/F・Flat G,,$6.2M,,499ft²,"@$12,425",Land Registry
26/9/2024,Harmony Place・25/F・Flat G,,$8M,,508ft²,"@$15,748",Land Registry
26/9/2024,Park Central・Phase 1・Tower 8・12/F・Flat C,,$5.6M,,406ft²,"@$13,793",Land Registry
26/9/2024,Park Island・Phase 1・Block 9・15/F・Flat H,,$5.07M,,537ft²,"@$9,441",Land Registry
26/9/2024,Tai On Building・3/F・Flat 19,,$2.68M,--,352ft²,"@$7,614",Land Registry
26/9/2024,Rambler Crest・Tower 1・47/F・Flat H,,$5.36M,,451ft²,"@$11,885",Land Registry
26/9/2024,Kwong Ming Court・Kwong Lung House (Block B)・17/F・Flat 7,,$3.2M,--,433ft²,"@$7,390",Land Registry
26/9/2024,Jubilee Garden・Block 6・29/F・Flat G,,$5.2M,--,510ft²,"@$10,196",Land Registry
26/9/2024,City Garden・Carpark・1/F・No.11,,"$990,000",--,--,--,Land Registry
26/9/2024,Pictorial Garden・Phase 2・Elegant Court (Block C)・18/F・Flat C,,$11.38M,,"1,119ft²","@$10,170",Land Registry
26/9/2024,Discovery Bay・Phase 4-Peninsula Vl Capeland・Cherish Court・9/F・Flat C,,$5.8M,--,708ft²,"@$8,192",Land Registry
26/9/2024,Festival City・Phase 1・Tower 2・35/F・Flat Nb,,$11.2M,,785ft²,"@$14,268",Land Registry
26/9/2024,Nan Fung Sun Chuen・Block 1・7/F・Flat D,,$5.25M,--,516ft²,"@$10,174",Land Registry
26/9/2024,San Wai Court・San Yin House (Block A)・1/F・Flat 2,,$6M,--,554ft²,"@$10,830",Land Registry
26/9/2024,Garden Terrace・No. 3 (Block 3)・15/F・Flat B,,$86M,,"2,828ft²","@$30,410",Land Registry
26/9/2024,King Shan Court・King Kui House (Block C)・28/F・Flat 2,,$4.5M,--,568ft²,"@$7,923",Land Registry
26/9/2024,Hamburg Villa・2/F・Flat 5,,$12.5M,--,"1,077ft²","@$11,606",Land Registry
26/9/2024,Joyful Villas・Block 2・17/F・Flat 7,,$5.18M,,584ft²,"@$8,870",Land Registry
26/9/2024,Caine Building・8/F・Flat D,,$5.53M,,436ft²,"@$12,683",Land Registry
26/9/2024,Harbour Green・Tower 5・26/F・Flat F,,$9.25M,,541ft²,"@$17,098",Land Registry
26/9/2024,Hung Fuk Court・Hung Lai House (Block A)・21/F・Flat 2,,$3.38M,--,559ft²,"@$6,047",Land Registry
26/9/2024,Peak One・Phase 2 Sky One・Sky One・3/F・Flat B05,,$4.8M,,415ft²,"@$11,566",Land Registry
26/9/2024,Cambridge Building・20/F・Flat 12,,$3M,--,410ft²,"@$7,317",Land Registry
26/9/2024,Choi Wo Court・4/F・Flat 2,,$3M,--,405ft²,"@$7,407",Land Registry
26/9/2024,Valais・Lausanne Avenue House 10,,$17.8M,,"1,822ft²","@$9,769",Land Registry
26/9/2024,Full Scene Garden・Block 1・18/F・Flat G,,$3.8M,,432ft²,"@$8,796",Land Registry
26/9/2024,El Futuro・Tower 1・7/F・Flat F,,$6.8M,,483ft²,"@$14,079",Land Registry
26/9/2024,Rhythm Garden・Block 5・11/F・Flat B,,$6.18M,--,591ft²,"@$10,457",Land Registry
26/9/2024,Whampoa Garden・Phase 5 Oak Mansions・Block 9・12/F・Flat H,,$6.28M,,503ft²,"@$12,485",Land Registry
26/9/2024,Cullinan West・Phase 2A・Tower 2B・35/F・Flat J,,$7.3M,,381ft²,"@$19,160",Land Registry
26/9/2024,La Lumiere・3/F・Flat D,,$6.43M,,429ft²,"@$14,988",Land Registry
26/9/2024,Cullinan West・Phase 3 Cullinan West Il・Tower 3B・27/F・Flat D,,$9.38M,,436ft²,"@$21,514",Land Registry
26/9/2024,Larchwood・15/F・Flat E,,$3.89M,--,202ft²,"@$19,248",Land Registry
26/9/2024,South Horizons・Phase 4 The Oasis・Eaton Court (Block 26)・28/F・Flat F,,$9.68M,,743ft²,"@$13,028",Land Registry
26/9/2024,Kt Marina・Phase 1・Tower 2A・9/F・Flat D,,$9.64M,--,534ft²,"@$18,058",Land Registry
26/9/2024,Shun Lee Mansion・9/F・No. 155,,$7M,,548ft²,"@$12,774",Land Registry
26/9/2024,Dragons Range・Court C Tower 1・1/F・Flat C,,$8.38M,,809ft²,"@$10,358",Land Registry
26/9/2024,Hang Shing Building・6/F・Flat C,,$2.93M,--,340ft²,"@$8,618",Land Registry
26/9/2024,Tai Po Plaza・Yee Fai Court (Block 2)・9/F・Flat E,,$3.4M,--,390ft²,"@$8,718",Land Registry
26/9/2024,Hoi Tak Gardens・Block 3・7/F・Flat B,,$3.45M,,325ft²,"@$10,615",Land Registry
26/9/2024,The Bloomsway・The Laguna Tower 2・16/F・Flat C,,$6M,--,607ft²,"@$9,885",Land Registry
26/9/2024,Ellery Terrace・23/F・Flat F,,$9.9M,,949ft²,"@$10,432",Land Registry
26/9/2024,Whampoa Garden・Phase 4 Palm Mansions・Block 2・15/F・Flat G,,$6.8M,--,647ft²,"@$10,510",Land Registry
26/9/2024,Sorrento・Phase 2・Block 2・37/F・Flat H,,$17M,--,874ft²,"@$19,451",Land Registry
26/9/2024,Kai King Mansion・5/F・Flat A,,$4.53M,,368ft²,"@$12,310",Land Registry
26/9/2024,Tsuen King Garden・Phase 1・Block 7・12/F・Flat C,,$4.49M,,428ft²,"@$10,486",Land Registry
26/9/2024,King Lam Estate・King Chung House (Block 1)・12/F・Flat 6,,"$583,700",--,--,--,Land Registry
26/9/2024,New Haven・Tower 2・27/F・Flat A,,$9.48M,,731ft²,"@$12,969",Land Registry
26/9/2024,Hoi Fu Court・Hoi Ning House (Block A)・21/F・Flat 4,,$4.7M,--,541ft²,"@$8,688",Land Registry
26/9/2024,Shan Lai Court・Block E・34/F・Flat 10,,$3.15M,--,385ft²,"@$8,182",Land Registry
26/9/2024,Cheung Wah Estate・Cheung Chung House・15/F・Flat 11,,$1.07M,--,277ft²,"@$3,863",Land Registry
26/9/2024,Dragons Range・Court C Tower 2・6/F・Flat E,,$6.5M,,692ft²,"@$9,393",Land Registry
26/9/2024,19 Hok Ling Street・6/F・No. 19,,$3.5M,,473ft²,"@$7,400",Land Registry
26/9/2024,King Lam Estate・King Tao House (Block 6)・17/F・Flat 5,,"$990,000",--,264ft²,"@$3,750",Land Registry
26/9/2024,Tak Tin Estate・Tak Yee House (Block 3)・10/F・Flat 12,,$2M,--,443ft²,"@$4,515",Land Registry
26/9/2024,Ming Hing Building・5/F・No. 270,,$4.5M,--,532ft²,"@$8,459",Land Registry
26/9/2024,Amoy Gardens・Phase 3・Block O・22/F・Flat 6,,$4.15M,--,356ft²,"@$11,657",Land Registry
26/9/2024,Emerald Green・Block 1・26/F・Flat A,,$6M,,580ft²,"@$10,345",Land Registry
26/9/2024,Hanford Garden・Block 3・23/F・Flat F,,$5.5M,,624ft²,"@$8,814",Land Registry
26/9/2024,Ka Wai Chuen・Ka Shing Lau (Block 7)・23/F・Flat F,,$4.28M,--,531ft²,"@$8,060",Land Registry
26/9/2024,Richwood Park・Carpark・LCP・No.22,,"$820,000",--,--,--,Land Registry
26/9/2024,Mei Foo Sun Chuen・Phase 8・126-128 Broadway・7/F・Flat B No. 128,,$5.9M,,670ft²,"@$8,806",Land Registry
26/9/2024,The Blossom・Phase 2・Block 5,,$5.9M,--,--,--,Land Registry
26/9/2024,Yue Man Centre・Block 1・4/F・Flat C,,$5M,--,588ft²,"@$8,503",Land Registry
26/9/2024,2B Second Street・5/F・No. 2B,,$5.2M,,305ft²,"@$17,049",Land Registry
26/9/2024,10 Yiu Wa Street・5/F・No. 10,,$7.5M,,425ft²,"@$17,647",Land Registry
26/9/2024,31 Staunton Street・5/F・No. 31,,$6.08M,--,321ft²,"@$18,941",Land Registry
26/9/2024,Ming Hing House・5/F・Flat A,,$5.2M,--,280ft²,"@$18,571",Land Registry
26/9/2024,Aberdeen Centre・Kong Tai Court (Block H)・9/F・Flat 3,,$4.6M,,448ft²,"@$10,268",Land Registry
26/9/2024,Chi Hang Building・9/F・Flat D,,$4.85M,,692ft²,"@$7,009",Land Registry
26/9/2024,The Horizon・Court B Tower 1・12/F・Flat C,,$19.61M,--,"1,179ft²","@$16,629",Land Registry
26/9/2024,Larchwood・18/F・Flat C,,$4.09M,--,203ft²,"@$20,138",Land Registry
26/9/2024,Holford Gardens・Fook Hey Court (Block 2)・14/F・Flat J,,$4.18M,--,497ft²,"@$8,410",Land Registry
26/9/2024,One Victoria・Tower 2B・3/F・Flat H,,$5.91M,--,349ft²,"@$16,946",Land Registry
26/9/2024,Luen Wai Apartment・14/F・Flat 5,,$2.98M,--,328ft²,"@$9,085",Land Registry
26/9/2024,Wai Wah Centre・Block 3・7/F・Flat E,,$4.8M,,358ft²,"@$13,408",Land Registry
26/9/2024,Castello・Block 8・11/F・Flat H,,$5.5M,,547ft²,"@$10,055",Land Registry
26/9/2024,The Horizon・Court D Tower 2・9/F・Flat B,,$25M,--,"1,363ft²","@$18,342",Land Registry
26/9/2024,Grand Del Sol・Block 7・3/F・Flat E,,$6.28M,,748ft²,"@$8,396",Land Registry
26/9/2024,Saddle Ridge Garden・Block 12・3/F・Flat B,,$4.6M,--,591ft²,"@$7,783",Land Registry
26/9/2024,East Point City・Block 5・5/F・Flat E,,$5.68M,,524ft²,"@$10,840",Land Registry
26/9/2024,Garden Crescent・8/F・Flat C,,$9.33M,--,494ft²,"@$18,889",Land Registry
26/9/2024,Tai Po Centre・Phase 4・Block 9・24/F・Flat A,,$5.2M,,451ft²,"@$11,530",Land Registry
26/9/2024,Tsuen Cheong Centre・Cheong Ning Building・5/F・Flat H,,$4.38M,,368ft²,"@$11,902",Land Registry
26/9/2024,Tin Shing Court・Shing Chuen House (Block O)・29/F・Flat 2,,$4.9M,--,650ft²,"@$7,538",Land Registry
26/9/2024,Rhythm Garden・Block 5・18/F・Flat J,,$5.98M,--,588ft²,"@$10,170",Land Registry
26/9/2024,The Spectra・Tower 1・19/F・Flat B,,$3.73M,,246ft²,"@$15,163",Land Registry
26/9/2024,Iau Kin Building・3/F・Flat 5,,$2.85M,,327ft²,"@$8,716",Land Registry
26/9/2024,Mei Foo Sun Chuen・Phase 6・25-27 Nassau Street・8/F・Flat D No. 27,,$6.5M,--,717ft²,"@$9,066",Land Registry
26/9/2024,Melody Garden・Block 1・4/F・Flat B,,$3.8M,--,591ft²,"@$6,430",Land Registry
26/9/2024,Larchwood・22/F・Flat A,,$5.19M,--,250ft²,"@$20,752",Land Registry
26/9/2024,Wang Fuk Court・Wang Tao House (Block B)・1/F・Flat 4,,$3.22M,--,447ft²,"@$7,199",Land Registry
26/9/2024,Yuet Wu Villa・Block 8・19/F・Flat H,,$4.1M,--,592ft²,"@$6,926",Land Registry
26/9/2024,Tin Chung Court・Chung Toi House (Block B)・18/F・Flat 6,,$4.32M,--,650ft²,"@$6,646",Land Registry
26/9/2024,Aberdeen Centre・Kwun Hoi Court (Block S)・10/F・Flat 1,,$8M,--,721ft²,"@$11,096",Land Registry
26/9/2024,Man Cheong Building・13/F・Flat 45,,$4.6M,,501ft²,"@$9,182",Land Registry
26/9/2024,Fa Yuen Plaza・9/F・Flat B,,$3.3M,,214ft²,"@$15,411",Land Registry
26/9/2024,Vista Paradiso・Phase 1・Tower 10・29/F・Flat B,,$10.8M,,"1,093ft²","@$9,881",Land Registry
26/9/2024,Ocean Pointe・Carpark・2/F・No.18,,"$780,000",--,--,--,Land Registry
26/9/2024,Royal Peninsula・Block 5・37/F・Flat C,,$21.8M,,950ft²,"@$22,947",Land Registry
26/9/2024,Bondlane II・9/F・Flat S2,,$9.23M,--,365ft²,"@$25,296",Land Registry
26/9/2024,Bondlane II・11/F・Flat S2,,$9.33M,--,365ft²,"@$25,553",Land Registry
26/9/2024,Causeway Centre・Block B・19/F・Flat 2,,$5.06M,,302ft²,"@$16,755",Land Registry
26/9/2024,Richland Gardens・Block 4・16/F・Flat E,,$4.86M,--,540ft²,"@$9,000",Land Registry
26/9/2024,Fok On Building・Block A・4/F・Flat A4,,$2.8M,,319ft²,"@$8,777",Land Registry
26/9/2024,25-27 Un Chau Street・3/F・No. 25A (Flat C),,$2.03M,--,425ft²,"@$4,776",Land Registry
26/9/2024,Riviera Gardens・Hoi Ngan Mansion (Block 4)・23/F・Flat F,,$5M,,497ft²,"@$10,060",Land Registry
26/9/2024,Yoho Town・Phase 2 Yoho Midtown・Block M7・35/F・Flat C,,$14.36M,,"1,026ft²","@$13,996",Land Registry
26/9/2024,Star Crest・Tower 2・29/F・Flat E,,$15.28M,,578ft²,"@$26,436",Land Registry
25/9/2024,Yue Fai Court・Tin Fai House (Block F)・Upper Floor・Flat 6,,$3.7M,--,384ft²,"@$9,635",Centaline
25/9/2024,Island Harbourview・Tower 10・Lower Floor・Flat B,,$13.98M,--,786ft²,"@$17,786",Centaline
25/9/2024,Lake Silver・Tower 7・Upper Floor・Flat B,,,--,762ft²,@$31,Centaline
25/9/2024,Belvedere Garden・Phase 3・Block 6・Upper Floor・Flat C,,,--,742ft²,@$30,Centaline
25/9/2024,Manor Hill・Tower 1・Upper Floor・Flat A9,,,--,300ft²,@$52,Centaline
25/9/2024,The Esplanade・Upper Floor・Flat E,,,--,451ft²,@$39,Centaline
25/9/2024,Regency Bay・Phase 2・Tower 1・Upper Floor・Flat S,,,--,258ft²,@$43,Centaline
25/9/2024,Lake Silver・Tower 1・Upper Floor・Flat C,,,--,887ft²,@$35,Centaline
25/9/2024,Discovery Bay・Phase 11 Siena One・Crestline Mansion (Block M1)・Middle Floor・Flat A,,,--,809ft²,@$32,Centaline
25/9/2024,Sky Tower・Block 1・Middle Floor・Flat E,,,--,452ft²,@$42,Centaline
25/9/2024,The Latitude・Tower 6・Middle Floor・Flat D,,,--,549ft²,@$44,Centaline
25/9/2024,Grand Central・Phase 2・Tower 3・Lower Floor・Flat J,,,--,499ft²,@$44,Centaline
25/9/2024,Metro Harbour View・Phase 2・Tower 9・Upper Floor・Flat E,,,--,371ft²,@$43,Centaline
25/9/2024,"Fairview Park・Section I, 5Th Street",,,--,848ft²,@$27,Centaline
25/9/2024,Bellagio・Phase 3・Tower 1・Upper Floor・Flat F,,,--,567ft²,@$30,Centaline
25/9/2024,Centre Place・Lower Floor・Flat B,,,--,578ft²,@$50,Centaline
25/9/2024,Heng Fa Villa・Block 2・Lower Floor・Flat C,,,--,"1,046ft²",@$42,Centaline
25/9/2024,Hong Kong Garden・Phase 1・Admiralty Heights (Block 5)・Lower Floor・Flat F,,,--,365ft²,@$30,Centaline
25/9/2024,One South Lane・Upper Floor・Flat 2,,,--,244ft²,@$74,Centaline
25/9/2024,Kornhill・Block P (Flat 9 - 16)・Middle Floor・Flat 12,,,--,616ft²,@$39,Centaline
25/9/2024,The Zenith・Phase 1・Tower 3・Upper Floor・Flat D,,,--,498ft²,@$54,Centaline
25/9/2024,Aquila.Square Mile・Tower 1・Upper Floor・Flat M,,,--,197ft²,@$69,Centaline
25/9/2024,The Quinn ‧ Square Mile・Tower 1・Middle Floor・Flat B,,,--,280ft²,@$57,Centaline
25/9/2024,Lohas Park・Phase 5A Malibu・Tower 2A・Middle Floor・Flat E,,,--,575ft²,@$40,Centaline
25/9/2024,Mei Foo Sun Chuen・Phase 5・2-4 Nassau Street・Lower Floor・Flat B No. 2,,,--,715ft²,@$37,Centaline
25/9/2024,Laguna City・Phase 4・Block 19・Middle Floor・Flat E,,,--,661ft²,@$30,Centaline
25/9/2024,Grand Victoria・Phase 1・Tower 3B・Middle Floor・Flat B,,,--,312ft²,@$61,Centaline
25/9/2024,The Quinn ‧ Square Mile・Tower 1・Lower Floor・Flat M,,,--,269ft²,@$56,Centaline
25/9/2024,Koko Hills・Phase 3A Koko Rosso・Tower 6・Middle Floor・Flat J,,,--,301ft²,@$50,Centaline
25/9/2024,One East Coast・Tower 1B・Middle Floor・Flat J,,,--,278ft²,@$56,Centaline
25/9/2024,The Waterfront・Phase 2・Tower 7・Lower Floor・Flat B,,,--,941ft²,@$40,Centaline
25/9/2024,Amoy Gardens・Phase 1・Block B・Lower Floor・Flat 2,,,--,390ft²,@$41,Centaline
25/9/2024,Grand Victoria・Phase 2・Tower 3 (3B)・Lower Floor・Flat D,,,--,315ft²,@$63,Centaline
25/9/2024,Aquila.Square Mile・Tower 1・Lower Floor・Flat D,,,--,256ft²,@$62,Centaline
25/9/2024,The Horizon・Court B Tower 2・Middle Floor・Flat F,,,--,788ft²,@$29,Centaline
25/9/2024,Grand Austin・Tower 5A・Upper Floor・Flat B,,,--,580ft²,@$67,Centaline
25/9/2024,The Hermitage・Tower 2・Upper Floor・Flat A,,,--,"1,174ft²",@$47,Centaline
25/9/2024,Imperial Cullinan・Tower 8・Lower Floor・Flat A,,,--,"1,225ft²",@$42,Centaline
25/9/2024,Parkview Court・Middle Floor・Flat C,,,--,292ft²,@$34,Centaline
25/9/2024,Yoho Town・Phase 1・Block 5・Upper Floor・Flat B,,,--,393ft²,@$35,Centaline
25/9/2024,Ontolo・Tower 9B・Middle Floor・Flat F,,,--,393ft²,@$41,Centaline
25/9/2024,City One Shatin・Site 2・Block 20・Upper Floor・Flat F,,,--,451ft²,@$33,Centaline
25/9/2024,Mayfair Gardens・Block 10・Middle Floor・Flat D,,,--,564ft²,@$32,Centaline
25/9/2024,Rambler Crest・Tower 3・Middle Floor・Flat E,,,--,--,--,Centaline
25/9/2024,Scenic Heights・Block 2・Middle Floor・Flat B,,,--,597ft²,@$46,Centaline
25/9/2024,Park Island・Phase 5 Oceancrest・Tower 27・Middle Floor・Flat C,,,--,574ft²,@$29,Centaline
25/9/2024,Yoho Town・Phase 2 Yoho Midtown・Block M3・Middle Floor・Flat H,,,--,443ft²,@$38,Centaline
25/9/2024,Villa Pinada,,,--,"1,202ft²",@$27,Centaline
25/9/2024,Mount Regency・Phase 1・Tower 1A・Middle Floor・Flat G,,,--,414ft²,@$34,Centaline
25/9/2024,Mount Regalia・Tower 8・Middle Floor・Flat A,,,--,"1,562ft²",@$35,Centaline
25/9/2024,Kingswood Villas・Phase 5 Lynwood Court・Block 8・Lower Floor・Flat E,,,--,446ft²,@$22,Centaline
25/9/2024,Tai Hing Gardens・Phase 2・Tower 8・Lower Floor・Flat B,,,--,447ft²,@$25,Centaline
25/9/2024,The Visionary・Tower 8・Lower Floor・Flat A,,,--,"1,033ft²",@$30,Centaline
25/9/2024,Century Link・Phase 2・Tower 2B・Lower Floor・Flat 10,,,--,380ft²,@$41,Centaline
25/9/2024,The Paragon・Block 12・Upper Floor・Flat B,,,--,"1,109ft²",@$21,Centaline
25/9/2024,Vibe Centro・Tower 1B・Middle Floor・Flat D,,,--,358ft²,@$52,Centaline
25/9/2024,Koko Hills・Phase 3A Koko Rosso・Tower 7・Upper Floor・Flat J,,,--,441ft²,@$44,Centaline
25/9/2024,Bella Vista・Upper Floor・Flat B,,,--,383ft²,@$64,Centaline
25/9/2024,The Yoho Hub・Phase C The Yoho Hub II・Tower 8・Middle Floor・Flat D,,,--,463ft²,@$40,Centaline
25/9/2024,Sol City・Tower 3・Middle Floor・Flat D,,,--,322ft²,@$48,Centaline
25/9/2024,Wetland Seasons Park・Phase 1・Tower 6・Upper Floor・Flat A1,,,--,463ft²,@$28,Centaline
25/9/2024,Wetland Seasons Bay・Phase 3・Tower 6A・Middle Floor・Flat C3,,,--,434ft²,@$30,Centaline
25/9/2024,Wetland Seasons Bay・Phase 2・Tower 1A・Lower Floor・Flat C2,,,--,383ft²,@$35,Centaline
25/9/2024,Ying Ming Court・Ming Tat House (Block C)・Lower Floor・Flat 9,,,--,554ft²,@$27,Centaline
25/9/2024,Caribbean Coast・Phase 3 Carmel Cove・Tower 11・Lower Floor・Flat E,,,--,544ft²,@$34,Centaline
25/9/2024,The Visionary・Tower 5・Upper Floor・Flat B,,,--,974ft²,@$33,Centaline
25/9/2024,Tai Po Centre・Phase 6・Block 12・4/F・Flat B,,$3.59M,--,391ft²,"@$9,169",Land Registry
25/9/2024,Mount Haven・Carpark・1/F・No.P260,,"$550,000",--,--,--,Land Registry
25/9/2024,Yu Tung Court・Hor Tung House (Block B)・16/F・Flat 4,,$3.95M,--,539ft²,"@$7,328",Land Registry
25/9/2024,Finery Park・Block 2・3/F・Flat D,,$4.48M,,420ft²,"@$10,667",Land Registry
25/9/2024,Coral Court・Block B4 - B6・5/F・Block B5,,$10.05M,--,877ft²,"@$11,460",Land Registry
25/9/2024,Royal Ascot・Phase 1・Block 3・23/F・Flat D,,$8.08M,,676ft²,"@$11,953",Land Registry
25/9/2024,Wo Fung House・1/F・Flat B,,$1.65M,,221ft²,"@$7,466",Land Registry
25/9/2024,Laguna City・Phase 2・Block 24・13/F・Flat G,,$5.5M,,517ft²,"@$10,638",Land Registry
25/9/2024,Ching Tao Court・11/F・Flat 8,,$1.65M,--,--,--,Land Registry
25/9/2024,Kam Pak Court・Block C・18/F・Flat 4,,"$940,400",--,--,--,Land Registry
25/9/2024,On Sau Court・Block A・3/F・Flat 1,,$2.89M,--,--,--,Land Registry
25/9/2024,Greenwood Garden・Block A・23/F・Flat 7,,$3.15M,,280ft²,"@$11,250",Land Registry
25/9/2024,Grandview Garden・Block 1・5/F・Flat B,,$4.97M,,350ft²,"@$14,200",Land Registry
25/9/2024,Healthy Gardens・Block D・18/F・Flat 2,,$5.65M,--,456ft²,"@$12,390",Land Registry
25/9/2024,Tsuen Wan Centre・Block 7 (Shanghai House)・29/F・Flat C,,$3.84M,,425ft²,"@$9,035",Land Registry
25/9/2024,Abba House・Block A・7/F・Flat 5,,$5.4M,--,450ft²,"@$12,000",Land Registry
25/9/2024,May Shing Court・Yat Shing House (Block B)・32/F・Flat 15,,$4M,--,381ft²,"@$10,499",Land Registry
25/9/2024,Wang Fu Court・9/F・Flat 16,,$3M,--,435ft²,"@$6,897",Land Registry
25/9/2024,Wing Shing House・5/F・Flat A (No. 19),,$3.8M,,447ft²,"@$8,501",Land Registry
25/9/2024,Wing Shing House・6/F・Flat B (No. 21),,$3.66M,--,439ft²,"@$8,337",Land Registry
25/9/2024,Monte Vista・Block 2・10/F・Flat C,,$7.5M,,816ft²,"@$9,191",Land Registry
25/9/2024,Residence Oasis・Tower 2・46/F・Flat A,,$10.7M,,742ft²,"@$14,420",Land Registry
25/9/2024,Whampoa Garden・Phase 2 Cherry Mansions・Block 17・10/F・Flat B,,$5.25M,--,389ft²,"@$13,496",Land Registry
25/9/2024,Montego Bay・Tower 3・27/F・Flat D,,$8.66M,--,517ft²,"@$16,750",Land Registry
25/9/2024,Regentville・Phase 1・Block 1・7/F・Flat C,,$5.68M,,607ft²,"@$9,357",Land Registry
25/9/2024,Tai Fat Building・8/F・Flat A,,$4.1M,--,428ft²,"@$9,579",Land Registry
25/9/2024,Wing Fung Building・8/F・No. 224,,$3M,--,615ft²,"@$4,878",Land Registry
25/9/2024,Man Fuk Building・Carpark・NO.40・No.14,,"$800,000",--,--,--,Land Registry
25/9/2024,Regentville・Phase 1・Block 1・25/F・Flat C,,$6.82M,,607ft²,"@$11,231",Land Registry
25/9/2024,Pictorial Garden・Phase 2・Galaxy Court (Block A)・14/F・Flat F,,$7.68M,,839ft²,"@$9,154",Land Registry
25/9/2024,Whampoa Estate・Lok Wing Building (Block M)・4/F・Flat 1,,$4.18M,,413ft²,"@$10,121",Land Registry
25/9/2024,King Moon Heights・8/F・Flat F,,$3M,,309ft²,"@$9,709",Land Registry
25/9/2024,Monte Vista・Carpark・BM3・No.91,,"$890,000",--,--,--,Land Registry
25/9/2024,Phoenix Court・Block A・4/F・Flat A1,,$12M,,976ft²,"@$12,295",Land Registry
25/9/2024,Tsuen Wan Town Square・Carpark・B/M・No.24,,"$950,000",--,--,--,Land Registry
25/9/2024,"Fairview Park・Section H, 3Rd Street・No. 13 (S.H Ss. 52)",,$11M,,"1,035ft²","@$10,628",Land Registry
25/9/2024,Shatin Centre・Sun Ning Building (Block G)・12/F・Flat F,,$4M,,297ft²,"@$13,468",Land Registry
25/9/2024,One New York・16/F・Flat F,,$6.5M,,461ft²,"@$14,100",Land Registry
25/9/2024,Novo Land・Phase 3B・Fiskars Tower 1・8/F・Flat L,,$6.38M,--,512ft²,"@$12,454",Land Registry
25/9/2024,Mount Regency・Phase 1・Tower 1B・26/F・Flat A,,$8.53M,--,468ft²,"@$18,235",Land Registry
25/9/2024,Villa Lucca・Tower 12,,$46.2M,--,"2,155ft²","@$21,439",Land Registry
25/9/2024,St Michel・Phase 2・King Tower 2・18/F・Flat A,,$19.34M,--,"1,060ft²","@$18,243",Land Registry
25/9/2024,Tin Heung Garden House・9/F・Flat C,,$4.18M,--,510ft²,"@$8,196",Land Registry
25/9/2024,The Grandiose・Block 2・55/F・Flat G,,$6.68M,,438ft²,"@$15,251",Land Registry
25/9/2024,Manor Hill・Tower 2・35/F・Flat C5,,$4.28M,--,222ft²,"@$19,293",Land Registry
25/9/2024,Midland Centre・Block A・17/F・Flat 1,,$4.5M,,285ft²,"@$15,789",Land Registry
25/9/2024,Long Ping Estate・Po Ping House・20/F・Flat 2,,$1.65M,--,443ft²,"@$3,725",Land Registry
25/9/2024,Hong Kong Garden・Phase 2・Carmel Heights (Block 7)・21/F・Flat C,,$5.2M,,715ft²,"@$7,273",Land Registry
25/9/2024,Princess Terrace・16/F・Flat E,,$18.5M,,"1,259ft²","@$14,694",Land Registry
25/9/2024,Shan King Estate・King Mei House (Block 8)・14/F・Flat B5,,"$930,000",--,287ft²,"@$3,240",Land Registry
25/9/2024,Des Voeux W Residence・28/F・Flat F,,$6.56M,--,278ft²,"@$23,606",Land Registry
25/9/2024,Greenwood Terrace・Carpark・2/F・No.195,,"$960,000",--,--,--,Land Registry
25/9/2024,St Michel・Phase 2・King Tower 2・26/F・Flat King Mansion,,$64.58M,--,"2,504ft²","@$25,790",Land Registry
25/9/2024,Sheung Man Court・30/F・Flat 10,,$3M,--,292ft²,"@$10,274",Land Registry
25/9/2024,Discovery Bay・Phase 8-La Costa・Block 20,,$10.8M,,929ft²,"@$11,625",Land Registry
25/9/2024,Taikoo Shing・Kam Din Terrace・(T-23) Hsia Kung Mansion・13/F・Flat B,,$7.96M,,580ft²,"@$13,724",Land Registry
25/9/2024,Ching Tao Court・33/F・Flat 22,,$1.89M,--,--,--,Land Registry
25/9/2024,Ching Tao Court・29/F・Flat 10,,$2.16M,--,--,--,Land Registry
25/9/2024,Island Harbourview・Carpark・G/F・No.G151,,$1.48M,--,--,--,Land Registry
25/9/2024,Laguna Verde・Phase 2 Villa Verde・Tower 7・5/F・Flat G,,$6.75M,,541ft²,"@$12,477",Land Registry
25/9/2024,Harbour Place・Carpark・5/F・No.545,,$1.35M,--,--,--,Land Registry
25/9/2024,Kam Ying Court・Kam Nga House (Block H)・1/F・Flat 7,,$4.2M,--,645ft²,"@$6,512",Land Registry
25/9/2024,Lohas Park・Phase 1 The Capitol・Madrid (Tower 2 - R Wing)・27/F・Flat C,,$7.38M,,679ft²,"@$10,869",Land Registry
25/9/2024,Kensington Hill・Carpark・1/F・No.7,,$2.82M,--,--,--,Land Registry
25/9/2024,Shan Lai Court・Block A・14/F・Flat 11,,$2.76M,--,385ft²,"@$7,169",Land Registry
25/9/2024,Park Central・Phase 2・Tower 3・39/F・Flat D,,$6.68M,,465ft²,"@$14,366",Land Registry
25/9/2024,23 Wing Yiu Street・3/F・No. 23,,$2.45M,--,385ft²,"@$6,364",Land Registry
25/9/2024,The Pavilia Forest・Phase 3 The Pavilia Forest III・Tower 1・17/F・Flat F,,$6.84M,--,382ft²,"@$17,914",Land Registry
25/9/2024,After The Rain・22/F・Flat J,,$7.1M,--,592ft²,"@$11,993",Land Registry
25/9/2024,Crescendo・Firenze Viale House 3,,$15.68M,,"1,638ft²","@$9,573",Land Registry
25/9/2024,Alto Residences・Carpark・2/F・No.82,,$2.2M,--,--,--,Land Registry
25/9/2024,Festival City・Phase 3・Tower 2・52/F・Flat Nd,,$13.28M,,757ft²,"@$17,543",Land Registry
25/9/2024,Monaco One・Phase 1・Tower 2B・33/F・Flat F,,$6.16M,,328ft²,"@$18,780",Land Registry
25/9/2024,Suncrest Tower・11/F・Flat B,,$29.8M,,"1,646ft²","@$18,104",Land Registry
25/9/2024,Lohas Park・Phase 12B Park Seasons・Tower 2 (2B)・18/F・Flat D,,$6.36M,--,437ft²,"@$14,545",Land Registry
25/9/2024,Lohas Park・Phase 12B Park Seasons・Tower 2 (2B)・18/F・Flat B,,$4.6M,--,314ft²,"@$14,634",Land Registry
25/9/2024,Onmantin・Phase 2A・Tower 1・10/F・Flat F,,$10.42M,--,482ft²,"@$21,610",Land Registry
25/9/2024,Onmantin・Phase 2A・Tower 3・9/F・Flat E,,$9.99M,--,490ft²,"@$20,378",Land Registry
25/9/2024,Onmantin・Phase 2A・Tower 3・11/F・Flat D,,$12.86M,--,629ft²,"@$20,444",Land Registry
25/9/2024,Onmantin・Phase 2A・Tower 3・10/F・Flat D,,$12.8M,--,629ft²,"@$20,342",Land Registry
25/9/2024,Onmantin・Phase 2A・Tower 3・9/F・Flat D,,$12.81M,--,629ft²,"@$20,366",Land Registry
25/9/2024,Onmantin・Phase 2A・Tower 1・10/F・Flat D,,$13.9M,--,636ft²,"@$21,855",Land Registry
25/9/2024,Park Central・Phase 3・Central Heights (Tower 13)・6/F・Flat D,,$6.47M,,465ft²,"@$13,914",Land Registry
25/9/2024,Lung Poon Court・Lung Wan House (Block G)・28/F・Flat 5,,$3.28M,--,401ft²,"@$8,180",Land Registry
25/9/2024,Residence Oasis・Tower 2・22/F・Flat A,,$9M,,742ft²,"@$12,129",Land Registry
25/9/2024,Seven Victory Avenue・9/F・Flat B,,$3M,,181ft²,"@$16,575",Land Registry
25/9/2024,Island Resort・Tower 3・45/F・Flat D,,$8.6M,,598ft²,"@$14,381",Land Registry
25/9/2024,Telford Gardens・Block B・11/F・Flat 6,,$7M,--,538ft²,"@$13,011",Land Registry
25/9/2024,Residence 譽88・Tower 2・17/F・Flat D,,$5.08M,,519ft²,"@$9,788",Land Registry
25/9/2024,The Trend Plaza・Block E・4/F・Flat 1,,$3.42M,,346ft²,"@$9,884",Land Registry
25/9/2024,The Corniche・Tower 1・5/F・Flat B,,$60.46M,--,"2,108ft²","@$28,682",Land Registry
25/9/2024,Lung Cheung Court・1/F・Flat A,,$2.62M,,252ft²,"@$10,397",Land Registry
25/9/2024,Lung Cheung Court・5/F・Flat F,,$1.85M,,194ft²,"@$9,536",Land Registry
25/9/2024,Discovery Bay・Phase 16 Poggibonsi・Block 6・16/F・Flat D,,$17.8M,--,"1,151ft²","@$15,465",Land Registry
25/9/2024,Chill Residence・Tower 2・16/F・Flat J,,$9.21M,--,498ft²,"@$18,494",Land Registry
25/9/2024,44 Nam Kok Road・2/F・No. 44,,$7.32M,--,945ft²,"@$7,746",Land Registry
25/9/2024,Ko Wang Court・Block B・23/F・Flat 23,,$1.49M,--,--,--,Land Registry
25/9/2024,Ko Wang Court・Block B・37/F・Flat 1,,$1.65M,--,--,--,Land Registry
25/9/2024,Hai Tin Mansion・9/F・Flat A,,$2.5M,--,248ft²,"@$10,081",Land Registry
25/9/2024,Uptown East・Tower 2B・15/F・Flat F,,$4.09M,--,273ft²,"@$14,985",Land Registry
25/9/2024,Chiu Hin Mansion・5/F・Flat A,,$4.6M,,374ft²,"@$12,299",Land Registry
25/9/2024,Lohas Park・Phase 6 Lp6・Carpark・BM1・No.Pa091,,$2M,--,--,--,Land Registry
25/9/2024,One Victoria・Carpark・B/M・No.157,,$3.14M,--,--,--,Land Registry
25/9/2024,Taikoo Shing・Horizon Gardens・(T-57) Fu Tien Mansion・6/F・Flat C,,$10.15M,--,717ft²,"@$14,156",Land Registry
25/9/2024,The Wings・Ocean Wings・Tower 7A・11/F・Flat D,,$8.85M,,558ft²,"@$15,860",Land Registry
25/9/2024,South Horizons・Phase 2・Yee King Court (Block 8)・10/F・Flat B,,$8.8M,--,742ft²,"@$11,860",Land Registry
25/9/2024,Alto Residences・Tower 5・5/F・Flat C,,$5.38M,,404ft²,"@$13,317",Land Registry
25/9/2024,Mei Foo Sun Chuen・Phase 6・46 Nassau Street・5/F・Flat E,,$6.22M,,717ft²,"@$8,675",Land Registry
25/9/2024,Kam Pao House・7/F・Flat 2,,$2.38M,--,380ft²,"@$6,263",Land Registry
25/9/2024,Victoria Harbour・Phase 2B-2 Victoria Harbour II・Tower 3・6/F・Flat B,,$38.25M,--,"1,111ft²","@$34,432",Land Registry
25/9/2024,Yiu On Estate・Yiu Yan House (Block 6)・6/F・Flat 1,,$2.4M,--,443ft²,"@$5,418",Land Registry
25/9/2024,Yoho Town・Phase 1・Block 2・19/F・Flat B,,$5.25M,,393ft²,"@$13,359",Land Registry
25/9/2024,Taikoo Shing・On Shing Terrace・(T-32) Ko On Mansion・26/F・Flat G,,$7.3M,,503ft²,"@$14,513",Land Registry
25/9/2024,Taikoo Shing・Kao Shan Terrace・(T-13) Wah Shan Mansion・18/F・Flat G,,$8.98M,,685ft²,"@$13,109",Land Registry
25/9/2024,Hill Court・1/F・Flat A,,$6M,,329ft²,"@$18,237",Land Registry
25/9/2024,Discovery Bay・Phase 4-Peninsula Vl Capeland・Verdant Court・2/F・Flat F,,$5.2M,,757ft²,"@$6,869",Land Registry
25/9/2024,Grand Del Sol・Block 6・6/F・Flat D,,$5.25M,,573ft²,"@$9,162",Land Registry
25/9/2024,Manor Hill・Tower 2・36/F・Flat C5,,$4.29M,--,222ft²,"@$19,333",Land Registry
25/9/2024,Lok Fun Mansion・12/F・Flat B,,$4.43M,,435ft²,"@$10,184",Land Registry
25/9/2024,Tsuen Wan Centre・Block 12 (Hangyang House)・15/F・Flat C,,$3.6M,--,377ft²,"@$9,549",Land Registry
25/9/2024,Harbour Place・Tower 4・6/F・Flat H,,$7.88M,,590ft²,"@$13,356",Land Registry
25/9/2024,Eltanin‧Square Mile・Tower 2・9/F・Flat L,,$2.99M,,194ft²,"@$15,412",Land Registry
25/9/2024,Lung Poon Court・Lung Wu House (Block B)・29/F・Flat 7,,$4.48M,--,426ft²,"@$10,516",Land Registry
25/9/2024,Fleur Pavilia・Tower 1・11/F・Flat D,,$14.5M,,781ft²,"@$18,566",Land Registry
25/9/2024,Chelsea Court・Tower West (B1)・29/F・Flat H,,$5.94M,,464ft²,"@$12,797",Land Registry
25/9/2024,Kam Fung Court・Kam Lei House (Block D)・17/F・Flat 14,,$3.8M,--,432ft²,"@$8,796",Land Registry
25/9/2024,The Southside・Phase 1 Southland・Tower 1 (1A)・30/F・Flat F,,$39.92M,--,"1,218ft²","@$32,778",Land Registry
25/9/2024,One Beacon Hill・Carpark・B1・No.25,,$2.5M,--,--,--,Land Registry
25/9/2024,Villa Tiara・Block 2・3/F・Flat B,,$4.85M,--,659ft²,"@$7,360",Land Registry
25/9/2024,Lohas Park・Phase 10 Lp10・Carpark・LG2・No.Pb177,,$2.3M,--,--,--,Land Registry
25/9/2024,Lohas Park・Phase 10 Lp10・Tower 1 (1A)・48/F・Flat A,,$18M,,--,--,Land Registry
25/9/2024,Sea Crest Villa・Phase 3・Block 8・19/F・Flat A,,$3.7M,,412ft²,"@$8,981",Land Registry
25/9/2024,Kwun Shan Court・27/F・Flat 15,,$3.11M,--,--,--,Land Registry
25/9/2024,On Sau Court・Block A・6/F・Flat 21,,$2.58M,--,--,--,Land Registry
25/9/2024,Lohas Park・Phase 9A Marini・Tower 3 (3B)・59/F・Flat D,,$6.82M,,535ft²,"@$12,748",Land Registry
25/9/2024,Regentville・Phase 1・Block 5・7/F・Flat D,,$4.06M,,419ft²,"@$9,690",Land Registry
25/9/2024,Hong Kong Gold Coast・Block 1・25/F・Flat C,,$4.27M,,476ft²,"@$8,966",Land Registry
25/9/2024,Seaview Crescent・Block 1・18/F・Flat H,,$6.1M,,562ft²,"@$10,854",Land Registry
25/9/2024,Evergreen Court・Block 2・12/F・Flat H,,$4.8M,,485ft²,"@$9,897",Land Registry
25/9/2024,Avon Park・Block 2・23/F・Flat F,,$3.7M,--,400ft²,"@$9,250",Land Registry
25/9/2024,Kornhill・Carpark・P4・No.71,,$1.07M,--,--,--,Land Registry
25/9/2024,Mei King Mansion・Phase 1・Block 1・12/F・Flat 24,,$2.8M,--,450ft²,"@$6,222",Land Registry
25/9/2024,King's Hill・23/F・Flat F,,$7.9M,,353ft²,"@$22,380",Land Registry
25/9/2024,Pearl City Mansion・Block C・16/F・Flat C6,,$5M,--,493ft²,"@$10,142",Land Registry
25/9/2024,Prospect Mansion・7/F・Flat D (No. 68),,$7.5M,--,830ft²,"@$9,036",Land Registry
25/9/2024,Bondlane I・16/F・Flat G,,$7.7M,--,293ft²,"@$26,273",Land Registry
25/9/2024,Bondlane II・19/F・Flat S8,,$10.01M,--,390ft²,"@$25,667",Land Registry
25/9/2024,Amoy Gardens・Phase 2A・Block J・31/F・Flat 3,,$4.71M,,378ft²,"@$12,460",Land Registry
25/9/2024,Riviera Gardens・Carpark・2/F・No.4 (Podium C),,"$870,000",--,--,--,Land Registry
25/9/2024,Lee Loy Building・8/F・Flat D,,$2.63M,--,210ft²,"@$12,524",Land Registry
25/9/2024,Ning Yeung Terrace・Block A・5/F・Flat A,,$19.5M,,"1,428ft²","@$13,655",Land Registry
25/9/2024,Onmantin・Phase 2A・Tower 3・12/F・Flat F,,$10.29M,--,490ft²,"@$21,008",Land Registry
25/9/2024,Onmantin・Phase 2A・Tower 3・15/F・Flat D,,$14.13M,--,682ft²,"@$20,713",Land Registry
25/9/2024,The Vertex・West Wing・29/F・Flat H,,$8.93M,--,438ft²,"@$20,395",Land Registry
25/9/2024,Garden Rivera・Carpark・2/F・No.120,,"$620,000",--,--,--,Land Registry
25/9/2024,Metro City・Phase 1・Tower 1・35/F・Flat E,,$6M,,526ft²,"@$11,407",Land Registry
25/9/2024,Fung Tak Estate・Suet Fung House (Block 5)・8/F・Flat 6,,$2.68M,--,544ft²,"@$4,926",Land Registry
25/9/2024,Fu Shin Estate・Shin Nga House (Block 3)・24/F・Flat 5,,$2.68M,--,490ft²,"@$5,459",Land Registry
25/9/2024,Yuk Wo Court・18/F・Flat 5,,$3.45M,--,355ft²,"@$9,718",Land Registry
25/9/2024,Golden Lion Garden・Phase 2・Golden Comfort Court (Block D)・26/F・Flat 5,,$3.49M,,322ft²,"@$10,839",Land Registry
25/9/2024,One Victoria・Tower 2B・20/F・Flat F,,$6.67M,--,332ft²,"@$20,078",Land Registry
25/9/2024,Les Saisons・Le Printemps (Tower 1)・28/F・Flat A,,$9.45M,,566ft²,"@$16,696",Land Registry
25/9/2024,The Southside・Phase 1 Southland・Tower 2 (2A)・18/F・Flat F,,$18.08M,--,728ft²,"@$24,841",Land Registry
25/9/2024,Fuk Wing Building・10/F・Flat E,,$3M,,337ft²,"@$8,902",Land Registry
25/9/2024,Harbour Place・Tower 7・20/F・Flat E,,$6.85M,,481ft²,"@$14,241",Land Registry
25/9/2024,Heng Fa Chuen・Block 43・18/F・Flat 6,,$7.28M,,645ft²,"@$11,287",Land Registry
25/9/2024,Larchwood・15/F・Flat C,,$3.79M,--,203ft²,"@$18,660",Land Registry
25/9/2024,42 Nga Tsin Long Road・4/F・No. 42,,$5.19M,--,664ft²,"@$7,816",Land Registry
25/9/2024,48-48B Nga Tsin Long Road・4/F・No. 48B,,$3.32M,--,401ft²,"@$8,279",Land Registry
25/9/2024,74-80 Nga Tsin Long Road・4/F・No. 80 (Flat D),,$4.25M,,506ft²,"@$8,399",Land Registry
25/9/2024,Yatley Building・4/F・Flat A,,$3.82M,--,405ft²,"@$9,432",Land Registry
25/9/2024,Tak Tin Estate・Tak Yee House (Block 3)・3/F・Flat 7,,$2.7M,--,544ft²,"@$4,963",Land Registry
25/9/2024,Pok Hong Estate・Pok Tat House (Block 5)・5/F・Flat 2,,$1.95M,--,443ft²,"@$4,402",Land Registry
25/9/2024,Hong Wah Court・Yee Hong House (Block B)・6/F・Flat 12,,$2.98M,--,380ft²,"@$7,842",Land Registry
25/9/2024,Carson Mansion・Block A・11/F・Flat 4,,$5.15M,--,522ft²,"@$9,866",Land Registry
24/9/2024,Kwai Dao (Do) Building・Middle Floor・Flat A,,$2.08M,--,283ft²,"@$7,350",Centaline
24/9/2024,The Pavilia Bay・Tower 1B・Middle Floor・Flat F,,$4.55M,--,306ft²,"@$14,869",Centaline
24/9/2024,Hong Lai Garden・Block 1・Lower Floor・Flat D,,$4.16M,--,480ft²,"@$8,667",Centaline
24/9/2024,Centra Horizon・Tower 11・Upper Floor・Flat C,,,--,251ft²,@$56,Centaline
24/9/2024,Lake Silver・Tower 8・Lower Floor・Flat D,,,--,543ft²,@$36,Centaline
24/9/2024,Dawning Views・Block 10・Middle Floor・Flat D,,,--,384ft²,@$29,Centaline
24/9/2024,Liberte・Block 3・Middle Floor・Flat D,,,--,459ft²,@$42,Centaline
24/9/2024,Palatial Crest・Lower Floor・Flat B,,,--,868ft²,@$47,Centaline
24/9/2024,Grand Central・Phase 1・Tower 1・Lower Floor・Flat F,,,--,559ft²,@$43,Centaline
24/9/2024,The Long Beach・Tower 8・Upper Floor・Flat A,,,--,548ft²,@$45,Centaline
24/9/2024,Siu Hong Court・Siu Shun House (Block K)・Lower Floor・Flat 4,,,--,--,--,Centaline
24/9/2024,The Beaumount・Phase 1・Tower 6・Lower Floor・Flat D,,,--,507ft²,@$31,Centaline
24/9/2024,Lohas Park・Phase 6 Lp6・Tower 5・Middle Floor・Flat F,,,--,349ft²,@$43,Centaline
24/9/2024,Kornhill・Block E (Flat 1 - 8)・Lower Floor・Flat 5,,,--,596ft²,@$40,Centaline
24/9/2024,The Urban Edition・Lower Floor・Flat C,,,--,193ft²,@$77,Centaline
24/9/2024,Cavendish Heights・Block 2・Upper Floor・Flat B,,,--,"1,811ft²",@$46,Centaline
24/9/2024,The Hermitage・Tower 7・Lower Floor・Flat D,,,--,333ft²,@$48,Centaline
24/9/2024,Koko Hills・Phase 3A Koko Rosso・Tower 7・Upper Floor・Flat F,,,--,312ft²,@$53,Centaline
24/9/2024,Monaco One・Phase 1・Tower 2A・Lower Floor・Flat H,,,--,323ft²,@$57,Centaline
24/9/2024,Oriental Gardens・Block C・Lower Floor・Flat C2,,,--,"1,054ft²",@$28,Centaline
24/9/2024,Tuen Mun Fa Yuen・Middle Floor・Flat F,,,--,320ft²,@$29,Centaline
24/9/2024,Caribbean Coast・Phase 1 Monterey Cove・Tower 5・Upper Floor・Flat D,,,--,712ft²,@$34,Centaline
24/9/2024,Kingswood Villas・Phase 6 Maywood Court・Block 7・Middle Floor・Flat F,,,--,441ft²,@$25,Centaline
24/9/2024,Eivissa Crest・Middle Floor・Flat B,,,--,389ft²,@$57,Centaline
24/9/2024,Chee On Building・Upper Floor・Flat L,,,--,465ft²,@$39,Centaline
24/9/2024,The Gloucester・Middle Floor・Flat C,,,--,368ft²,@$65,Centaline
24/9/2024,Mantin Heights・Tower 1・Upper Floor・Flat E,,,--,519ft²,@$48,Centaline
24/9/2024,Caine Hill・Upper Floor・Flat E,,,--,278ft²,@$76,Centaline
24/9/2024,The Zenith・Phase 1・Tower 2・Middle Floor・Flat E,,,--,504ft²,@$52,Centaline
24/9/2024,Residence Bel-Air・Phase 2 South Tower・Tower 8・Lower Floor・Flat A,,,--,"1,376ft²",@$44,Centaline
24/9/2024,Riviera Gardens・Hoi Wai Mansion (Block 15)・Upper Floor・Flat H,,,--,647ft²,@$32,Centaline
24/9/2024,Coastal Skyline・Phase 1・Block 3・Middle Floor・Flat A,,,--,781ft²,@$30,Centaline
24/9/2024,Ho Shun Lee Building・Block 1・Middle Floor・Flat G,,,--,309ft²,@$35,Centaline
24/9/2024,Tseung Kwan O Plaza・Phase 1・Tower 2・Middle Floor・Flat F,,,--,728ft²,@$40,Centaline
24/9/2024,Crayon Building・1/F・Flat A,,$2.97M,,269ft²,"@$11,041",Land Registry
24/9/2024,Canaryside・27/F・Flat C,,$6.3M,,445ft²,"@$14,157",Land Registry
24/9/2024,Harbour Place・Tower 6・1/F・Flat J,,$7.5M,,589ft²,"@$12,733",Land Registry
24/9/2024,Ma On Shan Centre・Tower 4・15/F・Flat E,,$6.6M,,541ft²,"@$12,200",Land Registry
24/9/2024,9 Hung Wan Street・6/F・No. 9,,$3.3M,,465ft²,"@$7,097",Land Registry
24/9/2024,Sorrento・Phase 1・Block 5・42/F・Flat D,,$17.08M,,755ft²,"@$22,623",Land Registry
24/9/2024,Ching Tao Court・33/F・Flat 4,,$1.76M,--,--,--,Land Registry
24/9/2024,Kwun Shan Court・24/F・Flat 15,,$3.07M,--,--,--,Land Registry
24/9/2024,On Sau Court・Block A・11/F・Flat 19,,$1.83M,--,--,--,Land Registry
24/9/2024,Chiu Ming Court・12/F・Flat 15,,$2.72M,--,--,--,Land Registry
24/9/2024,Chiu Ming Court・9/F・Flat 7,,$2.55M,--,--,--,Land Registry
24/9/2024,On Sau Court・Block A・19/F・Flat 20,,$1.97M,--,--,--,Land Registry
24/9/2024,Ko Wang Court・Block B・25/F・Flat 1,,$1.62M,--,--,--,Land Registry
24/9/2024,On Sau Court・Block A・8/F・Flat 11,,$2.55M,--,--,--,Land Registry
24/9/2024,On Sau Court・Block A・20/F・Flat 8,,$3.01M,--,--,--,Land Registry
24/9/2024,Kwun Shan Court・10/F・Flat 12,,$2.14M,--,--,--,Land Registry
24/9/2024,On Sau Court・Block A・9/F・Flat 5,,$1.82M,--,--,--,Land Registry
24/9/2024,Kwun Shan Court・8/F・Flat 4,,$2.84M,--,--,--,Land Registry
24/9/2024,Kwun Shan Court・17/F・Flat 3,,$2.85M,--,--,--,Land Registry
24/9/2024,Kwun Shan Court・28/F・Flat 11,,$2.65M,--,--,--,Land Registry
24/9/2024,Ching Tao Court・35/F・Flat 5,,$1.26M,--,--,--,Land Registry
24/9/2024,Kai Yan Court・Block A・5/F・Flat 16,,$2.43M,--,--,--,Land Registry
24/9/2024,Kam Fung Court・Kam Wai House (Block C)・17/F・Flat 3,,$4.75M,--,604ft²,"@$7,864",Land Registry
24/9/2024,The Arles・Tower 3・45/F・Flat E,,$6.89M,--,348ft²,"@$19,802",Land Registry
24/9/2024,The Arles・Tower 3・49/F・Flat D,,$13.19M,--,676ft²,"@$19,507",Land Registry
24/9/2024,Lohas Park・Phase 12B Park Seasons・Tower 2 (2A)・45/F・Flat G,,$5.06M,--,325ft²,"@$15,582",Land Registry
24/9/2024,Lohas Park・Phase 12B Park Seasons・Tower 2 (2A)・47/F・Flat G,,$5.09M,--,325ft²,"@$15,646",Land Registry
24/9/2024,On Ning Garden・Block 6・17/F・Flat E,,$4.66M,--,583ft²,"@$7,993",Land Registry
24/9/2024,Regentville・Phase 1・Block 3・23/F・Flat A,,$4.6M,,419ft²,"@$10,979",Land Registry
24/9/2024,Kingswood Villas・Phase 7 Kenswood Court・Block 11・29/F・Flat C,,$4.18M,,546ft²,"@$7,656",Land Registry
24/9/2024,Tseung Kwan O Plaza・Phase 1・Tower 1・7/F・Flat B,,$9.28M,,758ft²,"@$12,243",Land Registry
24/9/2024,Chelsea Court・Tower East (A1)・50/F・Flat F,,$6.6M,,479ft²,"@$13,779",Land Registry
24/9/2024,Novo Land・Phase 3B・Fiskars Tower 2A・16/F・Flat D,,$3.69M,--,292ft²,"@$12,631",Land Registry
24/9/2024,Kt Marina・Phase 1・Tower 2B・8/F・Flat G,,$6.98M,--,432ft²,"@$16,167",Land Registry
24/9/2024,St. Barths・Phase 1・Carpark・B/M・No.R88,,$2.63M,--,--,--,Land Registry
24/9/2024,Lime Gala・Tower 2・33/F・Flat H,,$7.78M,,433ft²,"@$17,968",Land Registry
24/9/2024,Regentville・Grand Regentville・Block 6・25/F・Flat B,,$5.14M,,462ft²,"@$11,121",Land Registry
24/9/2024,Whampoa Garden・Phase 10 Banyan Mansions・Block 4・4/F・Flat C,,$11.55M,,910ft²,"@$12,692",Land Registry
24/9/2024,Kt Marina・Phase 1・Tower 2A・10/F・Flat N,,$4.77M,--,288ft²,"@$16,576",Land Registry
24/9/2024,Kt Marina・Phase 1・Tower 2B・10/F・Flat G,,$7M,--,432ft²,"@$16,201",Land Registry
24/9/2024,Residence Bel-Air・Phase 4 Bel-Air On The Peak・Tower 5・23/F・Flat A,,$49.8M,,"1,798ft²","@$27,697",Land Registry
24/9/2024,Caribbean Coast・Phase 5 La Mer・House 11,,$22.7M,,"2,355ft²","@$9,639",Land Registry
24/9/2024,Saiwanho Building・17/F・Flat B,,$3.18M,,308ft²,"@$10,325",Land Registry
24/9/2024,Tung Shing Court・10/F・Flat D,,$2.4M,--,268ft²,"@$8,955",Land Registry
24/9/2024,Larchwood・25/F・Flat C,,$4.59M,--,203ft²,"@$22,601",Land Registry
24/9/2024,Larchwood・16/F・Flat C,,$3.89M,--,203ft²,"@$19,153",Land Registry
24/9/2024,Tak Cheung Building・8/F・No. 304,,$3M,--,501ft²,"@$5,988",Land Registry
24/9/2024,Castello・Block 5・26/F・Flat H,,$6.65M,,547ft²,"@$12,157",Land Registry
24/9/2024,Chevalier Garden・Block 4・3/F・Flat D,,$4.17M,--,592ft²,"@$7,044",Land Registry
24/9/2024,Noble Hill・Tower 1・9/F・Flat E,,$4.21M,,442ft²,"@$9,519",Land Registry
24/9/2024,Manning Theatre Building・5/F・Flat F,,$2.95M,--,436ft²,"@$6,766",Land Registry
24/9/2024,Taikoo Shing・Kam Din Terrace・Carpark・G/F・No.262,,$1.02M,--,--,--,Land Registry
24/9/2024,Yick Fat Building・15/F・Flat 25,,$2.2M,--,294ft²,"@$7,483",Land Registry
24/9/2024,Scholar Court・G/F・Flat C,,$6.48M,,384ft²,"@$16,875",Land Registry
24/9/2024,Rambler Crest・Tower 6・16/F・Flat C,,$4.7M,,488ft²,"@$9,631",Land Registry
24/9/2024,Kai Tsui Court・Yiu Tsui House (Block B)・37/F・Flat 16,,$3.6M,--,538ft²,"@$6,691",Land Registry
24/9/2024,Royal Terrace・28/F・Flat C,,$5.9M,,400ft²,"@$14,750",Land Registry
24/9/2024,Bo Fung Gardens・Block A・11/F・Flat 1,,$8.52M,,823ft²,"@$10,352",Land Registry
24/9/2024,On Wo Gardens・On Tai Building・9/F・Flat E,,$5M,--,409ft²,"@$12,225",Land Registry
24/9/2024,The Coronation・Tower 6・30/F・Flat B,,$6.6M,,400ft²,"@$16,500",Land Registry
24/9/2024,Kornhill Garden・Block 2・31/F・Flat G,,$7M,--,592ft²,"@$11,824",Land Registry
24/9/2024,La Cite Noble・Block 3・46/F・Flat H,,$7.8M,,643ft²,"@$12,131",Land Registry
24/9/2024,Lohas Park・Phase 10 Lp10・Tower 1 (1A)・32/F・Flat D,,$8.13M,,640ft²,"@$12,703",Land Registry
24/9/2024,The Pavilia Forest・Phase 1 The Pavilia Forest I・Tower 5・20/F・Flat B,,$8.12M,--,374ft²,"@$21,706",Land Registry
24/9/2024,The Papillons・Tower 3・8/F・Flat C,,$7.74M,,518ft²,"@$14,942",Land Registry
24/9/2024,Tropicana Gardens・Block 1 (Block A)・13/F・Flat C,,$4.55M,,420ft²,"@$10,833",Land Registry
24/9/2024,Novo Land・Phase 3B・Fiskars Tower 1・23/F・Flat D,,$5.31M,--,434ft²,"@$12,239",Land Registry
24/9/2024,Kam Fai Garden・Block 2・11/F・Flat G,,$4.1M,,573ft²,"@$7,155",Land Registry
24/9/2024,Baguio Villa・Block 38・4/F・Block 38,,$17M,--,"1,296ft²","@$13,117",Land Registry
24/9/2024,King Lam Estate・King Min House (Block 3)・11/F・Flat 23,,$2.09M,--,264ft²,"@$7,917",Land Registry
24/9/2024,Wonderland Villas・Block 17・19/F・Flat C,,$5.33M,,567ft²,"@$9,400",Land Registry
24/9/2024,Yan Shing Court・Yan Fai House (Block G)・32/F・Flat 1,,$3.68M,--,554ft²,"@$6,643",Land Registry
24/9/2024,Merlin Building・5/F・Flat D,,$6M,--,292ft²,"@$20,548",Land Registry
24/9/2024,Victoria Harbour・Phase 2B-2 Victoria Harbour II・Tower 3・15/F・Flat A,,$51.48M,--,"1,448ft²","@$35,552",Land Registry
24/9/2024,2-4 Elgin Street・2/F・No. 2,,$5.75M,,334ft²,"@$17,216",Land Registry
24/9/2024,Centra Horizon・Tower 9・11/F・Flat G,,$6.7M,,598ft²,"@$11,204",Land Registry
24/9/2024,Bailey Garden・Carpark・LOBBY・No.P20,,$1M,--,--,--,Land Registry
24/9/2024,Sheung Shui Centre・Block 2・16/F・Flat D,,$4.1M,,351ft²,"@$11,681",Land Registry
24/9/2024,Dragons Range・Court A Tower 2・5/F・Flat D,,$7.73M,,735ft²,"@$10,517",Land Registry
24/9/2024,Yat Nga Court・Yat Yan House (Block B)・1/F・Flat 3,,$3M,--,566ft²,"@$5,300",Land Registry
24/9/2024,Hutchison Estate・Block B・15/F・Flat B7,,$2.88M,--,388ft²,"@$7,423",Land Registry
24/9/2024,Uptown Plaza・Block 1・8/F・Flat F,,$6.3M,,489ft²,"@$12,883",Land Registry
24/9/2024,Grand Jete・Phase 1・Tower 1・20/F・Flat K,,$5.42M,--,482ft²,"@$11,241",Land Registry
24/9/2024,Elegance Garden・Block 4・23/F・Flat K,,$5.2M,--,592ft²,"@$8,784",Land Registry
24/9/2024,The Pavilia Forest・Phase 3 The Pavilia Forest III・Tower 1・23/F・Flat K,,$4.99M,--,260ft²,"@$19,208",Land Registry
24/9/2024,Metro City・Phase 1・Tower 2・5/F・Flat H,,$6.21M,,526ft²,"@$11,806",Land Registry
24/9/2024,Newtown Mansion・5/F・Flat D,,$5.28M,--,320ft²,"@$16,500",Land Registry
24/9/2024,200-202 Queen's Road West・5/F・No. 200,,$5.6M,,334ft²,"@$16,766",Land Registry
24/9/2024,52-54 Sai Street・5/F・No. 52,,$4.9M,,348ft²,"@$14,080",Land Registry
24/9/2024,2C Fuk Lo Tsun Road・4/F・No. 2C,,$5.66M,,529ft²,"@$10,699",Land Registry
24/9/2024,Lap Poon Building・8/F・Flat B,,$6.28M,--,386ft²,"@$16,269",Land Registry
24/9/2024,Tsing Yi Garden・Carpark・B/M・No.279,,$1M,--,--,--,Land Registry
24/9/2024,Treasure Bay・Kam Fu Court・1/F・Flat 10,,$2.35M,--,337ft²,"@$6,973",Land Registry
24/9/2024,Des Voeux W Residence・26/F・Flat D,,$6.86M,--,286ft²,"@$23,999",Land Registry
24/9/2024,Siu Shan Court・Min King House (Block A)・7/F・Flat 8,,$2.3M,--,546ft²,"@$4,212",Land Registry
24/9/2024,Po Sing Centre・Block A・24/F・Flat 5,,$3.28M,,--,--,Land Registry
24/9/2024,Madison Park・19/F・Flat B,,$5.2M,,302ft²,"@$17,219",Land Registry
24/9/2024,Kingsford Terrace・Carpark・P3・No.19,,$1.18M,--,--,--,Land Registry
24/9/2024,J Residence・22/F・Flat 7,,$9.68M,,591ft²,"@$16,379",Land Registry
24/9/2024,Kornhill Garden・Block 3・29/F・Flat A,,$6M,--,484ft²,"@$12,397",Land Registry
24/9/2024,Kingswood Villas・Phase 7 Kenswood Court・Block 9・31/F・Flat F,,$3.8M,,442ft²,"@$8,597",Land Registry
24/9/2024,Lohas Park・Phase 9B Grand Marini・Tower 2 (2B)・69/F・Flat D,,$9.2M,,651ft²,"@$14,132",Land Registry
24/9/2024,Oceanic Mansion・12/F・Flat 25,,$3M,--,383ft²,"@$7,833",Land Registry
24/9/2024,Siu Kwan Mansion・8/F・Flat B,,$3.76M,,306ft²,"@$12,288",Land Registry
24/9/2024,South Horizons・Phase 3・Mei Chun Court (Block 21)・19/F・Flat B,,$7.38M,--,581ft²,"@$12,702",Land Registry
24/9/2024,Elegant Court・12/F・Flat A (No. 14A),,$6.2M,,522ft²,"@$11,877",Land Registry
24/9/2024,Chelsea Heights・Phase 2・Block 7・27/F・Flat G,,$5.75M,,525ft²,"@$10,952",Land Registry
24/9/2024,The Austin・Tower 2・17/F・Flat C,,$21M,--,980ft²,"@$21,429",Land Registry
24/9/2024,Hong Kong Garden・Phase 3・Carpark・2/F・No.10 (Carpark D),,"$480,000",--,--,--,Land Registry
24/9/2024,Island Residence・22/F・Flat F,,$6.1M,,393ft²,"@$15,522",Land Registry
24/9/2024,Pok Hong Estate・Pok Tai House (Block 7)・16/F・Flat 10,,$2.08M,--,381ft²,"@$5,459",Land Registry
24/9/2024,Des Voeux W Residence・27/F・Flat F,,$6.46M,--,278ft²,"@$23,242",Land Registry
24/9/2024,Bondlane II・18/F・Flat S8,,$10M,--,390ft²,"@$25,644",Land Registry
24/9/2024,Fu Tor Loy Sun Chuen・Phase 2・Fu Wong Building (Block 3)・5/F・Flat C,,$2.7M,--,268ft²,"@$10,075",Land Registry
24/9/2024,"Fairview Park・Section J, 1St Street・No. 59 (S.J Ss. 68)",,$8.99M,,848ft²,"@$10,601",Land Registry
24/9/2024,Hong Lai Garden・Block 1・15/F・Flat G,,$2.99M,,363ft²,"@$8,237",Land Registry
24/9/2024,Laguna City・Phase 1・Carpark・B/M・No.429,,$1.46M,--,--,--,Land Registry
24/9/2024,Royal Green・Tower 1・3/F・Flat G,,$4.05M,,414ft²,"@$9,783",Land Registry
24/9/2024,Kwun Shan Court・29/F・Flat 6,,$3.47M,--,--,--,Land Registry
24/9/2024,The Pavilia Farm・Phase 1・Tower 2 (2B)・40/F・Flat D,,$9.5M,,483ft²,"@$19,669",Land Registry
24/9/2024,Uptown Plaza・Block 6・4/F・Flat C,,$5.43M,,489ft²,"@$11,104",Land Registry
24/9/2024,Forest Hill・House 20・HOUSE 20・Duplex Ph-20A,,$12.3M,--,"1,551ft²","@$7,930",Land Registry
24/9/2024,Park Central・Phase 1・Tower 5・13/F・Flat C,,$8.5M,,677ft²,"@$12,555",Land Registry
24/9/2024,Central Park Towers・Phase 2 Central Park Towers II・Tower 8・39/F・Flat E,,$4.62M,,504ft²,"@$9,167",Land Registry
24/9/2024,Discovery Park・Phase 1・Block 3・38/F・Flat D,,$6.8M,,582ft²,"@$11,684",Land Registry
24/9/2024,Tsuen Fung Centre・18/F・Flat B,,$4.2M,,336ft²,"@$12,500",Land Registry
24/9/2024,Melody Garden・Block 3・2/F・Flat F,,$4.71M,--,699ft²,"@$6,735",Land Registry
24/9/2024,Tai On Building・24/F・Flat 57,,$3.28M,,352ft²,"@$9,318",Land Registry
24/9/2024,Joyful Villas・Block 2・20/F・Flat 7,,$5.38M,,584ft²,"@$9,212",Land Registry
24/9/2024,The Pavilia Forest・Phase 3 The Pavilia Forest III・Tower 1・28/F・Flat J,,$4.95M,--,261ft²,"@$18,966",Land Registry
24/9/2024,Kingswood Villas・Phase 7 Kenswood Court・Block 8・38/F・Flat A,,$10.9M,,"1,462ft²","@$7,456",Land Registry
24/9/2024,Lido Garden・Block 4・20/F・Flat D,,$4.42M,,547ft²,"@$8,077",Land Registry
24/9/2024,The Vantage・16/F・Flat C2,,$4.25M,,255ft²,"@$16,667",Land Registry
24/9/2024,Sun Tuen Mun Centre・Block 2・13/F・Flat H,,$4.15M,--,597ft²,"@$6,951",Land Registry
24/9/2024,Kingswood Villas・Phase 3 Chestwood Court・Block 2・16/F・Flat F,,$3.49M,--,449ft²,"@$7,773",Land Registry
24/9/2024,Vianni Cove・Carpark・G/F・No.R117,,$1.25M,--,--,--,Land Registry
24/9/2024,Residence Bel-Air・Phase 4 Bel-Air On The Peak・Tower 5・27/F・Flat A,,$50.7M,,"1,798ft²","@$28,198",Land Registry
24/9/2024,Kam Ho Mansion・12/F・Flat A,,$4.2M,,291ft²,"@$14,433",Land Registry
24/9/2024,The Visionary・Tower 5・33/F・Flat E,,$11.48M,,"1,030ft²","@$11,146",Land Registry
24/9/2024,Lohas Park・Phase 12B Park Seasons・Tower 2 (2B)・19/F・Flat D,,$6.22M,--,437ft²,"@$14,233",Land Registry
24/9/2024,Finnie・7/F・Flat C,,$7.26M,--,361ft²,"@$20,111",Land Registry
24/9/2024,Novo Land・Phase 3B・Fiskars Tower 2A・15/F・Flat D,,$3.68M,--,292ft²,"@$12,608",Land Registry
24/9/2024,Charming Garden・Carpark・2/F・No.208,,$1.39M,--,--,--,Land Registry
24/9/2024,Charming Garden・Block 17・3/F・Flat G,,$5.55M,--,592ft²,"@$9,375",Land Registry
24/9/2024,Richland Garden・Carpark・2/F・No.127,,"$813,000",--,--,--,Land Registry
24/9/2024,Dollar Building・14/F・Flat D,,$3.22M,,299ft²,"@$10,769",Land Registry
24/9/2024,The Wings・Ocean Wings・Tower 1・17/F・Flat C,,$12M,--,949ft²,"@$12,645",Land Registry
24/9/2024,South View Garden・22/F・Flat A,,$6M,--,403ft²,"@$14,888",Land Registry
24/9/2024,Grand Victoria・Phase 3・Tower 2・7/F・Flat A,,$12.82M,--,584ft²,"@$21,960",Land Registry
24/9/2024,Onmantin・Phase 2A・Tower 3・12/F・Flat G,,$12.28M,--,601ft²,"@$20,438",Land Registry
24/9/2024,Tung Yick (Yik) Building・5/F・Flat E,,$2.43M,--,318ft²,"@$7,642",Land Registry
24/9/2024,Belvedere Garden・Phase 2・Block 8・21/F・Flat H,,$5.86M,,668ft²,"@$8,772",Land Registry
24/9/2024,23A-23E Fuk Wing Street・7/F・No. 33,,$2.63M,--,631ft²,"@$4,168",Land Registry
24/9/2024,Hing Cheung Building・4/F・Flat B,,$3M,,308ft²,"@$9,740",Land Registry
24/9/2024,28 Baker Street・2/F・No. 28,,$3M,--,581ft²,"@$5,164",Land Registry
24/9/2024,Man Fat House・2/F・Flat C,,$2.38M,--,231ft²,"@$10,303",Land Registry
24/9/2024,48-48B Nga Tsin Long Road・1/F・No. 48B,,$3.68M,--,401ft²,"@$9,177",Land Registry
24/9/2024,Yau Lung Building・5/F・Flat C,,$2.34M,--,239ft²,"@$9,791",Land Registry
24/9/2024,Luen King Mansion・1/F・Flat D,,$2.55M,,202ft²,"@$12,624",Land Registry
24/9/2024,71 Nam Kok Road・1/F・No. 71,,$7.32M,,868ft²,"@$8,433",Land Registry
24/9/2024,Koway Court・Block 3・25/F・Flat G,,$5M,--,503ft²,"@$9,940",Land Registry
24/9/2024,Crystal Park・Block 1・8/F・Flat E,,$5.88M,,668ft²,"@$8,802",Land Registry
24/9/2024,National Court・10/F・Flat C,,$5.28M,--,864ft²,"@$6,111",Land Registry
24/9/2024,Warrenwoods・33/F・Flat A,,$7.1M,,400ft²,"@$17,750",Land Registry
24/9/2024,Village Gardens・Phase 3・Block B17 (No. 40)・G/F・Flat B,,$10.5M,--,759ft²,"@$13,834",Land Registry
24/9/2024,Tung Hei Court・King Hei House (Block A)・11/F・Flat 2,,$4.38M,--,606ft²,"@$7,228",Land Registry
24/9/2024,Park Royale・Tower 9・10/F・Flat D,,$3.9M,,489ft²,"@$7,975",Land Registry
23/9/2024,Lake Silver・Tower 5・Upper Floor・Flat B,,$24.88M,--,"1,564ft²","@$15,908",Centaline
23/9/2024,Taikoo Shing・Kao Shan Terrace・(T-08) Tai Shan Mansion・Upper Floor・Flat A,,$8.8M,--,706ft²,"@$12,465",Centaline
23/9/2024,Caribbean Coast・Phase 3 Carmel Cove・Lux Living (Tower 12)・Lower Floor・Flat B,,$7M,--,748ft²,"@$9,358",Centaline
23/9/2024,Uptown・Tower 8・Lower Floor・Flat E,,$5.38M,--,759ft²,"@$7,088",Centaline
23/9/2024,Ocean Pride・Phase 3・Tower 6・Middle Floor・Flat C,,,--,"1,149ft²",@$37,Centaline
23/9/2024,Residence Bel-Air・Phase 1・Tower 3・Lower Floor・Flat B,,,--,"1,190ft²",@$42,Centaline
23/9/2024,The Pacifica・Phase 1・Tower 2・Lower Floor・Flat D,,,--,464ft²,@$40,Centaline
23/9/2024,Yen Shun Mansion・Upper Floor・Flat D,,,--,222ft²,@$38,Centaline
23/9/2024,One Innovale・Phase 2・Tower C・Lower Floor・Flat 10,,,--,312ft²,@$38,Centaline
23/9/2024,Sheung Shui Centre・Block 3・Lower Floor・Flat H,,,--,351ft²,@$34,Centaline
23/9/2024,The Yoho Hub・Phase C The Yoho Hub II・Tower 8・Middle Floor・Flat B,,,--,441ft²,@$41,Centaline
23/9/2024,Park Signature・Tower 10・Upper Floor・Flat H,,,--,272ft²,@$36,Centaline
23/9/2024,Discovery Bay・Phase 3-Hillgrove Village・Glamour Court・Middle Floor・Flat C,,,--,591ft²,@$31,Centaline
23/9/2024,Mountain Shore・Block 2・Lower Floor・Flat E,,,--,501ft²,@$33,Centaline
23/9/2024,Residence Bel-Air・Phase 4 Bel-Air On The Peak・Tower 6・Upper Floor・Flat A,,,--,"1,423ft²",@$51,Centaline
23/9/2024,The Astro・Lower Floor・Flat B,,,--,216ft²,@$63,Centaline
23/9/2024,Village Gardens・Phase 3・Block B14 (No. 30)・Middle Floor・Flat C,,,--,803ft²,@$42,Centaline
23/9/2024,The Quinn ‧ Square Mile・Tower 2・Middle Floor・Flat J,,,--,269ft²,@$64,Centaline
23/9/2024,Metro City・Phase 1・Tower 6・Upper Floor・Flat B,,,--,364ft²,@$45,Centaline
23/9/2024,Lohas Park・Phase 2A Le Prestige・Sun Flower (Tower 2 - R Wing)・Upper Floor・Flat B,,,--,815ft²,@$26,Centaline
23/9/2024,Heng Fa Chuen・Block 21・Middle Floor・Flat 6,,,--,474ft²,@$39,Centaline
23/9/2024,Hong Kong Gold Coast・Block 1・Middle Floor・Flat A,,,--,685ft²,@$24,Centaline
23/9/2024,The Met. Sublime・Middle Floor・Flat C,,,--,259ft²,@$71,Centaline
23/9/2024,Lions Rise・Tower 2・Lower Floor・Flat B,,,--,626ft²,@$45,Centaline
23/9/2024,The Harbourside・Tower 1・Upper Floor・Flat D,,,--,804ft²,@$50,Centaline
23/9/2024,The Henley・Phase 1・Condominium C・Upper Floor・Flat F,,,--,301ft²,@$59,Centaline
23/9/2024,Ocean Shores・Phase 3・Tower 12・Middle Floor・Flat A,,,--,503ft²,@$36,Centaline
23/9/2024,Gardenia・Upper Floor・Flat B,,,--,474ft²,@$38,Centaline
23/9/2024,One Kai Tak・I・Tower 1・Lower Floor・Flat F,,,--,383ft²,@$46,Centaline
23/9/2024,Koko Hills・Phase 3A Koko Rosso・Tower 6・Lower Floor・Flat E,,,--,420ft²,@$44,Centaline
23/9/2024,Lohas Park・Phase 5A Malibu・Tower 2B・Lower Floor・Flat E,,,--,436ft²,@$40,Centaline
23/9/2024,The Waterfront・Phase 1・Tower 1・Middle Floor・Flat D,,,--,638ft²,@$53,Centaline
23/9/2024,Hillsborough Court・Tower 3・Middle Floor・Flat A,,,--,657ft²,@$52,Centaline
23/9/2024,One Silversea・Tower 5・Middle Floor・Flat C,,,--,665ft²,@$47,Centaline
23/9/2024,Manor Hill・Tower 1・Lower Floor・Flat A3,,,--,205ft²,@$68,Centaline
23/9/2024,Ocean Pride・Phase 3A Ocean Supreme・Tower 3A・Upper Floor・Flat D,,,--,818ft²,@$42,Centaline
23/9/2024,Royal Green・Tower 1・Middle Floor・Flat F,,,--,452ft²,@$26,Centaline
23/9/2024,Parkview Court・Upper Floor・Flat G,,,--,473ft²,@$27,Centaline
23/9/2024,Harbour Glory・Tower 6・Lower Floor・Flat B,,,--,438ft²,@$57,Centaline
23/9/2024,Tung Chung Crescent・Phase 2・Block 9・Middle Floor・Flat D,,,--,527ft²,@$34,Centaline
23/9/2024,Island Harbourview・Tower 7・Lower Floor・Flat C,,,--,904ft²,@$42,Centaline
23/9/2024,Kam Ying Court・Kam Yee House (Block K)・Middle Floor・Flat 6,,,--,401ft²,@$31,Centaline
23/9/2024,Ocean Shores・Phase 2・Tower 7・Lower Floor・Flat H,,,--,498ft²,@$40,Centaline
23/9/2024,Le Cap,,,--,"2,182ft²",@$33,Centaline
23/9/2024,Seven Victory Avenue・Lower Floor・Flat C,,,--,264ft²,@$63,Centaline
23/9/2024,The Met. Sublime・Middle Floor・Flat D,,,--,328ft²,@$63,Centaline
23/9/2024,South Horizons・Phase 3・Mei Hay Court (Block 18)・Middle Floor・Flat B,,,--,581ft²,@$41,Centaline
23/9/2024,The Belchers・Phase 1・Tower 2・Middle Floor・Flat D,,,--,670ft²,@$52,Centaline
23/9/2024,Tierra Verde・Phase 1・Tower 5・Upper Floor・Flat E,,,--,676ft²,@$40,Centaline
23/9/2024,Park Haven・Lower Floor・Flat F,,,--,377ft²,@$56,Centaline
23/9/2024,Ching Shing Court・Middle Floor・Flat 9,,,--,381ft²,@$31,Centaline
23/9/2024,Century Link・Phase 2・Tower 2A・Upper Floor・Flat 3,,,--,482ft²,@$38,Centaline
23/9/2024,Grand Yoho・Phase 1・Tower 9・Middle Floor・Flat A,,,--,774ft²,@$36,Centaline
23/9/2024,The Yoho Hub・Phase B・Tower 1・Lower Floor・Flat E,,,--,464ft²,@$38,Centaline
23/9/2024,Springdale Villas・Tower 2・Middle Floor・Flat B,,,--,412ft²,@$31,Centaline
23/9/2024,The Wings・The Wings・Tower 8・Middle Floor・Flat A,,,--,897ft²,@$42,Centaline
23/9/2024,Monterey・Tower 6B・Middle Floor・Flat D,,,--,372ft²,@$46,Centaline
23/9/2024,The Paddington・Block A・26/F・Flat A4,,$11.5M,--,539ft²,"@$21,336",Land Registry
23/9/2024,Finnie・9/F・Flat B,,$8.26M,--,364ft²,"@$22,679",Land Registry
23/9/2024,Finnie・17/F・Flat A,,$5.1M,--,245ft²,"@$20,820",Land Registry
23/9/2024,Finnie・25/F・Flat A,,$5.42M,--,245ft²,"@$22,135",Land Registry
23/9/2024,Harbour Place・Tower 1・36/F・Flat F,,$7.2M,,432ft²,"@$16,667",Land Registry
23/9/2024,Laguna Verde・Phase 4(4A) Laguna Grande・Tower 16・25/F・Flat F,,$7.8M,,556ft²,"@$14,029",Land Registry
23/9/2024,Miami Quay・Phase 1・Tower 1・12/F・Flat B,,$16.43M,--,661ft²,"@$24,859",Land Registry
23/9/2024,Novo Land・Phase 3B・Fiskars Tower 2A・22/F・Flat D,,$3.72M,--,292ft²,"@$12,741",Land Registry
23/9/2024,Taikoo Shing・Kam Din Terrace・(T-26) Tsui Kung Mansion・19/F・Flat B,,$12M,--,785ft²,"@$15,287",Land Registry
23/9/2024,Bayview・29/F・Flat B,,$9.18M,,602ft²,"@$15,249",Land Registry
23/9/2024,Gold Jade Mansion・5/F・Flat A,,$5.2M,--,446ft²,"@$11,659",Land Registry
23/9/2024,Cheong Wang Mansion・14/F・Flat F,,$3.37M,,448ft²,"@$7,518",Land Registry
23/9/2024,Royal Peninsula・Block 4・5/F・Flat E,,$8.18M,,561ft²,"@$14,581",Land Registry
23/9/2024,Harbour Heights・Carpark・1/F・No.17,,$1.35M,--,--,--,Land Registry
23/9/2024,Royal Green・Tower 2・23/F・Flat B,,$4.43M,,415ft²,"@$10,675",Land Registry
23/9/2024,Pearl Island Garden・Block 9・4/F・Flat D,,$5.06M,,658ft²,"@$7,690",Land Registry
23/9/2024,Manhattan Heights・59/F・Flat H,,$14.8M,,714ft²,"@$20,728",Land Registry
23/9/2024,Manhattan Heights・Carpark・1/F・No.49,,$2.4M,--,--,--,Land Registry
23/9/2024,Tung Tao Court・Yuk Tao House (Block B)・23/F・Flat 10,,$3.63M,--,400ft²,"@$9,075",Land Registry
23/9/2024,Rhythm Garden・Block 2・6/F・Flat F,,$5.55M,--,588ft²,"@$9,439",Land Registry
23/9/2024,Sun Sing Centre・Block A・15/F・Flat 2,,$3.42M,,294ft²,"@$11,633",Land Registry
23/9/2024,Victoria Harbour・Phase 2B-2 Victoria Harbour II・Tower 3・15/F・Flat B,,$43.07M,--,"1,111ft²","@$38,765",Land Registry
23/9/2024,Winfield Building・Block B・16/F・Flat 1,,$40M,,"1,513ft²","@$26,438",Land Registry
23/9/2024,Kwai Hing Estate・Hing Yat House (Block 2)・3/F・Flat 4,,$2.2M,--,439ft²,"@$5,011",Land Registry
23/9/2024,Kin Wah Mansion (House)・6/F・Flat B,,$5.35M,,315ft²,"@$16,984",Land Registry
23/9/2024,24 Centre Street・4/F・No. 24,,$8.2M,,566ft²,"@$14,488",Land Registry
23/9/2024,5 Upper Station Street・1/F・No. 5,,$6.8M,--,346ft²,"@$19,653",Land Registry
23/9/2024,29-31 Yik Yam Street・2/F・No. 29,,$7.14M,--,429ft²,"@$16,639",Land Registry
23/9/2024,Hong Ning Building・5/F・Flat A,,$6.2M,--,456ft²,"@$13,596",Land Registry
23/9/2024,Sui Wo Court・Hing Wan House (Block D)・9/F・Flat 1,,$3.32M,--,473ft²,"@$7,019",Land Registry
23/9/2024,Beverly Hill・Block B・14/F・Flat 1,,$30M,,"1,424ft²","@$21,067",Land Registry
23/9/2024,Broadview Terrace・16/F・Flat E,,$16.32M,,"1,035ft²","@$15,768",Land Registry
23/9/2024,Jubilee Garden・Block 2・23/F・Flat E,,$5.32M,--,506ft²,"@$10,514",Land Registry
23/9/2024,Luk Yeung Sun Chuen・Block G・16/F・Flat 6,,$5.28M,--,445ft²,"@$11,865",Land Registry
23/9/2024,Novo Land・Phase 3B・Fiskars Tower 2B・19/F・Flat F,,$5.02M,--,416ft²,"@$12,070",Land Registry
23/9/2024,Chelsea Court・Tower North (B2)・63/F・Flat H,,$13.43M,,"1,046ft²","@$12,837",Land Registry
23/9/2024,Park Summit・Tower 1・25/F・Flat G,,$3.65M,,274ft²,"@$13,321",Land Registry
23/9/2024,Grand Horizon・Block 1・37/F・Flat F,,$5.85M,,491ft²,"@$11,914",Land Registry
23/9/2024,Seaview Crescent・Block 3・32/F・Flat H,,$7M,,573ft²,"@$12,216",Land Registry
23/9/2024,City One Shatin・Site 2・Block 19・24/F・Flat C,,$4.25M,,327ft²,"@$12,997",Land Registry
23/9/2024,Tsuen Wan Centre・Block 10 (Peking House)・11/F・Flat F,,$3.68M,,425ft²,"@$8,659",Land Registry
23/9/2024,Goodview Garden・Tower 1・20/F・Flat 4,,$2.98M,--,340ft²,"@$8,765",Land Registry
23/9/2024,The Quinn ‧ Square Mile・Tower 2・17/F・Flat M,,$4.41M,--,206ft²,"@$21,419",Land Registry
23/9/2024,Bellagio・Carpark・8/F・No.R8117,,"$548,000",--,--,--,Land Registry
23/9/2024,Tin Oi Court・Oi Chiu House (Block A)・26/F・Flat 2,,$4.35M,--,603ft²,"@$7,214",Land Registry
23/9/2024,Mayfair By The Sea・II・Carpark・B/M・No.R160,,$2.01M,--,--,--,Land Registry
23/9/2024,Vantage Park・Carpark・4/F・No.P1,,"$990,000",--,--,--,Land Registry
23/9/2024,Island Resort・Tower 1・50/F・Flat C,,$10.5M,,751ft²,"@$13,981",Land Registry
23/9/2024,King Ming Mansion・G/F・Flat B,,$6.38M,,369ft²,"@$17,290",Land Registry
23/9/2024,Cullinan West・Carpark・BM1・No.8105,,$2.98M,--,--,--,Land Registry
23/9/2024,Victoria Harbour・Phase 2B-2 Victoria Harbour II・Tower 3・7/F・Flat B,,$37.65M,--,"1,111ft²","@$33,891",Land Registry
23/9/2024,Sceneway Garden・Block 5・4/F・Flat D,,$5.68M,,537ft²,"@$10,577",Land Registry
23/9/2024,Winner Court・Block 1・10/F・Flat A,,$17M,,"1,020ft²","@$16,667",Land Registry
23/9/2024,Chelsea Court・Tower West (B1)・9/F・Flat F,,$5.28M,,450ft²,"@$11,733",Land Registry
23/9/2024,Bellagio・Phase 3・Tower 1・16/F・Flat A,,$10.8M,,968ft²,"@$11,157",Land Registry
23/9/2024,Leung King Estate・Leung Wai House (Block 1)・14/F・Flat 16,,$1.4M,--,264ft²,"@$5,303",Land Registry
23/9/2024,Wing Tak Building・Block C・5/F・Flat 1,,$3.2M,,375ft²,"@$8,533",Land Registry
23/9/2024,Heung Hoi Mansion・4/F・Flat B (No. 30),,$3.42M,--,488ft²,"@$7,000",Land Registry
23/9/2024,Heung Hoi Mansion・4/F・Flat C (No. 28),,$4.4M,--,628ft²,"@$7,000",Land Registry
23/9/2024,Chevalier Garden・Block 12・7/F・Flat J,,$3.93M,--,488ft²,"@$8,053",Land Registry
23/9/2024,Kwong Ming Court・Kwong Lung House (Block B)・17/F・Flat 15,,$4.25M,--,433ft²,"@$9,815",Land Registry
23/9/2024,Novo Land・Phase 3B・Fiskars Tower 2A・7/F・Flat D,,$3.65M,--,292ft²,"@$12,498",Land Registry
23/9/2024,Century Gateway・Phase 2・Tower 8・8/F・Flat H,,$6.3M,,477ft²,"@$13,203",Land Registry
23/9/2024,Fung Shing Court・Wah Shing House (Block B)・21/F・Flat 3,,$3.18M,--,381ft²,"@$8,346",Land Registry
23/9/2024,Kwun Shan Court・17/F・Flat 6,,$3.36M,--,--,--,Land Registry
23/9/2024,Novo Land・Phase 3B・Fiskars Tower 2A・5/F・Flat D,,$3.64M,--,292ft²,"@$12,459",Land Registry
23/9/2024,Hampton Place・Tower 1・19/F・Flat E,,$6.8M,,465ft²,"@$14,624",Land Registry
23/9/2024,Lions Rise・Tower 2・23/F・Flat D,,$15M,,963ft²,"@$15,576",Land Registry
23/9/2024,Park Central・Phase 2・Tower 1・40/F・Flat A,,$7.26M,,465ft²,"@$15,613",Land Registry
23/9/2024,Yee Kok Court・Yee Hong House (Block E)・3/F・Flat 4,,$4.1M,--,530ft²,"@$7,736",Land Registry
23/9/2024,The Arles・Tower 2・29/F・Flat C,,$15.91M,--,849ft²,"@$18,737",Land Registry
23/9/2024,Mei Foo Sun Chuen・Phase 3・61-63 Broadway・6/F・Flat D No. 61,,$6.13M,,657ft²,"@$9,330",Land Registry
23/9/2024,Highland Park・Tower 4・8/F・Flat G,,$5M,--,642ft²,"@$7,788",Land Registry
23/9/2024,King Tai Court・13/F・Flat 12,,$2.75M,--,293ft²,"@$9,386",Land Registry
23/9/2024,Fung Tak Estate・Chu Fung House (Block 1)・18/F・Flat 22,,$2.55M,--,443ft²,"@$5,756",Land Registry
23/9/2024,Lohas Park・Phase 12B Park Seasons・Tower 2 (2A)・40/F・Flat G,,$5.02M,--,325ft²,"@$15,455",Land Registry
23/9/2024,Summit Terrace・Carpark・P2・No.C39 (Phase I),,$1.18M,--,--,--,Land Registry
23/9/2024,The Visionary・Tower 5・8/F・Flat C,,$9M,,--,--,Land Registry
23/9/2024,Tai Hing Gardens・Phase 1・Block 4・26/F・Flat B,,$4.18M,,515ft²,"@$8,117",Land Registry
23/9/2024,Cosmopolitan Estates・Tai Ying Building (Block N)・2/F・Flat 11,,$2.9M,,312ft²,"@$9,295",Land Registry
23/9/2024,Rhine Garden・Block 3・22/F・Flat B,,$5M,--,710ft²,"@$7,042",Land Registry
23/9/2024,Coastal Skyline・Phase 1・Block 2・43/F・Flat A,,$8.88M,,806ft²,"@$11,017",Land Registry
23/9/2024,Caribbean Coast・Phase 3 Carmel Cove・Lux Living (Tower 12)・17/F・Flat B,,$7M,,748ft²,"@$9,358",Land Registry
23/9/2024,Tsz On Court・On Yan House (Block A)・30/F・Flat 2,,$4.08M,--,598ft²,"@$6,823",Land Registry
23/9/2024,Villa Lucca・Tower 17,,$14.48M,--,"1,187ft²","@$12,200",Land Registry
23/9/2024,Monterey・Tower 3・17/F・Flat F,,$12M,,751ft²,"@$15,979",Land Registry
23/9/2024,Park Central・Phase 2・Tower 3・9/F・Flat A,,$5.88M,,465ft²,"@$12,645",Land Registry
23/9/2024,Ocean Shores・Phase 2・Tower 8・25/F・Flat G,,$6.29M,,484ft²,"@$12,996",Land Registry
23/9/2024,Yuk Wo Court・37/F・Flat 10,,$4.5M,--,393ft²,"@$11,450",Land Registry
23/9/2024,Shan King Estate・King Lok House (Block 6)・30/F・Flat A7,,$1.75M,--,490ft²,"@$3,571",Land Registry
23/9/2024,Tin Chung Court・Chung Yan House (Block J)・1/F・Flat 5,,$3.6M,--,650ft²,"@$5,538",Land Registry
23/9/2024,Wing On Court・19/F・Flat A,,$14M,--,"1,270ft²","@$11,024",Land Registry
23/9/2024,Hong Kong Garden・Phase 1・Carpark・4/F・No.585,,"$430,000",--,--,--,Land Registry
23/9/2024,Manhattan Plaza・Block C・14/F・Flat C1,,$7.5M,,779ft²,"@$9,628",Land Registry
23/9/2024,Kin Man Building・4/F・Flat D,,$5.15M,,452ft²,"@$11,394",Land Registry
23/9/2024,Novo Land・Phase 3B・Fiskars Tower 2A・29/F・Flat D,,$3.75M,--,292ft²,"@$12,857",Land Registry
23/9/2024,Wealthy Garden・Cheong Fu Court・10/F・Flat B,,$3.2M,--,313ft²,"@$10,224",Land Registry
23/9/2024,Mei Foo Sun Chuen・Phase 1・14-16 Broadway・5/F・Flat B No. 14,,$7.78M,,907ft²,"@$8,578",Land Registry
23/9/2024,Tin Lai Court・15/F・Flat 9,,$3.8M,--,426ft²,"@$8,920",Land Registry
23/9/2024,The Arles・Tower 3・41/F・Flat E,,$6.79M,--,348ft²,"@$19,503",Land Registry
23/9/2024,Brilliant Garden・Block C・7/F・Flat 7,,$3.8M,,671ft²,"@$5,663",Land Registry
23/9/2024,I‧Uniq Grand・21/F・Flat D,,$6.88M,--,455ft²,"@$15,121",Land Registry
23/9/2024,Sea Crest Villa・Phase 2・Block 5・2/F・Flat B,,$6.08M,,802ft²,"@$7,581",Land Registry
23/9/2024,Serenity Place・Block 2・17/F・Flat F,,$4.4M,,497ft²,"@$8,853",Land Registry
23/9/2024,Park Island・Phase 3・Block 19・5/F・Flat H,,$4.7M,,490ft²,"@$9,592",Land Registry
23/9/2024,Siu Hei Court・On Hei House (Block A)・36/F・Flat 8,,$1.64M,--,351ft²,"@$4,658",Land Registry
23/9/2024,Sheung Shui Centre・Block 2・11/F・Flat A,,$3.7M,,351ft²,"@$10,541",Land Registry
23/9/2024,Chiu Ming Court・33/F・Flat 1,,$2.17M,--,--,--,Land Registry
23/9/2024,Chiu Ming Court・13/F・Flat 15,,$2.73M,--,--,--,Land Registry
23/9/2024,Union Plaza・Tower 2・9/F・Flat F,,$4.88M,,659ft²,"@$7,405",Land Registry
23/9/2024,The Metro City・Phase 2・Tower 3・7/F・Flat C,,$5.04M,,363ft²,"@$13,884",Land Registry
23/9/2024,South Horizons・Phase 4 The Oasis・Albany Court (Block 32)・26/F・Flat D,,$6.31M,,521ft²,"@$12,107",Land Registry
23/9/2024,Kt Marina・Phase 1・Tower 2B・8/F・Flat F,,$4.99M,--,307ft²,"@$16,267",Land Registry
23/9/2024,Wing Fok Centre・Block 1・10/F・Flat A,,$3.25M,--,589ft²,"@$5,518",Land Registry
23/9/2024,Lai Hung Garden・Tower 1・9/F・Flat A,,$2.68M,,320ft²,"@$8,375",Land Registry
23/9/2024,Serenity Place・Block 3・17/F・Flat A,,$6.12M,,656ft²,"@$9,329",Land Registry
23/9/2024,Smithfield Terrace・Block A・17/F・Flat 2,,$3.78M,,281ft²,"@$13,452",Land Registry
23/9/2024,Kwong Sang Hong Building・Block D・12/F・Flat T,,$4.9M,,403ft²,"@$12,159",Land Registry
23/9/2024,Tsuen Wan Town Square・Carpark・B/M・No.78,,$1.89M,--,--,--,Land Registry
23/9/2024,Shatinpark・Stage 3・Savoy Garden (Block A)・6/F・Flat G,,$3.09M,,268ft²,"@$11,530",Land Registry
23/9/2024,Cheung Hing Building・6/F・Flat 3,,$2.78M,--,408ft²,"@$6,814",Land Registry
23/9/2024,Dragon View House・23/F・Flat 6,,$3.69M,,316ft²,"@$11,677",Land Registry
23/9/2024,Castello・Carpark・1/F・No.P219,,"$650,000",--,--,--,Land Registry
23/9/2024,Plover Cove Garden・Block C・16/F・Flat 2,,$4.5M,,505ft²,"@$8,911",Land Registry
23/9/2024,Lohas Park・Phase 12B Park Seasons・Tower 2 (2B)・20/F・Flat B,,$4.72M,--,314ft²,"@$15,029",Land Registry
23/9/2024,On Lai Building・4/F・Flat E,,$2.5M,--,269ft²,"@$9,294",Land Registry
23/9/2024,Tuen Mun Centre・12/F・Flat 10,,$2.44M,--,282ft²,"@$8,645",Land Registry
23/9/2024,Harbour Heights・Block 3 (Nam Fung Court)・22/F・Flat C,,$11.28M,,797ft²,"@$14,153",Land Registry
23/9/2024,Nan Hai Mansion・29/F・Flat 6,,$5M,,306ft²,"@$16,340",Land Registry
23/9/2024,"Fairview Park・Section J, 1St Street・No. 66 (S.J Ss. 33)",,$8M,,848ft²,"@$9,434",Land Registry
23/9/2024,Onmantin・Phase 2A・Tower 3・6/F・Flat B,,$16.4M,--,725ft²,"@$22,623",Land Registry
23/9/2024,Onmantin・Phase 2A・Tower 3・12/F・Flat D,,$13M,--,629ft²,"@$20,671",Land Registry
23/9/2024,Yick Fat Building・3/F・Flat 42,,$2.9M,,384ft²,"@$7,552",Land Registry
23/9/2024,La Fontaine・Tower A・16/F・Flat B,,$4.85M,,532ft²,"@$9,117",Land Registry
23/9/2024,Parc Versailles・Phase 1・Block 8・3/F・Flat C,,$9.53M,,"1,012ft²","@$9,417",Land Registry
23/9/2024,Serenity Park・Phase 1・Block 9・22/F・Flat E,,$4.35M,,400ft²,"@$10,875",Land Registry
23/9/2024,Parkland Villas・Block 9・15/F・Flat B,,$5M,,381ft²,"@$13,123",Land Registry
23/9/2024,Lucky Plaza・Kwai Lam Court (Block D2)・8/F・Flat G,,$5.55M,,427ft²,"@$12,998",Land Registry
23/9/2024,Kornhill・Block B (Flat 9 - 16)・16/F・Flat 12,,$8.6M,,710ft²,"@$12,113",Land Registry
22/9/2024,Chi Fu Fa Yuen・Fu Wah Yuen (Block H-10)・Middle Floor・Flat A,,,--,439ft²,@$38,Centaline
22/9/2024,My Central・Upper Floor・Flat D,,,--,811ft²,@$55,Centaline
22/9/2024,City One Shatin・Site 2・Block 23・Upper Floor・Flat F,,,--,451ft²,@$42,Centaline
22/9/2024,Jloft・Middle Floor・Flat D,,,--,228ft²,@$57,Centaline
22/9/2024,Corinthia By The Sea・Tower 1・Middle Floor・Flat B,,,--,"1,070ft²",@$49,Centaline
22/9/2024,Indi Home・Lower Floor・Flat 5,,,--,420ft²,@$38,Centaline
22/9/2024,The Pavilia Bay・Tower 2A・Upper Floor・Flat E,,,--,348ft²,@$52,Centaline
22/9/2024,Century Link・Phase 1・Tower 3A・Lower Floor・Flat 10,,,--,484ft²,@$37,Centaline
22/9/2024,Villa Esplanada・Phase 3・Block 10・Middle Floor・Flat B,,,--,499ft²,@$42,Centaline
22/9/2024,Shatin Centre・Kai Ning Building (Block C)・Upper Floor・Flat A,,,--,390ft²,@$44,Centaline
22/9/2024,Hilton Plaza・Block B・Lower Floor・Flat 4,,,--,283ft²,@$47,Centaline
22/9/2024,Discovery Bay・Phase 3-Parkvale Village・Crystal Court・Middle Floor・Flat B,,,--,368ft²,@$24,Centaline
22/9/2024,Laguna Verde・Phase 2 Villa Verde・Tower 6・Lower Floor・Flat B,,,--,898ft²,@$38,Centaline
22/9/2024,Cullinan West・Phase 5 Cullinan West Ill・Tower 7・Middle Floor・Flat K,,,--,380ft²,@$57,Centaline
22/9/2024,La Cite Noble・Block 5・Middle Floor・Flat B,,,--,377ft²,@$42,Centaline
22/9/2024,Sham Wan Towers・Block 3・Lower Floor・Flat C,,,--,511ft²,@$43,Centaline
22/9/2024,Heng Fa Chuen・Block 23・Upper Floor・Flat 5,,,--,600ft²,@$34,Centaline
22/9/2024,Hong Kong Garden・Phase 1・Block 3・Middle Floor・Flat B,,,--,513ft²,@$27,Centaline
22/9/2024,Silicon Hill・University Hill Phase 2A・Marina Tower 5B・Lower Floor・Flat B2,,,--,409ft²,@$39,Centaline
22/9/2024,The Harbourside・Tower 2・Upper Floor・Flat A,,,--,806ft²,@$58,Centaline
22/9/2024,The Coronation・Tower 6・Middle Floor・Flat C,,,--,400ft²,@$48,Centaline
22/9/2024,The Parkside・Tower 3・Lower Floor・Flat B,,,--,521ft²,@$40,Centaline
22/9/2024,The Beaumount・II・Tower 3・Lower Floor・Flat G,,,--,506ft²,@$34,Centaline
22/9/2024,Amoy Gardens・Phase 1・Block F・Upper Floor・Flat 4,,,--,375ft²,@$40,Centaline
22/9/2024,Lohas Park・Phase 5A Malibu・Tower 3B・Middle Floor・Flat B,,,--,552ft²,@$37,Centaline
22/9/2024,Kent Court・Block 4・Upper Floor・Flat B,,,--,"1,394ft²",@$36,Centaline
22/9/2024,Oriental Gardens・Block B・Lower Floor・Flat B4,,,--,984ft²,@$27,Centaline
22/9/2024,Mount Arcadia・Tower 1・Lower Floor・Flat C,,,--,959ft²,@$40,Centaline
22/9/2024,Luk Yeung Sun Chuen・Block Q・Middle Floor・Flat 6,,,--,445ft²,@$38,Centaline
22/9/2024,Larchwood・Lower Floor・Flat G,,,--,205ft²,@$67,Centaline
22/9/2024,The Quinn ‧ Square Mile・Tower 1・Middle Floor・Flat J,,,--,269ft²,@$59,Centaline
22/9/2024,The Quinn ‧ Square Mile・Tower 2・Middle Floor・Flat H,,,--,269ft²,@$61,Centaline
22/9/2024,Cullinan West・Phase 5 Cullinan West Ill・Tower 7・Upper Floor・Flat G,,,--,351ft²,@$60,Centaline
22/9/2024,Hampton Place・Tower 3・Lower Floor・Flat D,,,--,502ft²,@$42,Centaline
22/9/2024,Green Code・Tower 1・Middle Floor・Flat D,,,--,468ft²,@$29,Centaline
22/9/2024,Coastal Skyline・Phase 4 Le Bleu Deux・Block 7・Upper Floor・Flat E,,,--,549ft²,@$38,Centaline
22/9/2024,Tung Chung Crescent・Phase 2・Block 5・Middle Floor・Flat B,,,--,759ft²,@$31,Centaline
22/9/2024,The Visionary・Tower 3・Middle Floor・Flat D,,,--,743ft²,@$34,Centaline
22/9/2024,Wetland Seasons Park・Phase 1・Tower 22・Lower Floor・Flat B5,,,--,409ft²,@$34,Centaline
22/9/2024,Noble Hill・Tower 8 - Hill Top・Upper Floor・Flat A,,,--,791ft²,@$27,Centaline
22/9/2024,Banyan Garden・Phase 1・Tower 3・Middle Floor・Flat H,,,--,506ft²,@$41,Centaline
22/9/2024,Park Yoho・Phase 1B Park Yoho Venezia・Tower 7A・Middle Floor・Flat D,,,--,607ft²,@$27,Centaline
22/9/2024,Uptown Plaza・Block 2・Upper Floor・Flat A,,,--,620ft²,@$32,Centaline
22/9/2024,Kornville・Tower 2・Lower Floor・Flat C,,,--,538ft²,@$46,Centaline
22/9/2024,Centra Horizon・Tower 2・Lower Floor・Flat B,,,--,830ft²,@$34,Centaline
22/9/2024,Solaria・Tower 10・Lower Floor・Flat A,,,--,463ft²,@$37,Centaline
22/9/2024,St Martin・Phase 2・Tower 10・Middle Floor・Flat A5,,,--,456ft²,@$41,Centaline
22/9/2024,Manor Hill・Tower 2・Upper Floor・Flat C1,,,--,244ft²,@$57,Centaline
22/9/2024,Grand Promenade・Tower 5・Middle Floor・Flat F,,,--,498ft²,@$48,Centaline
22/9/2024,Wing Cheung Building・Lower Floor・Flat D,,,--,295ft²,@$61,Centaline
22/9/2024,Centra Horizon・Tower 11・Middle Floor・Flat B,,,--,253ft²,@$47,Centaline
22/9/2024,Henley Park・Tower 1B・Lower Floor・Flat G,,,--,250ft²,@$62,Centaline
22/9/2024,Wetland Seasons Bay・Phase 3・Tower 6B・Upper Floor・Flat A2,,,--,452ft²,@$31,Centaline
22/9/2024,The Aurora・Tower 2・Lower Floor・Flat E,,,--,423ft²,@$47,Centaline
22/9/2024,Coastal Skyline・Phase 1・Block 1・Lower Floor・Flat I,,,--,694ft²,@$32,Centaline
22/9/2024,Novum Point・Middle Floor・Flat L,,,--,250ft²,@$60,Centaline
22/9/2024,Oasis Kai Tak・Tower 5・Lower Floor・Flat C,,,--,508ft²,@$50,Centaline
22/9/2024,The Palazzo・Block 3・Upper Floor・Flat D,,,--,554ft²,@$44,Centaline
22/9/2024,Coastal Skyline・Phase 1・Block 1・Middle Floor・Flat H,,,--,381ft²,@$42,Centaline
22/9/2024,The Reach・Tower 5・Upper Floor・Flat D,,,--,443ft²,@$27,Centaline
22/9/2024,The Yoho Hub・Phase C The Yoho Hub II・Tower 8・Upper Floor・Flat K,,,--,495ft²,@$39,Centaline
21/9/2024,St. Barths・Phase 1・Maple Court Tower 1・Middle Floor・Flat D,,,--,498ft²,@$41,Centaline
21/9/2024,Victoria Coast・Block B・Middle Floor・Flat 2,,,--,"1,356ft²",@$40,Centaline
21/9/2024,Avon Park・Block 3・Lower Floor・Flat H,,,--,400ft²,@$29,Centaline
21/9/2024,Nan Fung Sun Chuen・Block 9・Upper Floor・Flat C,,,--,391ft²,@$45,Centaline
21/9/2024,Metro City・Phase 1・Tower 1・Upper Floor・Flat B,,,--,364ft²,@$45,Centaline
21/9/2024,The Quinn ‧ Square Mile・Tower 2・Upper Floor・Flat D,,,--,205ft²,@$68,Centaline
21/9/2024,The Pacifica・Phase 1・Tower 5・Lower Floor・Flat E,,,--,462ft²,@$42,Centaline
21/9/2024,Caine Tower・Middle Floor・Flat C,,,--,319ft²,@$60,Centaline
21/9/2024,Discovery Bay・Phase 1-Parkridge Village・Sunrise・Middle Floor・Flat C,,,--,588ft²,@$29,Centaline
21/9/2024,Laguna Verde・Phase 2 Villa Verde・Tower 7・Middle Floor・Flat H,,,--,541ft²,@$38,Centaline
21/9/2024,Eden Manor・Tower 7・Lower Floor・Flat J,,,--,277ft²,@$38,Centaline
21/9/2024,Grand Central・Phase 1・Tower 2・Middle Floor・Flat F,,,--,594ft²,@$42,Centaline
21/9/2024,The Quinn ‧ Square Mile・Tower 2・Lower Floor・Flat A,,,--,409ft²,@$54,Centaline
21/9/2024,The Entrance・Tower 2・Upper Floor・Flat A,,,--,"1,184ft²",@$37,Centaline
21/9/2024,Park Central・Phase 1・Tower 6・Lower Floor・Flat A,,,--,465ft²,@$34,Centaline
21/9/2024,Aqua Marine・Tower 3・Upper Floor・Flat C,,,--,503ft²,@$40,Centaline
21/9/2024,Solaria・Tower 6・Upper Floor・Flat D,,,--,344ft²,@$44,Centaline
21/9/2024,Lohas Park・Phase 3A Hemera・Topaz (Tower 5)・Upper Floor・Flat Ld,,,--,688ft²,@$34,Centaline
21/9/2024,Mei Foo Sun Chuen・Phase 1・29-31 Broadway・Lower Floor・Flat D No. 29,,,--,696ft²,@$35,Centaline
21/9/2024,The Papillons・Tower 6・Lower Floor・Flat E,,,--,297ft²,@$50,Centaline
21/9/2024,Lohas Park・Phase 4A Wings At Sea・Tower 1B・Lower Floor・Flat A,,,--,654ft²,@$44,Centaline
21/9/2024,The Nova・Lower Floor・Flat F,,,--,390ft²,@$68,Centaline
21/9/2024,Island Harbourview・Tower 7・Lower Floor・Flat C,,,--,904ft²,@$42,Centaline
21/9/2024,Lohas Park・Phase 5A Malibu・Tower 1B・Middle Floor・Flat B,,,--,553ft²,@$36,Centaline
21/9/2024,The Beaumount・Phase 1・Tower 1・Middle Floor・Flat A,,,--,689ft²,@$29,Centaline
21/9/2024,Century Link・Phase 1・Tower 6B・Middle Floor・Flat 6,,,--,484ft²,@$38,Centaline
21/9/2024,Hyde Park・Lower Floor・Flat C,,,--,285ft²,@$44,Centaline
21/9/2024,Sky Horizon・Tower 2・Lower Floor・Flat A,,,--,998ft²,@$54,Centaline
21/9/2024,One South Lane・Upper Floor・Flat 3,,,--,268ft²,@$78,Centaline
21/9/2024,Sorrento・Phase 1・Block 3・Upper Floor・Flat F,,,--,973ft²,@$53,Centaline
21/9/2024,Century Link・Phase 1・Tower 6B・Lower Floor・Flat 1,,,--,484ft²,@$38,Centaline
21/9/2024,Mount Regency・Phase 1・Tower 1A・Middle Floor・Flat H,,,--,388ft²,@$35,Centaline
21/9/2024,The Regent・Tower 9・Upper Floor・Flat F,,,--,372ft²,@$42,Centaline
21/9/2024,Ocean Pride・Phase 3・Tower 8・Lower Floor・Flat C,,,--,391ft²,@$50,Centaline
21/9/2024,Cullinan West・Phase 2A・Tower 1B・Lower Floor・Flat E,,,--,350ft²,@$57,Centaline
21/9/2024,Sun Yuen Long Centre・Block 3・Upper Floor・Flat C,,,--,466ft²,@$35,Centaline
21/9/2024,The Yoho Hub・Phase C The Yoho Hub II・Tower 8・Upper Floor・Flat H,,,--,904ft²,@$40,Centaline
21/9/2024,The Avenue・Phase 2・Tower 2・Lower Floor・Flat G,,,--,584ft²,@$53,Centaline
21/9/2024,The Avenue・Phase 1・Tower 5・Upper Floor・Flat E,,,--,658ft²,@$61,Centaline
21/9/2024,Lei King Wan・Sites A・Block 2 Kwun King Mansion・Middle Floor・Flat F,,,--,485ft²,@$43,Centaline
21/9/2024,Star Crest・Tower 2・Middle Floor・Flat F,,,--,793ft²,@$57,Centaline
21/9/2024,Classical Gardens・Phase 3 Dynasty View・Block 18・Upper Floor・Flat C,,,--,518ft²,@$36,Centaline
21/9/2024,Gramercy・Middle Floor・Flat C,,,--,351ft²,@$67,Centaline
21/9/2024,Island Crest・Tower 2・Lower Floor・Flat E,,,--,459ft²,@$63,Centaline
