District,Sub-District,Estate,Link,edu_ter,Type,Code,NameE,DateValue,Period,lat,lon,log
Central and Western,Kennedy Town,(Kennedy Town) Ivy On Bel...,https://hkdata.centanet.com/BigData/hong-kong/Central%20and%20Western/CHMA/Kennedy-Town/building-group(Kennedy%20Town)%20Ivy%20On%20Belcher's%20%7C%20Westview%20Height%20%7C%20La%20Maison%20Du%20Nord%20%7C%20Shun%20Cheong%20Building%20%7C%20The%20Sail%20At%20Victoria%20%7C%2060%20Victoria%20Road%20%7C%20Mourt%20Davis%2033%20%7C%20Belcher's%20Hill%20%7C%20The%20Kennedy%20On%20Belcher's%20(Kennedy%20Town%202000's%20private%20residential%20buildings)?field=t_pop&sort=default&detailcode=CW0060,4854.0,building,CW0060,(Kennedy Town) Ivy On Belcher's / Westview Height / La Maison Du Nord / Shun Cheong Building / The Sail At Victoria / 60 Victoria Road / Mourt Davis 33 / Belcher's Hill / The Kennedy On Belcher's (Kennedy Town 2000's private residential buildings),200010,Month,22.28277,114.12953,8.487558386286548
Central and Western,Kennedy Town,(Kennedy Town) Ivy On Bel...,https://hkdata.centanet.com/BigData/hong-kong/Central%20and%20Western/CHMA/Kennedy-Town/building-group(Kennedy%20Town)%20Ivy%20On%20Belcher's%20%7C%20Westview%20Height%20%7C%20La%20Maison%20Du%20Nord%20%7C%20Shun%20Cheong%20Building%20%7C%20The%20Sail%20At%20Victoria%20%7C%2060%20Victoria%20Road%20%7C%20Mourt%20Davis%2033%20%7C%20Belcher's%20Hill%20%7C%20The%20Kennedy%20On%20Belcher's%20(Kennedy%20Town%202000's%20private%20residential%20buildings)?field=t_pop&sort=default&detailcode=CW0060,4854.0,building,CW0060,(Kennedy Town) Ivy On Belcher's / Westview Height / La Maison Du Nord / Shun Cheong Building / The Sail At Victoria / 60 Victoria Road / Mourt Davis 33 / Belcher's Hill / The Kennedy On Belcher's (Kennedy Town 2000's private residential buildings),200011,Month,22.28277,114.12953,8.487558386286548
Central and Western,Kennedy Town,(Kennedy Town) Ivy On Bel...,https://hkdata.centanet.com/BigData/hong-kong/Central%20and%20Western/CHMA/Kennedy-Town/building-group(Kennedy%20Town)%20Ivy%20On%20Belcher's%20%7C%20Westview%20Height%20%7C%20La%20Maison%20Du%20Nord%20%7C%20Shun%20Cheong%20Building%20%7C%20The%20Sail%20At%20Victoria%20%7C%2060%20Victoria%20Road%20%7C%20Mourt%20Davis%2033%20%7C%20Belcher's%20Hill%20%7C%20The%20Kennedy%20On%20Belcher's%20(Kennedy%20Town%202000's%20private%20residential%20buildings)?field=t_pop&sort=default&detailcode=CW0060,4626.0,building,CW0060,(Kennedy Town) Ivy On Belcher's / Westview Height / La Maison Du Nord / Shun Cheong Building / The Sail At Victoria / 60 Victoria Road / Mourt Davis 33 / Belcher's Hill / The Kennedy On Belcher's (Kennedy Town 2000's private residential buildings),200012,Month,22.28277,114.12953,8.439447842791385
Central and Western,Kennedy Town,(Kennedy Town) Ivy On Bel...,https://hkdata.centanet.com/BigData/hong-kong/Central%20and%20Western/CHMA/Kennedy-Town/building-group(Kennedy%20Town)%20Ivy%20On%20Belcher's%20%7C%20Westview%20Height%20%7C%20La%20Maison%20Du%20Nord%20%7C%20Shun%20Cheong%20Building%20%7C%20The%20Sail%20At%20Victoria%20%7C%2060%20Victoria%20Road%20%7C%20Mourt%20Davis%2033%20%7C%20Belcher's%20Hill%20%7C%20The%20Kennedy%20On%20Belcher's%20(Kennedy%20Town%202000's%20private%20residential%20buildings)?field=t_pop&sort=default&detailcode=CW0060,4626.0,building,CW0060,(Kennedy Town) Ivy On Belcher's / Westview Height / La Maison Du Nord / Shun Cheong Building / The Sail At Victoria / 60 Victoria Road / Mourt Davis 33 / Belcher's Hill / The Kennedy On Belcher's (Kennedy Town 2000's private residential buildings),200101,Month,22.28277,114.12953,8.439447842791385
Central and Western,Kennedy Town,(Kennedy Town) Ivy On Bel...,https://hkdata.centanet.com/BigData/hong-kong/Central%20and%20Western/CHMA/Kennedy-Town/building-group(Kennedy%20Town)%20Ivy%20On%20Belcher's%20%7C%20Westview%20Height%20%7C%20La%20Maison%20Du%20Nord%20%7C%20Shun%20Cheong%20Building%20%7C%20The%20Sail%20At%20Victoria%20%7C%2060%20Victoria%20Road%20%7C%20Mourt%20Davis%2033%20%7C%20Belcher's%20Hill%20%7C%20The%20Kennedy%20On%20Belcher's%20(Kennedy%20Town%202000's%20private%20residential%20buildings)?field=t_pop&sort=default&detailcode=CW0060,4626.0,building,CW0060,(Kennedy Town) Ivy On Belcher's / Westview Height / La Maison Du Nord / Shun Cheong Building / The Sail At Victoria / 60 Victoria Road / Mourt Davis 33 / Belcher's Hill / The Kennedy On Belcher's (Kennedy Town 2000's private residential buildings),200102,Month,22.28277,114.12953,8.439447842791385
Central and Western,Kennedy Town,(Kennedy Town) Ivy On Bel...,https://hkdata.centanet.com/BigData/hong-kong/Central%20and%20Western/CHMA/Kennedy-Town/building-group(Kennedy%20Town)%20Ivy%20On%20Belcher's%20%7C%20Westview%20Height%20%7C%20La%20Maison%20Du%20Nord%20%7C%20Shun%20Cheong%20Building%20%7C%20The%20Sail%20At%20Victoria%20%7C%2060%20Victoria%20Road%20%7C%20Mourt%20Davis%2033%20%7C%20Belcher's%20Hill%20%7C%20The%20Kennedy%20On%20Belcher's%20(Kennedy%20Town%202000's%20private%20residential%20buildings)?field=t_pop&sort=default&detailcode=CW0060,5349.0,building,CW0060,(Kennedy Town) Ivy On Belcher's / Westview Height / La Maison Du Nord / Shun Cheong Building / The Sail At Victoria / 60 Victoria Road / Mourt Davis 33 / Belcher's Hill / The Kennedy On Belcher's (Kennedy Town 2000's private residential buildings),200103,Month,22.28277,114.12953,8.58466490653125
Central and Western,Kennedy Town,(Kennedy Town) Ivy On Bel...,https://hkdata.centanet.com/BigData/hong-kong/Central%20and%20Western/CHMA/Kennedy-Town/building-group(Kennedy%20Town)%20Ivy%20On%20Belcher's%20%7C%20Westview%20Height%20%7C%20La%20Maison%20Du%20Nord%20%7C%20Shun%20Cheong%20Building%20%7C%20The%20Sail%20At%20Victoria%20%7C%2060%20Victoria%20Road%20%7C%20Mourt%20Davis%2033%20%7C%20Belcher's%20Hill%20%7C%20The%20Kennedy%20On%20Belcher's%20(Kennedy%20Town%202000's%20private%20residential%20buildings)?field=t_pop&sort=default&detailcode=CW0060,5349.0,building,CW0060,(Kennedy Town) Ivy On Belcher's / Westview Height / La Maison Du Nord / Shun Cheong Building / The Sail At Victoria / 60 Victoria Road / Mourt Davis 33 / Belcher's Hill / The Kennedy On Belcher's (Kennedy Town 2000's private residential buildings),200104,Month,22.28277,114.12953,8.58466490653125
Central and Western,Kennedy Town,(Kennedy Town) Ivy On Bel...,https://hkdata.centanet.com/BigData/hong-kong/Central%20and%20Western/CHMA/Kennedy-Town/building-group(Kennedy%20Town)%20Ivy%20On%20Belcher's%20%7C%20Westview%20Height%20%7C%20La%20Maison%20Du%20Nord%20%7C%20Shun%20Cheong%20Building%20%7C%20The%20Sail%20At%20Victoria%20%7C%2060%20Victoria%20Road%20%7C%20Mourt%20Davis%2033%20%7C%20Belcher's%20Hill%20%7C%20The%20Kennedy%20On%20Belcher's%20(Kennedy%20Town%202000's%20private%20residential%20buildings)?field=t_pop&sort=default&detailcode=CW0060,5349.0,building,CW0060,(Kennedy Town) Ivy On Belcher's / Westview Height / La Maison Du Nord / Shun Cheong Building / The Sail At Victoria / 60 Victoria Road / Mourt Davis 33 / Belcher's Hill / The Kennedy On Belcher's (Kennedy Town 2000's private residential buildings),200105,month,22.28277,114.12953,8.58466490653125
Central and Western,Kennedy Town,(Kennedy Town) Ivy On Bel...,https://hkdata.centanet.com/BigData/hong-kong/Central%20and%20Western/CHMA/Kennedy-Town/building-group(Kennedy%20Town)%20Ivy%20On%20Belcher's%20%7C%20Westview%20Height%20%7C%20La%20Maison%20Du%20Nord%20%7C%20Shun%20Cheong%20Building%20%7C%20The%20Sail%20At%20Victoria%20%7C%2060%20Victoria%20Road%20%7C%20Mourt%20Davis%2033%20%7C%20Belcher's%20Hill%20%7C%20The%20Kennedy%20On%20Belcher's%20(Kennedy%20Town%202000's%20private%20residential%20buildings)?field=t_pop&sort=default&detailcode=CW0060,5349.0,building,CW0060,(Kennedy Town) Ivy On Belcher's / Westview Height / La Maison Du Nord / Shun Cheong Building / The Sail At Victoria / 60 Victoria Road / Mourt Davis 33 / Belcher's Hill / The Kennedy On Belcher's (Kennedy Town 2000's private residential buildings),200106,Month,22.28277,114.12953,8.58466490653125
Central and Western,Kennedy Town,(Kennedy Town) Ivy On Bel...,https://hkdata.centanet.com/BigData/hong-kong/Central%20and%20Western/CHMA/Kennedy-Town/building-group(Kennedy%20Town)%20Ivy%20On%20Belcher's%20%7C%20Westview%20Height%20%7C%20La%20Maison%20Du%20Nord%20%7C%20Shun%20Cheong%20Building%20%7C%20The%20Sail%20At%20Victoria%20%7C%2060%20Victoria%20Road%20%7C%20Mourt%20Davis%2033%20%7C%20Belcher's%20Hill%20%7C%20The%20Kennedy%20On%20Belcher's%20(Kennedy%20Town%202000's%20private%20residential%20buildings)?field=t_pop&sort=default&detailcode=CW0060,5349.0,building,CW0060,(Kennedy Town) Ivy On Belcher's / Westview Height / La Maison Du Nord / Shun Cheong Building / The Sail At Victoria / 60 Victoria Road / Mourt Davis 33 / Belcher's Hill / The Kennedy On Belcher's (Kennedy Town 2000's private residential buildings),200107,Month,22.28277,114.12953,8.58466490653125
Central and Western,Kennedy Town,(Kennedy Town) Ivy On Bel...,https://hkdata.centanet.com/BigData/hong-kong/Central%20and%20Western/CHMA/Kennedy-Town/building-group(Kennedy%20Town)%20Ivy%20On%20Belcher's%20%7C%20Westview%20Height%20%7C%20La%20Maison%20Du%20Nord%20%7C%20Shun%20Cheong%20Building%20%7C%20The%20Sail%20At%20Victoria%20%7C%2060%20Victoria%20Road%20%7C%20Mourt%20Davis%2033%20%7C%20Belcher's%20Hill%20%7C%20The%20Kennedy%20On%20Belcher's%20(Kennedy%20Town%202000's%20private%20residential%20buildings)?field=t_pop&sort=default&detailcode=CW0060,5349.0,building,CW0060,(Kennedy Town) Ivy On Belcher's / Westview Height / La Maison Du Nord / Shun Cheong Building / The Sail At Victoria / 60 Victoria Road / Mourt Davis 33 / Belcher's Hill / The Kennedy On Belcher's (Kennedy Town 2000's private residential buildings),200108,Month,22.28277,114.12953,8.58466490653125
Central and Western,Kennedy Town,(Kennedy Town) Ivy On Bel...,https://hkdata.centanet.com/BigData/hong-kong/Central%20and%20Western/CHMA/Kennedy-Town/building-group(Kennedy%20Town)%20Ivy%20On%20Belcher's%20%7C%20Westview%20Height%20%7C%20La%20Maison%20Du%20Nord%20%7C%20Shun%20Cheong%20Building%20%7C%20The%20Sail%20At%20Victoria%20%7C%2060%20Victoria%20Road%20%7C%20Mourt%20Davis%2033%20%7C%20Belcher's%20Hill%20%7C%20The%20Kennedy%20On%20Belcher's%20(Kennedy%20Town%202000's%20private%20residential%20buildings)?field=t_pop&sort=default&detailcode=CW0060,5349.0,building,CW0060,(Kennedy Town) Ivy On Belcher's / Westview Height / La Maison Du Nord / Shun Cheong Building / The Sail At Victoria / 60 Victoria Road / Mourt Davis 33 / Belcher's Hill / The Kennedy On Belcher's (Kennedy Town 2000's private residential buildings),200109,Month,22.28277,114.12953,8.58466490653125
Central and Western,Kennedy Town,(Kennedy Town) Ivy On Bel...,https://hkdata.centanet.com/BigData/hong-kong/Central%20and%20Western/CHMA/Kennedy-Town/building-group(Kennedy%20Town)%20Ivy%20On%20Belcher's%20%7C%20Westview%20Height%20%7C%20La%20Maison%20Du%20Nord%20%7C%20Shun%20Cheong%20Building%20%7C%20The%20Sail%20At%20Victoria%20%7C%2060%20Victoria%20Road%20%7C%20Mourt%20Davis%2033%20%7C%20Belcher's%20Hill%20%7C%20The%20Kennedy%20On%20Belcher's%20(Kennedy%20Town%202000's%20private%20residential%20buildings)?field=t_pop&sort=default&detailcode=CW0060,5349.0,building,CW0060,(Kennedy Town) Ivy On Belcher's / Westview Height / La Maison Du Nord / Shun Cheong Building / The Sail At Victoria / 60 Victoria Road / Mourt Davis 33 / Belcher's Hill / The Kennedy On Belcher's (Kennedy Town 2000's private residential buildings),200110,Month,22.28277,114.12953,8.58466490653125
Central and Western,Kennedy Town,(Kennedy Town) Ivy On Bel...,https://hkdata.centanet.com/BigData/hong-kong/Central%20and%20Western/CHMA/Kennedy-Town/building-group(Kennedy%20Town)%20Ivy%20On%20Belcher's%20%7C%20Westview%20Height%20%7C%20La%20Maison%20Du%20Nord%20%7C%20Shun%20Cheong%20Building%20%7C%20The%20Sail%20At%20Victoria%20%7C%2060%20Victoria%20Road%20%7C%20Mourt%20Davis%2033%20%7C%20Belcher's%20Hill%20%7C%20The%20Kennedy%20On%20Belcher's%20(Kennedy%20Town%202000's%20private%20residential%20buildings)?field=t_pop&sort=default&detailcode=CW0060,5349.0,building,CW0060,(Kennedy Town) Ivy On Belcher's / Westview Height / La Maison Du Nord / Shun Cheong Building / The Sail At Victoria / 60 Victoria Road / Mourt Davis 33 / Belcher's Hill / The Kennedy On Belcher's (Kennedy Town 2000's private residential buildings),200111,Month,22.28277,114.12953,8.58466490653125
Central and Western,Kennedy Town,(Kennedy Town) Ivy On Bel...,https://hkdata.centanet.com/BigData/hong-kong/Central%20and%20Western/CHMA/Kennedy-Town/building-group(Kennedy%20Town)%20Ivy%20On%20Belcher's%20%7C%20Westview%20Height%20%7C%20La%20Maison%20Du%20Nord%20%7C%20Shun%20Cheong%20Building%20%7C%20The%20Sail%20At%20Victoria%20%7C%2060%20Victoria%20Road%20%7C%20Mourt%20Davis%2033%20%7C%20Belcher's%20Hill%20%7C%20The%20Kennedy%20On%20Belcher's%20(Kennedy%20Town%202000's%20private%20residential%20buildings)?field=t_pop&sort=default&detailcode=CW0060,5349.0,building,CW0060,(Kennedy Town) Ivy On Belcher's / Westview Height / La Maison Du Nord / Shun Cheong Building / The Sail At Victoria / 60 Victoria Road / Mourt Davis 33 / Belcher's Hill / The Kennedy On Belcher's (Kennedy Town 2000's private residential buildings),200112,Month,22.28277,114.12953,8.58466490653125
Central and Western,Kennedy Town,(Kennedy Town) Ivy On Bel...,https://hkdata.centanet.com/BigData/hong-kong/Central%20and%20Western/CHMA/Kennedy-Town/building-group(Kennedy%20Town)%20Ivy%20On%20Belcher's%20%7C%20Westview%20Height%20%7C%20La%20Maison%20Du%20Nord%20%7C%20Shun%20Cheong%20Building%20%7C%20The%20Sail%20At%20Victoria%20%7C%2060%20Victoria%20Road%20%7C%20Mourt%20Davis%2033%20%7C%20Belcher's%20Hill%20%7C%20The%20Kennedy%20On%20Belcher's%20(Kennedy%20Town%202000's%20private%20residential%20buildings)?field=t_pop&sort=default&detailcode=CW0060,5349.0,building,CW0060,(Kennedy Town) Ivy On Belcher's / Westview Height / La Maison Du Nord / Shun Cheong Building / The Sail At Victoria / 60 Victoria Road / Mourt Davis 33 / Belcher's Hill / The Kennedy On Belcher's (Kennedy Town 2000's private residential buildings),200201,Month,22.28277,114.12953,8.58466490653125
Central and Western,Kennedy Town,(Kennedy Town) Ivy On Bel...,https://hkdata.centanet.com/BigData/hong-kong/Central%20and%20Western/CHMA/Kennedy-Town/building-group(Kennedy%20Town)%20Ivy%20On%20Belcher's%20%7C%20Westview%20Height%20%7C%20La%20Maison%20Du%20Nord%20%7C%20Shun%20Cheong%20Building%20%7C%20The%20Sail%20At%20Victoria%20%7C%2060%20Victoria%20Road%20%7C%20Mourt%20Davis%2033%20%7C%20Belcher's%20Hill%20%7C%20The%20Kennedy%20On%20Belcher's%20(Kennedy%20Town%202000's%20private%20residential%20buildings)?field=t_pop&sort=default&detailcode=CW0060,5349.0,building,CW0060,(Kennedy Town) Ivy On Belcher's / Westview Height / La Maison Du Nord / Shun Cheong Building / The Sail At Victoria / 60 Victoria Road / Mourt Davis 33 / Belcher's Hill / The Kennedy On Belcher's (Kennedy Town 2000's private residential buildings),200202,Month,22.28277,114.12953,8.58466490653125
Central and Western,Kennedy Town,(Kennedy Town) Ivy On Bel...,https://hkdata.centanet.com/BigData/hong-kong/Central%20and%20Western/CHMA/Kennedy-Town/building-group(Kennedy%20Town)%20Ivy%20On%20Belcher's%20%7C%20Westview%20Height%20%7C%20La%20Maison%20Du%20Nord%20%7C%20Shun%20Cheong%20Building%20%7C%20The%20Sail%20At%20Victoria%20%7C%2060%20Victoria%20Road%20%7C%20Mourt%20Davis%2033%20%7C%20Belcher's%20Hill%20%7C%20The%20Kennedy%20On%20Belcher's%20(Kennedy%20Town%202000's%20private%20residential%20buildings)?field=t_pop&sort=default&detailcode=CW0060,5349.0,building,CW0060,(Kennedy Town) Ivy On Belcher's / Westview Height / La Maison Du Nord / Shun Cheong Building / The Sail At Victoria / 60 Victoria Road / Mourt Davis 33 / Belcher's Hill / The Kennedy On Belcher's (Kennedy Town 2000's private residential buildings),200203,Month,22.28277,114.12953,8.58466490653125
Central and Western,Kennedy Town,(Kennedy Town) Ivy On Bel...,https://hkdata.centanet.com/BigData/hong-kong/Central%20and%20Western/CHMA/Kennedy-Town/building-group(Kennedy%20Town)%20Ivy%20On%20Belcher's%20%7C%20Westview%20Height%20%7C%20La%20Maison%20Du%20Nord%20%7C%20Shun%20Cheong%20Building%20%7C%20The%20Sail%20At%20Victoria%20%7C%2060%20Victoria%20Road%20%7C%20Mourt%20Davis%2033%20%7C%20Belcher's%20Hill%20%7C%20The%20Kennedy%20On%20Belcher's%20(Kennedy%20Town%202000's%20private%20residential%20buildings)?field=t_pop&sort=default&detailcode=CW0060,5349.0,building,CW0060,(Kennedy Town) Ivy On Belcher's / Westview Height / La Maison Du Nord / Shun Cheong Building / The Sail At Victoria / 60 Victoria Road / Mourt Davis 33 / Belcher's Hill / The Kennedy On Belcher's (Kennedy Town 2000's private residential buildings),200204,Month,22.28277,114.12953,8.58466490653125
Central and Western,Kennedy Town,(Kennedy Town) Ivy On Bel...,https://hkdata.centanet.com/BigData/hong-kong/Central%20and%20Western/CHMA/Kennedy-Town/building-group(Kennedy%20Town)%20Ivy%20On%20Belcher's%20%7C%20Westview%20Height%20%7C%20La%20Maison%20Du%20Nord%20%7C%20Shun%20Cheong%20Building%20%7C%20The%20Sail%20At%20Victoria%20%7C%2060%20Victoria%20Road%20%7C%20Mourt%20Davis%2033%20%7C%20Belcher's%20Hill%20%7C%20The%20Kennedy%20On%20Belcher's%20(Kennedy%20Town%202000's%20private%20residential%20buildings)?field=t_pop&sort=default&detailcode=CW0060,5349.0,building,CW0060,(Kennedy Town) Ivy On Belcher's / Westview Height / La Maison Du Nord / Shun Cheong Building / The Sail At Victoria / 60 Victoria Road / Mourt Davis 33 / Belcher's Hill / The Kennedy On Belcher's (Kennedy Town 2000's private residential buildings),200205,Month,22.28277,114.12953,8.58466490653125
Central and Western,Kennedy Town,(Kennedy Town) Ivy On Bel...,https://hkdata.centanet.com/BigData/hong-kong/Central%20and%20Western/CHMA/Kennedy-Town/building-group(Kennedy%20Town)%20Ivy%20On%20Belcher's%20%7C%20Westview%20Height%20%7C%20La%20Maison%20Du%20Nord%20%7C%20Shun%20Cheong%20Building%20%7C%20The%20Sail%20At%20Victoria%20%7C%2060%20Victoria%20Road%20%7C%20Mourt%20Davis%2033%20%7C%20Belcher's%20Hill%20%7C%20The%20Kennedy%20On%20Belcher's%20(Kennedy%20Town%202000's%20private%20residential%20buildings)?field=t_pop&sort=default&detailcode=CW0060,5349.0,building,CW0060,(Kennedy Town) Ivy On Belcher's / Westview Height / La Maison Du Nord / Shun Cheong Building / The Sail At Victoria / 60 Victoria Road / Mourt Davis 33 / Belcher's Hill / The Kennedy On Belcher's (Kennedy Town 2000's private residential buildings),200206,Month,22.28277,114.12953,8.58466490653125
Central and Western,Kennedy Town,(Kennedy Town) Ivy On Bel...,https://hkdata.centanet.com/BigData/hong-kong/Central%20and%20Western/CHMA/Kennedy-Town/building-group(Kennedy%20Town)%20Ivy%20On%20Belcher's%20%7C%20Westview%20Height%20%7C%20La%20Maison%20Du%20Nord%20%7C%20Shun%20Cheong%20Building%20%7C%20The%20Sail%20At%20Victoria%20%7C%2060%20Victoria%20Road%20%7C%20Mourt%20Davis%2033%20%7C%20Belcher's%20Hill%20%7C%20The%20Kennedy%20On%20Belcher's%20(Kennedy%20Town%202000's%20private%20residential%20buildings)?field=t_pop&sort=default&detailcode=CW0060,5349.0,building,CW0060,(Kennedy Town) Ivy On Belcher's / Westview Height / La Maison Du Nord / Shun Cheong Building / The Sail At Victoria / 60 Victoria Road / Mourt Davis 33 / Belcher's Hill / The Kennedy On Belcher's (Kennedy Town 2000's private residential buildings),200207,Month,22.28277,114.12953,8.58466490653125
Central and Western,Kennedy Town,(Kennedy Town) Ivy On Bel...,https://hkdata.centanet.com/BigData/hong-kong/Central%20and%20Western/CHMA/Kennedy-Town/building-group(Kennedy%20Town)%20Ivy%20On%20Belcher's%20%7C%20Westview%20Height%20%7C%20La%20Maison%20Du%20Nord%20%7C%20Shun%20Cheong%20Building%20%7C%20The%20Sail%20At%20Victoria%20%7C%2060%20Victoria%20Road%20%7C%20Mourt%20Davis%2033%20%7C%20Belcher's%20Hill%20%7C%20The%20Kennedy%20On%20Belcher's%20(Kennedy%20Town%202000's%20private%20residential%20buildings)?field=t_pop&sort=default&detailcode=CW0060,5349.0,building,CW0060,(Kennedy Town) Ivy On Belcher's / Westview Height / La Maison Du Nord / Shun Cheong Building / The Sail At Victoria / 60 Victoria Road / Mourt Davis 33 / Belcher's Hill / The Kennedy On Belcher's (Kennedy Town 2000's private residential buildings),200208,Month,22.28277,114.12953,8.58466490653125
Central and Western,Kennedy Town,(Kennedy Town) Ivy On Bel...,https://hkdata.centanet.com/BigData/hong-kong/Central%20and%20Western/CHMA/Kennedy-Town/building-group(Kennedy%20Town)%20Ivy%20On%20Belcher's%20%7C%20Westview%20Height%20%7C%20La%20Maison%20Du%20Nord%20%7C%20Shun%20Cheong%20Building%20%7C%20The%20Sail%20At%20Victoria%20%7C%2060%20Victoria%20Road%20%7C%20Mourt%20Davis%2033%20%7C%20Belcher's%20Hill%20%7C%20The%20Kennedy%20On%20Belcher's%20(Kennedy%20Town%202000's%20private%20residential%20buildings)?field=t_pop&sort=default&detailcode=CW0060,5349.0,building,CW0060,(Kennedy Town) Ivy On Belcher's / Westview Height / La Maison Du Nord / Shun Cheong Building / The Sail At Victoria / 60 Victoria Road / Mourt Davis 33 / Belcher's Hill / The Kennedy On Belcher's (Kennedy Town 2000's private residential buildings),200209,Month,22.28277,114.12953,8.58466490653125
Central and Western,Kennedy Town,(Kennedy Town) Ivy On Bel...,https://hkdata.centanet.com/BigData/hong-kong/Central%20and%20Western/CHMA/Kennedy-Town/building-group(Kennedy%20Town)%20Ivy%20On%20Belcher's%20%7C%20Westview%20Height%20%7C%20La%20Maison%20Du%20Nord%20%7C%20Shun%20Cheong%20Building%20%7C%20The%20Sail%20At%20Victoria%20%7C%2060%20Victoria%20Road%20%7C%20Mourt%20Davis%2033%20%7C%20Belcher's%20Hill%20%7C%20The%20Kennedy%20On%20Belcher's%20(Kennedy%20Town%202000's%20private%20residential%20buildings)?field=t_pop&sort=default&detailcode=CW0060,5349.0,building,CW0060,(Kennedy Town) Ivy On Belcher's / Westview Height / La Maison Du Nord / Shun Cheong Building / The Sail At Victoria / 60 Victoria Road / Mourt Davis 33 / Belcher's Hill / The Kennedy On Belcher's (Kennedy Town 2000's private residential buildings),200210,Month,22.28277,114.12953,8.58466490653125
Central and Western,Kennedy Town,(Kennedy Town) Ivy On Bel...,https://hkdata.centanet.com/BigData/hong-kong/Central%20and%20Western/CHMA/Kennedy-Town/building-group(Kennedy%20Town)%20Ivy%20On%20Belcher's%20%7C%20Westview%20Height%20%7C%20La%20Maison%20Du%20Nord%20%7C%20Shun%20Cheong%20Building%20%7C%20The%20Sail%20At%20Victoria%20%7C%2060%20Victoria%20Road%20%7C%20Mourt%20Davis%2033%20%7C%20Belcher's%20Hill%20%7C%20The%20Kennedy%20On%20Belcher's%20(Kennedy%20Town%202000's%20private%20residential%20buildings)?field=t_pop&sort=default&detailcode=CW0060,5349.0,building,CW0060,(Kennedy Town) Ivy On Belcher's / Westview Height / La Maison Du Nord / Shun Cheong Building / The Sail At Victoria / 60 Victoria Road / Mourt Davis 33 / Belcher's Hill / The Kennedy On Belcher's (Kennedy Town 2000's private residential buildings),200211,Month,22.28277,114.12953,8.58466490653125
Central and Western,Kennedy Town,(Kennedy Town) Ivy On Bel...,https://hkdata.centanet.com/BigData/hong-kong/Central%20and%20Western/CHMA/Kennedy-Town/building-group(Kennedy%20Town)%20Ivy%20On%20Belcher's%20%7C%20Westview%20Height%20%7C%20La%20Maison%20Du%20Nord%20%7C%20Shun%20Cheong%20Building%20%7C%20The%20Sail%20At%20Victoria%20%7C%2060%20Victoria%20Road%20%7C%20Mourt%20Davis%2033%20%7C%20Belcher's%20Hill%20%7C%20The%20Kennedy%20On%20Belcher's%20(Kennedy%20Town%202000's%20private%20residential%20buildings)?field=t_pop&sort=default&detailcode=CW0060,5349.0,building,CW0060,(Kennedy Town) Ivy On Belcher's / Westview Height / La Maison Du Nord / Shun Cheong Building / The Sail At Victoria / 60 Victoria Road / Mourt Davis 33 / Belcher's Hill / The Kennedy On Belcher's (Kennedy Town 2000's private residential buildings),200212,Month,22.28277,114.12953,8.58466490653125
Central and Western,Kennedy Town,(Kennedy Town) Ivy On Bel...,https://hkdata.centanet.com/BigData/hong-kong/Central%20and%20Western/CHMA/Kennedy-Town/building-group(Kennedy%20Town)%20Ivy%20On%20Belcher's%20%7C%20Westview%20Height%20%7C%20La%20Maison%20Du%20Nord%20%7C%20Shun%20Cheong%20Building%20%7C%20The%20Sail%20At%20Victoria%20%7C%2060%20Victoria%20Road%20%7C%20Mourt%20Davis%2033%20%7C%20Belcher's%20Hill%20%7C%20The%20Kennedy%20On%20Belcher's%20(Kennedy%20Town%202000's%20private%20residential%20buildings)?field=t_pop&sort=default&detailcode=CW0060,3951.0,building,CW0060,(Kennedy Town) Ivy On Belcher's / Westview Height / La Maison Du Nord / Shun Cheong Building / The Sail At Victoria / 60 Victoria Road / Mourt Davis 33 / Belcher's Hill / The Kennedy On Belcher's (Kennedy Town 2000's private residential buildings),200301,Month,22.28277,114.12953,8.281723990411392
Central and Western,Kennedy Town,(Kennedy Town) Ivy On Bel...,https://hkdata.centanet.com/BigData/hong-kong/Central%20and%20Western/CHMA/Kennedy-Town/building-group(Kennedy%20Town)%20Ivy%20On%20Belcher's%20%7C%20Westview%20Height%20%7C%20La%20Maison%20Du%20Nord%20%7C%20Shun%20Cheong%20Building%20%7C%20The%20Sail%20At%20Victoria%20%7C%2060%20Victoria%20Road%20%7C%20Mourt%20Davis%2033%20%7C%20Belcher's%20Hill%20%7C%20The%20Kennedy%20On%20Belcher's%20(Kennedy%20Town%202000's%20private%20residential%20buildings)?field=t_pop&sort=default&detailcode=CW0060,3951.0,building,CW0060,(Kennedy Town) Ivy On Belcher's / Westview Height / La Maison Du Nord / Shun Cheong Building / The Sail At Victoria / 60 Victoria Road / Mourt Davis 33 / Belcher's Hill / The Kennedy On Belcher's (Kennedy Town 2000's private residential buildings),200302,Month,22.28277,114.12953,8.281723990411392
Central and Western,Kennedy Town,(Kennedy Town) Ivy On Bel...,https://hkdata.centanet.com/BigData/hong-kong/Central%20and%20Western/CHMA/Kennedy-Town/building-group(Kennedy%20Town)%20Ivy%20On%20Belcher's%20%7C%20Westview%20Height%20%7C%20La%20Maison%20Du%20Nord%20%7C%20Shun%20Cheong%20Building%20%7C%20The%20Sail%20At%20Victoria%20%7C%2060%20Victoria%20Road%20%7C%20Mourt%20Davis%2033%20%7C%20Belcher's%20Hill%20%7C%20The%20Kennedy%20On%20Belcher's%20(Kennedy%20Town%202000's%20private%20residential%20buildings)?field=t_pop&sort=default&detailcode=CW0060,3951.0,building,CW0060,(Kennedy Town) Ivy On Belcher's / Westview Height / La Maison Du Nord / Shun Cheong Building / The Sail At Victoria / 60 Victoria Road / Mourt Davis 33 / Belcher's Hill / The Kennedy On Belcher's (Kennedy Town 2000's private residential buildings),200303,Month,22.28277,114.12953,8.281723990411392
Central and Western,Kennedy Town,(Kennedy Town) Ivy On Bel...,https://hkdata.centanet.com/BigData/hong-kong/Central%20and%20Western/CHMA/Kennedy-Town/building-group(Kennedy%20Town)%20Ivy%20On%20Belcher's%20%7C%20Westview%20Height%20%7C%20La%20Maison%20Du%20Nord%20%7C%20Shun%20Cheong%20Building%20%7C%20The%20Sail%20At%20Victoria%20%7C%2060%20Victoria%20Road%20%7C%20Mourt%20Davis%2033%20%7C%20Belcher's%20Hill%20%7C%20The%20Kennedy%20On%20Belcher's%20(Kennedy%20Town%202000's%20private%20residential%20buildings)?field=t_pop&sort=default&detailcode=CW0060,3951.0,building,CW0060,(Kennedy Town) Ivy On Belcher's / Westview Height / La Maison Du Nord / Shun Cheong Building / The Sail At Victoria / 60 Victoria Road / Mourt Davis 33 / Belcher's Hill / The Kennedy On Belcher's (Kennedy Town 2000's private residential buildings),200304,Month,22.28277,114.12953,8.281723990411392
Central and Western,Kennedy Town,(Kennedy Town) Ivy On Bel...,https://hkdata.centanet.com/BigData/hong-kong/Central%20and%20Western/CHMA/Kennedy-Town/building-group(Kennedy%20Town)%20Ivy%20On%20Belcher's%20%7C%20Westview%20Height%20%7C%20La%20Maison%20Du%20Nord%20%7C%20Shun%20Cheong%20Building%20%7C%20The%20Sail%20At%20Victoria%20%7C%2060%20Victoria%20Road%20%7C%20Mourt%20Davis%2033%20%7C%20Belcher's%20Hill%20%7C%20The%20Kennedy%20On%20Belcher's%20(Kennedy%20Town%202000's%20private%20residential%20buildings)?field=t_pop&sort=default&detailcode=CW0060,3951.0,building,CW0060,(Kennedy Town) Ivy On Belcher's / Westview Height / La Maison Du Nord / Shun Cheong Building / The Sail At Victoria / 60 Victoria Road / Mourt Davis 33 / Belcher's Hill / The Kennedy On Belcher's (Kennedy Town 2000's private residential buildings),200305,Month,22.28277,114.12953,8.281723990411392
Central and Western,Kennedy Town,(Kennedy Town) Ivy On Bel...,https://hkdata.centanet.com/BigData/hong-kong/Central%20and%20Western/CHMA/Kennedy-Town/building-group(Kennedy%20Town)%20Ivy%20On%20Belcher's%20%7C%20Westview%20Height%20%7C%20La%20Maison%20Du%20Nord%20%7C%20Shun%20Cheong%20Building%20%7C%20The%20Sail%20At%20Victoria%20%7C%2060%20Victoria%20Road%20%7C%20Mourt%20Davis%2033%20%7C%20Belcher's%20Hill%20%7C%20The%20Kennedy%20On%20Belcher's%20(Kennedy%20Town%202000's%20private%20residential%20buildings)?field=t_pop&sort=default&detailcode=CW0060,3951.0,building,CW0060,(Kennedy Town) Ivy On Belcher's / Westview Height / La Maison Du Nord / Shun Cheong Building / The Sail At Victoria / 60 Victoria Road / Mourt Davis 33 / Belcher's Hill / The Kennedy On Belcher's (Kennedy Town 2000's private residential buildings),200306,Month,22.28277,114.12953,8.281723990411392
Central and Western,Kennedy Town,(Kennedy Town) Ivy On Bel...,https://hkdata.centanet.com/BigData/hong-kong/Central%20and%20Western/CHMA/Kennedy-Town/building-group(Kennedy%20Town)%20Ivy%20On%20Belcher's%20%7C%20Westview%20Height%20%7C%20La%20Maison%20Du%20Nord%20%7C%20Shun%20Cheong%20Building%20%7C%20The%20Sail%20At%20Victoria%20%7C%2060%20Victoria%20Road%20%7C%20Mourt%20Davis%2033%20%7C%20Belcher's%20Hill%20%7C%20The%20Kennedy%20On%20Belcher's%20(Kennedy%20Town%202000's%20private%20residential%20buildings)?field=t_pop&sort=default&detailcode=CW0060,3951.0,building,CW0060,(Kennedy Town) Ivy On Belcher's / Westview Height / La Maison Du Nord / Shun Cheong Building / The Sail At Victoria / 60 Victoria Road / Mourt Davis 33 / Belcher's Hill / The Kennedy On Belcher's (Kennedy Town 2000's private residential buildings),200307,Month,22.28277,114.12953,8.281723990411392
Central and Western,Kennedy Town,(Kennedy Town) Ivy On Bel...,https://hkdata.centanet.com/BigData/hong-kong/Central%20and%20Western/CHMA/Kennedy-Town/building-group(Kennedy%20Town)%20Ivy%20On%20Belcher's%20%7C%20Westview%20Height%20%7C%20La%20Maison%20Du%20Nord%20%7C%20Shun%20Cheong%20Building%20%7C%20The%20Sail%20At%20Victoria%20%7C%2060%20Victoria%20Road%20%7C%20Mourt%20Davis%2033%20%7C%20Belcher's%20Hill%20%7C%20The%20Kennedy%20On%20Belcher's%20(Kennedy%20Town%202000's%20private%20residential%20buildings)?field=t_pop&sort=default&detailcode=CW0060,3951.0,building,CW0060,(Kennedy Town) Ivy On Belcher's / Westview Height / La Maison Du Nord / Shun Cheong Building / The Sail At Victoria / 60 Victoria Road / Mourt Davis 33 / Belcher's Hill / The Kennedy On Belcher's (Kennedy Town 2000's private residential buildings),200308,Month,22.28277,114.12953,8.281723990411392
Central and Western,Kennedy Town,(Kennedy Town) Ivy On Bel...,https://hkdata.centanet.com/BigData/hong-kong/Central%20and%20Western/CHMA/Kennedy-Town/building-group(Kennedy%20Town)%20Ivy%20On%20Belcher's%20%7C%20Westview%20Height%20%7C%20La%20Maison%20Du%20Nord%20%7C%20Shun%20Cheong%20Building%20%7C%20The%20Sail%20At%20Victoria%20%7C%2060%20Victoria%20Road%20%7C%20Mourt%20Davis%2033%20%7C%20Belcher's%20Hill%20%7C%20The%20Kennedy%20On%20Belcher's%20(Kennedy%20Town%202000's%20private%20residential%20buildings)?field=t_pop&sort=default&detailcode=CW0060,3951.0,building,CW0060,(Kennedy Town) Ivy On Belcher's / Westview Height / La Maison Du Nord / Shun Cheong Building / The Sail At Victoria / 60 Victoria Road / Mourt Davis 33 / Belcher's Hill / The Kennedy On Belcher's (Kennedy Town 2000's private residential buildings),200309,Month,22.28277,114.12953,8.281723990411392
Central and Western,Kennedy Town,(Kennedy Town) Ivy On Bel...,https://hkdata.centanet.com/BigData/hong-kong/Central%20and%20Western/CHMA/Kennedy-Town/building-group(Kennedy%20Town)%20Ivy%20On%20Belcher's%20%7C%20Westview%20Height%20%7C%20La%20Maison%20Du%20Nord%20%7C%20Shun%20Cheong%20Building%20%7C%20The%20Sail%20At%20Victoria%20%7C%2060%20Victoria%20Road%20%7C%20Mourt%20Davis%2033%20%7C%20Belcher's%20Hill%20%7C%20The%20Kennedy%20On%20Belcher's%20(Kennedy%20Town%202000's%20private%20residential%20buildings)?field=t_pop&sort=default&detailcode=CW0060,3951.0,building,CW0060,(Kennedy Town) Ivy On Belcher's / Westview Height / La Maison Du Nord / Shun Cheong Building / The Sail At Victoria / 60 Victoria Road / Mourt Davis 33 / Belcher's Hill / The Kennedy On Belcher's (Kennedy Town 2000's private residential buildings),200310,month,22.28277,114.12953,8.281723990411392
Central and Western,Kennedy Town,(Kennedy Town) Ivy On Bel...,https://hkdata.centanet.com/BigData/hong-kong/Central%20and%20Western/CHMA/Kennedy-Town/building-group(Kennedy%20Town)%20Ivy%20On%20Belcher's%20%7C%20Westview%20Height%20%7C%20La%20Maison%20Du%20Nord%20%7C%20Shun%20Cheong%20Building%20%7C%20The%20Sail%20At%20Victoria%20%7C%2060%20Victoria%20Road%20%7C%20Mourt%20Davis%2033%20%7C%20Belcher's%20Hill%20%7C%20The%20Kennedy%20On%20Belcher's%20(Kennedy%20Town%202000's%20private%20residential%20buildings)?field=t_pop&sort=default&detailcode=CW0060,3951.0,building,CW0060,(Kennedy Town) Ivy On Belcher's / Westview Height / La Maison Du Nord / Shun Cheong Building / The Sail At Victoria / 60 Victoria Road / Mourt Davis 33 / Belcher's Hill / The Kennedy On Belcher's (Kennedy Town 2000's private residential buildings),200311,Month,22.28277,114.12953,8.281723990411392
Central and Western,Kennedy Town,(Kennedy Town) Ivy On Bel...,https://hkdata.centanet.com/BigData/hong-kong/Central%20and%20Western/CHMA/Kennedy-Town/building-group(Kennedy%20Town)%20Ivy%20On%20Belcher's%20%7C%20Westview%20Height%20%7C%20La%20Maison%20Du%20Nord%20%7C%20Shun%20Cheong%20Building%20%7C%20The%20Sail%20At%20Victoria%20%7C%2060%20Victoria%20Road%20%7C%20Mourt%20Davis%2033%20%7C%20Belcher's%20Hill%20%7C%20The%20Kennedy%20On%20Belcher's%20(Kennedy%20Town%202000's%20private%20residential%20buildings)?field=t_pop&sort=default&detailcode=CW0060,3951.0,building,CW0060,(Kennedy Town) Ivy On Belcher's / Westview Height / La Maison Du Nord / Shun Cheong Building / The Sail At Victoria / 60 Victoria Road / Mourt Davis 33 / Belcher's Hill / The Kennedy On Belcher's (Kennedy Town 2000's private residential buildings),200312,month,22.28277,114.12953,8.281723990411392
Central and Western,Kennedy Town,(Kennedy Town) Ivy On Bel...,https://hkdata.centanet.com/BigData/hong-kong/Central%20and%20Western/CHMA/Kennedy-Town/building-group(Kennedy%20Town)%20Ivy%20On%20Belcher's%20%7C%20Westview%20Height%20%7C%20La%20Maison%20Du%20Nord%20%7C%20Shun%20Cheong%20Building%20%7C%20The%20Sail%20At%20Victoria%20%7C%2060%20Victoria%20Road%20%7C%20Mourt%20Davis%2033%20%7C%20Belcher's%20Hill%20%7C%20The%20Kennedy%20On%20Belcher's%20(Kennedy%20Town%202000's%20private%20residential%20buildings)?field=t_pop&sort=default&detailcode=CW0060,3951.0,building,CW0060,(Kennedy Town) Ivy On Belcher's / Westview Height / La Maison Du Nord / Shun Cheong Building / The Sail At Victoria / 60 Victoria Road / Mourt Davis 33 / Belcher's Hill / The Kennedy On Belcher's (Kennedy Town 2000's private residential buildings),200401,Month,22.28277,114.12953,8.281723990411392
Central and Western,Kennedy Town,(Kennedy Town) Ivy On Bel...,https://hkdata.centanet.com/BigData/hong-kong/Central%20and%20Western/CHMA/Kennedy-Town/building-group(Kennedy%20Town)%20Ivy%20On%20Belcher's%20%7C%20Westview%20Height%20%7C%20La%20Maison%20Du%20Nord%20%7C%20Shun%20Cheong%20Building%20%7C%20The%20Sail%20At%20Victoria%20%7C%2060%20Victoria%20Road%20%7C%20Mourt%20Davis%2033%20%7C%20Belcher's%20Hill%20%7C%20The%20Kennedy%20On%20Belcher's%20(Kennedy%20Town%202000's%20private%20residential%20buildings)?field=t_pop&sort=default&detailcode=CW0060,3951.0,building,CW0060,(Kennedy Town) Ivy On Belcher's / Westview Height / La Maison Du Nord / Shun Cheong Building / The Sail At Victoria / 60 Victoria Road / Mourt Davis 33 / Belcher's Hill / The Kennedy On Belcher's (Kennedy Town 2000's private residential buildings),200402,Month,22.28277,114.12953,8.281723990411392
Central and Western,Kennedy Town,(Kennedy Town) Ivy On Bel...,https://hkdata.centanet.com/BigData/hong-kong/Central%20and%20Western/CHMA/Kennedy-Town/building-group(Kennedy%20Town)%20Ivy%20On%20Belcher's%20%7C%20Westview%20Height%20%7C%20La%20Maison%20Du%20Nord%20%7C%20Shun%20Cheong%20Building%20%7C%20The%20Sail%20At%20Victoria%20%7C%2060%20Victoria%20Road%20%7C%20Mourt%20Davis%2033%20%7C%20Belcher's%20Hill%20%7C%20The%20Kennedy%20On%20Belcher's%20(Kennedy%20Town%202000's%20private%20residential%20buildings)?field=t_pop&sort=default&detailcode=CW0060,3951.0,building,CW0060,(Kennedy Town) Ivy On Belcher's / Westview Height / La Maison Du Nord / Shun Cheong Building / The Sail At Victoria / 60 Victoria Road / Mourt Davis 33 / Belcher's Hill / The Kennedy On Belcher's (Kennedy Town 2000's private residential buildings),200403,Month,22.28277,114.12953,8.281723990411392
Central and Western,Kennedy Town,(Kennedy Town) Ivy On Bel...,https://hkdata.centanet.com/BigData/hong-kong/Central%20and%20Western/CHMA/Kennedy-Town/building-group(Kennedy%20Town)%20Ivy%20On%20Belcher's%20%7C%20Westview%20Height%20%7C%20La%20Maison%20Du%20Nord%20%7C%20Shun%20Cheong%20Building%20%7C%20The%20Sail%20At%20Victoria%20%7C%2060%20Victoria%20Road%20%7C%20Mourt%20Davis%2033%20%7C%20Belcher's%20Hill%20%7C%20The%20Kennedy%20On%20Belcher's%20(Kennedy%20Town%202000's%20private%20residential%20buildings)?field=t_pop&sort=default&detailcode=CW0060,4759.0,building,CW0060,(Kennedy Town) Ivy On Belcher's / Westview Height / La Maison Du Nord / Shun Cheong Building / The Sail At Victoria / 60 Victoria Road / Mourt Davis 33 / Belcher's Hill / The Kennedy On Belcher's (Kennedy Town 2000's private residential buildings),200404,Month,22.28277,114.12953,8.46779284112111
Central and Western,Kennedy Town,(Kennedy Town) Ivy On Bel...,https://hkdata.centanet.com/BigData/hong-kong/Central%20and%20Western/CHMA/Kennedy-Town/building-group(Kennedy%20Town)%20Ivy%20On%20Belcher's%20%7C%20Westview%20Height%20%7C%20La%20Maison%20Du%20Nord%20%7C%20Shun%20Cheong%20Building%20%7C%20The%20Sail%20At%20Victoria%20%7C%2060%20Victoria%20Road%20%7C%20Mourt%20Davis%2033%20%7C%20Belcher's%20Hill%20%7C%20The%20Kennedy%20On%20Belcher's%20(Kennedy%20Town%202000's%20private%20residential%20buildings)?field=t_pop&sort=default&detailcode=CW0060,4163.0,building,CW0060,(Kennedy Town) Ivy On Belcher's / Westview Height / La Maison Du Nord / Shun Cheong Building / The Sail At Victoria / 60 Victoria Road / Mourt Davis 33 / Belcher's Hill / The Kennedy On Belcher's (Kennedy Town 2000's private residential buildings),200405,Month,22.28277,114.12953,8.333991247194975
Central and Western,Kennedy Town,(Kennedy Town) Ivy On Bel...,https://hkdata.centanet.com/BigData/hong-kong/Central%20and%20Western/CHMA/Kennedy-Town/building-group(Kennedy%20Town)%20Ivy%20On%20Belcher's%20%7C%20Westview%20Height%20%7C%20La%20Maison%20Du%20Nord%20%7C%20Shun%20Cheong%20Building%20%7C%20The%20Sail%20At%20Victoria%20%7C%2060%20Victoria%20Road%20%7C%20Mourt%20Davis%2033%20%7C%20Belcher's%20Hill%20%7C%20The%20Kennedy%20On%20Belcher's%20(Kennedy%20Town%202000's%20private%20residential%20buildings)?field=t_pop&sort=default&detailcode=CW0060,5830.0,building,CW0060,(Kennedy Town) Ivy On Belcher's / Westview Height / La Maison Du Nord / Shun Cheong Building / The Sail At Victoria / 60 Victoria Road / Mourt Davis 33 / Belcher's Hill / The Kennedy On Belcher's (Kennedy Town 2000's private residential buildings),200406,Month,22.28277,114.12953,8.670772279344538
Central and Western,Kennedy Town,(Kennedy Town) Ivy On Bel...,https://hkdata.centanet.com/BigData/hong-kong/Central%20and%20Western/CHMA/Kennedy-Town/building-group(Kennedy%20Town)%20Ivy%20On%20Belcher's%20%7C%20Westview%20Height%20%7C%20La%20Maison%20Du%20Nord%20%7C%20Shun%20Cheong%20Building%20%7C%20The%20Sail%20At%20Victoria%20%7C%2060%20Victoria%20Road%20%7C%20Mourt%20Davis%2033%20%7C%20Belcher's%20Hill%20%7C%20The%20Kennedy%20On%20Belcher's%20(Kennedy%20Town%202000's%20private%20residential%20buildings)?field=t_pop&sort=default&detailcode=CW0060,5830.0,building,CW0060,(Kennedy Town) Ivy On Belcher's / Westview Height / La Maison Du Nord / Shun Cheong Building / The Sail At Victoria / 60 Victoria Road / Mourt Davis 33 / Belcher's Hill / The Kennedy On Belcher's (Kennedy Town 2000's private residential buildings),200407,Month,22.28277,114.12953,8.670772279344538
Central and Western,Kennedy Town,(Kennedy Town) Ivy On Bel...,https://hkdata.centanet.com/BigData/hong-kong/Central%20and%20Western/CHMA/Kennedy-Town/building-group(Kennedy%20Town)%20Ivy%20On%20Belcher's%20%7C%20Westview%20Height%20%7C%20La%20Maison%20Du%20Nord%20%7C%20Shun%20Cheong%20Building%20%7C%20The%20Sail%20At%20Victoria%20%7C%2060%20Victoria%20Road%20%7C%20Mourt%20Davis%2033%20%7C%20Belcher's%20Hill%20%7C%20The%20Kennedy%20On%20Belcher's%20(Kennedy%20Town%202000's%20private%20residential%20buildings)?field=t_pop&sort=default&detailcode=CW0060,4214.33,building,CW0060,(Kennedy Town) Ivy On Belcher's / Westview Height / La Maison Du Nord / Shun Cheong Building / The Sail At Victoria / 60 Victoria Road / Mourt Davis 33 / Belcher's Hill / The Kennedy On Belcher's (Kennedy Town 2000's private residential buildings),200408,Month,22.28277,114.12953,8.34624590169196
Central and Western,Kennedy Town,(Kennedy Town) Ivy On Bel...,https://hkdata.centanet.com/BigData/hong-kong/Central%20and%20Western/CHMA/Kennedy-Town/building-group(Kennedy%20Town)%20Ivy%20On%20Belcher's%20%7C%20Westview%20Height%20%7C%20La%20Maison%20Du%20Nord%20%7C%20Shun%20Cheong%20Building%20%7C%20The%20Sail%20At%20Victoria%20%7C%2060%20Victoria%20Road%20%7C%20Mourt%20Davis%2033%20%7C%20Belcher's%20Hill%20%7C%20The%20Kennedy%20On%20Belcher's%20(Kennedy%20Town%202000's%20private%20residential%20buildings)?field=t_pop&sort=default&detailcode=CW0060,6012.5,building,CW0060,(Kennedy Town) Ivy On Belcher's / Westview Height / La Maison Du Nord / Shun Cheong Building / The Sail At Victoria / 60 Victoria Road / Mourt Davis 33 / Belcher's Hill / The Kennedy On Belcher's (Kennedy Town 2000's private residential buildings),200409,Month,22.28277,114.12953,8.701595914414016
Central and Western,Kennedy Town,(Kennedy Town) Ivy On Bel...,https://hkdata.centanet.com/BigData/hong-kong/Central%20and%20Western/CHMA/Kennedy-Town/building-group(Kennedy%20Town)%20Ivy%20On%20Belcher's%20%7C%20Westview%20Height%20%7C%20La%20Maison%20Du%20Nord%20%7C%20Shun%20Cheong%20Building%20%7C%20The%20Sail%20At%20Victoria%20%7C%2060%20Victoria%20Road%20%7C%20Mourt%20Davis%2033%20%7C%20Belcher's%20Hill%20%7C%20The%20Kennedy%20On%20Belcher's%20(Kennedy%20Town%202000's%20private%20residential%20buildings)?field=t_pop&sort=default&detailcode=CW0060,6012.5,building,CW0060,(Kennedy Town) Ivy On Belcher's / Westview Height / La Maison Du Nord / Shun Cheong Building / The Sail At Victoria / 60 Victoria Road / Mourt Davis 33 / Belcher's Hill / The Kennedy On Belcher's (Kennedy Town 2000's private residential buildings),200410,Month,22.28277,114.12953,8.701595914414016
Central and Western,Kennedy Town,(Kennedy Town) Ivy On Bel...,https://hkdata.centanet.com/BigData/hong-kong/Central%20and%20Western/CHMA/Kennedy-Town/building-group(Kennedy%20Town)%20Ivy%20On%20Belcher's%20%7C%20Westview%20Height%20%7C%20La%20Maison%20Du%20Nord%20%7C%20Shun%20Cheong%20Building%20%7C%20The%20Sail%20At%20Victoria%20%7C%2060%20Victoria%20Road%20%7C%20Mourt%20Davis%2033%20%7C%20Belcher's%20Hill%20%7C%20The%20Kennedy%20On%20Belcher's%20(Kennedy%20Town%202000's%20private%20residential%20buildings)?field=t_pop&sort=default&detailcode=CW0060,5143.33,building,CW0060,(Kennedy Town) Ivy On Belcher's / Westview Height / La Maison Du Nord / Shun Cheong Building / The Sail At Victoria / 60 Victoria Road / Mourt Davis 33 / Belcher's Hill / The Kennedy On Belcher's (Kennedy Town 2000's private residential buildings),200411,Month,22.28277,114.12953,8.545456008600747
Central and Western,Kennedy Town,(Kennedy Town) Ivy On Bel...,https://hkdata.centanet.com/BigData/hong-kong/Central%20and%20Western/CHMA/Kennedy-Town/building-group(Kennedy%20Town)%20Ivy%20On%20Belcher's%20%7C%20Westview%20Height%20%7C%20La%20Maison%20Du%20Nord%20%7C%20Shun%20Cheong%20Building%20%7C%20The%20Sail%20At%20Victoria%20%7C%2060%20Victoria%20Road%20%7C%20Mourt%20Davis%2033%20%7C%20Belcher's%20Hill%20%7C%20The%20Kennedy%20On%20Belcher's%20(Kennedy%20Town%202000's%20private%20residential%20buildings)?field=t_pop&sort=default&detailcode=CW0060,4537.0,building,CW0060,(Kennedy Town) Ivy On Belcher's / Westview Height / La Maison Du Nord / Shun Cheong Building / The Sail At Victoria / 60 Victoria Road / Mourt Davis 33 / Belcher's Hill / The Kennedy On Belcher's (Kennedy Town 2000's private residential buildings),200412,month,22.28277,114.12953,8.420021279663963
Central and Western,Kennedy Town,(Kennedy Town) Ivy On Bel...,https://hkdata.centanet.com/BigData/hong-kong/Central%20and%20Western/CHMA/Kennedy-Town/building-group(Kennedy%20Town)%20Ivy%20On%20Belcher's%20%7C%20Westview%20Height%20%7C%20La%20Maison%20Du%20Nord%20%7C%20Shun%20Cheong%20Building%20%7C%20The%20Sail%20At%20Victoria%20%7C%2060%20Victoria%20Road%20%7C%20Mourt%20Davis%2033%20%7C%20Belcher's%20Hill%20%7C%20The%20Kennedy%20On%20Belcher's%20(Kennedy%20Town%202000's%20private%20residential%20buildings)?field=t_pop&sort=default&detailcode=CW0060,5654.0,building,CW0060,(Kennedy Town) Ivy On Belcher's / Westview Height / La Maison Du Nord / Shun Cheong Building / The Sail At Victoria / 60 Victoria Road / Mourt Davis 33 / Belcher's Hill / The Kennedy On Belcher's (Kennedy Town 2000's private residential buildings),200501,Month,22.28277,114.12953,8.640118538253535
Central and Western,Kennedy Town,(Kennedy Town) Ivy On Bel...,https://hkdata.centanet.com/BigData/hong-kong/Central%20and%20Western/CHMA/Kennedy-Town/building-group(Kennedy%20Town)%20Ivy%20On%20Belcher's%20%7C%20Westview%20Height%20%7C%20La%20Maison%20Du%20Nord%20%7C%20Shun%20Cheong%20Building%20%7C%20The%20Sail%20At%20Victoria%20%7C%2060%20Victoria%20Road%20%7C%20Mourt%20Davis%2033%20%7C%20Belcher's%20Hill%20%7C%20The%20Kennedy%20On%20Belcher's%20(Kennedy%20Town%202000's%20private%20residential%20buildings)?field=t_pop&sort=default&detailcode=CW0060,6010.0,building,CW0060,(Kennedy Town) Ivy On Belcher's / Westview Height / La Maison Du Nord / Shun Cheong Building / The Sail At Victoria / 60 Victoria Road / Mourt Davis 33 / Belcher's Hill / The Kennedy On Belcher's (Kennedy Town 2000's private residential buildings),200502,month,22.28277,114.12953,8.701180027529253
Central and Western,Kennedy Town,(Kennedy Town) Ivy On Bel...,https://hkdata.centanet.com/BigData/hong-kong/Central%20and%20Western/CHMA/Kennedy-Town/building-group(Kennedy%20Town)%20Ivy%20On%20Belcher's%20%7C%20Westview%20Height%20%7C%20La%20Maison%20Du%20Nord%20%7C%20Shun%20Cheong%20Building%20%7C%20The%20Sail%20At%20Victoria%20%7C%2060%20Victoria%20Road%20%7C%20Mourt%20Davis%2033%20%7C%20Belcher's%20Hill%20%7C%20The%20Kennedy%20On%20Belcher's%20(Kennedy%20Town%202000's%20private%20residential%20buildings)?field=t_pop&sort=default&detailcode=CW0060,4823.0,building,CW0060,(Kennedy Town) Ivy On Belcher's / Westview Height / La Maison Du Nord / Shun Cheong Building / The Sail At Victoria / 60 Victoria Road / Mourt Davis 33 / Belcher's Hill / The Kennedy On Belcher's (Kennedy Town 2000's private residential buildings),200503,Month,22.28277,114.12953,8.481151420068972
Central and Western,Kennedy Town,(Kennedy Town) Ivy On Bel...,https://hkdata.centanet.com/BigData/hong-kong/Central%20and%20Western/CHMA/Kennedy-Town/building-group(Kennedy%20Town)%20Ivy%20On%20Belcher's%20%7C%20Westview%20Height%20%7C%20La%20Maison%20Du%20Nord%20%7C%20Shun%20Cheong%20Building%20%7C%20The%20Sail%20At%20Victoria%20%7C%2060%20Victoria%20Road%20%7C%20Mourt%20Davis%2033%20%7C%20Belcher's%20Hill%20%7C%20The%20Kennedy%20On%20Belcher's%20(Kennedy%20Town%202000's%20private%20residential%20buildings)?field=t_pop&sort=default&detailcode=CW0060,4823.0,building,CW0060,(Kennedy Town) Ivy On Belcher's / Westview Height / La Maison Du Nord / Shun Cheong Building / The Sail At Victoria / 60 Victoria Road / Mourt Davis 33 / Belcher's Hill / The Kennedy On Belcher's (Kennedy Town 2000's private residential buildings),200504,Month,22.28277,114.12953,8.481151420068972
Central and Western,Kennedy Town,(Kennedy Town) Ivy On Bel...,https://hkdata.centanet.com/BigData/hong-kong/Central%20and%20Western/CHMA/Kennedy-Town/building-group(Kennedy%20Town)%20Ivy%20On%20Belcher's%20%7C%20Westview%20Height%20%7C%20La%20Maison%20Du%20Nord%20%7C%20Shun%20Cheong%20Building%20%7C%20The%20Sail%20At%20Victoria%20%7C%2060%20Victoria%20Road%20%7C%20Mourt%20Davis%2033%20%7C%20Belcher's%20Hill%20%7C%20The%20Kennedy%20On%20Belcher's%20(Kennedy%20Town%202000's%20private%20residential%20buildings)?field=t_pop&sort=default&detailcode=CW0060,5486.25,building,CW0060,(Kennedy Town) Ivy On Belcher's / Westview Height / La Maison Du Nord / Shun Cheong Building / The Sail At Victoria / 60 Victoria Road / Mourt Davis 33 / Belcher's Hill / The Kennedy On Belcher's (Kennedy Town 2000's private residential buildings),200505,month,22.28277,114.12953,8.610000241002444
Central and Western,Kennedy Town,(Kennedy Town) Ivy On Bel...,https://hkdata.centanet.com/BigData/hong-kong/Central%20and%20Western/CHMA/Kennedy-Town/building-group(Kennedy%20Town)%20Ivy%20On%20Belcher's%20%7C%20Westview%20Height%20%7C%20La%20Maison%20Du%20Nord%20%7C%20Shun%20Cheong%20Building%20%7C%20The%20Sail%20At%20Victoria%20%7C%2060%20Victoria%20Road%20%7C%20Mourt%20Davis%2033%20%7C%20Belcher's%20Hill%20%7C%20The%20Kennedy%20On%20Belcher's%20(Kennedy%20Town%202000's%20private%20residential%20buildings)?field=t_pop&sort=default&detailcode=CW0060,5486.25,building,CW0060,(Kennedy Town) Ivy On Belcher's / Westview Height / La Maison Du Nord / Shun Cheong Building / The Sail At Victoria / 60 Victoria Road / Mourt Davis 33 / Belcher's Hill / The Kennedy On Belcher's (Kennedy Town 2000's private residential buildings),200506,month,22.28277,114.12953,8.610000241002444
Central and Western,Kennedy Town,(Kennedy Town) Ivy On Bel...,https://hkdata.centanet.com/BigData/hong-kong/Central%20and%20Western/CHMA/Kennedy-Town/building-group(Kennedy%20Town)%20Ivy%20On%20Belcher's%20%7C%20Westview%20Height%20%7C%20La%20Maison%20Du%20Nord%20%7C%20Shun%20Cheong%20Building%20%7C%20The%20Sail%20At%20Victoria%20%7C%2060%20Victoria%20Road%20%7C%20Mourt%20Davis%2033%20%7C%20Belcher's%20Hill%20%7C%20The%20Kennedy%20On%20Belcher's%20(Kennedy%20Town%202000's%20private%20residential%20buildings)?field=t_pop&sort=default&detailcode=CW0060,4437.0,building,CW0060,(Kennedy Town) Ivy On Belcher's / Westview Height / La Maison Du Nord / Shun Cheong Building / The Sail At Victoria / 60 Victoria Road / Mourt Davis 33 / Belcher's Hill / The Kennedy On Belcher's (Kennedy Town 2000's private residential buildings),200507,Month,22.28277,114.12953,8.39773375137891
Central and Western,Kennedy Town,(Kennedy Town) Ivy On Bel...,https://hkdata.centanet.com/BigData/hong-kong/Central%20and%20Western/CHMA/Kennedy-Town/building-group(Kennedy%20Town)%20Ivy%20On%20Belcher's%20%7C%20Westview%20Height%20%7C%20La%20Maison%20Du%20Nord%20%7C%20Shun%20Cheong%20Building%20%7C%20The%20Sail%20At%20Victoria%20%7C%2060%20Victoria%20Road%20%7C%20Mourt%20Davis%2033%20%7C%20Belcher's%20Hill%20%7C%20The%20Kennedy%20On%20Belcher's%20(Kennedy%20Town%202000's%20private%20residential%20buildings)?field=t_pop&sort=default&detailcode=CW0060,5773.0,building,CW0060,(Kennedy Town) Ivy On Belcher's / Westview Height / La Maison Du Nord / Shun Cheong Building / The Sail At Victoria / 60 Victoria Road / Mourt Davis 33 / Belcher's Hill / The Kennedy On Belcher's (Kennedy Town 2000's private residential buildings),200508,Month,22.28277,114.12953,8.660947155060933
Central and Western,Kennedy Town,(Kennedy Town) Ivy On Bel...,https://hkdata.centanet.com/BigData/hong-kong/Central%20and%20Western/CHMA/Kennedy-Town/building-group(Kennedy%20Town)%20Ivy%20On%20Belcher's%20%7C%20Westview%20Height%20%7C%20La%20Maison%20Du%20Nord%20%7C%20Shun%20Cheong%20Building%20%7C%20The%20Sail%20At%20Victoria%20%7C%2060%20Victoria%20Road%20%7C%20Mourt%20Davis%2033%20%7C%20Belcher's%20Hill%20%7C%20The%20Kennedy%20On%20Belcher's%20(Kennedy%20Town%202000's%20private%20residential%20buildings)?field=t_pop&sort=default&detailcode=CW0060,6003.17,building,CW0060,(Kennedy Town) Ivy On Belcher's / Westview Height / La Maison Du Nord / Shun Cheong Building / The Sail At Victoria / 60 Victoria Road / Mourt Davis 33 / Belcher's Hill / The Kennedy On Belcher's (Kennedy Town 2000's private residential buildings),200509,Month,22.28277,114.12953,8.70004294202461
Central and Western,Kennedy Town,(Kennedy Town) Ivy On Bel...,https://hkdata.centanet.com/BigData/hong-kong/Central%20and%20Western/CHMA/Kennedy-Town/building-group(Kennedy%20Town)%20Ivy%20On%20Belcher's%20%7C%20Westview%20Height%20%7C%20La%20Maison%20Du%20Nord%20%7C%20Shun%20Cheong%20Building%20%7C%20The%20Sail%20At%20Victoria%20%7C%2060%20Victoria%20Road%20%7C%20Mourt%20Davis%2033%20%7C%20Belcher's%20Hill%20%7C%20The%20Kennedy%20On%20Belcher's%20(Kennedy%20Town%202000's%20private%20residential%20buildings)?field=t_pop&sort=default&detailcode=CW0060,5243.0,building,CW0060,(Kennedy Town) Ivy On Belcher's / Westview Height / La Maison Du Nord / Shun Cheong Building / The Sail At Victoria / 60 Victoria Road / Mourt Davis 33 / Belcher's Hill / The Kennedy On Belcher's (Kennedy Town 2000's private residential buildings),200510,Month,22.28277,114.12953,8.564649132572534
Central and Western,Kennedy Town,(Kennedy Town) Ivy On Bel...,https://hkdata.centanet.com/BigData/hong-kong/Central%20and%20Western/CHMA/Kennedy-Town/building-group(Kennedy%20Town)%20Ivy%20On%20Belcher's%20%7C%20Westview%20Height%20%7C%20La%20Maison%20Du%20Nord%20%7C%20Shun%20Cheong%20Building%20%7C%20The%20Sail%20At%20Victoria%20%7C%2060%20Victoria%20Road%20%7C%20Mourt%20Davis%2033%20%7C%20Belcher's%20Hill%20%7C%20The%20Kennedy%20On%20Belcher's%20(Kennedy%20Town%202000's%20private%20residential%20buildings)?field=t_pop&sort=default&detailcode=CW0060,6318.0,building,CW0060,(Kennedy Town) Ivy On Belcher's / Westview Height / La Maison Du Nord / Shun Cheong Building / The Sail At Victoria / 60 Victoria Road / Mourt Davis 33 / Belcher's Hill / The Kennedy On Belcher's (Kennedy Town 2000's private residential buildings),200511,Month,22.28277,114.12953,8.75115798136203
Central and Western,Kennedy Town,(Kennedy Town) Ivy On Bel...,https://hkdata.centanet.com/BigData/hong-kong/Central%20and%20Western/CHMA/Kennedy-Town/building-group(Kennedy%20Town)%20Ivy%20On%20Belcher's%20%7C%20Westview%20Height%20%7C%20La%20Maison%20Du%20Nord%20%7C%20Shun%20Cheong%20Building%20%7C%20The%20Sail%20At%20Victoria%20%7C%2060%20Victoria%20Road%20%7C%20Mourt%20Davis%2033%20%7C%20Belcher's%20Hill%20%7C%20The%20Kennedy%20On%20Belcher's%20(Kennedy%20Town%202000's%20private%20residential%20buildings)?field=t_pop&sort=default&detailcode=CW0060,4938.0,building,CW0060,(Kennedy Town) Ivy On Belcher's / Westview Height / La Maison Du Nord / Shun Cheong Building / The Sail At Victoria / 60 Victoria Road / Mourt Davis 33 / Belcher's Hill / The Kennedy On Belcher's (Kennedy Town 2000's private residential buildings),200512,month,22.28277,114.12953,8.504715669905124
Central and Western,Kennedy Town,(Kennedy Town) Ivy On Bel...,https://hkdata.centanet.com/BigData/hong-kong/Central%20and%20Western/CHMA/Kennedy-Town/building-group(Kennedy%20Town)%20Ivy%20On%20Belcher's%20%7C%20Westview%20Height%20%7C%20La%20Maison%20Du%20Nord%20%7C%20Shun%20Cheong%20Building%20%7C%20The%20Sail%20At%20Victoria%20%7C%2060%20Victoria%20Road%20%7C%20Mourt%20Davis%2033%20%7C%20Belcher's%20Hill%20%7C%20The%20Kennedy%20On%20Belcher's%20(Kennedy%20Town%202000's%20private%20residential%20buildings)?field=t_pop&sort=default&detailcode=CW0060,4588.0,building,CW0060,(Kennedy Town) Ivy On Belcher's / Westview Height / La Maison Du Nord / Shun Cheong Building / The Sail At Victoria / 60 Victoria Road / Mourt Davis 33 / Belcher's Hill / The Kennedy On Belcher's (Kennedy Town 2000's private residential buildings),200601,Month,22.28277,114.12953,8.431199478249262
Central and Western,Kennedy Town,(Kennedy Town) Ivy On Bel...,https://hkdata.centanet.com/BigData/hong-kong/Central%20and%20Western/CHMA/Kennedy-Town/building-group(Kennedy%20Town)%20Ivy%20On%20Belcher's%20%7C%20Westview%20Height%20%7C%20La%20Maison%20Du%20Nord%20%7C%20Shun%20Cheong%20Building%20%7C%20The%20Sail%20At%20Victoria%20%7C%2060%20Victoria%20Road%20%7C%20Mourt%20Davis%2033%20%7C%20Belcher's%20Hill%20%7C%20The%20Kennedy%20On%20Belcher's%20(Kennedy%20Town%202000's%20private%20residential%20buildings)?field=t_pop&sort=default&detailcode=CW0060,5810.0,building,CW0060,(Kennedy Town) Ivy On Belcher's / Westview Height / La Maison Du Nord / Shun Cheong Building / The Sail At Victoria / 60 Victoria Road / Mourt Davis 33 / Belcher's Hill / The Kennedy On Belcher's (Kennedy Town 2000's private residential buildings),200602,Month,22.28277,114.12953,8.667335849845957
Central and Western,Kennedy Town,(Kennedy Town) Ivy On Bel...,https://hkdata.centanet.com/BigData/hong-kong/Central%20and%20Western/CHMA/Kennedy-Town/building-group(Kennedy%20Town)%20Ivy%20On%20Belcher's%20%7C%20Westview%20Height%20%7C%20La%20Maison%20Du%20Nord%20%7C%20Shun%20Cheong%20Building%20%7C%20The%20Sail%20At%20Victoria%20%7C%2060%20Victoria%20Road%20%7C%20Mourt%20Davis%2033%20%7C%20Belcher's%20Hill%20%7C%20The%20Kennedy%20On%20Belcher's%20(Kennedy%20Town%202000's%20private%20residential%20buildings)?field=t_pop&sort=default&detailcode=CW0060,5006.0,building,CW0060,(Kennedy Town) Ivy On Belcher's / Westview Height / La Maison Du Nord / Shun Cheong Building / The Sail At Victoria / 60 Victoria Road / Mourt Davis 33 / Belcher's Hill / The Kennedy On Belcher's (Kennedy Town 2000's private residential buildings),200603,Month,22.28277,114.12953,8.518392471991719
Central and Western,Kennedy Town,(Kennedy Town) Ivy On Bel...,https://hkdata.centanet.com/BigData/hong-kong/Central%20and%20Western/CHMA/Kennedy-Town/building-group(Kennedy%20Town)%20Ivy%20On%20Belcher's%20%7C%20Westview%20Height%20%7C%20La%20Maison%20Du%20Nord%20%7C%20Shun%20Cheong%20Building%20%7C%20The%20Sail%20At%20Victoria%20%7C%2060%20Victoria%20Road%20%7C%20Mourt%20Davis%2033%20%7C%20Belcher's%20Hill%20%7C%20The%20Kennedy%20On%20Belcher's%20(Kennedy%20Town%202000's%20private%20residential%20buildings)?field=t_pop&sort=default&detailcode=CW0060,6411.0,building,CW0060,(Kennedy Town) Ivy On Belcher's / Westview Height / La Maison Du Nord / Shun Cheong Building / The Sail At Victoria / 60 Victoria Road / Mourt Davis 33 / Belcher's Hill / The Kennedy On Belcher's (Kennedy Town 2000's private residential buildings),200604,month,22.28277,114.12953,8.765770543987257
Central and Western,Kennedy Town,(Kennedy Town) Ivy On Bel...,https://hkdata.centanet.com/BigData/hong-kong/Central%20and%20Western/CHMA/Kennedy-Town/building-group(Kennedy%20Town)%20Ivy%20On%20Belcher's%20%7C%20Westview%20Height%20%7C%20La%20Maison%20Du%20Nord%20%7C%20Shun%20Cheong%20Building%20%7C%20The%20Sail%20At%20Victoria%20%7C%2060%20Victoria%20Road%20%7C%20Mourt%20Davis%2033%20%7C%20Belcher's%20Hill%20%7C%20The%20Kennedy%20On%20Belcher's%20(Kennedy%20Town%202000's%20private%20residential%20buildings)?field=t_pop&sort=default&detailcode=CW0060,5400.0,building,CW0060,(Kennedy Town) Ivy On Belcher's / Westview Height / La Maison Du Nord / Shun Cheong Building / The Sail At Victoria / 60 Victoria Road / Mourt Davis 33 / Belcher's Hill / The Kennedy On Belcher's (Kennedy Town 2000's private residential buildings),200605,Month,22.28277,114.12953,8.594154232552366
Central and Western,Kennedy Town,(Kennedy Town) Ivy On Bel...,https://hkdata.centanet.com/BigData/hong-kong/Central%20and%20Western/CHMA/Kennedy-Town/building-group(Kennedy%20Town)%20Ivy%20On%20Belcher's%20%7C%20Westview%20Height%20%7C%20La%20Maison%20Du%20Nord%20%7C%20Shun%20Cheong%20Building%20%7C%20The%20Sail%20At%20Victoria%20%7C%2060%20Victoria%20Road%20%7C%20Mourt%20Davis%2033%20%7C%20Belcher's%20Hill%20%7C%20The%20Kennedy%20On%20Belcher's%20(Kennedy%20Town%202000's%20private%20residential%20buildings)?field=t_pop&sort=default&detailcode=CW0060,6099.4,building,CW0060,(Kennedy Town) Ivy On Belcher's / Westview Height / La Maison Du Nord / Shun Cheong Building / The Sail At Victoria / 60 Victoria Road / Mourt Davis 33 / Belcher's Hill / The Kennedy On Belcher's (Kennedy Town 2000's private residential buildings),200606,Month,22.28277,114.12953,8.715945684667938
Central and Western,Kennedy Town,(Kennedy Town) Ivy On Bel...,https://hkdata.centanet.com/BigData/hong-kong/Central%20and%20Western/CHMA/Kennedy-Town/building-group(Kennedy%20Town)%20Ivy%20On%20Belcher's%20%7C%20Westview%20Height%20%7C%20La%20Maison%20Du%20Nord%20%7C%20Shun%20Cheong%20Building%20%7C%20The%20Sail%20At%20Victoria%20%7C%2060%20Victoria%20Road%20%7C%20Mourt%20Davis%2033%20%7C%20Belcher's%20Hill%20%7C%20The%20Kennedy%20On%20Belcher's%20(Kennedy%20Town%202000's%20private%20residential%20buildings)?field=t_pop&sort=default&detailcode=CW0060,3663.5,building,CW0060,(Kennedy Town) Ivy On Belcher's / Westview Height / La Maison Du Nord / Shun Cheong Building / The Sail At Victoria / 60 Victoria Road / Mourt Davis 33 / Belcher's Hill / The Kennedy On Belcher's (Kennedy Town 2000's private residential buildings),200607,Month,22.28277,114.12953,8.206174253600018
Central and Western,Kennedy Town,(Kennedy Town) Ivy On Bel...,https://hkdata.centanet.com/BigData/hong-kong/Central%20and%20Western/CHMA/Kennedy-Town/building-group(Kennedy%20Town)%20Ivy%20On%20Belcher's%20%7C%20Westview%20Height%20%7C%20La%20Maison%20Du%20Nord%20%7C%20Shun%20Cheong%20Building%20%7C%20The%20Sail%20At%20Victoria%20%7C%2060%20Victoria%20Road%20%7C%20Mourt%20Davis%2033%20%7C%20Belcher's%20Hill%20%7C%20The%20Kennedy%20On%20Belcher's%20(Kennedy%20Town%202000's%20private%20residential%20buildings)?field=t_pop&sort=default&detailcode=CW0060,5252.0,building,CW0060,(Kennedy Town) Ivy On Belcher's / Westview Height / La Maison Du Nord / Shun Cheong Building / The Sail At Victoria / 60 Victoria Road / Mourt Davis 33 / Belcher's Hill / The Kennedy On Belcher's (Kennedy Town 2000's private residential buildings),200608,Month,22.28277,114.12953,8.566364235422688
Central and Western,Kennedy Town,(Kennedy Town) Ivy On Bel...,https://hkdata.centanet.com/BigData/hong-kong/Central%20and%20Western/CHMA/Kennedy-Town/building-group(Kennedy%20Town)%20Ivy%20On%20Belcher's%20%7C%20Westview%20Height%20%7C%20La%20Maison%20Du%20Nord%20%7C%20Shun%20Cheong%20Building%20%7C%20The%20Sail%20At%20Victoria%20%7C%2060%20Victoria%20Road%20%7C%20Mourt%20Davis%2033%20%7C%20Belcher's%20Hill%20%7C%20The%20Kennedy%20On%20Belcher's%20(Kennedy%20Town%202000's%20private%20residential%20buildings)?field=t_pop&sort=default&detailcode=CW0060,6481.0,building,CW0060,(Kennedy Town) Ivy On Belcher's / Westview Height / La Maison Du Nord / Shun Cheong Building / The Sail At Victoria / 60 Victoria Road / Mourt Davis 33 / Belcher's Hill / The Kennedy On Belcher's (Kennedy Town 2000's private residential buildings),200609,Month,22.28277,114.12953,8.776630098427717
Central and Western,Kennedy Town,(Kennedy Town) Ivy On Bel...,https://hkdata.centanet.com/BigData/hong-kong/Central%20and%20Western/CHMA/Kennedy-Town/building-group(Kennedy%20Town)%20Ivy%20On%20Belcher's%20%7C%20Westview%20Height%20%7C%20La%20Maison%20Du%20Nord%20%7C%20Shun%20Cheong%20Building%20%7C%20The%20Sail%20At%20Victoria%20%7C%2060%20Victoria%20Road%20%7C%20Mourt%20Davis%2033%20%7C%20Belcher's%20Hill%20%7C%20The%20Kennedy%20On%20Belcher's%20(Kennedy%20Town%202000's%20private%20residential%20buildings)?field=t_pop&sort=default&detailcode=CW0060,7150.0,building,CW0060,(Kennedy Town) Ivy On Belcher's / Westview Height / La Maison Du Nord / Shun Cheong Building / The Sail At Victoria / 60 Victoria Road / Mourt Davis 33 / Belcher's Hill / The Kennedy On Belcher's (Kennedy Town 2000's private residential buildings),200610,Month,22.28277,114.12953,8.874867635688053
Central and Western,Kennedy Town,(Kennedy Town) Ivy On Bel...,https://hkdata.centanet.com/BigData/hong-kong/Central%20and%20Western/CHMA/Kennedy-Town/building-group(Kennedy%20Town)%20Ivy%20On%20Belcher's%20%7C%20Westview%20Height%20%7C%20La%20Maison%20Du%20Nord%20%7C%20Shun%20Cheong%20Building%20%7C%20The%20Sail%20At%20Victoria%20%7C%2060%20Victoria%20Road%20%7C%20Mourt%20Davis%2033%20%7C%20Belcher's%20Hill%20%7C%20The%20Kennedy%20On%20Belcher's%20(Kennedy%20Town%202000's%20private%20residential%20buildings)?field=t_pop&sort=default&detailcode=CW0060,5030.4,building,CW0060,(Kennedy Town) Ivy On Belcher's / Westview Height / La Maison Du Nord / Shun Cheong Building / The Sail At Victoria / 60 Victoria Road / Mourt Davis 33 / Belcher's Hill / The Kennedy On Belcher's (Kennedy Town 2000's private residential buildings),200611,Month,22.28277,114.12953,8.523254782794833
Central and Western,Kennedy Town,(Kennedy Town) Ivy On Bel...,https://hkdata.centanet.com/BigData/hong-kong/Central%20and%20Western/CHMA/Kennedy-Town/building-group(Kennedy%20Town)%20Ivy%20On%20Belcher's%20%7C%20Westview%20Height%20%7C%20La%20Maison%20Du%20Nord%20%7C%20Shun%20Cheong%20Building%20%7C%20The%20Sail%20At%20Victoria%20%7C%2060%20Victoria%20Road%20%7C%20Mourt%20Davis%2033%20%7C%20Belcher's%20Hill%20%7C%20The%20Kennedy%20On%20Belcher's%20(Kennedy%20Town%202000's%20private%20residential%20buildings)?field=t_pop&sort=default&detailcode=CW0060,5030.4,building,CW0060,(Kennedy Town) Ivy On Belcher's / Westview Height / La Maison Du Nord / Shun Cheong Building / The Sail At Victoria / 60 Victoria Road / Mourt Davis 33 / Belcher's Hill / The Kennedy On Belcher's (Kennedy Town 2000's private residential buildings),200612,Month,22.28277,114.12953,8.523254782794833
Central and Western,Kennedy Town,(Kennedy Town) Ivy On Bel...,https://hkdata.centanet.com/BigData/hong-kong/Central%20and%20Western/CHMA/Kennedy-Town/building-group(Kennedy%20Town)%20Ivy%20On%20Belcher's%20%7C%20Westview%20Height%20%7C%20La%20Maison%20Du%20Nord%20%7C%20Shun%20Cheong%20Building%20%7C%20The%20Sail%20At%20Victoria%20%7C%2060%20Victoria%20Road%20%7C%20Mourt%20Davis%2033%20%7C%20Belcher's%20Hill%20%7C%20The%20Kennedy%20On%20Belcher's%20(Kennedy%20Town%202000's%20private%20residential%20buildings)?field=t_pop&sort=default&detailcode=CW0060,4951.4,building,CW0060,(Kennedy Town) Ivy On Belcher's / Westview Height / La Maison Du Nord / Shun Cheong Building / The Sail At Victoria / 60 Victoria Road / Mourt Davis 33 / Belcher's Hill / The Kennedy On Belcher's (Kennedy Town 2000's private residential buildings),200701,Month,22.28277,114.12953,8.507425643857186
Central and Western,Kennedy Town,(Kennedy Town) Ivy On Bel...,https://hkdata.centanet.com/BigData/hong-kong/Central%20and%20Western/CHMA/Kennedy-Town/building-group(Kennedy%20Town)%20Ivy%20On%20Belcher's%20%7C%20Westview%20Height%20%7C%20La%20Maison%20Du%20Nord%20%7C%20Shun%20Cheong%20Building%20%7C%20The%20Sail%20At%20Victoria%20%7C%2060%20Victoria%20Road%20%7C%20Mourt%20Davis%2033%20%7C%20Belcher's%20Hill%20%7C%20The%20Kennedy%20On%20Belcher's%20(Kennedy%20Town%202000's%20private%20residential%20buildings)?field=t_pop&sort=default&detailcode=CW0060,6223.2,building,CW0060,(Kennedy Town) Ivy On Belcher's / Westview Height / La Maison Du Nord / Shun Cheong Building / The Sail At Victoria / 60 Victoria Road / Mourt Davis 33 / Belcher's Hill / The Kennedy On Belcher's (Kennedy Town 2000's private residential buildings),200702,month,22.28277,114.12953,8.736039522892565
Central and Western,Kennedy Town,(Kennedy Town) Ivy On Bel...,https://hkdata.centanet.com/BigData/hong-kong/Central%20and%20Western/CHMA/Kennedy-Town/building-group(Kennedy%20Town)%20Ivy%20On%20Belcher's%20%7C%20Westview%20Height%20%7C%20La%20Maison%20Du%20Nord%20%7C%20Shun%20Cheong%20Building%20%7C%20The%20Sail%20At%20Victoria%20%7C%2060%20Victoria%20Road%20%7C%20Mourt%20Davis%2033%20%7C%20Belcher's%20Hill%20%7C%20The%20Kennedy%20On%20Belcher's%20(Kennedy%20Town%202000's%20private%20residential%20buildings)?field=t_pop&sort=default&detailcode=CW0060,6286.4,building,CW0060,(Kennedy Town) Ivy On Belcher's / Westview Height / La Maison Du Nord / Shun Cheong Building / The Sail At Victoria / 60 Victoria Road / Mourt Davis 33 / Belcher's Hill / The Kennedy On Belcher's (Kennedy Town 2000's private residential buildings),200703,month,22.28277,114.12953,8.746143848804195
Central and Western,Kennedy Town,(Kennedy Town) Ivy On Bel...,https://hkdata.centanet.com/BigData/hong-kong/Central%20and%20Western/CHMA/Kennedy-Town/building-group(Kennedy%20Town)%20Ivy%20On%20Belcher's%20%7C%20Westview%20Height%20%7C%20La%20Maison%20Du%20Nord%20%7C%20Shun%20Cheong%20Building%20%7C%20The%20Sail%20At%20Victoria%20%7C%2060%20Victoria%20Road%20%7C%20Mourt%20Davis%2033%20%7C%20Belcher's%20Hill%20%7C%20The%20Kennedy%20On%20Belcher's%20(Kennedy%20Town%202000's%20private%20residential%20buildings)?field=t_pop&sort=default&detailcode=CW0060,6456.33,building,CW0060,(Kennedy Town) Ivy On Belcher's / Westview Height / La Maison Du Nord / Shun Cheong Building / The Sail At Victoria / 60 Victoria Road / Mourt Davis 33 / Belcher's Hill / The Kennedy On Belcher's (Kennedy Town 2000's private residential buildings),200704,Month,22.28277,114.12953,8.772816323885081
Central and Western,Kennedy Town,(Kennedy Town) Ivy On Bel...,https://hkdata.centanet.com/BigData/hong-kong/Central%20and%20Western/CHMA/Kennedy-Town/building-group(Kennedy%20Town)%20Ivy%20On%20Belcher's%20%7C%20Westview%20Height%20%7C%20La%20Maison%20Du%20Nord%20%7C%20Shun%20Cheong%20Building%20%7C%20The%20Sail%20At%20Victoria%20%7C%2060%20Victoria%20Road%20%7C%20Mourt%20Davis%2033%20%7C%20Belcher's%20Hill%20%7C%20The%20Kennedy%20On%20Belcher's%20(Kennedy%20Town%202000's%20private%20residential%20buildings)?field=t_pop&sort=default&detailcode=CW0060,8491.0,building,CW0060,(Kennedy Town) Ivy On Belcher's / Westview Height / La Maison Du Nord / Shun Cheong Building / The Sail At Victoria / 60 Victoria Road / Mourt Davis 33 / Belcher's Hill / The Kennedy On Belcher's (Kennedy Town 2000's private residential buildings),200705,Month,22.28277,114.12953,9.046762057999363
Central and Western,Kennedy Town,(Kennedy Town) Ivy On Bel...,https://hkdata.centanet.com/BigData/hong-kong/Central%20and%20Western/CHMA/Kennedy-Town/building-group(Kennedy%20Town)%20Ivy%20On%20Belcher's%20%7C%20Westview%20Height%20%7C%20La%20Maison%20Du%20Nord%20%7C%20Shun%20Cheong%20Building%20%7C%20The%20Sail%20At%20Victoria%20%7C%2060%20Victoria%20Road%20%7C%20Mourt%20Davis%2033%20%7C%20Belcher's%20Hill%20%7C%20The%20Kennedy%20On%20Belcher's%20(Kennedy%20Town%202000's%20private%20residential%20buildings)?field=t_pop&sort=default&detailcode=CW0060,8134.0,building,CW0060,(Kennedy Town) Ivy On Belcher's / Westview Height / La Maison Du Nord / Shun Cheong Building / The Sail At Victoria / 60 Victoria Road / Mourt Davis 33 / Belcher's Hill / The Kennedy On Belcher's (Kennedy Town 2000's private residential buildings),200706,Month,22.28277,114.12953,9.00380808646717
Central and Western,Kennedy Town,(Kennedy Town) Ivy On Bel...,https://hkdata.centanet.com/BigData/hong-kong/Central%20and%20Western/CHMA/Kennedy-Town/building-group(Kennedy%20Town)%20Ivy%20On%20Belcher's%20%7C%20Westview%20Height%20%7C%20La%20Maison%20Du%20Nord%20%7C%20Shun%20Cheong%20Building%20%7C%20The%20Sail%20At%20Victoria%20%7C%2060%20Victoria%20Road%20%7C%20Mourt%20Davis%2033%20%7C%20Belcher's%20Hill%20%7C%20The%20Kennedy%20On%20Belcher's%20(Kennedy%20Town%202000's%20private%20residential%20buildings)?field=t_pop&sort=default&detailcode=CW0060,6028.8,building,CW0060,(Kennedy Town) Ivy On Belcher's / Westview Height / La Maison Du Nord / Shun Cheong Building / The Sail At Victoria / 60 Victoria Road / Mourt Davis 33 / Belcher's Hill / The Kennedy On Belcher's (Kennedy Town 2000's private residential buildings),200707,Month,22.28277,114.12953,8.70430326494199
Central and Western,Kennedy Town,(Kennedy Town) Ivy On Bel...,https://hkdata.centanet.com/BigData/hong-kong/Central%20and%20Western/CHMA/Kennedy-Town/building-group(Kennedy%20Town)%20Ivy%20On%20Belcher's%20%7C%20Westview%20Height%20%7C%20La%20Maison%20Du%20Nord%20%7C%20Shun%20Cheong%20Building%20%7C%20The%20Sail%20At%20Victoria%20%7C%2060%20Victoria%20Road%20%7C%20Mourt%20Davis%2033%20%7C%20Belcher's%20Hill%20%7C%20The%20Kennedy%20On%20Belcher's%20(Kennedy%20Town%202000's%20private%20residential%20buildings)?field=t_pop&sort=default&detailcode=CW0060,6207.46,building,CW0060,(Kennedy Town) Ivy On Belcher's / Westview Height / La Maison Du Nord / Shun Cheong Building / The Sail At Victoria / 60 Victoria Road / Mourt Davis 33 / Belcher's Hill / The Kennedy On Belcher's (Kennedy Town 2000's private residential buildings),200708,Month,22.28277,114.12953,8.733507073543597
Central and Western,Kennedy Town,(Kennedy Town) Ivy On Bel...,https://hkdata.centanet.com/BigData/hong-kong/Central%20and%20Western/CHMA/Kennedy-Town/building-group(Kennedy%20Town)%20Ivy%20On%20Belcher's%20%7C%20Westview%20Height%20%7C%20La%20Maison%20Du%20Nord%20%7C%20Shun%20Cheong%20Building%20%7C%20The%20Sail%20At%20Victoria%20%7C%2060%20Victoria%20Road%20%7C%20Mourt%20Davis%2033%20%7C%20Belcher's%20Hill%20%7C%20The%20Kennedy%20On%20Belcher's%20(Kennedy%20Town%202000's%20private%20residential%20buildings)?field=t_pop&sort=default&detailcode=CW0060,7106.0,building,CW0060,(Kennedy Town) Ivy On Belcher's / Westview Height / La Maison Du Nord / Shun Cheong Building / The Sail At Victoria / 60 Victoria Road / Mourt Davis 33 / Belcher's Hill / The Kennedy On Belcher's (Kennedy Town 2000's private residential buildings),200709,Month,22.28277,114.12953,8.868694776580972
Central and Western,Kennedy Town,(Kennedy Town) Ivy On Bel...,https://hkdata.centanet.com/BigData/hong-kong/Central%20and%20Western/CHMA/Kennedy-Town/building-group(Kennedy%20Town)%20Ivy%20On%20Belcher's%20%7C%20Westview%20Height%20%7C%20La%20Maison%20Du%20Nord%20%7C%20Shun%20Cheong%20Building%20%7C%20The%20Sail%20At%20Victoria%20%7C%2060%20Victoria%20Road%20%7C%20Mourt%20Davis%2033%20%7C%20Belcher's%20Hill%20%7C%20The%20Kennedy%20On%20Belcher's%20(Kennedy%20Town%202000's%20private%20residential%20buildings)?field=t_pop&sort=default&detailcode=CW0060,7445.89,building,CW0060,(Kennedy Town) Ivy On Belcher's / Westview Height / La Maison Du Nord / Shun Cheong Building / The Sail At Victoria / 60 Victoria Road / Mourt Davis 33 / Belcher's Hill / The Kennedy On Belcher's (Kennedy Town 2000's private residential buildings),200710,Month,22.28277,114.12953,8.915417481291039
Central and Western,Kennedy Town,(Kennedy Town) Ivy On Bel...,https://hkdata.centanet.com/BigData/hong-kong/Central%20and%20Western/CHMA/Kennedy-Town/building-group(Kennedy%20Town)%20Ivy%20On%20Belcher's%20%7C%20Westview%20Height%20%7C%20La%20Maison%20Du%20Nord%20%7C%20Shun%20Cheong%20Building%20%7C%20The%20Sail%20At%20Victoria%20%7C%2060%20Victoria%20Road%20%7C%20Mourt%20Davis%2033%20%7C%20Belcher's%20Hill%20%7C%20The%20Kennedy%20On%20Belcher's%20(Kennedy%20Town%202000's%20private%20residential%20buildings)?field=t_pop&sort=default&detailcode=CW0060,7276.2,building,CW0060,(Kennedy Town) Ivy On Belcher's / Westview Height / La Maison Du Nord / Shun Cheong Building / The Sail At Victoria / 60 Victoria Road / Mourt Davis 33 / Belcher's Hill / The Kennedy On Belcher's (Kennedy Town 2000's private residential buildings),200711,Month,22.28277,114.12953,8.892364026890801
Central and Western,Kennedy Town,(Kennedy Town) Ivy On Bel...,https://hkdata.centanet.com/BigData/hong-kong/Central%20and%20Western/CHMA/Kennedy-Town/building-group(Kennedy%20Town)%20Ivy%20On%20Belcher's%20%7C%20Westview%20Height%20%7C%20La%20Maison%20Du%20Nord%20%7C%20Shun%20Cheong%20Building%20%7C%20The%20Sail%20At%20Victoria%20%7C%2060%20Victoria%20Road%20%7C%20Mourt%20Davis%2033%20%7C%20Belcher's%20Hill%20%7C%20The%20Kennedy%20On%20Belcher's%20(Kennedy%20Town%202000's%20private%20residential%20buildings)?field=t_pop&sort=default&detailcode=CW0060,7310.2,building,CW0060,(Kennedy Town) Ivy On Belcher's / Westview Height / La Maison Du Nord / Shun Cheong Building / The Sail At Victoria / 60 Victoria Road / Mourt Davis 33 / Belcher's Hill / The Kennedy On Belcher's (Kennedy Town 2000's private residential buildings),200712,Month,22.28277,114.12953,8.897025912150674
Central and Western,Kennedy Town,(Kennedy Town) Ivy On Bel...,https://hkdata.centanet.com/BigData/hong-kong/Central%20and%20Western/CHMA/Kennedy-Town/building-group(Kennedy%20Town)%20Ivy%20On%20Belcher's%20%7C%20Westview%20Height%20%7C%20La%20Maison%20Du%20Nord%20%7C%20Shun%20Cheong%20Building%20%7C%20The%20Sail%20At%20Victoria%20%7C%2060%20Victoria%20Road%20%7C%20Mourt%20Davis%2033%20%7C%20Belcher's%20Hill%20%7C%20The%20Kennedy%20On%20Belcher's%20(Kennedy%20Town%202000's%20private%20residential%20buildings)?field=t_pop&sort=default&detailcode=CW0060,8499.76,building,CW0060,(Kennedy Town) Ivy On Belcher's / Westview Height / La Maison Du Nord / Shun Cheong Building / The Sail At Victoria / 60 Victoria Road / Mourt Davis 33 / Belcher's Hill / The Kennedy On Belcher's (Kennedy Town 2000's private residential buildings),200801,month,22.28277,114.12953,9.047793206785666
Central and Western,Kennedy Town,(Kennedy Town) Ivy On Bel...,https://hkdata.centanet.com/BigData/hong-kong/Central%20and%20Western/CHMA/Kennedy-Town/building-group(Kennedy%20Town)%20Ivy%20On%20Belcher's%20%7C%20Westview%20Height%20%7C%20La%20Maison%20Du%20Nord%20%7C%20Shun%20Cheong%20Building%20%7C%20The%20Sail%20At%20Victoria%20%7C%2060%20Victoria%20Road%20%7C%20Mourt%20Davis%2033%20%7C%20Belcher's%20Hill%20%7C%20The%20Kennedy%20On%20Belcher's%20(Kennedy%20Town%202000's%20private%20residential%20buildings)?field=t_pop&sort=default&detailcode=CW0060,7248.67,building,CW0060,(Kennedy Town) Ivy On Belcher's / Westview Height / La Maison Du Nord / Shun Cheong Building / The Sail At Victoria / 60 Victoria Road / Mourt Davis 33 / Belcher's Hill / The Kennedy On Belcher's (Kennedy Town 2000's private residential buildings),200802,Month,22.28277,114.12953,8.888573282744165
Central and Western,Kennedy Town,(Kennedy Town) Ivy On Bel...,https://hkdata.centanet.com/BigData/hong-kong/Central%20and%20Western/CHMA/Kennedy-Town/building-group(Kennedy%20Town)%20Ivy%20On%20Belcher's%20%7C%20Westview%20Height%20%7C%20La%20Maison%20Du%20Nord%20%7C%20Shun%20Cheong%20Building%20%7C%20The%20Sail%20At%20Victoria%20%7C%2060%20Victoria%20Road%20%7C%20Mourt%20Davis%2033%20%7C%20Belcher's%20Hill%20%7C%20The%20Kennedy%20On%20Belcher's%20(Kennedy%20Town%202000's%20private%20residential%20buildings)?field=t_pop&sort=default&detailcode=CW0060,8482.78,building,CW0060,(Kennedy Town) Ivy On Belcher's / Westview Height / La Maison Du Nord / Shun Cheong Building / The Sail At Victoria / 60 Victoria Road / Mourt Davis 33 / Belcher's Hill / The Kennedy On Belcher's (Kennedy Town 2000's private residential buildings),200803,Month,22.28277,114.12953,9.045793505250053
Central and Western,Kennedy Town,(Kennedy Town) Ivy On Bel...,https://hkdata.centanet.com/BigData/hong-kong/Central%20and%20Western/CHMA/Kennedy-Town/building-group(Kennedy%20Town)%20Ivy%20On%20Belcher's%20%7C%20Westview%20Height%20%7C%20La%20Maison%20Du%20Nord%20%7C%20Shun%20Cheong%20Building%20%7C%20The%20Sail%20At%20Victoria%20%7C%2060%20Victoria%20Road%20%7C%20Mourt%20Davis%2033%20%7C%20Belcher's%20Hill%20%7C%20The%20Kennedy%20On%20Belcher's%20(Kennedy%20Town%202000's%20private%20residential%20buildings)?field=t_pop&sort=default&detailcode=CW0060,7913.0,building,CW0060,(Kennedy Town) Ivy On Belcher's / Westview Height / La Maison Du Nord / Shun Cheong Building / The Sail At Victoria / 60 Victoria Road / Mourt Davis 33 / Belcher's Hill / The Kennedy On Belcher's (Kennedy Town 2000's private residential buildings),200804,Month,22.28277,114.12953,8.976262255609193
Central and Western,Kennedy Town,(Kennedy Town) Ivy On Bel...,https://hkdata.centanet.com/BigData/hong-kong/Central%20and%20Western/CHMA/Kennedy-Town/building-group(Kennedy%20Town)%20Ivy%20On%20Belcher's%20%7C%20Westview%20Height%20%7C%20La%20Maison%20Du%20Nord%20%7C%20Shun%20Cheong%20Building%20%7C%20The%20Sail%20At%20Victoria%20%7C%2060%20Victoria%20Road%20%7C%20Mourt%20Davis%2033%20%7C%20Belcher's%20Hill%20%7C%20The%20Kennedy%20On%20Belcher's%20(Kennedy%20Town%202000's%20private%20residential%20buildings)?field=t_pop&sort=default&detailcode=CW0060,7116.33,building,CW0060,(Kennedy Town) Ivy On Belcher's / Westview Height / La Maison Du Nord / Shun Cheong Building / The Sail At Victoria / 60 Victoria Road / Mourt Davis 33 / Belcher's Hill / The Kennedy On Belcher's (Kennedy Town 2000's private residential buildings),200805,Month,22.28277,114.12953,8.870147422078091
Central and Western,Kennedy Town,(Kennedy Town) Ivy On Bel...,https://hkdata.centanet.com/BigData/hong-kong/Central%20and%20Western/CHMA/Kennedy-Town/building-group(Kennedy%20Town)%20Ivy%20On%20Belcher's%20%7C%20Westview%20Height%20%7C%20La%20Maison%20Du%20Nord%20%7C%20Shun%20Cheong%20Building%20%7C%20The%20Sail%20At%20Victoria%20%7C%2060%20Victoria%20Road%20%7C%20Mourt%20Davis%2033%20%7C%20Belcher's%20Hill%20%7C%20The%20Kennedy%20On%20Belcher's%20(Kennedy%20Town%202000's%20private%20residential%20buildings)?field=t_pop&sort=default&detailcode=CW0060,7699.33,building,CW0060,(Kennedy Town) Ivy On Belcher's / Westview Height / La Maison Du Nord / Shun Cheong Building / The Sail At Victoria / 60 Victoria Road / Mourt Davis 33 / Belcher's Hill / The Kennedy On Belcher's (Kennedy Town 2000's private residential buildings),200806,Month,22.28277,114.12953,8.948888591068913
Central and Western,Kennedy Town,(Kennedy Town) Ivy On Bel...,https://hkdata.centanet.com/BigData/hong-kong/Central%20and%20Western/CHMA/Kennedy-Town/building-group(Kennedy%20Town)%20Ivy%20On%20Belcher's%20%7C%20Westview%20Height%20%7C%20La%20Maison%20Du%20Nord%20%7C%20Shun%20Cheong%20Building%20%7C%20The%20Sail%20At%20Victoria%20%7C%2060%20Victoria%20Road%20%7C%20Mourt%20Davis%2033%20%7C%20Belcher's%20Hill%20%7C%20The%20Kennedy%20On%20Belcher's%20(Kennedy%20Town%202000's%20private%20residential%20buildings)?field=t_pop&sort=default&detailcode=CW0060,7160.67,building,CW0060,(Kennedy Town) Ivy On Belcher's / Westview Height / La Maison Du Nord / Shun Cheong Building / The Sail At Victoria / 60 Victoria Road / Mourt Davis 33 / Belcher's Hill / The Kennedy On Belcher's (Kennedy Town 2000's private residential buildings),200807,Month,22.28277,114.12953,8.876358830995779
Central and Western,Kennedy Town,(Kennedy Town) Ivy On Bel...,https://hkdata.centanet.com/BigData/hong-kong/Central%20and%20Western/CHMA/Kennedy-Town/building-group(Kennedy%20Town)%20Ivy%20On%20Belcher's%20%7C%20Westview%20Height%20%7C%20La%20Maison%20Du%20Nord%20%7C%20Shun%20Cheong%20Building%20%7C%20The%20Sail%20At%20Victoria%20%7C%2060%20Victoria%20Road%20%7C%20Mourt%20Davis%2033%20%7C%20Belcher's%20Hill%20%7C%20The%20Kennedy%20On%20Belcher's%20(Kennedy%20Town%202000's%20private%20residential%20buildings)?field=t_pop&sort=default&detailcode=CW0060,7144.0,building,CW0060,(Kennedy Town) Ivy On Belcher's / Westview Height / La Maison Du Nord / Shun Cheong Building / The Sail At Victoria / 60 Victoria Road / Mourt Davis 33 / Belcher's Hill / The Kennedy On Belcher's (Kennedy Town 2000's private residential buildings),200808,Month,22.28277,114.12953,8.874028122556336
Central and Western,Kennedy Town,(Kennedy Town) Ivy On Bel...,https://hkdata.centanet.com/BigData/hong-kong/Central%20and%20Western/CHMA/Kennedy-Town/building-group(Kennedy%20Town)%20Ivy%20On%20Belcher's%20%7C%20Westview%20Height%20%7C%20La%20Maison%20Du%20Nord%20%7C%20Shun%20Cheong%20Building%20%7C%20The%20Sail%20At%20Victoria%20%7C%2060%20Victoria%20Road%20%7C%20Mourt%20Davis%2033%20%7C%20Belcher's%20Hill%20%7C%20The%20Kennedy%20On%20Belcher's%20(Kennedy%20Town%202000's%20private%20residential%20buildings)?field=t_pop&sort=default&detailcode=CW0060,8142.75,building,CW0060,(Kennedy Town) Ivy On Belcher's / Westview Height / La Maison Du Nord / Shun Cheong Building / The Sail At Victoria / 60 Victoria Road / Mourt Davis 33 / Belcher's Hill / The Kennedy On Belcher's (Kennedy Town 2000's private residential buildings),200809,Month,22.28277,114.12953,9.00488323978007
Central and Western,Kennedy Town,(Kennedy Town) Ivy On Bel...,https://hkdata.centanet.com/BigData/hong-kong/Central%20and%20Western/CHMA/Kennedy-Town/building-group(Kennedy%20Town)%20Ivy%20On%20Belcher's%20%7C%20Westview%20Height%20%7C%20La%20Maison%20Du%20Nord%20%7C%20Shun%20Cheong%20Building%20%7C%20The%20Sail%20At%20Victoria%20%7C%2060%20Victoria%20Road%20%7C%20Mourt%20Davis%2033%20%7C%20Belcher's%20Hill%20%7C%20The%20Kennedy%20On%20Belcher's%20(Kennedy%20Town%202000's%20private%20residential%20buildings)?field=t_pop&sort=default&detailcode=CW0060,6676.0,building,CW0060,(Kennedy Town) Ivy On Belcher's / Westview Height / La Maison Du Nord / Shun Cheong Building / The Sail At Victoria / 60 Victoria Road / Mourt Davis 33 / Belcher's Hill / The Kennedy On Belcher's (Kennedy Town 2000's private residential buildings),200810,Month,22.28277,114.12953,8.806274284781725
Central and Western,Kennedy Town,(Kennedy Town) Ivy On Bel...,https://hkdata.centanet.com/BigData/hong-kong/Central%20and%20Western/CHMA/Kennedy-Town/building-group(Kennedy%20Town)%20Ivy%20On%20Belcher's%20%7C%20Westview%20Height%20%7C%20La%20Maison%20Du%20Nord%20%7C%20Shun%20Cheong%20Building%20%7C%20The%20Sail%20At%20Victoria%20%7C%2060%20Victoria%20Road%20%7C%20Mourt%20Davis%2033%20%7C%20Belcher's%20Hill%20%7C%20The%20Kennedy%20On%20Belcher's%20(Kennedy%20Town%202000's%20private%20residential%20buildings)?field=t_pop&sort=default&detailcode=CW0060,6825.33,building,CW0060,(Kennedy Town) Ivy On Belcher's / Westview Height / La Maison Du Nord / Shun Cheong Building / The Sail At Victoria / 60 Victoria Road / Mourt Davis 33 / Belcher's Hill / The Kennedy On Belcher's (Kennedy Town 2000's private residential buildings),200811,Month,22.28277,114.12953,8.82839597053261
Central and Western,Kennedy Town,(Kennedy Town) Ivy On Bel...,https://hkdata.centanet.com/BigData/hong-kong/Central%20and%20Western/CHMA/Kennedy-Town/building-group(Kennedy%20Town)%20Ivy%20On%20Belcher's%20%7C%20Westview%20Height%20%7C%20La%20Maison%20Du%20Nord%20%7C%20Shun%20Cheong%20Building%20%7C%20The%20Sail%20At%20Victoria%20%7C%2060%20Victoria%20Road%20%7C%20Mourt%20Davis%2033%20%7C%20Belcher's%20Hill%20%7C%20The%20Kennedy%20On%20Belcher's%20(Kennedy%20Town%202000's%20private%20residential%20buildings)?field=t_pop&sort=default&detailcode=CW0060,6825.33,building,CW0060,(Kennedy Town) Ivy On Belcher's / Westview Height / La Maison Du Nord / Shun Cheong Building / The Sail At Victoria / 60 Victoria Road / Mourt Davis 33 / Belcher's Hill / The Kennedy On Belcher's (Kennedy Town 2000's private residential buildings),200812,Month,22.28277,114.12953,8.82839597053261
Central and Western,Kennedy Town,(Kennedy Town) Ivy On Bel...,https://hkdata.centanet.com/BigData/hong-kong/Central%20and%20Western/CHMA/Kennedy-Town/building-group(Kennedy%20Town)%20Ivy%20On%20Belcher's%20%7C%20Westview%20Height%20%7C%20La%20Maison%20Du%20Nord%20%7C%20Shun%20Cheong%20Building%20%7C%20The%20Sail%20At%20Victoria%20%7C%2060%20Victoria%20Road%20%7C%20Mourt%20Davis%2033%20%7C%20Belcher's%20Hill%20%7C%20The%20Kennedy%20On%20Belcher's%20(Kennedy%20Town%202000's%20private%20residential%20buildings)?field=t_pop&sort=default&detailcode=CW0060,7081.33,building,CW0060,(Kennedy Town) Ivy On Belcher's / Westview Height / La Maison Du Nord / Shun Cheong Building / The Sail At Victoria / 60 Victoria Road / Mourt Davis 33 / Belcher's Hill / The Kennedy On Belcher's (Kennedy Town 2000's private residential buildings),200901,Month,22.28277,114.12953,8.865217022152924
Central and Western,Kennedy Town,(Kennedy Town) Ivy On Bel...,https://hkdata.centanet.com/BigData/hong-kong/Central%20and%20Western/CHMA/Kennedy-Town/building-group(Kennedy%20Town)%20Ivy%20On%20Belcher's%20%7C%20Westview%20Height%20%7C%20La%20Maison%20Du%20Nord%20%7C%20Shun%20Cheong%20Building%20%7C%20The%20Sail%20At%20Victoria%20%7C%2060%20Victoria%20Road%20%7C%20Mourt%20Davis%2033%20%7C%20Belcher's%20Hill%20%7C%20The%20Kennedy%20On%20Belcher's%20(Kennedy%20Town%202000's%20private%20residential%20buildings)?field=t_pop&sort=default&detailcode=CW0060,7081.33,building,CW0060,(Kennedy Town) Ivy On Belcher's / Westview Height / La Maison Du Nord / Shun Cheong Building / The Sail At Victoria / 60 Victoria Road / Mourt Davis 33 / Belcher's Hill / The Kennedy On Belcher's (Kennedy Town 2000's private residential buildings),200902,Month,22.28277,114.12953,8.865217022152924
Central and Western,Kennedy Town,(Kennedy Town) Ivy On Bel...,https://hkdata.centanet.com/BigData/hong-kong/Central%20and%20Western/CHMA/Kennedy-Town/building-group(Kennedy%20Town)%20Ivy%20On%20Belcher's%20%7C%20Westview%20Height%20%7C%20La%20Maison%20Du%20Nord%20%7C%20Shun%20Cheong%20Building%20%7C%20The%20Sail%20At%20Victoria%20%7C%2060%20Victoria%20Road%20%7C%20Mourt%20Davis%2033%20%7C%20Belcher's%20Hill%20%7C%20The%20Kennedy%20On%20Belcher's%20(Kennedy%20Town%202000's%20private%20residential%20buildings)?field=t_pop&sort=default&detailcode=CW0060,7251.0,building,CW0060,(Kennedy Town) Ivy On Belcher's / Westview Height / La Maison Du Nord / Shun Cheong Building / The Sail At Victoria / 60 Victoria Road / Mourt Davis 33 / Belcher's Hill / The Kennedy On Belcher's (Kennedy Town 2000's private residential buildings),200903,month,22.28277,114.12953,8.888894669371593
Central and Western,Kennedy Town,(Kennedy Town) Ivy On Bel...,https://hkdata.centanet.com/BigData/hong-kong/Central%20and%20Western/CHMA/Kennedy-Town/building-group(Kennedy%20Town)%20Ivy%20On%20Belcher's%20%7C%20Westview%20Height%20%7C%20La%20Maison%20Du%20Nord%20%7C%20Shun%20Cheong%20Building%20%7C%20The%20Sail%20At%20Victoria%20%7C%2060%20Victoria%20Road%20%7C%20Mourt%20Davis%2033%20%7C%20Belcher's%20Hill%20%7C%20The%20Kennedy%20On%20Belcher's%20(Kennedy%20Town%202000's%20private%20residential%20buildings)?field=t_pop&sort=default&detailcode=CW0060,7858.86,building,CW0060,(Kennedy Town) Ivy On Belcher's / Westview Height / La Maison Du Nord / Shun Cheong Building / The Sail At Victoria / 60 Victoria Road / Mourt Davis 33 / Belcher's Hill / The Kennedy On Belcher's (Kennedy Town 2000's private residential buildings),200904,Month,22.28277,114.12953,8.96939683673626
Central and Western,Kennedy Town,(Kennedy Town) Ivy On Bel...,https://hkdata.centanet.com/BigData/hong-kong/Central%20and%20Western/CHMA/Kennedy-Town/building-group(Kennedy%20Town)%20Ivy%20On%20Belcher's%20%7C%20Westview%20Height%20%7C%20La%20Maison%20Du%20Nord%20%7C%20Shun%20Cheong%20Building%20%7C%20The%20Sail%20At%20Victoria%20%7C%2060%20Victoria%20Road%20%7C%20Mourt%20Davis%2033%20%7C%20Belcher's%20Hill%20%7C%20The%20Kennedy%20On%20Belcher's%20(Kennedy%20Town%202000's%20private%20residential%20buildings)?field=t_pop&sort=default&detailcode=CW0060,6416.0,building,CW0060,(Kennedy Town) Ivy On Belcher's / Westview Height / La Maison Du Nord / Shun Cheong Building / The Sail At Victoria / 60 Victoria Road / Mourt Davis 33 / Belcher's Hill / The Kennedy On Belcher's (Kennedy Town 2000's private residential buildings),200905,Month,22.28277,114.12953,8.766550149546351
Central and Western,Kennedy Town,(Kennedy Town) Ivy On Bel...,https://hkdata.centanet.com/BigData/hong-kong/Central%20and%20Western/CHMA/Kennedy-Town/building-group(Kennedy%20Town)%20Ivy%20On%20Belcher's%20%7C%20Westview%20Height%20%7C%20La%20Maison%20Du%20Nord%20%7C%20Shun%20Cheong%20Building%20%7C%20The%20Sail%20At%20Victoria%20%7C%2060%20Victoria%20Road%20%7C%20Mourt%20Davis%2033%20%7C%20Belcher's%20Hill%20%7C%20The%20Kennedy%20On%20Belcher's%20(Kennedy%20Town%202000's%20private%20residential%20buildings)?field=t_pop&sort=default&detailcode=CW0060,6865.43,building,CW0060,(Kennedy Town) Ivy On Belcher's / Westview Height / La Maison Du Nord / Shun Cheong Building / The Sail At Victoria / 60 Victoria Road / Mourt Davis 33 / Belcher's Hill / The Kennedy On Belcher's (Kennedy Town 2000's private residential buildings),200906,Month,22.28277,114.12953,8.834253952802756
Central and Western,Kennedy Town,(Kennedy Town) Ivy On Bel...,https://hkdata.centanet.com/BigData/hong-kong/Central%20and%20Western/CHMA/Kennedy-Town/building-group(Kennedy%20Town)%20Ivy%20On%20Belcher's%20%7C%20Westview%20Height%20%7C%20La%20Maison%20Du%20Nord%20%7C%20Shun%20Cheong%20Building%20%7C%20The%20Sail%20At%20Victoria%20%7C%2060%20Victoria%20Road%20%7C%20Mourt%20Davis%2033%20%7C%20Belcher's%20Hill%20%7C%20The%20Kennedy%20On%20Belcher's%20(Kennedy%20Town%202000's%20private%20residential%20buildings)?field=t_pop&sort=default&detailcode=CW0060,8554.29,building,CW0060,(Kennedy Town) Ivy On Belcher's / Westview Height / La Maison Du Nord / Shun Cheong Building / The Sail At Victoria / 60 Victoria Road / Mourt Davis 33 / Belcher's Hill / The Kennedy On Belcher's (Kennedy Town 2000's private residential buildings),200907,Month,22.28277,114.12953,9.05418819048013
Central and Western,Kennedy Town,(Kennedy Town) Ivy On Bel...,https://hkdata.centanet.com/BigData/hong-kong/Central%20and%20Western/CHMA/Kennedy-Town/building-group(Kennedy%20Town)%20Ivy%20On%20Belcher's%20%7C%20Westview%20Height%20%7C%20La%20Maison%20Du%20Nord%20%7C%20Shun%20Cheong%20Building%20%7C%20The%20Sail%20At%20Victoria%20%7C%2060%20Victoria%20Road%20%7C%20Mourt%20Davis%2033%20%7C%20Belcher's%20Hill%20%7C%20The%20Kennedy%20On%20Belcher's%20(Kennedy%20Town%202000's%20private%20residential%20buildings)?field=t_pop&sort=default&detailcode=CW0060,9046.88,building,CW0060,(Kennedy Town) Ivy On Belcher's / Westview Height / La Maison Du Nord / Shun Cheong Building / The Sail At Victoria / 60 Victoria Road / Mourt Davis 33 / Belcher's Hill / The Kennedy On Belcher's (Kennedy Town 2000's private residential buildings),200908,Month,22.28277,114.12953,9.110175225872338
Central and Western,Kennedy Town,(Kennedy Town) Ivy On Bel...,https://hkdata.centanet.com/BigData/hong-kong/Central%20and%20Western/CHMA/Kennedy-Town/building-group(Kennedy%20Town)%20Ivy%20On%20Belcher's%20%7C%20Westview%20Height%20%7C%20La%20Maison%20Du%20Nord%20%7C%20Shun%20Cheong%20Building%20%7C%20The%20Sail%20At%20Victoria%20%7C%2060%20Victoria%20Road%20%7C%20Mourt%20Davis%2033%20%7C%20Belcher's%20Hill%20%7C%20The%20Kennedy%20On%20Belcher's%20(Kennedy%20Town%202000's%20private%20residential%20buildings)?field=t_pop&sort=default&detailcode=CW0060,9660.63,building,CW0060,(Kennedy Town) Ivy On Belcher's / Westview Height / La Maison Du Nord / Shun Cheong Building / The Sail At Victoria / 60 Victoria Road / Mourt Davis 33 / Belcher's Hill / The Kennedy On Belcher's (Kennedy Town 2000's private residential buildings),200909,Month,22.28277,114.12953,9.175814142471307
Central and Western,Kennedy Town,(Kennedy Town) Ivy On Bel...,https://hkdata.centanet.com/BigData/hong-kong/Central%20and%20Western/CHMA/Kennedy-Town/building-group(Kennedy%20Town)%20Ivy%20On%20Belcher's%20%7C%20Westview%20Height%20%7C%20La%20Maison%20Du%20Nord%20%7C%20Shun%20Cheong%20Building%20%7C%20The%20Sail%20At%20Victoria%20%7C%2060%20Victoria%20Road%20%7C%20Mourt%20Davis%2033%20%7C%20Belcher's%20Hill%20%7C%20The%20Kennedy%20On%20Belcher's%20(Kennedy%20Town%202000's%20private%20residential%20buildings)?field=t_pop&sort=default&detailcode=CW0060,8901.2,building,CW0060,(Kennedy Town) Ivy On Belcher's / Westview Height / La Maison Du Nord / Shun Cheong Building / The Sail At Victoria / 60 Victoria Road / Mourt Davis 33 / Belcher's Hill / The Kennedy On Belcher's (Kennedy Town 2000's private residential buildings),200910,Month,22.28277,114.12953,9.09394137809196
Central and Western,Kennedy Town,(Kennedy Town) Ivy On Bel...,https://hkdata.centanet.com/BigData/hong-kong/Central%20and%20Western/CHMA/Kennedy-Town/building-group(Kennedy%20Town)%20Ivy%20On%20Belcher's%20%7C%20Westview%20Height%20%7C%20La%20Maison%20Du%20Nord%20%7C%20Shun%20Cheong%20Building%20%7C%20The%20Sail%20At%20Victoria%20%7C%2060%20Victoria%20Road%20%7C%20Mourt%20Davis%2033%20%7C%20Belcher's%20Hill%20%7C%20The%20Kennedy%20On%20Belcher's%20(Kennedy%20Town%202000's%20private%20residential%20buildings)?field=t_pop&sort=default&detailcode=CW0060,8803.0,building,CW0060,(Kennedy Town) Ivy On Belcher's / Westview Height / La Maison Du Nord / Shun Cheong Building / The Sail At Victoria / 60 Victoria Road / Mourt Davis 33 / Belcher's Hill / The Kennedy On Belcher's (Kennedy Town 2000's private residential buildings),200911,Month,22.28277,114.12953,9.082847851460906
Central and Western,Kennedy Town,(Kennedy Town) Ivy On Bel...,https://hkdata.centanet.com/BigData/hong-kong/Central%20and%20Western/CHMA/Kennedy-Town/building-group(Kennedy%20Town)%20Ivy%20On%20Belcher's%20%7C%20Westview%20Height%20%7C%20La%20Maison%20Du%20Nord%20%7C%20Shun%20Cheong%20Building%20%7C%20The%20Sail%20At%20Victoria%20%7C%2060%20Victoria%20Road%20%7C%20Mourt%20Davis%2033%20%7C%20Belcher's%20Hill%20%7C%20The%20Kennedy%20On%20Belcher's%20(Kennedy%20Town%202000's%20private%20residential%20buildings)?field=t_pop&sort=default&detailcode=CW0060,9889.33,building,CW0060,(Kennedy Town) Ivy On Belcher's / Westview Height / La Maison Du Nord / Shun Cheong Building / The Sail At Victoria / 60 Victoria Road / Mourt Davis 33 / Belcher's Hill / The Kennedy On Belcher's (Kennedy Town 2000's private residential buildings),200912,Month,22.28277,114.12953,9.19921167712478
Central and Western,Kennedy Town,(Kennedy Town) Ivy On Bel...,https://hkdata.centanet.com/BigData/hong-kong/Central%20and%20Western/CHMA/Kennedy-Town/building-group(Kennedy%20Town)%20Ivy%20On%20Belcher's%20%7C%20Westview%20Height%20%7C%20La%20Maison%20Du%20Nord%20%7C%20Shun%20Cheong%20Building%20%7C%20The%20Sail%20At%20Victoria%20%7C%2060%20Victoria%20Road%20%7C%20Mourt%20Davis%2033%20%7C%20Belcher's%20Hill%20%7C%20The%20Kennedy%20On%20Belcher's%20(Kennedy%20Town%202000's%20private%20residential%20buildings)?field=t_pop&sort=default&detailcode=CW0060,8993.4,building,CW0060,(Kennedy Town) Ivy On Belcher's / Westview Height / La Maison Du Nord / Shun Cheong Building / The Sail At Victoria / 60 Victoria Road / Mourt Davis 33 / Belcher's Hill / The Kennedy On Belcher's (Kennedy Town 2000's private residential buildings),201001,Month,22.28277,114.12953,9.104246253964606
Central and Western,Kennedy Town,(Kennedy Town) Ivy On Bel...,https://hkdata.centanet.com/BigData/hong-kong/Central%20and%20Western/CHMA/Kennedy-Town/building-group(Kennedy%20Town)%20Ivy%20On%20Belcher's%20%7C%20Westview%20Height%20%7C%20La%20Maison%20Du%20Nord%20%7C%20Shun%20Cheong%20Building%20%7C%20The%20Sail%20At%20Victoria%20%7C%2060%20Victoria%20Road%20%7C%20Mourt%20Davis%2033%20%7C%20Belcher's%20Hill%20%7C%20The%20Kennedy%20On%20Belcher's%20(Kennedy%20Town%202000's%20private%20residential%20buildings)?field=t_pop&sort=default&detailcode=CW0060,8586.5,building,CW0060,(Kennedy Town) Ivy On Belcher's / Westview Height / La Maison Du Nord / Shun Cheong Building / The Sail At Victoria / 60 Victoria Road / Mourt Davis 33 / Belcher's Hill / The Kennedy On Belcher's (Kennedy Town 2000's private residential buildings),201002,Month,22.28277,114.12953,9.057946481423917
Central and Western,Kennedy Town,(Kennedy Town) Ivy On Bel...,https://hkdata.centanet.com/BigData/hong-kong/Central%20and%20Western/CHMA/Kennedy-Town/building-group(Kennedy%20Town)%20Ivy%20On%20Belcher's%20%7C%20Westview%20Height%20%7C%20La%20Maison%20Du%20Nord%20%7C%20Shun%20Cheong%20Building%20%7C%20The%20Sail%20At%20Victoria%20%7C%2060%20Victoria%20Road%20%7C%20Mourt%20Davis%2033%20%7C%20Belcher's%20Hill%20%7C%20The%20Kennedy%20On%20Belcher's%20(Kennedy%20Town%202000's%20private%20residential%20buildings)?field=t_pop&sort=default&detailcode=CW0060,8163.0,building,CW0060,(Kennedy Town) Ivy On Belcher's / Westview Height / La Maison Du Nord / Shun Cheong Building / The Sail At Victoria / 60 Victoria Road / Mourt Davis 33 / Belcher's Hill / The Kennedy On Belcher's (Kennedy Town 2000's private residential buildings),201003,Month,22.28277,114.12953,9.007367027451355
Central and Western,Kennedy Town,(Kennedy Town) Ivy On Bel...,https://hkdata.centanet.com/BigData/hong-kong/Central%20and%20Western/CHMA/Kennedy-Town/building-group(Kennedy%20Town)%20Ivy%20On%20Belcher's%20%7C%20Westview%20Height%20%7C%20La%20Maison%20Du%20Nord%20%7C%20Shun%20Cheong%20Building%20%7C%20The%20Sail%20At%20Victoria%20%7C%2060%20Victoria%20Road%20%7C%20Mourt%20Davis%2033%20%7C%20Belcher's%20Hill%20%7C%20The%20Kennedy%20On%20Belcher's%20(Kennedy%20Town%202000's%20private%20residential%20buildings)?field=t_pop&sort=default&detailcode=CW0060,9741.11,building,CW0060,(Kennedy Town) Ivy On Belcher's / Westview Height / La Maison Du Nord / Shun Cheong Building / The Sail At Victoria / 60 Victoria Road / Mourt Davis 33 / Belcher's Hill / The Kennedy On Belcher's (Kennedy Town 2000's private residential buildings),201004,Month,22.28277,114.12953,9.184110353182302
Central and Western,Kennedy Town,(Kennedy Town) Ivy On Bel...,https://hkdata.centanet.com/BigData/hong-kong/Central%20and%20Western/CHMA/Kennedy-Town/building-group(Kennedy%20Town)%20Ivy%20On%20Belcher's%20%7C%20Westview%20Height%20%7C%20La%20Maison%20Du%20Nord%20%7C%20Shun%20Cheong%20Building%20%7C%20The%20Sail%20At%20Victoria%20%7C%2060%20Victoria%20Road%20%7C%20Mourt%20Davis%2033%20%7C%20Belcher's%20Hill%20%7C%20The%20Kennedy%20On%20Belcher's%20(Kennedy%20Town%202000's%20private%20residential%20buildings)?field=t_pop&sort=default&detailcode=CW0060,10327.0,building,CW0060,(Kennedy Town) Ivy On Belcher's / Westview Height / La Maison Du Nord / Shun Cheong Building / The Sail At Victoria / 60 Victoria Road / Mourt Davis 33 / Belcher's Hill / The Kennedy On Belcher's (Kennedy Town 2000's private residential buildings),201005,Month,22.28277,114.12953,9.242517103671403
Central and Western,Kennedy Town,(Kennedy Town) Ivy On Bel...,https://hkdata.centanet.com/BigData/hong-kong/Central%20and%20Western/CHMA/Kennedy-Town/building-group(Kennedy%20Town)%20Ivy%20On%20Belcher's%20%7C%20Westview%20Height%20%7C%20La%20Maison%20Du%20Nord%20%7C%20Shun%20Cheong%20Building%20%7C%20The%20Sail%20At%20Victoria%20%7C%2060%20Victoria%20Road%20%7C%20Mourt%20Davis%2033%20%7C%20Belcher's%20Hill%20%7C%20The%20Kennedy%20On%20Belcher's%20(Kennedy%20Town%202000's%20private%20residential%20buildings)?field=t_pop&sort=default&detailcode=CW0060,10565.5,building,CW0060,(Kennedy Town) Ivy On Belcher's / Westview Height / La Maison Du Nord / Shun Cheong Building / The Sail At Victoria / 60 Victoria Road / Mourt Davis 33 / Belcher's Hill / The Kennedy On Belcher's (Kennedy Town 2000's private residential buildings),201006,Month,22.28277,114.12953,9.265349255006981
Central and Western,Kennedy Town,(Kennedy Town) Ivy On Bel...,https://hkdata.centanet.com/BigData/hong-kong/Central%20and%20Western/CHMA/Kennedy-Town/building-group(Kennedy%20Town)%20Ivy%20On%20Belcher's%20%7C%20Westview%20Height%20%7C%20La%20Maison%20Du%20Nord%20%7C%20Shun%20Cheong%20Building%20%7C%20The%20Sail%20At%20Victoria%20%7C%2060%20Victoria%20Road%20%7C%20Mourt%20Davis%2033%20%7C%20Belcher's%20Hill%20%7C%20The%20Kennedy%20On%20Belcher's%20(Kennedy%20Town%202000's%20private%20residential%20buildings)?field=t_pop&sort=default&detailcode=CW0060,10620.83,building,CW0060,(Kennedy Town) Ivy On Belcher's / Westview Height / La Maison Du Nord / Shun Cheong Building / The Sail At Victoria / 60 Victoria Road / Mourt Davis 33 / Belcher's Hill / The Kennedy On Belcher's (Kennedy Town 2000's private residential buildings),201007,Month,22.28277,114.12953,9.270572446167645
Central and Western,Kennedy Town,(Kennedy Town) Ivy On Bel...,https://hkdata.centanet.com/BigData/hong-kong/Central%20and%20Western/CHMA/Kennedy-Town/building-group(Kennedy%20Town)%20Ivy%20On%20Belcher's%20%7C%20Westview%20Height%20%7C%20La%20Maison%20Du%20Nord%20%7C%20Shun%20Cheong%20Building%20%7C%20The%20Sail%20At%20Victoria%20%7C%2060%20Victoria%20Road%20%7C%20Mourt%20Davis%2033%20%7C%20Belcher's%20Hill%20%7C%20The%20Kennedy%20On%20Belcher's%20(Kennedy%20Town%202000's%20private%20residential%20buildings)?field=t_pop&sort=default&detailcode=CW0060,10115.0,building,CW0060,(Kennedy Town) Ivy On Belcher's / Westview Height / La Maison Du Nord / Shun Cheong Building / The Sail At Victoria / 60 Victoria Road / Mourt Davis 33 / Belcher's Hill / The Kennedy On Belcher's (Kennedy Town 2000's private residential buildings),201008,Month,22.28277,114.12953,9.221774749601845
Central and Western,Kennedy Town,(Kennedy Town) Ivy On Bel...,https://hkdata.centanet.com/BigData/hong-kong/Central%20and%20Western/CHMA/Kennedy-Town/building-group(Kennedy%20Town)%20Ivy%20On%20Belcher's%20%7C%20Westview%20Height%20%7C%20La%20Maison%20Du%20Nord%20%7C%20Shun%20Cheong%20Building%20%7C%20The%20Sail%20At%20Victoria%20%7C%2060%20Victoria%20Road%20%7C%20Mourt%20Davis%2033%20%7C%20Belcher's%20Hill%20%7C%20The%20Kennedy%20On%20Belcher's%20(Kennedy%20Town%202000's%20private%20residential%20buildings)?field=t_pop&sort=default&detailcode=CW0060,6994.5,building,CW0060,(Kennedy Town) Ivy On Belcher's / Westview Height / La Maison Du Nord / Shun Cheong Building / The Sail At Victoria / 60 Victoria Road / Mourt Davis 33 / Belcher's Hill / The Kennedy On Belcher's (Kennedy Town 2000's private residential buildings),201009,Month,22.28277,114.12953,8.852879404916486
Central and Western,Kennedy Town,(Kennedy Town) Ivy On Bel...,https://hkdata.centanet.com/BigData/hong-kong/Central%20and%20Western/CHMA/Kennedy-Town/building-group(Kennedy%20Town)%20Ivy%20On%20Belcher's%20%7C%20Westview%20Height%20%7C%20La%20Maison%20Du%20Nord%20%7C%20Shun%20Cheong%20Building%20%7C%20The%20Sail%20At%20Victoria%20%7C%2060%20Victoria%20Road%20%7C%20Mourt%20Davis%2033%20%7C%20Belcher's%20Hill%20%7C%20The%20Kennedy%20On%20Belcher's%20(Kennedy%20Town%202000's%20private%20residential%20buildings)?field=t_pop&sort=default&detailcode=CW0060,10542.56,building,CW0060,(Kennedy Town) Ivy On Belcher's / Westview Height / La Maison Du Nord / Shun Cheong Building / The Sail At Victoria / 60 Victoria Road / Mourt Davis 33 / Belcher's Hill / The Kennedy On Belcher's (Kennedy Town 2000's private residential buildings),201010,month,22.28277,114.12953,9.263175676854223
Central and Western,Kennedy Town,(Kennedy Town) Ivy On Bel...,https://hkdata.centanet.com/BigData/hong-kong/Central%20and%20Western/CHMA/Kennedy-Town/building-group(Kennedy%20Town)%20Ivy%20On%20Belcher's%20%7C%20Westview%20Height%20%7C%20La%20Maison%20Du%20Nord%20%7C%20Shun%20Cheong%20Building%20%7C%20The%20Sail%20At%20Victoria%20%7C%2060%20Victoria%20Road%20%7C%20Mourt%20Davis%2033%20%7C%20Belcher's%20Hill%20%7C%20The%20Kennedy%20On%20Belcher's%20(Kennedy%20Town%202000's%20private%20residential%20buildings)?field=t_pop&sort=default&detailcode=CW0060,11054.67,building,CW0060,(Kennedy Town) Ivy On Belcher's / Westview Height / La Maison Du Nord / Shun Cheong Building / The Sail At Victoria / 60 Victoria Road / Mourt Davis 33 / Belcher's Hill / The Kennedy On Belcher's (Kennedy Town 2000's private residential buildings),201011,Month,22.28277,114.12953,9.310608242099736
Central and Western,Kennedy Town,(Kennedy Town) Ivy On Bel...,https://hkdata.centanet.com/BigData/hong-kong/Central%20and%20Western/CHMA/Kennedy-Town/building-group(Kennedy%20Town)%20Ivy%20On%20Belcher's%20%7C%20Westview%20Height%20%7C%20La%20Maison%20Du%20Nord%20%7C%20Shun%20Cheong%20Building%20%7C%20The%20Sail%20At%20Victoria%20%7C%2060%20Victoria%20Road%20%7C%20Mourt%20Davis%2033%20%7C%20Belcher's%20Hill%20%7C%20The%20Kennedy%20On%20Belcher's%20(Kennedy%20Town%202000's%20private%20residential%20buildings)?field=t_pop&sort=default&detailcode=CW0060,10747.14,building,CW0060,(Kennedy Town) Ivy On Belcher's / Westview Height / La Maison Du Nord / Shun Cheong Building / The Sail At Victoria / 60 Victoria Road / Mourt Davis 33 / Belcher's Hill / The Kennedy On Belcher's (Kennedy Town 2000's private residential buildings),201012,month,22.28277,114.12953,9.282394951647529
Central and Western,Kennedy Town,(Kennedy Town) Ivy On Bel...,https://hkdata.centanet.com/BigData/hong-kong/Central%20and%20Western/CHMA/Kennedy-Town/building-group(Kennedy%20Town)%20Ivy%20On%20Belcher's%20%7C%20Westview%20Height%20%7C%20La%20Maison%20Du%20Nord%20%7C%20Shun%20Cheong%20Building%20%7C%20The%20Sail%20At%20Victoria%20%7C%2060%20Victoria%20Road%20%7C%20Mourt%20Davis%2033%20%7C%20Belcher's%20Hill%20%7C%20The%20Kennedy%20On%20Belcher's%20(Kennedy%20Town%202000's%20private%20residential%20buildings)?field=t_pop&sort=default&detailcode=CW0060,11409.29,building,CW0060,(Kennedy Town) Ivy On Belcher's / Westview Height / La Maison Du Nord / Shun Cheong Building / The Sail At Victoria / 60 Victoria Road / Mourt Davis 33 / Belcher's Hill / The Kennedy On Belcher's (Kennedy Town 2000's private residential buildings),201101,month,22.28277,114.12953,9.342183214802555
Central and Western,Kennedy Town,(Kennedy Town) Ivy On Bel...,https://hkdata.centanet.com/BigData/hong-kong/Central%20and%20Western/CHMA/Kennedy-Town/building-group(Kennedy%20Town)%20Ivy%20On%20Belcher's%20%7C%20Westview%20Height%20%7C%20La%20Maison%20Du%20Nord%20%7C%20Shun%20Cheong%20Building%20%7C%20The%20Sail%20At%20Victoria%20%7C%2060%20Victoria%20Road%20%7C%20Mourt%20Davis%2033%20%7C%20Belcher's%20Hill%20%7C%20The%20Kennedy%20On%20Belcher's%20(Kennedy%20Town%202000's%20private%20residential%20buildings)?field=t_pop&sort=default&detailcode=CW0060,11585.5,building,CW0060,(Kennedy Town) Ivy On Belcher's / Westview Height / La Maison Du Nord / Shun Cheong Building / The Sail At Victoria / 60 Victoria Road / Mourt Davis 33 / Belcher's Hill / The Kennedy On Belcher's (Kennedy Town 2000's private residential buildings),201102,month,22.28277,114.12953,9.357509595192804
Central and Western,Kennedy Town,(Kennedy Town) Ivy On Bel...,https://hkdata.centanet.com/BigData/hong-kong/Central%20and%20Western/CHMA/Kennedy-Town/building-group(Kennedy%20Town)%20Ivy%20On%20Belcher's%20%7C%20Westview%20Height%20%7C%20La%20Maison%20Du%20Nord%20%7C%20Shun%20Cheong%20Building%20%7C%20The%20Sail%20At%20Victoria%20%7C%2060%20Victoria%20Road%20%7C%20Mourt%20Davis%2033%20%7C%20Belcher's%20Hill%20%7C%20The%20Kennedy%20On%20Belcher's%20(Kennedy%20Town%202000's%20private%20residential%20buildings)?field=t_pop&sort=default&detailcode=CW0060,13685.0,building,CW0060,(Kennedy Town) Ivy On Belcher's / Westview Height / La Maison Du Nord / Shun Cheong Building / The Sail At Victoria / 60 Victoria Road / Mourt Davis 33 / Belcher's Hill / The Kennedy On Belcher's (Kennedy Town 2000's private residential buildings),201103,Month,22.28277,114.12953,9.52405562147478
Central and Western,Kennedy Town,(Kennedy Town) Ivy On Bel...,https://hkdata.centanet.com/BigData/hong-kong/Central%20and%20Western/CHMA/Kennedy-Town/building-group(Kennedy%20Town)%20Ivy%20On%20Belcher's%20%7C%20Westview%20Height%20%7C%20La%20Maison%20Du%20Nord%20%7C%20Shun%20Cheong%20Building%20%7C%20The%20Sail%20At%20Victoria%20%7C%2060%20Victoria%20Road%20%7C%20Mourt%20Davis%2033%20%7C%20Belcher's%20Hill%20%7C%20The%20Kennedy%20On%20Belcher's%20(Kennedy%20Town%202000's%20private%20residential%20buildings)?field=t_pop&sort=default&detailcode=CW0060,13355.2,building,CW0060,(Kennedy Town) Ivy On Belcher's / Westview Height / La Maison Du Nord / Shun Cheong Building / The Sail At Victoria / 60 Victoria Road / Mourt Davis 33 / Belcher's Hill / The Kennedy On Belcher's (Kennedy Town 2000's private residential buildings),201104,Month,22.28277,114.12953,9.499661101096473
Central and Western,Kennedy Town,(Kennedy Town) Ivy On Bel...,https://hkdata.centanet.com/BigData/hong-kong/Central%20and%20Western/CHMA/Kennedy-Town/building-group(Kennedy%20Town)%20Ivy%20On%20Belcher's%20%7C%20Westview%20Height%20%7C%20La%20Maison%20Du%20Nord%20%7C%20Shun%20Cheong%20Building%20%7C%20The%20Sail%20At%20Victoria%20%7C%2060%20Victoria%20Road%20%7C%20Mourt%20Davis%2033%20%7C%20Belcher's%20Hill%20%7C%20The%20Kennedy%20On%20Belcher's%20(Kennedy%20Town%202000's%20private%20residential%20buildings)?field=t_pop&sort=default&detailcode=CW0060,14107.8,building,CW0060,(Kennedy Town) Ivy On Belcher's / Westview Height / La Maison Du Nord / Shun Cheong Building / The Sail At Victoria / 60 Victoria Road / Mourt Davis 33 / Belcher's Hill / The Kennedy On Belcher's (Kennedy Town 2000's private residential buildings),201105,Month,22.28277,114.12953,9.554483114901615
Central and Western,Kennedy Town,(Kennedy Town) Ivy On Bel...,https://hkdata.centanet.com/BigData/hong-kong/Central%20and%20Western/CHMA/Kennedy-Town/building-group(Kennedy%20Town)%20Ivy%20On%20Belcher's%20%7C%20Westview%20Height%20%7C%20La%20Maison%20Du%20Nord%20%7C%20Shun%20Cheong%20Building%20%7C%20The%20Sail%20At%20Victoria%20%7C%2060%20Victoria%20Road%20%7C%20Mourt%20Davis%2033%20%7C%20Belcher's%20Hill%20%7C%20The%20Kennedy%20On%20Belcher's%20(Kennedy%20Town%202000's%20private%20residential%20buildings)?field=t_pop&sort=default&detailcode=CW0060,14095.44,building,CW0060,(Kennedy Town) Ivy On Belcher's / Westview Height / La Maison Du Nord / Shun Cheong Building / The Sail At Victoria / 60 Victoria Road / Mourt Davis 33 / Belcher's Hill / The Kennedy On Belcher's (Kennedy Town 2000's private residential buildings),201106,Month,22.28277,114.12953,9.553606619804507
Central and Western,Kennedy Town,(Kennedy Town) Ivy On Bel...,https://hkdata.centanet.com/BigData/hong-kong/Central%20and%20Western/CHMA/Kennedy-Town/building-group(Kennedy%20Town)%20Ivy%20On%20Belcher's%20%7C%20Westview%20Height%20%7C%20La%20Maison%20Du%20Nord%20%7C%20Shun%20Cheong%20Building%20%7C%20The%20Sail%20At%20Victoria%20%7C%2060%20Victoria%20Road%20%7C%20Mourt%20Davis%2033%20%7C%20Belcher's%20Hill%20%7C%20The%20Kennedy%20On%20Belcher's%20(Kennedy%20Town%202000's%20private%20residential%20buildings)?field=t_pop&sort=default&detailcode=CW0060,14819.0,building,CW0060,(Kennedy Town) Ivy On Belcher's / Westview Height / La Maison Du Nord / Shun Cheong Building / The Sail At Victoria / 60 Victoria Road / Mourt Davis 33 / Belcher's Hill / The Kennedy On Belcher's (Kennedy Town 2000's private residential buildings),201107,Month,22.28277,114.12953,9.603665420190179
Central and Western,Kennedy Town,(Kennedy Town) Ivy On Bel...,https://hkdata.centanet.com/BigData/hong-kong/Central%20and%20Western/CHMA/Kennedy-Town/building-group(Kennedy%20Town)%20Ivy%20On%20Belcher's%20%7C%20Westview%20Height%20%7C%20La%20Maison%20Du%20Nord%20%7C%20Shun%20Cheong%20Building%20%7C%20The%20Sail%20At%20Victoria%20%7C%2060%20Victoria%20Road%20%7C%20Mourt%20Davis%2033%20%7C%20Belcher's%20Hill%20%7C%20The%20Kennedy%20On%20Belcher's%20(Kennedy%20Town%202000's%20private%20residential%20buildings)?field=t_pop&sort=default&detailcode=CW0060,14461.43,building,CW0060,(Kennedy Town) Ivy On Belcher's / Westview Height / La Maison Du Nord / Shun Cheong Building / The Sail At Victoria / 60 Victoria Road / Mourt Davis 33 / Belcher's Hill / The Kennedy On Belcher's (Kennedy Town 2000's private residential buildings),201108,Month,22.28277,114.12953,9.579240384322425
Central and Western,Kennedy Town,(Kennedy Town) Ivy On Bel...,https://hkdata.centanet.com/BigData/hong-kong/Central%20and%20Western/CHMA/Kennedy-Town/building-group(Kennedy%20Town)%20Ivy%20On%20Belcher's%20%7C%20Westview%20Height%20%7C%20La%20Maison%20Du%20Nord%20%7C%20Shun%20Cheong%20Building%20%7C%20The%20Sail%20At%20Victoria%20%7C%2060%20Victoria%20Road%20%7C%20Mourt%20Davis%2033%20%7C%20Belcher's%20Hill%20%7C%20The%20Kennedy%20On%20Belcher's%20(Kennedy%20Town%202000's%20private%20residential%20buildings)?field=t_pop&sort=default&detailcode=CW0060,11584.33,building,CW0060,(Kennedy Town) Ivy On Belcher's / Westview Height / La Maison Du Nord / Shun Cheong Building / The Sail At Victoria / 60 Victoria Road / Mourt Davis 33 / Belcher's Hill / The Kennedy On Belcher's (Kennedy Town 2000's private residential buildings),201109,month,22.28277,114.12953,9.357408601788796
Central and Western,Kennedy Town,(Kennedy Town) Ivy On Bel...,https://hkdata.centanet.com/BigData/hong-kong/Central%20and%20Western/CHMA/Kennedy-Town/building-group(Kennedy%20Town)%20Ivy%20On%20Belcher's%20%7C%20Westview%20Height%20%7C%20La%20Maison%20Du%20Nord%20%7C%20Shun%20Cheong%20Building%20%7C%20The%20Sail%20At%20Victoria%20%7C%2060%20Victoria%20Road%20%7C%20Mourt%20Davis%2033%20%7C%20Belcher's%20Hill%20%7C%20The%20Kennedy%20On%20Belcher's%20(Kennedy%20Town%202000's%20private%20residential%20buildings)?field=t_pop&sort=default&detailcode=CW0060,13248.33,building,CW0060,(Kennedy Town) Ivy On Belcher's / Westview Height / La Maison Du Nord / Shun Cheong Building / The Sail At Victoria / 60 Victoria Road / Mourt Davis 33 / Belcher's Hill / The Kennedy On Belcher's (Kennedy Town 2000's private residential buildings),201110,Month,22.28277,114.12953,9.491626785735097
Central and Western,Kennedy Town,(Kennedy Town) Ivy On Bel...,https://hkdata.centanet.com/BigData/hong-kong/Central%20and%20Western/CHMA/Kennedy-Town/building-group(Kennedy%20Town)%20Ivy%20On%20Belcher's%20%7C%20Westview%20Height%20%7C%20La%20Maison%20Du%20Nord%20%7C%20Shun%20Cheong%20Building%20%7C%20The%20Sail%20At%20Victoria%20%7C%2060%20Victoria%20Road%20%7C%20Mourt%20Davis%2033%20%7C%20Belcher's%20Hill%20%7C%20The%20Kennedy%20On%20Belcher's%20(Kennedy%20Town%202000's%20private%20residential%20buildings)?field=t_pop&sort=default&detailcode=CW0060,12036.67,building,CW0060,(Kennedy Town) Ivy On Belcher's / Westview Height / La Maison Du Nord / Shun Cheong Building / The Sail At Victoria / 60 Victoria Road / Mourt Davis 33 / Belcher's Hill / The Kennedy On Belcher's (Kennedy Town 2000's private residential buildings),201111,Month,22.28277,114.12953,9.395713102534954
Central and Western,Kennedy Town,(Kennedy Town) Ivy On Bel...,https://hkdata.centanet.com/BigData/hong-kong/Central%20and%20Western/CHMA/Kennedy-Town/building-group(Kennedy%20Town)%20Ivy%20On%20Belcher's%20%7C%20Westview%20Height%20%7C%20La%20Maison%20Du%20Nord%20%7C%20Shun%20Cheong%20Building%20%7C%20The%20Sail%20At%20Victoria%20%7C%2060%20Victoria%20Road%20%7C%20Mourt%20Davis%2033%20%7C%20Belcher's%20Hill%20%7C%20The%20Kennedy%20On%20Belcher's%20(Kennedy%20Town%202000's%20private%20residential%20buildings)?field=t_pop&sort=default&detailcode=CW0060,12036.67,building,CW0060,(Kennedy Town) Ivy On Belcher's / Westview Height / La Maison Du Nord / Shun Cheong Building / The Sail At Victoria / 60 Victoria Road / Mourt Davis 33 / Belcher's Hill / The Kennedy On Belcher's (Kennedy Town 2000's private residential buildings),201112,Month,22.28277,114.12953,9.395713102534954
Central and Western,Kennedy Town,(Kennedy Town) Ivy On Bel...,https://hkdata.centanet.com/BigData/hong-kong/Central%20and%20Western/CHMA/Kennedy-Town/building-group(Kennedy%20Town)%20Ivy%20On%20Belcher's%20%7C%20Westview%20Height%20%7C%20La%20Maison%20Du%20Nord%20%7C%20Shun%20Cheong%20Building%20%7C%20The%20Sail%20At%20Victoria%20%7C%2060%20Victoria%20Road%20%7C%20Mourt%20Davis%2033%20%7C%20Belcher's%20Hill%20%7C%20The%20Kennedy%20On%20Belcher's%20(Kennedy%20Town%202000's%20private%20residential%20buildings)?field=t_pop&sort=default&detailcode=CW0060,12036.67,building,CW0060,(Kennedy Town) Ivy On Belcher's / Westview Height / La Maison Du Nord / Shun Cheong Building / The Sail At Victoria / 60 Victoria Road / Mourt Davis 33 / Belcher's Hill / The Kennedy On Belcher's (Kennedy Town 2000's private residential buildings),201201,Month,22.28277,114.12953,9.395713102534954
Central and Western,Kennedy Town,(Kennedy Town) Ivy On Bel...,https://hkdata.centanet.com/BigData/hong-kong/Central%20and%20Western/CHMA/Kennedy-Town/building-group(Kennedy%20Town)%20Ivy%20On%20Belcher's%20%7C%20Westview%20Height%20%7C%20La%20Maison%20Du%20Nord%20%7C%20Shun%20Cheong%20Building%20%7C%20The%20Sail%20At%20Victoria%20%7C%2060%20Victoria%20Road%20%7C%20Mourt%20Davis%2033%20%7C%20Belcher's%20Hill%20%7C%20The%20Kennedy%20On%20Belcher's%20(Kennedy%20Town%202000's%20private%20residential%20buildings)?field=t_pop&sort=default&detailcode=CW0060,11876.5,building,CW0060,(Kennedy Town) Ivy On Belcher's / Westview Height / La Maison Du Nord / Shun Cheong Building / The Sail At Victoria / 60 Victoria Road / Mourt Davis 33 / Belcher's Hill / The Kennedy On Belcher's (Kennedy Town 2000's private residential buildings),201202,Month,22.28277,114.12953,9.382316936715148
Central and Western,Kennedy Town,(Kennedy Town) Ivy On Bel...,https://hkdata.centanet.com/BigData/hong-kong/Central%20and%20Western/CHMA/Kennedy-Town/building-group(Kennedy%20Town)%20Ivy%20On%20Belcher's%20%7C%20Westview%20Height%20%7C%20La%20Maison%20Du%20Nord%20%7C%20Shun%20Cheong%20Building%20%7C%20The%20Sail%20At%20Victoria%20%7C%2060%20Victoria%20Road%20%7C%20Mourt%20Davis%2033%20%7C%20Belcher's%20Hill%20%7C%20The%20Kennedy%20On%20Belcher's%20(Kennedy%20Town%202000's%20private%20residential%20buildings)?field=t_pop&sort=default&detailcode=CW0060,11851.67,building,CW0060,(Kennedy Town) Ivy On Belcher's / Westview Height / La Maison Du Nord / Shun Cheong Building / The Sail At Victoria / 60 Victoria Road / Mourt Davis 33 / Belcher's Hill / The Kennedy On Belcher's (Kennedy Town 2000's private residential buildings),201203,Month,22.28277,114.12953,9.380224064903864
Central and Western,Kennedy Town,(Kennedy Town) Ivy On Bel...,https://hkdata.centanet.com/BigData/hong-kong/Central%20and%20Western/CHMA/Kennedy-Town/building-group(Kennedy%20Town)%20Ivy%20On%20Belcher's%20%7C%20Westview%20Height%20%7C%20La%20Maison%20Du%20Nord%20%7C%20Shun%20Cheong%20Building%20%7C%20The%20Sail%20At%20Victoria%20%7C%2060%20Victoria%20Road%20%7C%20Mourt%20Davis%2033%20%7C%20Belcher's%20Hill%20%7C%20The%20Kennedy%20On%20Belcher's%20(Kennedy%20Town%202000's%20private%20residential%20buildings)?field=t_pop&sort=default&detailcode=CW0060,12136.25,building,CW0060,(Kennedy Town) Ivy On Belcher's / Westview Height / La Maison Du Nord / Shun Cheong Building / The Sail At Victoria / 60 Victoria Road / Mourt Davis 33 / Belcher's Hill / The Kennedy On Belcher's (Kennedy Town 2000's private residential buildings),201204,Month,22.28277,114.12953,9.403952120684355
Central and Western,Kennedy Town,(Kennedy Town) Ivy On Bel...,https://hkdata.centanet.com/BigData/hong-kong/Central%20and%20Western/CHMA/Kennedy-Town/building-group(Kennedy%20Town)%20Ivy%20On%20Belcher's%20%7C%20Westview%20Height%20%7C%20La%20Maison%20Du%20Nord%20%7C%20Shun%20Cheong%20Building%20%7C%20The%20Sail%20At%20Victoria%20%7C%2060%20Victoria%20Road%20%7C%20Mourt%20Davis%2033%20%7C%20Belcher's%20Hill%20%7C%20The%20Kennedy%20On%20Belcher's%20(Kennedy%20Town%202000's%20private%20residential%20buildings)?field=t_pop&sort=default&detailcode=CW0060,14744.0,building,CW0060,(Kennedy Town) Ivy On Belcher's / Westview Height / La Maison Du Nord / Shun Cheong Building / The Sail At Victoria / 60 Victoria Road / Mourt Davis 33 / Belcher's Hill / The Kennedy On Belcher's (Kennedy Town 2000's private residential buildings),201205,Month,22.28277,114.12953,9.59859149934966
Central and Western,Kennedy Town,(Kennedy Town) Ivy On Bel...,https://hkdata.centanet.com/BigData/hong-kong/Central%20and%20Western/CHMA/Kennedy-Town/building-group(Kennedy%20Town)%20Ivy%20On%20Belcher's%20%7C%20Westview%20Height%20%7C%20La%20Maison%20Du%20Nord%20%7C%20Shun%20Cheong%20Building%20%7C%20The%20Sail%20At%20Victoria%20%7C%2060%20Victoria%20Road%20%7C%20Mourt%20Davis%2033%20%7C%20Belcher's%20Hill%20%7C%20The%20Kennedy%20On%20Belcher's%20(Kennedy%20Town%202000's%20private%20residential%20buildings)?field=t_pop&sort=default&detailcode=CW0060,13810.0,building,CW0060,(Kennedy Town) Ivy On Belcher's / Westview Height / La Maison Du Nord / Shun Cheong Building / The Sail At Victoria / 60 Victoria Road / Mourt Davis 33 / Belcher's Hill / The Kennedy On Belcher's (Kennedy Town 2000's private residential buildings),201206,Month,22.28277,114.12953,9.533148246403337
Central and Western,Kennedy Town,(Kennedy Town) Ivy On Bel...,https://hkdata.centanet.com/BigData/hong-kong/Central%20and%20Western/CHMA/Kennedy-Town/building-group(Kennedy%20Town)%20Ivy%20On%20Belcher's%20%7C%20Westview%20Height%20%7C%20La%20Maison%20Du%20Nord%20%7C%20Shun%20Cheong%20Building%20%7C%20The%20Sail%20At%20Victoria%20%7C%2060%20Victoria%20Road%20%7C%20Mourt%20Davis%2033%20%7C%20Belcher's%20Hill%20%7C%20The%20Kennedy%20On%20Belcher's%20(Kennedy%20Town%202000's%20private%20residential%20buildings)?field=t_pop&sort=default&detailcode=CW0060,12894.25,building,CW0060,(Kennedy Town) Ivy On Belcher's / Westview Height / La Maison Du Nord / Shun Cheong Building / The Sail At Victoria / 60 Victoria Road / Mourt Davis 33 / Belcher's Hill / The Kennedy On Belcher's (Kennedy Town 2000's private residential buildings),201207,month,22.28277,114.12953,9.464536754545641
Central and Western,Kennedy Town,(Kennedy Town) Ivy On Bel...,https://hkdata.centanet.com/BigData/hong-kong/Central%20and%20Western/CHMA/Kennedy-Town/building-group(Kennedy%20Town)%20Ivy%20On%20Belcher's%20%7C%20Westview%20Height%20%7C%20La%20Maison%20Du%20Nord%20%7C%20Shun%20Cheong%20Building%20%7C%20The%20Sail%20At%20Victoria%20%7C%2060%20Victoria%20Road%20%7C%20Mourt%20Davis%2033%20%7C%20Belcher's%20Hill%20%7C%20The%20Kennedy%20On%20Belcher's%20(Kennedy%20Town%202000's%20private%20residential%20buildings)?field=t_pop&sort=default&detailcode=CW0060,9647.67,building,CW0060,(Kennedy Town) Ivy On Belcher's / Westview Height / La Maison Du Nord / Shun Cheong Building / The Sail At Victoria / 60 Victoria Road / Mourt Davis 33 / Belcher's Hill / The Kennedy On Belcher's (Kennedy Town 2000's private residential buildings),201208,Month,22.28277,114.12953,9.174471714401898
Central and Western,Kennedy Town,(Kennedy Town) Ivy On Bel...,https://hkdata.centanet.com/BigData/hong-kong/Central%20and%20Western/CHMA/Kennedy-Town/building-group(Kennedy%20Town)%20Ivy%20On%20Belcher's%20%7C%20Westview%20Height%20%7C%20La%20Maison%20Du%20Nord%20%7C%20Shun%20Cheong%20Building%20%7C%20The%20Sail%20At%20Victoria%20%7C%2060%20Victoria%20Road%20%7C%20Mourt%20Davis%2033%20%7C%20Belcher's%20Hill%20%7C%20The%20Kennedy%20On%20Belcher's%20(Kennedy%20Town%202000's%20private%20residential%20buildings)?field=t_pop&sort=default&detailcode=CW0060,13583.71,building,CW0060,(Kennedy Town) Ivy On Belcher's / Westview Height / La Maison Du Nord / Shun Cheong Building / The Sail At Victoria / 60 Victoria Road / Mourt Davis 33 / Belcher's Hill / The Kennedy On Belcher's (Kennedy Town 2000's private residential buildings),201209,Month,22.28277,114.12953,9.516626559677778
Central and Western,Kennedy Town,(Kennedy Town) Ivy On Bel...,https://hkdata.centanet.com/BigData/hong-kong/Central%20and%20Western/CHMA/Kennedy-Town/building-group(Kennedy%20Town)%20Ivy%20On%20Belcher's%20%7C%20Westview%20Height%20%7C%20La%20Maison%20Du%20Nord%20%7C%20Shun%20Cheong%20Building%20%7C%20The%20Sail%20At%20Victoria%20%7C%2060%20Victoria%20Road%20%7C%20Mourt%20Davis%2033%20%7C%20Belcher's%20Hill%20%7C%20The%20Kennedy%20On%20Belcher's%20(Kennedy%20Town%202000's%20private%20residential%20buildings)?field=t_pop&sort=default&detailcode=CW0060,13407.0,building,CW0060,(Kennedy Town) Ivy On Belcher's / Westview Height / La Maison Du Nord / Shun Cheong Building / The Sail At Victoria / 60 Victoria Road / Mourt Davis 33 / Belcher's Hill / The Kennedy On Belcher's (Kennedy Town 2000's private residential buildings),201210,Month,22.28277,114.12953,9.503532237601561
Central and Western,Kennedy Town,(Kennedy Town) Ivy On Bel...,https://hkdata.centanet.com/BigData/hong-kong/Central%20and%20Western/CHMA/Kennedy-Town/building-group(Kennedy%20Town)%20Ivy%20On%20Belcher's%20%7C%20Westview%20Height%20%7C%20La%20Maison%20Du%20Nord%20%7C%20Shun%20Cheong%20Building%20%7C%20The%20Sail%20At%20Victoria%20%7C%2060%20Victoria%20Road%20%7C%20Mourt%20Davis%2033%20%7C%20Belcher's%20Hill%20%7C%20The%20Kennedy%20On%20Belcher's%20(Kennedy%20Town%202000's%20private%20residential%20buildings)?field=t_pop&sort=default&detailcode=CW0060,16585.0,building,CW0060,(Kennedy Town) Ivy On Belcher's / Westview Height / La Maison Du Nord / Shun Cheong Building / The Sail At Victoria / 60 Victoria Road / Mourt Davis 33 / Belcher's Hill / The Kennedy On Belcher's (Kennedy Town 2000's private residential buildings),201211,Month,22.28277,114.12953,9.716253951381153
Central and Western,Kennedy Town,(Kennedy Town) Ivy On Bel...,https://hkdata.centanet.com/BigData/hong-kong/Central%20and%20Western/CHMA/Kennedy-Town/building-group(Kennedy%20Town)%20Ivy%20On%20Belcher's%20%7C%20Westview%20Height%20%7C%20La%20Maison%20Du%20Nord%20%7C%20Shun%20Cheong%20Building%20%7C%20The%20Sail%20At%20Victoria%20%7C%2060%20Victoria%20Road%20%7C%20Mourt%20Davis%2033%20%7C%20Belcher's%20Hill%20%7C%20The%20Kennedy%20On%20Belcher's%20(Kennedy%20Town%202000's%20private%20residential%20buildings)?field=t_pop&sort=default&detailcode=CW0060,14486.0,building,CW0060,(Kennedy Town) Ivy On Belcher's / Westview Height / La Maison Du Nord / Shun Cheong Building / The Sail At Victoria / 60 Victoria Road / Mourt Davis 33 / Belcher's Hill / The Kennedy On Belcher's (Kennedy Town 2000's private residential buildings),201212,Month,22.28277,114.12953,9.580937944755272
Central and Western,Kennedy Town,(Kennedy Town) Ivy On Bel...,https://hkdata.centanet.com/BigData/hong-kong/Central%20and%20Western/CHMA/Kennedy-Town/building-group(Kennedy%20Town)%20Ivy%20On%20Belcher's%20%7C%20Westview%20Height%20%7C%20La%20Maison%20Du%20Nord%20%7C%20Shun%20Cheong%20Building%20%7C%20The%20Sail%20At%20Victoria%20%7C%2060%20Victoria%20Road%20%7C%20Mourt%20Davis%2033%20%7C%20Belcher's%20Hill%20%7C%20The%20Kennedy%20On%20Belcher's%20(Kennedy%20Town%202000's%20private%20residential%20buildings)?field=t_pop&sort=default&detailcode=CW0060,14757.33,building,CW0060,(Kennedy Town) Ivy On Belcher's / Westview Height / La Maison Du Nord / Shun Cheong Building / The Sail At Victoria / 60 Victoria Road / Mourt Davis 33 / Belcher's Hill / The Kennedy On Belcher's (Kennedy Town 2000's private residential buildings),201301,Month,22.28277,114.12953,9.599495187482171
Central and Western,Kennedy Town,(Kennedy Town) Ivy On Bel...,https://hkdata.centanet.com/BigData/hong-kong/Central%20and%20Western/CHMA/Kennedy-Town/building-group(Kennedy%20Town)%20Ivy%20On%20Belcher's%20%7C%20Westview%20Height%20%7C%20La%20Maison%20Du%20Nord%20%7C%20Shun%20Cheong%20Building%20%7C%20The%20Sail%20At%20Victoria%20%7C%2060%20Victoria%20Road%20%7C%20Mourt%20Davis%2033%20%7C%20Belcher's%20Hill%20%7C%20The%20Kennedy%20On%20Belcher's%20(Kennedy%20Town%202000's%20private%20residential%20buildings)?field=t_pop&sort=default&detailcode=CW0060,16836.5,building,CW0060,(Kennedy Town) Ivy On Belcher's / Westview Height / La Maison Du Nord / Shun Cheong Building / The Sail At Victoria / 60 Victoria Road / Mourt Davis 33 / Belcher's Hill / The Kennedy On Belcher's (Kennedy Town 2000's private residential buildings),201302,Month,22.28277,114.12953,9.731304427715099
Central and Western,Kennedy Town,(Kennedy Town) Ivy On Bel...,https://hkdata.centanet.com/BigData/hong-kong/Central%20and%20Western/CHMA/Kennedy-Town/building-group(Kennedy%20Town)%20Ivy%20On%20Belcher's%20%7C%20Westview%20Height%20%7C%20La%20Maison%20Du%20Nord%20%7C%20Shun%20Cheong%20Building%20%7C%20The%20Sail%20At%20Victoria%20%7C%2060%20Victoria%20Road%20%7C%20Mourt%20Davis%2033%20%7C%20Belcher's%20Hill%20%7C%20The%20Kennedy%20On%20Belcher's%20(Kennedy%20Town%202000's%20private%20residential%20buildings)?field=t_pop&sort=default&detailcode=CW0060,12139.5,building,CW0060,(Kennedy Town) Ivy On Belcher's / Westview Height / La Maison Du Nord / Shun Cheong Building / The Sail At Victoria / 60 Victoria Road / Mourt Davis 33 / Belcher's Hill / The Kennedy On Belcher's (Kennedy Town 2000's private residential buildings),201303,Month,22.28277,114.12953,9.404219877603866
Central and Western,Kennedy Town,(Kennedy Town) Ivy On Bel...,https://hkdata.centanet.com/BigData/hong-kong/Central%20and%20Western/CHMA/Kennedy-Town/building-group(Kennedy%20Town)%20Ivy%20On%20Belcher's%20%7C%20Westview%20Height%20%7C%20La%20Maison%20Du%20Nord%20%7C%20Shun%20Cheong%20Building%20%7C%20The%20Sail%20At%20Victoria%20%7C%2060%20Victoria%20Road%20%7C%20Mourt%20Davis%2033%20%7C%20Belcher's%20Hill%20%7C%20The%20Kennedy%20On%20Belcher's%20(Kennedy%20Town%202000's%20private%20residential%20buildings)?field=t_pop&sort=default&detailcode=CW0060,16044.33,building,CW0060,(Kennedy Town) Ivy On Belcher's / Westview Height / La Maison Du Nord / Shun Cheong Building / The Sail At Victoria / 60 Victoria Road / Mourt Davis 33 / Belcher's Hill / The Kennedy On Belcher's (Kennedy Town 2000's private residential buildings),201304,Month,22.28277,114.12953,9.683110795115216
Central and Western,Kennedy Town,(Kennedy Town) Ivy On Bel...,https://hkdata.centanet.com/BigData/hong-kong/Central%20and%20Western/CHMA/Kennedy-Town/building-group(Kennedy%20Town)%20Ivy%20On%20Belcher's%20%7C%20Westview%20Height%20%7C%20La%20Maison%20Du%20Nord%20%7C%20Shun%20Cheong%20Building%20%7C%20The%20Sail%20At%20Victoria%20%7C%2060%20Victoria%20Road%20%7C%20Mourt%20Davis%2033%20%7C%20Belcher's%20Hill%20%7C%20The%20Kennedy%20On%20Belcher's%20(Kennedy%20Town%202000's%20private%20residential%20buildings)?field=t_pop&sort=default&detailcode=CW0060,16044.33,building,CW0060,(Kennedy Town) Ivy On Belcher's / Westview Height / La Maison Du Nord / Shun Cheong Building / The Sail At Victoria / 60 Victoria Road / Mourt Davis 33 / Belcher's Hill / The Kennedy On Belcher's (Kennedy Town 2000's private residential buildings),201305,month,22.28277,114.12953,9.683110795115216
Central and Western,Kennedy Town,(Kennedy Town) Ivy On Bel...,https://hkdata.centanet.com/BigData/hong-kong/Central%20and%20Western/CHMA/Kennedy-Town/building-group(Kennedy%20Town)%20Ivy%20On%20Belcher's%20%7C%20Westview%20Height%20%7C%20La%20Maison%20Du%20Nord%20%7C%20Shun%20Cheong%20Building%20%7C%20The%20Sail%20At%20Victoria%20%7C%2060%20Victoria%20Road%20%7C%20Mourt%20Davis%2033%20%7C%20Belcher's%20Hill%20%7C%20The%20Kennedy%20On%20Belcher's%20(Kennedy%20Town%202000's%20private%20residential%20buildings)?field=t_pop&sort=default&detailcode=CW0060,15052.25,building,CW0060,(Kennedy Town) Ivy On Belcher's / Westview Height / La Maison Du Nord / Shun Cheong Building / The Sail At Victoria / 60 Victoria Road / Mourt Davis 33 / Belcher's Hill / The Kennedy On Belcher's (Kennedy Town 2000's private residential buildings),201306,Month,22.28277,114.12953,9.619282760663891
Central and Western,Kennedy Town,(Kennedy Town) Ivy On Bel...,https://hkdata.centanet.com/BigData/hong-kong/Central%20and%20Western/CHMA/Kennedy-Town/building-group(Kennedy%20Town)%20Ivy%20On%20Belcher's%20%7C%20Westview%20Height%20%7C%20La%20Maison%20Du%20Nord%20%7C%20Shun%20Cheong%20Building%20%7C%20The%20Sail%20At%20Victoria%20%7C%2060%20Victoria%20Road%20%7C%20Mourt%20Davis%2033%20%7C%20Belcher's%20Hill%20%7C%20The%20Kennedy%20On%20Belcher's%20(Kennedy%20Town%202000's%20private%20residential%20buildings)?field=t_pop&sort=default&detailcode=CW0060,13799.0,building,CW0060,(Kennedy Town) Ivy On Belcher's / Westview Height / La Maison Du Nord / Shun Cheong Building / The Sail At Victoria / 60 Victoria Road / Mourt Davis 33 / Belcher's Hill / The Kennedy On Belcher's (Kennedy Town 2000's private residential buildings),201307,Month,22.28277,114.12953,9.532351404751555
Central and Western,Kennedy Town,(Kennedy Town) Ivy On Bel...,https://hkdata.centanet.com/BigData/hong-kong/Central%20and%20Western/CHMA/Kennedy-Town/building-group(Kennedy%20Town)%20Ivy%20On%20Belcher's%20%7C%20Westview%20Height%20%7C%20La%20Maison%20Du%20Nord%20%7C%20Shun%20Cheong%20Building%20%7C%20The%20Sail%20At%20Victoria%20%7C%2060%20Victoria%20Road%20%7C%20Mourt%20Davis%2033%20%7C%20Belcher's%20Hill%20%7C%20The%20Kennedy%20On%20Belcher's%20(Kennedy%20Town%202000's%20private%20residential%20buildings)?field=t_pop&sort=default&detailcode=CW0060,13799.0,building,CW0060,(Kennedy Town) Ivy On Belcher's / Westview Height / La Maison Du Nord / Shun Cheong Building / The Sail At Victoria / 60 Victoria Road / Mourt Davis 33 / Belcher's Hill / The Kennedy On Belcher's (Kennedy Town 2000's private residential buildings),201308,month,22.28277,114.12953,9.532351404751555
Central and Western,Kennedy Town,(Kennedy Town) Ivy On Bel...,https://hkdata.centanet.com/BigData/hong-kong/Central%20and%20Western/CHMA/Kennedy-Town/building-group(Kennedy%20Town)%20Ivy%20On%20Belcher's%20%7C%20Westview%20Height%20%7C%20La%20Maison%20Du%20Nord%20%7C%20Shun%20Cheong%20Building%20%7C%20The%20Sail%20At%20Victoria%20%7C%2060%20Victoria%20Road%20%7C%20Mourt%20Davis%2033%20%7C%20Belcher's%20Hill%20%7C%20The%20Kennedy%20On%20Belcher's%20(Kennedy%20Town%202000's%20private%20residential%20buildings)?field=t_pop&sort=default&detailcode=CW0060,16688.0,building,CW0060,(Kennedy Town) Ivy On Belcher's / Westview Height / La Maison Du Nord / Shun Cheong Building / The Sail At Victoria / 60 Victoria Road / Mourt Davis 33 / Belcher's Hill / The Kennedy On Belcher's (Kennedy Town 2000's private residential buildings),201309,Month,22.28277,114.12953,9.722445177240553
Central and Western,Kennedy Town,(Kennedy Town) Ivy On Bel...,https://hkdata.centanet.com/BigData/hong-kong/Central%20and%20Western/CHMA/Kennedy-Town/building-group(Kennedy%20Town)%20Ivy%20On%20Belcher's%20%7C%20Westview%20Height%20%7C%20La%20Maison%20Du%20Nord%20%7C%20Shun%20Cheong%20Building%20%7C%20The%20Sail%20At%20Victoria%20%7C%2060%20Victoria%20Road%20%7C%20Mourt%20Davis%2033%20%7C%20Belcher's%20Hill%20%7C%20The%20Kennedy%20On%20Belcher's%20(Kennedy%20Town%202000's%20private%20residential%20buildings)?field=t_pop&sort=default&detailcode=CW0060,14768.0,building,CW0060,(Kennedy Town) Ivy On Belcher's / Westview Height / La Maison Du Nord / Shun Cheong Building / The Sail At Victoria / 60 Victoria Road / Mourt Davis 33 / Belcher's Hill / The Kennedy On Belcher's (Kennedy Town 2000's private residential buildings),201310,Month,22.28277,114.12953,9.600217956742634
Central and Western,Kennedy Town,(Kennedy Town) Ivy On Bel...,https://hkdata.centanet.com/BigData/hong-kong/Central%20and%20Western/CHMA/Kennedy-Town/building-group(Kennedy%20Town)%20Ivy%20On%20Belcher's%20%7C%20Westview%20Height%20%7C%20La%20Maison%20Du%20Nord%20%7C%20Shun%20Cheong%20Building%20%7C%20The%20Sail%20At%20Victoria%20%7C%2060%20Victoria%20Road%20%7C%20Mourt%20Davis%2033%20%7C%20Belcher's%20Hill%20%7C%20The%20Kennedy%20On%20Belcher's%20(Kennedy%20Town%202000's%20private%20residential%20buildings)?field=t_pop&sort=default&detailcode=CW0060,17052.33,building,CW0060,(Kennedy Town) Ivy On Belcher's / Westview Height / La Maison Du Nord / Shun Cheong Building / The Sail At Victoria / 60 Victoria Road / Mourt Davis 33 / Belcher's Hill / The Kennedy On Belcher's (Kennedy Town 2000's private residential buildings),201311,Month,22.28277,114.12953,9.744042130266456
Central and Western,Kennedy Town,(Kennedy Town) Ivy On Bel...,https://hkdata.centanet.com/BigData/hong-kong/Central%20and%20Western/CHMA/Kennedy-Town/building-group(Kennedy%20Town)%20Ivy%20On%20Belcher's%20%7C%20Westview%20Height%20%7C%20La%20Maison%20Du%20Nord%20%7C%20Shun%20Cheong%20Building%20%7C%20The%20Sail%20At%20Victoria%20%7C%2060%20Victoria%20Road%20%7C%20Mourt%20Davis%2033%20%7C%20Belcher's%20Hill%20%7C%20The%20Kennedy%20On%20Belcher's%20(Kennedy%20Town%202000's%20private%20residential%20buildings)?field=t_pop&sort=default&detailcode=CW0060,9761.0,building,CW0060,(Kennedy Town) Ivy On Belcher's / Westview Height / La Maison Du Nord / Shun Cheong Building / The Sail At Victoria / 60 Victoria Road / Mourt Davis 33 / Belcher's Hill / The Kennedy On Belcher's (Kennedy Town 2000's private residential buildings),201312,Month,22.28277,114.12953,9.186150133174966
Central and Western,Kennedy Town,(Kennedy Town) Ivy On Bel...,https://hkdata.centanet.com/BigData/hong-kong/Central%20and%20Western/CHMA/Kennedy-Town/building-group(Kennedy%20Town)%20Ivy%20On%20Belcher's%20%7C%20Westview%20Height%20%7C%20La%20Maison%20Du%20Nord%20%7C%20Shun%20Cheong%20Building%20%7C%20The%20Sail%20At%20Victoria%20%7C%2060%20Victoria%20Road%20%7C%20Mourt%20Davis%2033%20%7C%20Belcher's%20Hill%20%7C%20The%20Kennedy%20On%20Belcher's%20(Kennedy%20Town%202000's%20private%20residential%20buildings)?field=t_pop&sort=default&detailcode=CW0060,14977.5,building,CW0060,(Kennedy Town) Ivy On Belcher's / Westview Height / La Maison Du Nord / Shun Cheong Building / The Sail At Victoria / 60 Victoria Road / Mourt Davis 33 / Belcher's Hill / The Kennedy On Belcher's (Kennedy Town 2000's private residential buildings),201401,Month,22.28277,114.12953,9.61430435395808
Central and Western,Kennedy Town,(Kennedy Town) Ivy On Bel...,https://hkdata.centanet.com/BigData/hong-kong/Central%20and%20Western/CHMA/Kennedy-Town/building-group(Kennedy%20Town)%20Ivy%20On%20Belcher's%20%7C%20Westview%20Height%20%7C%20La%20Maison%20Du%20Nord%20%7C%20Shun%20Cheong%20Building%20%7C%20The%20Sail%20At%20Victoria%20%7C%2060%20Victoria%20Road%20%7C%20Mourt%20Davis%2033%20%7C%20Belcher's%20Hill%20%7C%20The%20Kennedy%20On%20Belcher's%20(Kennedy%20Town%202000's%20private%20residential%20buildings)?field=t_pop&sort=default&detailcode=CW0060,17170.5,building,CW0060,(Kennedy Town) Ivy On Belcher's / Westview Height / La Maison Du Nord / Shun Cheong Building / The Sail At Victoria / 60 Victoria Road / Mourt Davis 33 / Belcher's Hill / The Kennedy On Belcher's (Kennedy Town 2000's private residential buildings),201402,month,22.28277,114.12953,9.75094807402664
Central and Western,Kennedy Town,(Kennedy Town) Ivy On Bel...,https://hkdata.centanet.com/BigData/hong-kong/Central%20and%20Western/CHMA/Kennedy-Town/building-group(Kennedy%20Town)%20Ivy%20On%20Belcher's%20%7C%20Westview%20Height%20%7C%20La%20Maison%20Du%20Nord%20%7C%20Shun%20Cheong%20Building%20%7C%20The%20Sail%20At%20Victoria%20%7C%2060%20Victoria%20Road%20%7C%20Mourt%20Davis%2033%20%7C%20Belcher's%20Hill%20%7C%20The%20Kennedy%20On%20Belcher's%20(Kennedy%20Town%202000's%20private%20residential%20buildings)?field=t_pop&sort=default&detailcode=CW0060,17170.5,building,CW0060,(Kennedy Town) Ivy On Belcher's / Westview Height / La Maison Du Nord / Shun Cheong Building / The Sail At Victoria / 60 Victoria Road / Mourt Davis 33 / Belcher's Hill / The Kennedy On Belcher's (Kennedy Town 2000's private residential buildings),201403,Month,22.28277,114.12953,9.75094807402664
Central and Western,Kennedy Town,(Kennedy Town) Ivy On Bel...,https://hkdata.centanet.com/BigData/hong-kong/Central%20and%20Western/CHMA/Kennedy-Town/building-group(Kennedy%20Town)%20Ivy%20On%20Belcher's%20%7C%20Westview%20Height%20%7C%20La%20Maison%20Du%20Nord%20%7C%20Shun%20Cheong%20Building%20%7C%20The%20Sail%20At%20Victoria%20%7C%2060%20Victoria%20Road%20%7C%20Mourt%20Davis%2033%20%7C%20Belcher's%20Hill%20%7C%20The%20Kennedy%20On%20Belcher's%20(Kennedy%20Town%202000's%20private%20residential%20buildings)?field=t_pop&sort=default&detailcode=CW0060,9206.0,building,CW0060,(Kennedy Town) Ivy On Belcher's / Westview Height / La Maison Du Nord / Shun Cheong Building / The Sail At Victoria / 60 Victoria Road / Mourt Davis 33 / Belcher's Hill / The Kennedy On Belcher's (Kennedy Town 2000's private residential buildings),201404,Month,22.28277,114.12953,9.127610724377186
Central and Western,Kennedy Town,(Kennedy Town) Ivy On Bel...,https://hkdata.centanet.com/BigData/hong-kong/Central%20and%20Western/CHMA/Kennedy-Town/building-group(Kennedy%20Town)%20Ivy%20On%20Belcher's%20%7C%20Westview%20Height%20%7C%20La%20Maison%20Du%20Nord%20%7C%20Shun%20Cheong%20Building%20%7C%20The%20Sail%20At%20Victoria%20%7C%2060%20Victoria%20Road%20%7C%20Mourt%20Davis%2033%20%7C%20Belcher's%20Hill%20%7C%20The%20Kennedy%20On%20Belcher's%20(Kennedy%20Town%202000's%20private%20residential%20buildings)?field=t_pop&sort=default&detailcode=CW0060,13297.0,building,CW0060,(Kennedy Town) Ivy On Belcher's / Westview Height / La Maison Du Nord / Shun Cheong Building / The Sail At Victoria / 60 Victoria Road / Mourt Davis 33 / Belcher's Hill / The Kennedy On Belcher's (Kennedy Town 2000's private residential buildings),201405,Month,22.28277,114.12953,9.495293724856706
Central and Western,Kennedy Town,(Kennedy Town) Ivy On Bel...,https://hkdata.centanet.com/BigData/hong-kong/Central%20and%20Western/CHMA/Kennedy-Town/building-group(Kennedy%20Town)%20Ivy%20On%20Belcher's%20%7C%20Westview%20Height%20%7C%20La%20Maison%20Du%20Nord%20%7C%20Shun%20Cheong%20Building%20%7C%20The%20Sail%20At%20Victoria%20%7C%2060%20Victoria%20Road%20%7C%20Mourt%20Davis%2033%20%7C%20Belcher's%20Hill%20%7C%20The%20Kennedy%20On%20Belcher's%20(Kennedy%20Town%202000's%20private%20residential%20buildings)?field=t_pop&sort=default&detailcode=CW0060,13297.0,building,CW0060,(Kennedy Town) Ivy On Belcher's / Westview Height / La Maison Du Nord / Shun Cheong Building / The Sail At Victoria / 60 Victoria Road / Mourt Davis 33 / Belcher's Hill / The Kennedy On Belcher's (Kennedy Town 2000's private residential buildings),201406,Month,22.28277,114.12953,9.495293724856706
Central and Western,Kennedy Town,(Kennedy Town) Ivy On Bel...,https://hkdata.centanet.com/BigData/hong-kong/Central%20and%20Western/CHMA/Kennedy-Town/building-group(Kennedy%20Town)%20Ivy%20On%20Belcher's%20%7C%20Westview%20Height%20%7C%20La%20Maison%20Du%20Nord%20%7C%20Shun%20Cheong%20Building%20%7C%20The%20Sail%20At%20Victoria%20%7C%2060%20Victoria%20Road%20%7C%20Mourt%20Davis%2033%20%7C%20Belcher's%20Hill%20%7C%20The%20Kennedy%20On%20Belcher's%20(Kennedy%20Town%202000's%20private%20residential%20buildings)?field=t_pop&sort=default&detailcode=CW0060,11340.0,building,CW0060,(Kennedy Town) Ivy On Belcher's / Westview Height / La Maison Du Nord / Shun Cheong Building / The Sail At Victoria / 60 Victoria Road / Mourt Davis 33 / Belcher's Hill / The Kennedy On Belcher's (Kennedy Town 2000's private residential buildings),201407,Month,22.28277,114.12953,9.336091577281744
Central and Western,Kennedy Town,(Kennedy Town) Ivy On Bel...,https://hkdata.centanet.com/BigData/hong-kong/Central%20and%20Western/CHMA/Kennedy-Town/building-group(Kennedy%20Town)%20Ivy%20On%20Belcher's%20%7C%20Westview%20Height%20%7C%20La%20Maison%20Du%20Nord%20%7C%20Shun%20Cheong%20Building%20%7C%20The%20Sail%20At%20Victoria%20%7C%2060%20Victoria%20Road%20%7C%20Mourt%20Davis%2033%20%7C%20Belcher's%20Hill%20%7C%20The%20Kennedy%20On%20Belcher's%20(Kennedy%20Town%202000's%20private%20residential%20buildings)?field=t_pop&sort=default&detailcode=CW0060,14761.0,building,CW0060,(Kennedy Town) Ivy On Belcher's / Westview Height / La Maison Du Nord / Shun Cheong Building / The Sail At Victoria / 60 Victoria Road / Mourt Davis 33 / Belcher's Hill / The Kennedy On Belcher's (Kennedy Town 2000's private residential buildings),201408,month,22.28277,114.12953,9.599743846536997
Central and Western,Kennedy Town,(Kennedy Town) Ivy On Bel...,https://hkdata.centanet.com/BigData/hong-kong/Central%20and%20Western/CHMA/Kennedy-Town/building-group(Kennedy%20Town)%20Ivy%20On%20Belcher's%20%7C%20Westview%20Height%20%7C%20La%20Maison%20Du%20Nord%20%7C%20Shun%20Cheong%20Building%20%7C%20The%20Sail%20At%20Victoria%20%7C%2060%20Victoria%20Road%20%7C%20Mourt%20Davis%2033%20%7C%20Belcher's%20Hill%20%7C%20The%20Kennedy%20On%20Belcher's%20(Kennedy%20Town%202000's%20private%20residential%20buildings)?field=t_pop&sort=default&detailcode=CW0060,17024.5,building,CW0060,(Kennedy Town) Ivy On Belcher's / Westview Height / La Maison Du Nord / Shun Cheong Building / The Sail At Victoria / 60 Victoria Road / Mourt Davis 33 / Belcher's Hill / The Kennedy On Belcher's (Kennedy Town 2000's private residential buildings),201409,Month,22.28277,114.12953,9.742408762010824
Central and Western,Kennedy Town,(Kennedy Town) Ivy On Bel...,https://hkdata.centanet.com/BigData/hong-kong/Central%20and%20Western/CHMA/Kennedy-Town/building-group(Kennedy%20Town)%20Ivy%20On%20Belcher's%20%7C%20Westview%20Height%20%7C%20La%20Maison%20Du%20Nord%20%7C%20Shun%20Cheong%20Building%20%7C%20The%20Sail%20At%20Victoria%20%7C%2060%20Victoria%20Road%20%7C%20Mourt%20Davis%2033%20%7C%20Belcher's%20Hill%20%7C%20The%20Kennedy%20On%20Belcher's%20(Kennedy%20Town%202000's%20private%20residential%20buildings)?field=t_pop&sort=default&detailcode=CW0060,13946.0,building,CW0060,(Kennedy Town) Ivy On Belcher's / Westview Height / La Maison Du Nord / Shun Cheong Building / The Sail At Victoria / 60 Victoria Road / Mourt Davis 33 / Belcher's Hill / The Kennedy On Belcher's (Kennedy Town 2000's private residential buildings),201410,Month,22.28277,114.12953,9.542948007780955
Central and Western,Kennedy Town,(Kennedy Town) Ivy On Bel...,https://hkdata.centanet.com/BigData/hong-kong/Central%20and%20Western/CHMA/Kennedy-Town/building-group(Kennedy%20Town)%20Ivy%20On%20Belcher's%20%7C%20Westview%20Height%20%7C%20La%20Maison%20Du%20Nord%20%7C%20Shun%20Cheong%20Building%20%7C%20The%20Sail%20At%20Victoria%20%7C%2060%20Victoria%20Road%20%7C%20Mourt%20Davis%2033%20%7C%20Belcher's%20Hill%20%7C%20The%20Kennedy%20On%20Belcher's%20(Kennedy%20Town%202000's%20private%20residential%20buildings)?field=t_pop&sort=default&detailcode=CW0060,17012.5,building,CW0060,(Kennedy Town) Ivy On Belcher's / Westview Height / La Maison Du Nord / Shun Cheong Building / The Sail At Victoria / 60 Victoria Road / Mourt Davis 33 / Belcher's Hill / The Kennedy On Belcher's (Kennedy Town 2000's private residential buildings),201411,Month,22.28277,114.12953,9.74170364695972
Central and Western,Kennedy Town,(Kennedy Town) Ivy On Bel...,https://hkdata.centanet.com/BigData/hong-kong/Central%20and%20Western/CHMA/Kennedy-Town/building-group(Kennedy%20Town)%20Ivy%20On%20Belcher's%20%7C%20Westview%20Height%20%7C%20La%20Maison%20Du%20Nord%20%7C%20Shun%20Cheong%20Building%20%7C%20The%20Sail%20At%20Victoria%20%7C%2060%20Victoria%20Road%20%7C%20Mourt%20Davis%2033%20%7C%20Belcher's%20Hill%20%7C%20The%20Kennedy%20On%20Belcher's%20(Kennedy%20Town%202000's%20private%20residential%20buildings)?field=t_pop&sort=default&detailcode=CW0060,16428.67,building,CW0060,(Kennedy Town) Ivy On Belcher's / Westview Height / La Maison Du Nord / Shun Cheong Building / The Sail At Victoria / 60 Victoria Road / Mourt Davis 33 / Belcher's Hill / The Kennedy On Belcher's (Kennedy Town 2000's private residential buildings),201412,Month,22.28277,114.12953,9.706783258272074
Central and Western,Kennedy Town,(Kennedy Town) Ivy On Bel...,https://hkdata.centanet.com/BigData/hong-kong/Central%20and%20Western/CHMA/Kennedy-Town/building-group(Kennedy%20Town)%20Ivy%20On%20Belcher's%20%7C%20Westview%20Height%20%7C%20La%20Maison%20Du%20Nord%20%7C%20Shun%20Cheong%20Building%20%7C%20The%20Sail%20At%20Victoria%20%7C%2060%20Victoria%20Road%20%7C%20Mourt%20Davis%2033%20%7C%20Belcher's%20Hill%20%7C%20The%20Kennedy%20On%20Belcher's%20(Kennedy%20Town%202000's%20private%20residential%20buildings)?field=t_pop&sort=default&detailcode=CW0060,17114.0,building,CW0060,(Kennedy Town) Ivy On Belcher's / Westview Height / La Maison Du Nord / Shun Cheong Building / The Sail At Victoria / 60 Victoria Road / Mourt Davis 33 / Belcher's Hill / The Kennedy On Belcher's (Kennedy Town 2000's private residential buildings),201501,Month,22.28277,114.12953,9.747652120978
Central and Western,Kennedy Town,(Kennedy Town) Ivy On Bel...,https://hkdata.centanet.com/BigData/hong-kong/Central%20and%20Western/CHMA/Kennedy-Town/building-group(Kennedy%20Town)%20Ivy%20On%20Belcher's%20%7C%20Westview%20Height%20%7C%20La%20Maison%20Du%20Nord%20%7C%20Shun%20Cheong%20Building%20%7C%20The%20Sail%20At%20Victoria%20%7C%2060%20Victoria%20Road%20%7C%20Mourt%20Davis%2033%20%7C%20Belcher's%20Hill%20%7C%20The%20Kennedy%20On%20Belcher's%20(Kennedy%20Town%202000's%20private%20residential%20buildings)?field=t_pop&sort=default&detailcode=CW0060,21616.0,building,CW0060,(Kennedy Town) Ivy On Belcher's / Westview Height / La Maison Du Nord / Shun Cheong Building / The Sail At Victoria / 60 Victoria Road / Mourt Davis 33 / Belcher's Hill / The Kennedy On Belcher's (Kennedy Town 2000's private residential buildings),201502,Month,22.28277,114.12953,9.98118906019998
Central and Western,Kennedy Town,(Kennedy Town) Ivy On Bel...,https://hkdata.centanet.com/BigData/hong-kong/Central%20and%20Western/CHMA/Kennedy-Town/building-group(Kennedy%20Town)%20Ivy%20On%20Belcher's%20%7C%20Westview%20Height%20%7C%20La%20Maison%20Du%20Nord%20%7C%20Shun%20Cheong%20Building%20%7C%20The%20Sail%20At%20Victoria%20%7C%2060%20Victoria%20Road%20%7C%20Mourt%20Davis%2033%20%7C%20Belcher's%20Hill%20%7C%20The%20Kennedy%20On%20Belcher's%20(Kennedy%20Town%202000's%20private%20residential%20buildings)?field=t_pop&sort=default&detailcode=CW0060,19505.0,building,CW0060,(Kennedy Town) Ivy On Belcher's / Westview Height / La Maison Du Nord / Shun Cheong Building / The Sail At Victoria / 60 Victoria Road / Mourt Davis 33 / Belcher's Hill / The Kennedy On Belcher's (Kennedy Town 2000's private residential buildings),201503,Month,22.28277,114.12953,9.878426121940757
Central and Western,Kennedy Town,(Kennedy Town) Ivy On Bel...,https://hkdata.centanet.com/BigData/hong-kong/Central%20and%20Western/CHMA/Kennedy-Town/building-group(Kennedy%20Town)%20Ivy%20On%20Belcher's%20%7C%20Westview%20Height%20%7C%20La%20Maison%20Du%20Nord%20%7C%20Shun%20Cheong%20Building%20%7C%20The%20Sail%20At%20Victoria%20%7C%2060%20Victoria%20Road%20%7C%20Mourt%20Davis%2033%20%7C%20Belcher's%20Hill%20%7C%20The%20Kennedy%20On%20Belcher's%20(Kennedy%20Town%202000's%20private%20residential%20buildings)?field=t_pop&sort=default&detailcode=CW0060,15286.0,building,CW0060,(Kennedy Town) Ivy On Belcher's / Westview Height / La Maison Du Nord / Shun Cheong Building / The Sail At Victoria / 60 Victoria Road / Mourt Davis 33 / Belcher's Hill / The Kennedy On Belcher's (Kennedy Town 2000's private residential buildings),201504,Month,22.28277,114.12953,9.63469265580283
Central and Western,Kennedy Town,(Kennedy Town) Ivy On Bel...,https://hkdata.centanet.com/BigData/hong-kong/Central%20and%20Western/CHMA/Kennedy-Town/building-group(Kennedy%20Town)%20Ivy%20On%20Belcher's%20%7C%20Westview%20Height%20%7C%20La%20Maison%20Du%20Nord%20%7C%20Shun%20Cheong%20Building%20%7C%20The%20Sail%20At%20Victoria%20%7C%2060%20Victoria%20Road%20%7C%20Mourt%20Davis%2033%20%7C%20Belcher's%20Hill%20%7C%20The%20Kennedy%20On%20Belcher's%20(Kennedy%20Town%202000's%20private%20residential%20buildings)?field=t_pop&sort=default&detailcode=CW0060,17248.5,building,CW0060,(Kennedy Town) Ivy On Belcher's / Westview Height / La Maison Du Nord / Shun Cheong Building / The Sail At Victoria / 60 Victoria Road / Mourt Davis 33 / Belcher's Hill / The Kennedy On Belcher's (Kennedy Town 2000's private residential buildings),201505,Month,22.28277,114.12953,9.755480462156829
Central and Western,Kennedy Town,(Kennedy Town) Ivy On Bel...,https://hkdata.centanet.com/BigData/hong-kong/Central%20and%20Western/CHMA/Kennedy-Town/building-group(Kennedy%20Town)%20Ivy%20On%20Belcher's%20%7C%20Westview%20Height%20%7C%20La%20Maison%20Du%20Nord%20%7C%20Shun%20Cheong%20Building%20%7C%20The%20Sail%20At%20Victoria%20%7C%2060%20Victoria%20Road%20%7C%20Mourt%20Davis%2033%20%7C%20Belcher's%20Hill%20%7C%20The%20Kennedy%20On%20Belcher's%20(Kennedy%20Town%202000's%20private%20residential%20buildings)?field=t_pop&sort=default&detailcode=CW0060,15687.25,building,CW0060,(Kennedy Town) Ivy On Belcher's / Westview Height / La Maison Du Nord / Shun Cheong Building / The Sail At Victoria / 60 Victoria Road / Mourt Davis 33 / Belcher's Hill / The Kennedy On Belcher's (Kennedy Town 2000's private residential buildings),201506,Month,22.28277,114.12953,9.660603559492175
Central and Western,Kennedy Town,(Kennedy Town) Ivy On Bel...,https://hkdata.centanet.com/BigData/hong-kong/Central%20and%20Western/CHMA/Kennedy-Town/building-group(Kennedy%20Town)%20Ivy%20On%20Belcher's%20%7C%20Westview%20Height%20%7C%20La%20Maison%20Du%20Nord%20%7C%20Shun%20Cheong%20Building%20%7C%20The%20Sail%20At%20Victoria%20%7C%2060%20Victoria%20Road%20%7C%20Mourt%20Davis%2033%20%7C%20Belcher's%20Hill%20%7C%20The%20Kennedy%20On%20Belcher's%20(Kennedy%20Town%202000's%20private%20residential%20buildings)?field=t_pop&sort=default&detailcode=CW0060,13929.33,building,CW0060,(Kennedy Town) Ivy On Belcher's / Westview Height / La Maison Du Nord / Shun Cheong Building / The Sail At Victoria / 60 Victoria Road / Mourt Davis 33 / Belcher's Hill / The Kennedy On Belcher's (Kennedy Town 2000's private residential buildings),201507,Month,22.28277,114.12953,9.54175196798611
Central and Western,Kennedy Town,(Kennedy Town) Ivy On Bel...,https://hkdata.centanet.com/BigData/hong-kong/Central%20and%20Western/CHMA/Kennedy-Town/building-group(Kennedy%20Town)%20Ivy%20On%20Belcher's%20%7C%20Westview%20Height%20%7C%20La%20Maison%20Du%20Nord%20%7C%20Shun%20Cheong%20Building%20%7C%20The%20Sail%20At%20Victoria%20%7C%2060%20Victoria%20Road%20%7C%20Mourt%20Davis%2033%20%7C%20Belcher's%20Hill%20%7C%20The%20Kennedy%20On%20Belcher's%20(Kennedy%20Town%202000's%20private%20residential%20buildings)?field=t_pop&sort=default&detailcode=CW0060,18574.33,building,CW0060,(Kennedy Town) Ivy On Belcher's / Westview Height / La Maison Du Nord / Shun Cheong Building / The Sail At Victoria / 60 Victoria Road / Mourt Davis 33 / Belcher's Hill / The Kennedy On Belcher's (Kennedy Town 2000's private residential buildings),201508,Month,22.28277,114.12953,9.829535798948882
Central and Western,Kennedy Town,(Kennedy Town) Ivy On Bel...,https://hkdata.centanet.com/BigData/hong-kong/Central%20and%20Western/CHMA/Kennedy-Town/building-group(Kennedy%20Town)%20Ivy%20On%20Belcher's%20%7C%20Westview%20Height%20%7C%20La%20Maison%20Du%20Nord%20%7C%20Shun%20Cheong%20Building%20%7C%20The%20Sail%20At%20Victoria%20%7C%2060%20Victoria%20Road%20%7C%20Mourt%20Davis%2033%20%7C%20Belcher's%20Hill%20%7C%20The%20Kennedy%20On%20Belcher's%20(Kennedy%20Town%202000's%20private%20residential%20buildings)?field=t_pop&sort=default&detailcode=CW0060,12087.0,building,CW0060,(Kennedy Town) Ivy On Belcher's / Westview Height / La Maison Du Nord / Shun Cheong Building / The Sail At Victoria / 60 Victoria Road / Mourt Davis 33 / Belcher's Hill / The Kennedy On Belcher's (Kennedy Town 2000's private residential buildings),201509,Month,22.28277,114.12953,9.399885773859458
Central and Western,Kennedy Town,(Kennedy Town) Ivy On Bel...,https://hkdata.centanet.com/BigData/hong-kong/Central%20and%20Western/CHMA/Kennedy-Town/building-group(Kennedy%20Town)%20Ivy%20On%20Belcher's%20%7C%20Westview%20Height%20%7C%20La%20Maison%20Du%20Nord%20%7C%20Shun%20Cheong%20Building%20%7C%20The%20Sail%20At%20Victoria%20%7C%2060%20Victoria%20Road%20%7C%20Mourt%20Davis%2033%20%7C%20Belcher's%20Hill%20%7C%20The%20Kennedy%20On%20Belcher's%20(Kennedy%20Town%202000's%20private%20residential%20buildings)?field=t_pop&sort=default&detailcode=CW0060,16387.0,building,CW0060,(Kennedy Town) Ivy On Belcher's / Westview Height / La Maison Du Nord / Shun Cheong Building / The Sail At Victoria / 60 Victoria Road / Mourt Davis 33 / Belcher's Hill / The Kennedy On Belcher's (Kennedy Town 2000's private residential buildings),201510,Month,22.28277,114.12953,9.704243616546224
Central and Western,Kennedy Town,(Kennedy Town) Ivy On Bel...,https://hkdata.centanet.com/BigData/hong-kong/Central%20and%20Western/CHMA/Kennedy-Town/building-group(Kennedy%20Town)%20Ivy%20On%20Belcher's%20%7C%20Westview%20Height%20%7C%20La%20Maison%20Du%20Nord%20%7C%20Shun%20Cheong%20Building%20%7C%20The%20Sail%20At%20Victoria%20%7C%2060%20Victoria%20Road%20%7C%20Mourt%20Davis%2033%20%7C%20Belcher's%20Hill%20%7C%20The%20Kennedy%20On%20Belcher's%20(Kennedy%20Town%202000's%20private%20residential%20buildings)?field=t_pop&sort=default&detailcode=CW0060,15475.0,building,CW0060,(Kennedy Town) Ivy On Belcher's / Westview Height / La Maison Du Nord / Shun Cheong Building / The Sail At Victoria / 60 Victoria Road / Mourt Davis 33 / Belcher's Hill / The Kennedy On Belcher's (Kennedy Town 2000's private residential buildings),201511,Month,22.28277,114.12953,9.646981097552796
Central and Western,Kennedy Town,(Kennedy Town) Ivy On Bel...,https://hkdata.centanet.com/BigData/hong-kong/Central%20and%20Western/CHMA/Kennedy-Town/building-group(Kennedy%20Town)%20Ivy%20On%20Belcher's%20%7C%20Westview%20Height%20%7C%20La%20Maison%20Du%20Nord%20%7C%20Shun%20Cheong%20Building%20%7C%20The%20Sail%20At%20Victoria%20%7C%2060%20Victoria%20Road%20%7C%20Mourt%20Davis%2033%20%7C%20Belcher's%20Hill%20%7C%20The%20Kennedy%20On%20Belcher's%20(Kennedy%20Town%202000's%20private%20residential%20buildings)?field=t_pop&sort=default&detailcode=CW0060,12346.0,building,CW0060,(Kennedy Town) Ivy On Belcher's / Westview Height / La Maison Du Nord / Shun Cheong Building / The Sail At Victoria / 60 Victoria Road / Mourt Davis 33 / Belcher's Hill / The Kennedy On Belcher's (Kennedy Town 2000's private residential buildings),201512,Month,22.28277,114.12953,9.421087402953841
Central and Western,Kennedy Town,(Kennedy Town) Ivy On Bel...,https://hkdata.centanet.com/BigData/hong-kong/Central%20and%20Western/CHMA/Kennedy-Town/building-group(Kennedy%20Town)%20Ivy%20On%20Belcher's%20%7C%20Westview%20Height%20%7C%20La%20Maison%20Du%20Nord%20%7C%20Shun%20Cheong%20Building%20%7C%20The%20Sail%20At%20Victoria%20%7C%2060%20Victoria%20Road%20%7C%20Mourt%20Davis%2033%20%7C%20Belcher's%20Hill%20%7C%20The%20Kennedy%20On%20Belcher's%20(Kennedy%20Town%202000's%20private%20residential%20buildings)?field=t_pop&sort=default&detailcode=CW0060,12346.0,building,CW0060,(Kennedy Town) Ivy On Belcher's / Westview Height / La Maison Du Nord / Shun Cheong Building / The Sail At Victoria / 60 Victoria Road / Mourt Davis 33 / Belcher's Hill / The Kennedy On Belcher's (Kennedy Town 2000's private residential buildings),201601,Month,22.28277,114.12953,9.421087402953841
Central and Western,Kennedy Town,(Kennedy Town) Ivy On Bel...,https://hkdata.centanet.com/BigData/hong-kong/Central%20and%20Western/CHMA/Kennedy-Town/building-group(Kennedy%20Town)%20Ivy%20On%20Belcher's%20%7C%20Westview%20Height%20%7C%20La%20Maison%20Du%20Nord%20%7C%20Shun%20Cheong%20Building%20%7C%20The%20Sail%20At%20Victoria%20%7C%2060%20Victoria%20Road%20%7C%20Mourt%20Davis%2033%20%7C%20Belcher's%20Hill%20%7C%20The%20Kennedy%20On%20Belcher's%20(Kennedy%20Town%202000's%20private%20residential%20buildings)?field=t_pop&sort=default&detailcode=CW0060,12346.0,building,CW0060,(Kennedy Town) Ivy On Belcher's / Westview Height / La Maison Du Nord / Shun Cheong Building / The Sail At Victoria / 60 Victoria Road / Mourt Davis 33 / Belcher's Hill / The Kennedy On Belcher's (Kennedy Town 2000's private residential buildings),201602,Month,22.28277,114.12953,9.421087402953841
Central and Western,Kennedy Town,(Kennedy Town) Ivy On Bel...,https://hkdata.centanet.com/BigData/hong-kong/Central%20and%20Western/CHMA/Kennedy-Town/building-group(Kennedy%20Town)%20Ivy%20On%20Belcher's%20%7C%20Westview%20Height%20%7C%20La%20Maison%20Du%20Nord%20%7C%20Shun%20Cheong%20Building%20%7C%20The%20Sail%20At%20Victoria%20%7C%2060%20Victoria%20Road%20%7C%20Mourt%20Davis%2033%20%7C%20Belcher's%20Hill%20%7C%20The%20Kennedy%20On%20Belcher's%20(Kennedy%20Town%202000's%20private%20residential%20buildings)?field=t_pop&sort=default&detailcode=CW0060,15627.0,building,CW0060,(Kennedy Town) Ivy On Belcher's / Westview Height / La Maison Du Nord / Shun Cheong Building / The Sail At Victoria / 60 Victoria Road / Mourt Davis 33 / Belcher's Hill / The Kennedy On Belcher's (Kennedy Town 2000's private residential buildings),201603,Month,22.28277,114.12953,9.656755466413301
Central and Western,Kennedy Town,(Kennedy Town) Ivy On Bel...,https://hkdata.centanet.com/BigData/hong-kong/Central%20and%20Western/CHMA/Kennedy-Town/building-group(Kennedy%20Town)%20Ivy%20On%20Belcher's%20%7C%20Westview%20Height%20%7C%20La%20Maison%20Du%20Nord%20%7C%20Shun%20Cheong%20Building%20%7C%20The%20Sail%20At%20Victoria%20%7C%2060%20Victoria%20Road%20%7C%20Mourt%20Davis%2033%20%7C%20Belcher's%20Hill%20%7C%20The%20Kennedy%20On%20Belcher's%20(Kennedy%20Town%202000's%20private%20residential%20buildings)?field=t_pop&sort=default&detailcode=CW0060,11453.0,building,CW0060,(Kennedy Town) Ivy On Belcher's / Westview Height / La Maison Du Nord / Shun Cheong Building / The Sail At Victoria / 60 Victoria Road / Mourt Davis 33 / Belcher's Hill / The Kennedy On Belcher's (Kennedy Town 2000's private residential buildings),201604,Month,22.28277,114.12953,9.346006983397716
Central and Western,Kennedy Town,(Kennedy Town) Ivy On Bel...,https://hkdata.centanet.com/BigData/hong-kong/Central%20and%20Western/CHMA/Kennedy-Town/building-group(Kennedy%20Town)%20Ivy%20On%20Belcher's%20%7C%20Westview%20Height%20%7C%20La%20Maison%20Du%20Nord%20%7C%20Shun%20Cheong%20Building%20%7C%20The%20Sail%20At%20Victoria%20%7C%2060%20Victoria%20Road%20%7C%20Mourt%20Davis%2033%20%7C%20Belcher's%20Hill%20%7C%20The%20Kennedy%20On%20Belcher's%20(Kennedy%20Town%202000's%20private%20residential%20buildings)?field=t_pop&sort=default&detailcode=CW0060,11453.0,building,CW0060,(Kennedy Town) Ivy On Belcher's / Westview Height / La Maison Du Nord / Shun Cheong Building / The Sail At Victoria / 60 Victoria Road / Mourt Davis 33 / Belcher's Hill / The Kennedy On Belcher's (Kennedy Town 2000's private residential buildings),201605,Month,22.28277,114.12953,9.346006983397716
Central and Western,Kennedy Town,(Kennedy Town) Ivy On Bel...,https://hkdata.centanet.com/BigData/hong-kong/Central%20and%20Western/CHMA/Kennedy-Town/building-group(Kennedy%20Town)%20Ivy%20On%20Belcher's%20%7C%20Westview%20Height%20%7C%20La%20Maison%20Du%20Nord%20%7C%20Shun%20Cheong%20Building%20%7C%20The%20Sail%20At%20Victoria%20%7C%2060%20Victoria%20Road%20%7C%20Mourt%20Davis%2033%20%7C%20Belcher's%20Hill%20%7C%20The%20Kennedy%20On%20Belcher's%20(Kennedy%20Town%202000's%20private%20residential%20buildings)?field=t_pop&sort=default&detailcode=CW0060,16258.0,building,CW0060,(Kennedy Town) Ivy On Belcher's / Westview Height / La Maison Du Nord / Shun Cheong Building / The Sail At Victoria / 60 Victoria Road / Mourt Davis 33 / Belcher's Hill / The Kennedy On Belcher's (Kennedy Town 2000's private residential buildings),201606,Month,22.28277,114.12953,9.696340374306518
Central and Western,Kennedy Town,(Kennedy Town) Ivy On Bel...,https://hkdata.centanet.com/BigData/hong-kong/Central%20and%20Western/CHMA/Kennedy-Town/building-group(Kennedy%20Town)%20Ivy%20On%20Belcher's%20%7C%20Westview%20Height%20%7C%20La%20Maison%20Du%20Nord%20%7C%20Shun%20Cheong%20Building%20%7C%20The%20Sail%20At%20Victoria%20%7C%2060%20Victoria%20Road%20%7C%20Mourt%20Davis%2033%20%7C%20Belcher's%20Hill%20%7C%20The%20Kennedy%20On%20Belcher's%20(Kennedy%20Town%202000's%20private%20residential%20buildings)?field=t_pop&sort=default&detailcode=CW0060,16492.67,building,CW0060,(Kennedy Town) Ivy On Belcher's / Westview Height / La Maison Du Nord / Shun Cheong Building / The Sail At Victoria / 60 Victoria Road / Mourt Davis 33 / Belcher's Hill / The Kennedy On Belcher's (Kennedy Town 2000's private residential buildings),201607,Month,22.28277,114.12953,9.71067131875953
Central and Western,Kennedy Town,(Kennedy Town) Ivy On Bel...,https://hkdata.centanet.com/BigData/hong-kong/Central%20and%20Western/CHMA/Kennedy-Town/building-group(Kennedy%20Town)%20Ivy%20On%20Belcher's%20%7C%20Westview%20Height%20%7C%20La%20Maison%20Du%20Nord%20%7C%20Shun%20Cheong%20Building%20%7C%20The%20Sail%20At%20Victoria%20%7C%2060%20Victoria%20Road%20%7C%20Mourt%20Davis%2033%20%7C%20Belcher's%20Hill%20%7C%20The%20Kennedy%20On%20Belcher's%20(Kennedy%20Town%202000's%20private%20residential%20buildings)?field=t_pop&sort=default&detailcode=CW0060,18379.33,building,CW0060,(Kennedy Town) Ivy On Belcher's / Westview Height / La Maison Du Nord / Shun Cheong Building / The Sail At Victoria / 60 Victoria Road / Mourt Davis 33 / Belcher's Hill / The Kennedy On Belcher's (Kennedy Town 2000's private residential buildings),201608,Month,22.28277,114.12953,9.818981942579322
Central and Western,Kennedy Town,(Kennedy Town) Ivy On Bel...,https://hkdata.centanet.com/BigData/hong-kong/Central%20and%20Western/CHMA/Kennedy-Town/building-group(Kennedy%20Town)%20Ivy%20On%20Belcher's%20%7C%20Westview%20Height%20%7C%20La%20Maison%20Du%20Nord%20%7C%20Shun%20Cheong%20Building%20%7C%20The%20Sail%20At%20Victoria%20%7C%2060%20Victoria%20Road%20%7C%20Mourt%20Davis%2033%20%7C%20Belcher's%20Hill%20%7C%20The%20Kennedy%20On%20Belcher's%20(Kennedy%20Town%202000's%20private%20residential%20buildings)?field=t_pop&sort=default&detailcode=CW0060,17975.33,building,CW0060,(Kennedy Town) Ivy On Belcher's / Westview Height / La Maison Du Nord / Shun Cheong Building / The Sail At Victoria / 60 Victoria Road / Mourt Davis 33 / Belcher's Hill / The Kennedy On Belcher's (Kennedy Town 2000's private residential buildings),201609,Month,22.28277,114.12953,9.796755541252438
Central and Western,Kennedy Town,(Kennedy Town) Ivy On Bel...,https://hkdata.centanet.com/BigData/hong-kong/Central%20and%20Western/CHMA/Kennedy-Town/building-group(Kennedy%20Town)%20Ivy%20On%20Belcher's%20%7C%20Westview%20Height%20%7C%20La%20Maison%20Du%20Nord%20%7C%20Shun%20Cheong%20Building%20%7C%20The%20Sail%20At%20Victoria%20%7C%2060%20Victoria%20Road%20%7C%20Mourt%20Davis%2033%20%7C%20Belcher's%20Hill%20%7C%20The%20Kennedy%20On%20Belcher's%20(Kennedy%20Town%202000's%20private%20residential%20buildings)?field=t_pop&sort=default&detailcode=CW0060,16966.86,building,CW0060,(Kennedy Town) Ivy On Belcher's / Westview Height / La Maison Du Nord / Shun Cheong Building / The Sail At Victoria / 60 Victoria Road / Mourt Davis 33 / Belcher's Hill / The Kennedy On Belcher's (Kennedy Town 2000's private residential buildings),201610,Month,22.28277,114.12953,9.739017308697528
Central and Western,Kennedy Town,(Kennedy Town) Ivy On Bel...,https://hkdata.centanet.com/BigData/hong-kong/Central%20and%20Western/CHMA/Kennedy-Town/building-group(Kennedy%20Town)%20Ivy%20On%20Belcher's%20%7C%20Westview%20Height%20%7C%20La%20Maison%20Du%20Nord%20%7C%20Shun%20Cheong%20Building%20%7C%20The%20Sail%20At%20Victoria%20%7C%2060%20Victoria%20Road%20%7C%20Mourt%20Davis%2033%20%7C%20Belcher's%20Hill%20%7C%20The%20Kennedy%20On%20Belcher's%20(Kennedy%20Town%202000's%20private%20residential%20buildings)?field=t_pop&sort=default&detailcode=CW0060,19541.67,building,CW0060,(Kennedy Town) Ivy On Belcher's / Westview Height / La Maison Du Nord / Shun Cheong Building / The Sail At Victoria / 60 Victoria Road / Mourt Davis 33 / Belcher's Hill / The Kennedy On Belcher's (Kennedy Town 2000's private residential buildings),201611,Month,22.28277,114.12953,9.88030438765615
Central and Western,Kennedy Town,(Kennedy Town) Ivy On Bel...,https://hkdata.centanet.com/BigData/hong-kong/Central%20and%20Western/CHMA/Kennedy-Town/building-group(Kennedy%20Town)%20Ivy%20On%20Belcher's%20%7C%20Westview%20Height%20%7C%20La%20Maison%20Du%20Nord%20%7C%20Shun%20Cheong%20Building%20%7C%20The%20Sail%20At%20Victoria%20%7C%2060%20Victoria%20Road%20%7C%20Mourt%20Davis%2033%20%7C%20Belcher's%20Hill%20%7C%20The%20Kennedy%20On%20Belcher's%20(Kennedy%20Town%202000's%20private%20residential%20buildings)?field=t_pop&sort=default&detailcode=CW0060,19541.67,building,CW0060,(Kennedy Town) Ivy On Belcher's / Westview Height / La Maison Du Nord / Shun Cheong Building / The Sail At Victoria / 60 Victoria Road / Mourt Davis 33 / Belcher's Hill / The Kennedy On Belcher's (Kennedy Town 2000's private residential buildings),201612,Month,22.28277,114.12953,9.88030438765615
Central and Western,Kennedy Town,(Kennedy Town) Ivy On Bel...,https://hkdata.centanet.com/BigData/hong-kong/Central%20and%20Western/CHMA/Kennedy-Town/building-group(Kennedy%20Town)%20Ivy%20On%20Belcher's%20%7C%20Westview%20Height%20%7C%20La%20Maison%20Du%20Nord%20%7C%20Shun%20Cheong%20Building%20%7C%20The%20Sail%20At%20Victoria%20%7C%2060%20Victoria%20Road%20%7C%20Mourt%20Davis%2033%20%7C%20Belcher's%20Hill%20%7C%20The%20Kennedy%20On%20Belcher's%20(Kennedy%20Town%202000's%20private%20residential%20buildings)?field=t_pop&sort=default&detailcode=CW0060,14885.5,building,CW0060,(Kennedy Town) Ivy On Belcher's / Westview Height / La Maison Du Nord / Shun Cheong Building / The Sail At Victoria / 60 Victoria Road / Mourt Davis 33 / Belcher's Hill / The Kennedy On Belcher's (Kennedy Town 2000's private residential buildings),201701,month,22.28277,114.12953,9.608142863749002
Central and Western,Kennedy Town,(Kennedy Town) Ivy On Bel...,https://hkdata.centanet.com/BigData/hong-kong/Central%20and%20Western/CHMA/Kennedy-Town/building-group(Kennedy%20Town)%20Ivy%20On%20Belcher's%20%7C%20Westview%20Height%20%7C%20La%20Maison%20Du%20Nord%20%7C%20Shun%20Cheong%20Building%20%7C%20The%20Sail%20At%20Victoria%20%7C%2060%20Victoria%20Road%20%7C%20Mourt%20Davis%2033%20%7C%20Belcher's%20Hill%20%7C%20The%20Kennedy%20On%20Belcher's%20(Kennedy%20Town%202000's%20private%20residential%20buildings)?field=t_pop&sort=default&detailcode=CW0060,13808.0,building,CW0060,(Kennedy Town) Ivy On Belcher's / Westview Height / La Maison Du Nord / Shun Cheong Building / The Sail At Victoria / 60 Victoria Road / Mourt Davis 33 / Belcher's Hill / The Kennedy On Belcher's (Kennedy Town 2000's private residential buildings),201702,Month,22.28277,114.12953,9.53300341332321
Central and Western,Kennedy Town,(Kennedy Town) Ivy On Bel...,https://hkdata.centanet.com/BigData/hong-kong/Central%20and%20Western/CHMA/Kennedy-Town/building-group(Kennedy%20Town)%20Ivy%20On%20Belcher's%20%7C%20Westview%20Height%20%7C%20La%20Maison%20Du%20Nord%20%7C%20Shun%20Cheong%20Building%20%7C%20The%20Sail%20At%20Victoria%20%7C%2060%20Victoria%20Road%20%7C%20Mourt%20Davis%2033%20%7C%20Belcher's%20Hill%20%7C%20The%20Kennedy%20On%20Belcher's%20(Kennedy%20Town%202000's%20private%20residential%20buildings)?field=t_pop&sort=default&detailcode=CW0060,17329.83,building,CW0060,(Kennedy Town) Ivy On Belcher's / Westview Height / La Maison Du Nord / Shun Cheong Building / The Sail At Victoria / 60 Victoria Road / Mourt Davis 33 / Belcher's Hill / The Kennedy On Belcher's (Kennedy Town 2000's private residential buildings),201703,Month,22.28277,114.12953,9.760184573082773
Central and Western,Kennedy Town,(Kennedy Town) Ivy On Bel...,https://hkdata.centanet.com/BigData/hong-kong/Central%20and%20Western/CHMA/Kennedy-Town/building-group(Kennedy%20Town)%20Ivy%20On%20Belcher's%20%7C%20Westview%20Height%20%7C%20La%20Maison%20Du%20Nord%20%7C%20Shun%20Cheong%20Building%20%7C%20The%20Sail%20At%20Victoria%20%7C%2060%20Victoria%20Road%20%7C%20Mourt%20Davis%2033%20%7C%20Belcher's%20Hill%20%7C%20The%20Kennedy%20On%20Belcher's%20(Kennedy%20Town%202000's%20private%20residential%20buildings)?field=t_pop&sort=default&detailcode=CW0060,20474.0,building,CW0060,(Kennedy Town) Ivy On Belcher's / Westview Height / La Maison Du Nord / Shun Cheong Building / The Sail At Victoria / 60 Victoria Road / Mourt Davis 33 / Belcher's Hill / The Kennedy On Belcher's (Kennedy Town 2000's private residential buildings),201704,Month,22.28277,114.12953,9.926911067479717
Central and Western,Kennedy Town,(Kennedy Town) Ivy On Bel...,https://hkdata.centanet.com/BigData/hong-kong/Central%20and%20Western/CHMA/Kennedy-Town/building-group(Kennedy%20Town)%20Ivy%20On%20Belcher's%20%7C%20Westview%20Height%20%7C%20La%20Maison%20Du%20Nord%20%7C%20Shun%20Cheong%20Building%20%7C%20The%20Sail%20At%20Victoria%20%7C%2060%20Victoria%20Road%20%7C%20Mourt%20Davis%2033%20%7C%20Belcher's%20Hill%20%7C%20The%20Kennedy%20On%20Belcher's%20(Kennedy%20Town%202000's%20private%20residential%20buildings)?field=t_pop&sort=default&detailcode=CW0060,19230.0,building,CW0060,(Kennedy Town) Ivy On Belcher's / Westview Height / La Maison Du Nord / Shun Cheong Building / The Sail At Victoria / 60 Victoria Road / Mourt Davis 33 / Belcher's Hill / The Kennedy On Belcher's (Kennedy Town 2000's private residential buildings),201705,month,22.28277,114.12953,9.864226838582825
Central and Western,Kennedy Town,(Kennedy Town) Ivy On Bel...,https://hkdata.centanet.com/BigData/hong-kong/Central%20and%20Western/CHMA/Kennedy-Town/building-group(Kennedy%20Town)%20Ivy%20On%20Belcher's%20%7C%20Westview%20Height%20%7C%20La%20Maison%20Du%20Nord%20%7C%20Shun%20Cheong%20Building%20%7C%20The%20Sail%20At%20Victoria%20%7C%2060%20Victoria%20Road%20%7C%20Mourt%20Davis%2033%20%7C%20Belcher's%20Hill%20%7C%20The%20Kennedy%20On%20Belcher's%20(Kennedy%20Town%202000's%20private%20residential%20buildings)?field=t_pop&sort=default&detailcode=CW0060,16907.0,building,CW0060,(Kennedy Town) Ivy On Belcher's / Westview Height / La Maison Du Nord / Shun Cheong Building / The Sail At Victoria / 60 Victoria Road / Mourt Davis 33 / Belcher's Hill / The Kennedy On Belcher's (Kennedy Town 2000's private residential buildings),201706,Month,22.28277,114.12953,9.735483016336966
Central and Western,Kennedy Town,(Kennedy Town) Ivy On Bel...,https://hkdata.centanet.com/BigData/hong-kong/Central%20and%20Western/CHMA/Kennedy-Town/building-group(Kennedy%20Town)%20Ivy%20On%20Belcher's%20%7C%20Westview%20Height%20%7C%20La%20Maison%20Du%20Nord%20%7C%20Shun%20Cheong%20Building%20%7C%20The%20Sail%20At%20Victoria%20%7C%2060%20Victoria%20Road%20%7C%20Mourt%20Davis%2033%20%7C%20Belcher's%20Hill%20%7C%20The%20Kennedy%20On%20Belcher's%20(Kennedy%20Town%202000's%20private%20residential%20buildings)?field=t_pop&sort=default&detailcode=CW0060,16907.0,building,CW0060,(Kennedy Town) Ivy On Belcher's / Westview Height / La Maison Du Nord / Shun Cheong Building / The Sail At Victoria / 60 Victoria Road / Mourt Davis 33 / Belcher's Hill / The Kennedy On Belcher's (Kennedy Town 2000's private residential buildings),201707,Month,22.28277,114.12953,9.735483016336966
Central and Western,Kennedy Town,(Kennedy Town) Ivy On Bel...,https://hkdata.centanet.com/BigData/hong-kong/Central%20and%20Western/CHMA/Kennedy-Town/building-group(Kennedy%20Town)%20Ivy%20On%20Belcher's%20%7C%20Westview%20Height%20%7C%20La%20Maison%20Du%20Nord%20%7C%20Shun%20Cheong%20Building%20%7C%20The%20Sail%20At%20Victoria%20%7C%2060%20Victoria%20Road%20%7C%20Mourt%20Davis%2033%20%7C%20Belcher's%20Hill%20%7C%20The%20Kennedy%20On%20Belcher's%20(Kennedy%20Town%202000's%20private%20residential%20buildings)?field=t_pop&sort=default&detailcode=CW0060,23789.0,building,CW0060,(Kennedy Town) Ivy On Belcher's / Westview Height / La Maison Du Nord / Shun Cheong Building / The Sail At Victoria / 60 Victoria Road / Mourt Davis 33 / Belcher's Hill / The Kennedy On Belcher's (Kennedy Town 2000's private residential buildings),201708,Month,22.28277,114.12953,10.076978567945266
Central and Western,Kennedy Town,(Kennedy Town) Ivy On Bel...,https://hkdata.centanet.com/BigData/hong-kong/Central%20and%20Western/CHMA/Kennedy-Town/building-group(Kennedy%20Town)%20Ivy%20On%20Belcher's%20%7C%20Westview%20Height%20%7C%20La%20Maison%20Du%20Nord%20%7C%20Shun%20Cheong%20Building%20%7C%20The%20Sail%20At%20Victoria%20%7C%2060%20Victoria%20Road%20%7C%20Mourt%20Davis%2033%20%7C%20Belcher's%20Hill%20%7C%20The%20Kennedy%20On%20Belcher's%20(Kennedy%20Town%202000's%20private%20residential%20buildings)?field=t_pop&sort=default&detailcode=CW0060,19347.0,building,CW0060,(Kennedy Town) Ivy On Belcher's / Westview Height / La Maison Du Nord / Shun Cheong Building / The Sail At Victoria / 60 Victoria Road / Mourt Davis 33 / Belcher's Hill / The Kennedy On Belcher's (Kennedy Town 2000's private residential buildings),201709,Month,22.28277,114.12953,9.870292647678488
Central and Western,Kennedy Town,(Kennedy Town) Ivy On Bel...,https://hkdata.centanet.com/BigData/hong-kong/Central%20and%20Western/CHMA/Kennedy-Town/building-group(Kennedy%20Town)%20Ivy%20On%20Belcher's%20%7C%20Westview%20Height%20%7C%20La%20Maison%20Du%20Nord%20%7C%20Shun%20Cheong%20Building%20%7C%20The%20Sail%20At%20Victoria%20%7C%2060%20Victoria%20Road%20%7C%20Mourt%20Davis%2033%20%7C%20Belcher's%20Hill%20%7C%20The%20Kennedy%20On%20Belcher's%20(Kennedy%20Town%202000's%20private%20residential%20buildings)?field=t_pop&sort=default&detailcode=CW0060,16899.0,building,CW0060,(Kennedy Town) Ivy On Belcher's / Westview Height / La Maison Du Nord / Shun Cheong Building / The Sail At Victoria / 60 Victoria Road / Mourt Davis 33 / Belcher's Hill / The Kennedy On Belcher's (Kennedy Town 2000's private residential buildings),201710,Month,22.28277,114.12953,9.735009727562824
Central and Western,Kennedy Town,(Kennedy Town) Ivy On Bel...,https://hkdata.centanet.com/BigData/hong-kong/Central%20and%20Western/CHMA/Kennedy-Town/building-group(Kennedy%20Town)%20Ivy%20On%20Belcher's%20%7C%20Westview%20Height%20%7C%20La%20Maison%20Du%20Nord%20%7C%20Shun%20Cheong%20Building%20%7C%20The%20Sail%20At%20Victoria%20%7C%2060%20Victoria%20Road%20%7C%20Mourt%20Davis%2033%20%7C%20Belcher's%20Hill%20%7C%20The%20Kennedy%20On%20Belcher's%20(Kennedy%20Town%202000's%20private%20residential%20buildings)?field=t_pop&sort=default&detailcode=CW0060,19804.5,building,CW0060,(Kennedy Town) Ivy On Belcher's / Westview Height / La Maison Du Nord / Shun Cheong Building / The Sail At Victoria / 60 Victoria Road / Mourt Davis 33 / Belcher's Hill / The Kennedy On Belcher's (Kennedy Town 2000's private residential buildings),201711,Month,22.28277,114.12953,9.893664463587365
Central and Western,Kennedy Town,(Kennedy Town) Ivy On Bel...,https://hkdata.centanet.com/BigData/hong-kong/Central%20and%20Western/CHMA/Kennedy-Town/building-group(Kennedy%20Town)%20Ivy%20On%20Belcher's%20%7C%20Westview%20Height%20%7C%20La%20Maison%20Du%20Nord%20%7C%20Shun%20Cheong%20Building%20%7C%20The%20Sail%20At%20Victoria%20%7C%2060%20Victoria%20Road%20%7C%20Mourt%20Davis%2033%20%7C%20Belcher's%20Hill%20%7C%20The%20Kennedy%20On%20Belcher's%20(Kennedy%20Town%202000's%20private%20residential%20buildings)?field=t_pop&sort=default&detailcode=CW0060,22111.67,building,CW0060,(Kennedy Town) Ivy On Belcher's / Westview Height / La Maison Du Nord / Shun Cheong Building / The Sail At Victoria / 60 Victoria Road / Mourt Davis 33 / Belcher's Hill / The Kennedy On Belcher's (Kennedy Town 2000's private residential buildings),201712,Month,22.28277,114.12953,10.003860802432877
Central and Western,Kennedy Town,(Kennedy Town) Ivy On Bel...,https://hkdata.centanet.com/BigData/hong-kong/Central%20and%20Western/CHMA/Kennedy-Town/building-group(Kennedy%20Town)%20Ivy%20On%20Belcher's%20%7C%20Westview%20Height%20%7C%20La%20Maison%20Du%20Nord%20%7C%20Shun%20Cheong%20Building%20%7C%20The%20Sail%20At%20Victoria%20%7C%2060%20Victoria%20Road%20%7C%20Mourt%20Davis%2033%20%7C%20Belcher's%20Hill%20%7C%20The%20Kennedy%20On%20Belcher's%20(Kennedy%20Town%202000's%20private%20residential%20buildings)?field=t_pop&sort=default&detailcode=CW0060,18035.75,building,CW0060,(Kennedy Town) Ivy On Belcher's / Westview Height / La Maison Du Nord / Shun Cheong Building / The Sail At Victoria / 60 Victoria Road / Mourt Davis 33 / Belcher's Hill / The Kennedy On Belcher's (Kennedy Town 2000's private residential buildings),201801,Month,22.28277,114.12953,9.800111178278351
Central and Western,Kennedy Town,(Kennedy Town) Ivy On Bel...,https://hkdata.centanet.com/BigData/hong-kong/Central%20and%20Western/CHMA/Kennedy-Town/building-group(Kennedy%20Town)%20Ivy%20On%20Belcher's%20%7C%20Westview%20Height%20%7C%20La%20Maison%20Du%20Nord%20%7C%20Shun%20Cheong%20Building%20%7C%20The%20Sail%20At%20Victoria%20%7C%2060%20Victoria%20Road%20%7C%20Mourt%20Davis%2033%20%7C%20Belcher's%20Hill%20%7C%20The%20Kennedy%20On%20Belcher's%20(Kennedy%20Town%202000's%20private%20residential%20buildings)?field=t_pop&sort=default&detailcode=CW0060,22815.0,building,CW0060,(Kennedy Town) Ivy On Belcher's / Westview Height / La Maison Du Nord / Shun Cheong Building / The Sail At Victoria / 60 Victoria Road / Mourt Davis 33 / Belcher's Hill / The Kennedy On Belcher's (Kennedy Town 2000's private residential buildings),201802,Month,22.28277,114.12953,10.035173493361503
Central and Western,Kennedy Town,(Kennedy Town) Ivy On Bel...,https://hkdata.centanet.com/BigData/hong-kong/Central%20and%20Western/CHMA/Kennedy-Town/building-group(Kennedy%20Town)%20Ivy%20On%20Belcher's%20%7C%20Westview%20Height%20%7C%20La%20Maison%20Du%20Nord%20%7C%20Shun%20Cheong%20Building%20%7C%20The%20Sail%20At%20Victoria%20%7C%2060%20Victoria%20Road%20%7C%20Mourt%20Davis%2033%20%7C%20Belcher's%20Hill%20%7C%20The%20Kennedy%20On%20Belcher's%20(Kennedy%20Town%202000's%20private%20residential%20buildings)?field=t_pop&sort=default&detailcode=CW0060,22815.0,building,CW0060,(Kennedy Town) Ivy On Belcher's / Westview Height / La Maison Du Nord / Shun Cheong Building / The Sail At Victoria / 60 Victoria Road / Mourt Davis 33 / Belcher's Hill / The Kennedy On Belcher's (Kennedy Town 2000's private residential buildings),201803,Month,22.28277,114.12953,10.035173493361503
Central and Western,Kennedy Town,(Kennedy Town) Ivy On Bel...,https://hkdata.centanet.com/BigData/hong-kong/Central%20and%20Western/CHMA/Kennedy-Town/building-group(Kennedy%20Town)%20Ivy%20On%20Belcher's%20%7C%20Westview%20Height%20%7C%20La%20Maison%20Du%20Nord%20%7C%20Shun%20Cheong%20Building%20%7C%20The%20Sail%20At%20Victoria%20%7C%2060%20Victoria%20Road%20%7C%20Mourt%20Davis%2033%20%7C%20Belcher's%20Hill%20%7C%20The%20Kennedy%20On%20Belcher's%20(Kennedy%20Town%202000's%20private%20residential%20buildings)?field=t_pop&sort=default&detailcode=CW0060,24068.5,building,CW0060,(Kennedy Town) Ivy On Belcher's / Westview Height / La Maison Du Nord / Shun Cheong Building / The Sail At Victoria / 60 Victoria Road / Mourt Davis 33 / Belcher's Hill / The Kennedy On Belcher's (Kennedy Town 2000's private residential buildings),201804,Month,22.28277,114.12953,10.088659210596784
Central and Western,Kennedy Town,(Kennedy Town) Ivy On Bel...,https://hkdata.centanet.com/BigData/hong-kong/Central%20and%20Western/CHMA/Kennedy-Town/building-group(Kennedy%20Town)%20Ivy%20On%20Belcher's%20%7C%20Westview%20Height%20%7C%20La%20Maison%20Du%20Nord%20%7C%20Shun%20Cheong%20Building%20%7C%20The%20Sail%20At%20Victoria%20%7C%2060%20Victoria%20Road%20%7C%20Mourt%20Davis%2033%20%7C%20Belcher's%20Hill%20%7C%20The%20Kennedy%20On%20Belcher's%20(Kennedy%20Town%202000's%20private%20residential%20buildings)?field=t_pop&sort=default&detailcode=CW0060,22759.0,building,CW0060,(Kennedy Town) Ivy On Belcher's / Westview Height / La Maison Du Nord / Shun Cheong Building / The Sail At Victoria / 60 Victoria Road / Mourt Davis 33 / Belcher's Hill / The Kennedy On Belcher's (Kennedy Town 2000's private residential buildings),201805,Month,22.28277,114.12953,10.032715950543913
Central and Western,Kennedy Town,(Kennedy Town) Ivy On Bel...,https://hkdata.centanet.com/BigData/hong-kong/Central%20and%20Western/CHMA/Kennedy-Town/building-group(Kennedy%20Town)%20Ivy%20On%20Belcher's%20%7C%20Westview%20Height%20%7C%20La%20Maison%20Du%20Nord%20%7C%20Shun%20Cheong%20Building%20%7C%20The%20Sail%20At%20Victoria%20%7C%2060%20Victoria%20Road%20%7C%20Mourt%20Davis%2033%20%7C%20Belcher's%20Hill%20%7C%20The%20Kennedy%20On%20Belcher's%20(Kennedy%20Town%202000's%20private%20residential%20buildings)?field=t_pop&sort=default&detailcode=CW0060,24476.25,building,CW0060,(Kennedy Town) Ivy On Belcher's / Westview Height / La Maison Du Nord / Shun Cheong Building / The Sail At Victoria / 60 Victoria Road / Mourt Davis 33 / Belcher's Hill / The Kennedy On Belcher's (Kennedy Town 2000's private residential buildings),201806,Month,22.28277,114.12953,10.105458538617537
Central and Western,Kennedy Town,(Kennedy Town) Ivy On Bel...,https://hkdata.centanet.com/BigData/hong-kong/Central%20and%20Western/CHMA/Kennedy-Town/building-group(Kennedy%20Town)%20Ivy%20On%20Belcher's%20%7C%20Westview%20Height%20%7C%20La%20Maison%20Du%20Nord%20%7C%20Shun%20Cheong%20Building%20%7C%20The%20Sail%20At%20Victoria%20%7C%2060%20Victoria%20Road%20%7C%20Mourt%20Davis%2033%20%7C%20Belcher's%20Hill%20%7C%20The%20Kennedy%20On%20Belcher's%20(Kennedy%20Town%202000's%20private%20residential%20buildings)?field=t_pop&sort=default&detailcode=CW0060,18050.0,building,CW0060,(Kennedy Town) Ivy On Belcher's / Westview Height / La Maison Du Nord / Shun Cheong Building / The Sail At Victoria / 60 Victoria Road / Mourt Davis 33 / Belcher's Hill / The Kennedy On Belcher's (Kennedy Town 2000's private residential buildings),201807,month,22.28277,114.12953,9.800900963761027
Central and Western,Kennedy Town,(Kennedy Town) Ivy On Bel...,https://hkdata.centanet.com/BigData/hong-kong/Central%20and%20Western/CHMA/Kennedy-Town/building-group(Kennedy%20Town)%20Ivy%20On%20Belcher's%20%7C%20Westview%20Height%20%7C%20La%20Maison%20Du%20Nord%20%7C%20Shun%20Cheong%20Building%20%7C%20The%20Sail%20At%20Victoria%20%7C%2060%20Victoria%20Road%20%7C%20Mourt%20Davis%2033%20%7C%20Belcher's%20Hill%20%7C%20The%20Kennedy%20On%20Belcher's%20(Kennedy%20Town%202000's%20private%20residential%20buildings)?field=t_pop&sort=default&detailcode=CW0060,12859.25,building,CW0060,(Kennedy Town) Ivy On Belcher's / Westview Height / La Maison Du Nord / Shun Cheong Building / The Sail At Victoria / 60 Victoria Road / Mourt Davis 33 / Belcher's Hill / The Kennedy On Belcher's (Kennedy Town 2000's private residential buildings),201808,Month,22.28277,114.12953,9.46181867571766
Central and Western,Kennedy Town,(Kennedy Town) Ivy On Bel...,https://hkdata.centanet.com/BigData/hong-kong/Central%20and%20Western/CHMA/Kennedy-Town/building-group(Kennedy%20Town)%20Ivy%20On%20Belcher's%20%7C%20Westview%20Height%20%7C%20La%20Maison%20Du%20Nord%20%7C%20Shun%20Cheong%20Building%20%7C%20The%20Sail%20At%20Victoria%20%7C%2060%20Victoria%20Road%20%7C%20Mourt%20Davis%2033%20%7C%20Belcher's%20Hill%20%7C%20The%20Kennedy%20On%20Belcher's%20(Kennedy%20Town%202000's%20private%20residential%20buildings)?field=t_pop&sort=default&detailcode=CW0060,12859.25,building,CW0060,(Kennedy Town) Ivy On Belcher's / Westview Height / La Maison Du Nord / Shun Cheong Building / The Sail At Victoria / 60 Victoria Road / Mourt Davis 33 / Belcher's Hill / The Kennedy On Belcher's (Kennedy Town 2000's private residential buildings),201809,Month,22.28277,114.12953,9.46181867571766
Central and Western,Kennedy Town,(Kennedy Town) Ivy On Bel...,https://hkdata.centanet.com/BigData/hong-kong/Central%20and%20Western/CHMA/Kennedy-Town/building-group(Kennedy%20Town)%20Ivy%20On%20Belcher's%20%7C%20Westview%20Height%20%7C%20La%20Maison%20Du%20Nord%20%7C%20Shun%20Cheong%20Building%20%7C%20The%20Sail%20At%20Victoria%20%7C%2060%20Victoria%20Road%20%7C%20Mourt%20Davis%2033%20%7C%20Belcher's%20Hill%20%7C%20The%20Kennedy%20On%20Belcher's%20(Kennedy%20Town%202000's%20private%20residential%20buildings)?field=t_pop&sort=default&detailcode=CW0060,19748.0,building,CW0060,(Kennedy Town) Ivy On Belcher's / Westview Height / La Maison Du Nord / Shun Cheong Building / The Sail At Victoria / 60 Victoria Road / Mourt Davis 33 / Belcher's Hill / The Kennedy On Belcher's (Kennedy Town 2000's private residential buildings),201810,Month,22.28277,114.12953,9.890807499378754
Central and Western,Kennedy Town,(Kennedy Town) Ivy On Bel...,https://hkdata.centanet.com/BigData/hong-kong/Central%20and%20Western/CHMA/Kennedy-Town/building-group(Kennedy%20Town)%20Ivy%20On%20Belcher's%20%7C%20Westview%20Height%20%7C%20La%20Maison%20Du%20Nord%20%7C%20Shun%20Cheong%20Building%20%7C%20The%20Sail%20At%20Victoria%20%7C%2060%20Victoria%20Road%20%7C%20Mourt%20Davis%2033%20%7C%20Belcher's%20Hill%20%7C%20The%20Kennedy%20On%20Belcher's%20(Kennedy%20Town%202000's%20private%20residential%20buildings)?field=t_pop&sort=default&detailcode=CW0060,19748.0,building,CW0060,(Kennedy Town) Ivy On Belcher's / Westview Height / La Maison Du Nord / Shun Cheong Building / The Sail At Victoria / 60 Victoria Road / Mourt Davis 33 / Belcher's Hill / The Kennedy On Belcher's (Kennedy Town 2000's private residential buildings),201811,Month,22.28277,114.12953,9.890807499378754
Central and Western,Kennedy Town,(Kennedy Town) Ivy On Bel...,https://hkdata.centanet.com/BigData/hong-kong/Central%20and%20Western/CHMA/Kennedy-Town/building-group(Kennedy%20Town)%20Ivy%20On%20Belcher's%20%7C%20Westview%20Height%20%7C%20La%20Maison%20Du%20Nord%20%7C%20Shun%20Cheong%20Building%20%7C%20The%20Sail%20At%20Victoria%20%7C%2060%20Victoria%20Road%20%7C%20Mourt%20Davis%2033%20%7C%20Belcher's%20Hill%20%7C%20The%20Kennedy%20On%20Belcher's%20(Kennedy%20Town%202000's%20private%20residential%20buildings)?field=t_pop&sort=default&detailcode=CW0060,18148.0,building,CW0060,(Kennedy Town) Ivy On Belcher's / Westview Height / La Maison Du Nord / Shun Cheong Building / The Sail At Victoria / 60 Victoria Road / Mourt Davis 33 / Belcher's Hill / The Kennedy On Belcher's (Kennedy Town 2000's private residential buildings),201812,month,22.28277,114.12953,9.806315640783854
Central and Western,Kennedy Town,(Kennedy Town) Ivy On Bel...,https://hkdata.centanet.com/BigData/hong-kong/Central%20and%20Western/CHMA/Kennedy-Town/building-group(Kennedy%20Town)%20Ivy%20On%20Belcher's%20%7C%20Westview%20Height%20%7C%20La%20Maison%20Du%20Nord%20%7C%20Shun%20Cheong%20Building%20%7C%20The%20Sail%20At%20Victoria%20%7C%2060%20Victoria%20Road%20%7C%20Mourt%20Davis%2033%20%7C%20Belcher's%20Hill%20%7C%20The%20Kennedy%20On%20Belcher's%20(Kennedy%20Town%202000's%20private%20residential%20buildings)?field=t_pop&sort=default&detailcode=CW0060,19117.5,building,CW0060,(Kennedy Town) Ivy On Belcher's / Westview Height / La Maison Du Nord / Shun Cheong Building / The Sail At Victoria / 60 Victoria Road / Mourt Davis 33 / Belcher's Hill / The Kennedy On Belcher's (Kennedy Town 2000's private residential buildings),201901,Month,22.28277,114.12953,9.85835942491838
Central and Western,Kennedy Town,(Kennedy Town) Ivy On Bel...,https://hkdata.centanet.com/BigData/hong-kong/Central%20and%20Western/CHMA/Kennedy-Town/building-group(Kennedy%20Town)%20Ivy%20On%20Belcher's%20%7C%20Westview%20Height%20%7C%20La%20Maison%20Du%20Nord%20%7C%20Shun%20Cheong%20Building%20%7C%20The%20Sail%20At%20Victoria%20%7C%2060%20Victoria%20Road%20%7C%20Mourt%20Davis%2033%20%7C%20Belcher's%20Hill%20%7C%20The%20Kennedy%20On%20Belcher's%20(Kennedy%20Town%202000's%20private%20residential%20buildings)?field=t_pop&sort=default&detailcode=CW0060,22082.0,building,CW0060,(Kennedy Town) Ivy On Belcher's / Westview Height / La Maison Du Nord / Shun Cheong Building / The Sail At Victoria / 60 Victoria Road / Mourt Davis 33 / Belcher's Hill / The Kennedy On Belcher's (Kennedy Town 2000's private residential buildings),201902,Month,22.28277,114.12953,10.002518075999083
Central and Western,Kennedy Town,(Kennedy Town) Ivy On Bel...,https://hkdata.centanet.com/BigData/hong-kong/Central%20and%20Western/CHMA/Kennedy-Town/building-group(Kennedy%20Town)%20Ivy%20On%20Belcher's%20%7C%20Westview%20Height%20%7C%20La%20Maison%20Du%20Nord%20%7C%20Shun%20Cheong%20Building%20%7C%20The%20Sail%20At%20Victoria%20%7C%2060%20Victoria%20Road%20%7C%20Mourt%20Davis%2033%20%7C%20Belcher's%20Hill%20%7C%20The%20Kennedy%20On%20Belcher's%20(Kennedy%20Town%202000's%20private%20residential%20buildings)?field=t_pop&sort=default&detailcode=CW0060,21229.8,building,CW0060,(Kennedy Town) Ivy On Belcher's / Westview Height / La Maison Du Nord / Shun Cheong Building / The Sail At Victoria / 60 Victoria Road / Mourt Davis 33 / Belcher's Hill / The Kennedy On Belcher's (Kennedy Town 2000's private residential buildings),201903,Month,22.28277,114.12953,9.963161134021744
Central and Western,Kennedy Town,(Kennedy Town) Ivy On Bel...,https://hkdata.centanet.com/BigData/hong-kong/Central%20and%20Western/CHMA/Kennedy-Town/building-group(Kennedy%20Town)%20Ivy%20On%20Belcher's%20%7C%20Westview%20Height%20%7C%20La%20Maison%20Du%20Nord%20%7C%20Shun%20Cheong%20Building%20%7C%20The%20Sail%20At%20Victoria%20%7C%2060%20Victoria%20Road%20%7C%20Mourt%20Davis%2033%20%7C%20Belcher's%20Hill%20%7C%20The%20Kennedy%20On%20Belcher's%20(Kennedy%20Town%202000's%20private%20residential%20buildings)?field=t_pop&sort=default&detailcode=CW0060,21438.25,building,CW0060,(Kennedy Town) Ivy On Belcher's / Westview Height / La Maison Du Nord / Shun Cheong Building / The Sail At Victoria / 60 Victoria Road / Mourt Davis 33 / Belcher's Hill / The Kennedy On Belcher's (Kennedy Town 2000's private residential buildings),201904,Month,22.28277,114.12953,9.972931988719061
Central and Western,Kennedy Town,(Kennedy Town) Ivy On Bel...,https://hkdata.centanet.com/BigData/hong-kong/Central%20and%20Western/CHMA/Kennedy-Town/building-group(Kennedy%20Town)%20Ivy%20On%20Belcher's%20%7C%20Westview%20Height%20%7C%20La%20Maison%20Du%20Nord%20%7C%20Shun%20Cheong%20Building%20%7C%20The%20Sail%20At%20Victoria%20%7C%2060%20Victoria%20Road%20%7C%20Mourt%20Davis%2033%20%7C%20Belcher's%20Hill%20%7C%20The%20Kennedy%20On%20Belcher's%20(Kennedy%20Town%202000's%20private%20residential%20buildings)?field=t_pop&sort=default&detailcode=CW0060,22603.0,building,CW0060,(Kennedy Town) Ivy On Belcher's / Westview Height / La Maison Du Nord / Shun Cheong Building / The Sail At Victoria / 60 Victoria Road / Mourt Davis 33 / Belcher's Hill / The Kennedy On Belcher's (Kennedy Town 2000's private residential buildings),201905,Month,22.28277,114.12953,10.025837919813588
Central and Western,Kennedy Town,(Kennedy Town) Ivy On Bel...,https://hkdata.centanet.com/BigData/hong-kong/Central%20and%20Western/CHMA/Kennedy-Town/building-group(Kennedy%20Town)%20Ivy%20On%20Belcher's%20%7C%20Westview%20Height%20%7C%20La%20Maison%20Du%20Nord%20%7C%20Shun%20Cheong%20Building%20%7C%20The%20Sail%20At%20Victoria%20%7C%2060%20Victoria%20Road%20%7C%20Mourt%20Davis%2033%20%7C%20Belcher's%20Hill%20%7C%20The%20Kennedy%20On%20Belcher's%20(Kennedy%20Town%202000's%20private%20residential%20buildings)?field=t_pop&sort=default&detailcode=CW0060,23946.0,building,CW0060,(Kennedy Town) Ivy On Belcher's / Westview Height / La Maison Du Nord / Shun Cheong Building / The Sail At Victoria / 60 Victoria Road / Mourt Davis 33 / Belcher's Hill / The Kennedy On Belcher's (Kennedy Town 2000's private residential buildings),201906,Month,22.28277,114.12953,10.08355657427679
Central and Western,Kennedy Town,(Kennedy Town) Ivy On Bel...,https://hkdata.centanet.com/BigData/hong-kong/Central%20and%20Western/CHMA/Kennedy-Town/building-group(Kennedy%20Town)%20Ivy%20On%20Belcher's%20%7C%20Westview%20Height%20%7C%20La%20Maison%20Du%20Nord%20%7C%20Shun%20Cheong%20Building%20%7C%20The%20Sail%20At%20Victoria%20%7C%2060%20Victoria%20Road%20%7C%20Mourt%20Davis%2033%20%7C%20Belcher's%20Hill%20%7C%20The%20Kennedy%20On%20Belcher's%20(Kennedy%20Town%202000's%20private%20residential%20buildings)?field=t_pop&sort=default&detailcode=CW0060,23867.5,building,CW0060,(Kennedy Town) Ivy On Belcher's / Westview Height / La Maison Du Nord / Shun Cheong Building / The Sail At Victoria / 60 Victoria Road / Mourt Davis 33 / Belcher's Hill / The Kennedy On Belcher's (Kennedy Town 2000's private residential buildings),201907,Month,22.28277,114.12953,10.080272979872188
Central and Western,Kennedy Town,(Kennedy Town) Ivy On Bel...,https://hkdata.centanet.com/BigData/hong-kong/Central%20and%20Western/CHMA/Kennedy-Town/building-group(Kennedy%20Town)%20Ivy%20On%20Belcher's%20%7C%20Westview%20Height%20%7C%20La%20Maison%20Du%20Nord%20%7C%20Shun%20Cheong%20Building%20%7C%20The%20Sail%20At%20Victoria%20%7C%2060%20Victoria%20Road%20%7C%20Mourt%20Davis%2033%20%7C%20Belcher's%20Hill%20%7C%20The%20Kennedy%20On%20Belcher's%20(Kennedy%20Town%202000's%20private%20residential%20buildings)?field=t_pop&sort=default&detailcode=CW0060,20819.33,building,CW0060,(Kennedy Town) Ivy On Belcher's / Westview Height / La Maison Du Nord / Shun Cheong Building / The Sail At Victoria / 60 Victoria Road / Mourt Davis 33 / Belcher's Hill / The Kennedy On Belcher's (Kennedy Town 2000's private residential buildings),201908,month,22.28277,114.12953,9.943637161055573
Central and Western,Kennedy Town,(Kennedy Town) Ivy On Bel...,https://hkdata.centanet.com/BigData/hong-kong/Central%20and%20Western/CHMA/Kennedy-Town/building-group(Kennedy%20Town)%20Ivy%20On%20Belcher's%20%7C%20Westview%20Height%20%7C%20La%20Maison%20Du%20Nord%20%7C%20Shun%20Cheong%20Building%20%7C%20The%20Sail%20At%20Victoria%20%7C%2060%20Victoria%20Road%20%7C%20Mourt%20Davis%2033%20%7C%20Belcher's%20Hill%20%7C%20The%20Kennedy%20On%20Belcher's%20(Kennedy%20Town%202000's%20private%20residential%20buildings)?field=t_pop&sort=default&detailcode=CW0060,25041.5,building,CW0060,(Kennedy Town) Ivy On Belcher's / Westview Height / La Maison Du Nord / Shun Cheong Building / The Sail At Victoria / 60 Victoria Road / Mourt Davis 33 / Belcher's Hill / The Kennedy On Belcher's (Kennedy Town 2000's private residential buildings),201909,Month,22.28277,114.12953,10.128289727573208
Central and Western,Kennedy Town,(Kennedy Town) Ivy On Bel...,https://hkdata.centanet.com/BigData/hong-kong/Central%20and%20Western/CHMA/Kennedy-Town/building-group(Kennedy%20Town)%20Ivy%20On%20Belcher's%20%7C%20Westview%20Height%20%7C%20La%20Maison%20Du%20Nord%20%7C%20Shun%20Cheong%20Building%20%7C%20The%20Sail%20At%20Victoria%20%7C%2060%20Victoria%20Road%20%7C%20Mourt%20Davis%2033%20%7C%20Belcher's%20Hill%20%7C%20The%20Kennedy%20On%20Belcher's%20(Kennedy%20Town%202000's%20private%20residential%20buildings)?field=t_pop&sort=default&detailcode=CW0060,25041.5,building,CW0060,(Kennedy Town) Ivy On Belcher's / Westview Height / La Maison Du Nord / Shun Cheong Building / The Sail At Victoria / 60 Victoria Road / Mourt Davis 33 / Belcher's Hill / The Kennedy On Belcher's (Kennedy Town 2000's private residential buildings),201910,Month,22.28277,114.12953,10.128289727573208
Central and Western,Kennedy Town,(Kennedy Town) Ivy On Bel...,https://hkdata.centanet.com/BigData/hong-kong/Central%20and%20Western/CHMA/Kennedy-Town/building-group(Kennedy%20Town)%20Ivy%20On%20Belcher's%20%7C%20Westview%20Height%20%7C%20La%20Maison%20Du%20Nord%20%7C%20Shun%20Cheong%20Building%20%7C%20The%20Sail%20At%20Victoria%20%7C%2060%20Victoria%20Road%20%7C%20Mourt%20Davis%2033%20%7C%20Belcher's%20Hill%20%7C%20The%20Kennedy%20On%20Belcher's%20(Kennedy%20Town%202000's%20private%20residential%20buildings)?field=t_pop&sort=default&detailcode=CW0060,21758.0,building,CW0060,(Kennedy Town) Ivy On Belcher's / Westview Height / La Maison Du Nord / Shun Cheong Building / The Sail At Victoria / 60 Victoria Road / Mourt Davis 33 / Belcher's Hill / The Kennedy On Belcher's (Kennedy Town 2000's private residential buildings),201911,Month,22.28277,114.12953,9.987736784981028
Central and Western,Kennedy Town,(Kennedy Town) Ivy On Bel...,https://hkdata.centanet.com/BigData/hong-kong/Central%20and%20Western/CHMA/Kennedy-Town/building-group(Kennedy%20Town)%20Ivy%20On%20Belcher's%20%7C%20Westview%20Height%20%7C%20La%20Maison%20Du%20Nord%20%7C%20Shun%20Cheong%20Building%20%7C%20The%20Sail%20At%20Victoria%20%7C%2060%20Victoria%20Road%20%7C%20Mourt%20Davis%2033%20%7C%20Belcher's%20Hill%20%7C%20The%20Kennedy%20On%20Belcher's%20(Kennedy%20Town%202000's%20private%20residential%20buildings)?field=t_pop&sort=default&detailcode=CW0060,20920.0,building,CW0060,(Kennedy Town) Ivy On Belcher's / Westview Height / La Maison Du Nord / Shun Cheong Building / The Sail At Victoria / 60 Victoria Road / Mourt Davis 33 / Belcher's Hill / The Kennedy On Belcher's (Kennedy Town 2000's private residential buildings),201912,Month,22.28277,114.12953,9.94846091817886
Central and Western,Kennedy Town,(Kennedy Town) Ivy On Bel...,https://hkdata.centanet.com/BigData/hong-kong/Central%20and%20Western/CHMA/Kennedy-Town/building-group(Kennedy%20Town)%20Ivy%20On%20Belcher's%20%7C%20Westview%20Height%20%7C%20La%20Maison%20Du%20Nord%20%7C%20Shun%20Cheong%20Building%20%7C%20The%20Sail%20At%20Victoria%20%7C%2060%20Victoria%20Road%20%7C%20Mourt%20Davis%2033%20%7C%20Belcher's%20Hill%20%7C%20The%20Kennedy%20On%20Belcher's%20(Kennedy%20Town%202000's%20private%20residential%20buildings)?field=t_pop&sort=default&detailcode=CW0060,20920.0,building,CW0060,(Kennedy Town) Ivy On Belcher's / Westview Height / La Maison Du Nord / Shun Cheong Building / The Sail At Victoria / 60 Victoria Road / Mourt Davis 33 / Belcher's Hill / The Kennedy On Belcher's (Kennedy Town 2000's private residential buildings),202001,Month,22.28277,114.12953,9.94846091817886
Central and Western,Kennedy Town,(Kennedy Town) Ivy On Bel...,https://hkdata.centanet.com/BigData/hong-kong/Central%20and%20Western/CHMA/Kennedy-Town/building-group(Kennedy%20Town)%20Ivy%20On%20Belcher's%20%7C%20Westview%20Height%20%7C%20La%20Maison%20Du%20Nord%20%7C%20Shun%20Cheong%20Building%20%7C%20The%20Sail%20At%20Victoria%20%7C%2060%20Victoria%20Road%20%7C%20Mourt%20Davis%2033%20%7C%20Belcher's%20Hill%20%7C%20The%20Kennedy%20On%20Belcher's%20(Kennedy%20Town%202000's%20private%20residential%20buildings)?field=t_pop&sort=default&detailcode=CW0060,23864.5,building,CW0060,(Kennedy Town) Ivy On Belcher's / Westview Height / La Maison Du Nord / Shun Cheong Building / The Sail At Victoria / 60 Victoria Road / Mourt Davis 33 / Belcher's Hill / The Kennedy On Belcher's (Kennedy Town 2000's private residential buildings),202002,Month,22.28277,114.12953,10.080147278036776
Central and Western,Kennedy Town,(Kennedy Town) Ivy On Bel...,https://hkdata.centanet.com/BigData/hong-kong/Central%20and%20Western/CHMA/Kennedy-Town/building-group(Kennedy%20Town)%20Ivy%20On%20Belcher's%20%7C%20Westview%20Height%20%7C%20La%20Maison%20Du%20Nord%20%7C%20Shun%20Cheong%20Building%20%7C%20The%20Sail%20At%20Victoria%20%7C%2060%20Victoria%20Road%20%7C%20Mourt%20Davis%2033%20%7C%20Belcher's%20Hill%20%7C%20The%20Kennedy%20On%20Belcher's%20(Kennedy%20Town%202000's%20private%20residential%20buildings)?field=t_pop&sort=default&detailcode=CW0060,23699.33,building,CW0060,(Kennedy Town) Ivy On Belcher's / Westview Height / La Maison Du Nord / Shun Cheong Building / The Sail At Victoria / 60 Victoria Road / Mourt Davis 33 / Belcher's Hill / The Kennedy On Belcher's (Kennedy Town 2000's private residential buildings),202003,Month,22.28277,114.12953,10.073202056681424
Central and Western,Kennedy Town,(Kennedy Town) Ivy On Bel...,https://hkdata.centanet.com/BigData/hong-kong/Central%20and%20Western/CHMA/Kennedy-Town/building-group(Kennedy%20Town)%20Ivy%20On%20Belcher's%20%7C%20Westview%20Height%20%7C%20La%20Maison%20Du%20Nord%20%7C%20Shun%20Cheong%20Building%20%7C%20The%20Sail%20At%20Victoria%20%7C%2060%20Victoria%20Road%20%7C%20Mourt%20Davis%2033%20%7C%20Belcher's%20Hill%20%7C%20The%20Kennedy%20On%20Belcher's%20(Kennedy%20Town%202000's%20private%20residential%20buildings)?field=t_pop&sort=default&detailcode=CW0060,21889.5,building,CW0060,(Kennedy Town) Ivy On Belcher's / Westview Height / La Maison Du Nord / Shun Cheong Building / The Sail At Victoria / 60 Victoria Road / Mourt Davis 33 / Belcher's Hill / The Kennedy On Belcher's (Kennedy Town 2000's private residential buildings),202004,Month,22.28277,114.12953,9.99376234877591
Central and Western,Kennedy Town,(Kennedy Town) Ivy On Bel...,https://hkdata.centanet.com/BigData/hong-kong/Central%20and%20Western/CHMA/Kennedy-Town/building-group(Kennedy%20Town)%20Ivy%20On%20Belcher's%20%7C%20Westview%20Height%20%7C%20La%20Maison%20Du%20Nord%20%7C%20Shun%20Cheong%20Building%20%7C%20The%20Sail%20At%20Victoria%20%7C%2060%20Victoria%20Road%20%7C%20Mourt%20Davis%2033%20%7C%20Belcher's%20Hill%20%7C%20The%20Kennedy%20On%20Belcher's%20(Kennedy%20Town%202000's%20private%20residential%20buildings)?field=t_pop&sort=default&detailcode=CW0060,21889.5,building,CW0060,(Kennedy Town) Ivy On Belcher's / Westview Height / La Maison Du Nord / Shun Cheong Building / The Sail At Victoria / 60 Victoria Road / Mourt Davis 33 / Belcher's Hill / The Kennedy On Belcher's (Kennedy Town 2000's private residential buildings),202005,month,22.28277,114.12953,9.99376234877591
Central and Western,Kennedy Town,(Kennedy Town) Ivy On Bel...,https://hkdata.centanet.com/BigData/hong-kong/Central%20and%20Western/CHMA/Kennedy-Town/building-group(Kennedy%20Town)%20Ivy%20On%20Belcher's%20%7C%20Westview%20Height%20%7C%20La%20Maison%20Du%20Nord%20%7C%20Shun%20Cheong%20Building%20%7C%20The%20Sail%20At%20Victoria%20%7C%2060%20Victoria%20Road%20%7C%20Mourt%20Davis%2033%20%7C%20Belcher's%20Hill%20%7C%20The%20Kennedy%20On%20Belcher's%20(Kennedy%20Town%202000's%20private%20residential%20buildings)?field=t_pop&sort=default&detailcode=CW0060,24866.0,building,CW0060,(Kennedy Town) Ivy On Belcher's / Westview Height / La Maison Du Nord / Shun Cheong Building / The Sail At Victoria / 60 Victoria Road / Mourt Davis 33 / Belcher's Hill / The Kennedy On Belcher's (Kennedy Town 2000's private residential buildings),202006,Month,22.28277,114.12953,10.121256687512883
Central and Western,Kennedy Town,(Kennedy Town) Ivy On Bel...,https://hkdata.centanet.com/BigData/hong-kong/Central%20and%20Western/CHMA/Kennedy-Town/building-group(Kennedy%20Town)%20Ivy%20On%20Belcher's%20%7C%20Westview%20Height%20%7C%20La%20Maison%20Du%20Nord%20%7C%20Shun%20Cheong%20Building%20%7C%20The%20Sail%20At%20Victoria%20%7C%2060%20Victoria%20Road%20%7C%20Mourt%20Davis%2033%20%7C%20Belcher's%20Hill%20%7C%20The%20Kennedy%20On%20Belcher's%20(Kennedy%20Town%202000's%20private%20residential%20buildings)?field=t_pop&sort=default&detailcode=CW0060,18282.4,building,CW0060,(Kennedy Town) Ivy On Belcher's / Westview Height / La Maison Du Nord / Shun Cheong Building / The Sail At Victoria / 60 Victoria Road / Mourt Davis 33 / Belcher's Hill / The Kennedy On Belcher's (Kennedy Town 2000's private residential buildings),202007,Month,22.28277,114.12953,9.813694127418675
Central and Western,Kennedy Town,(Kennedy Town) Ivy On Bel...,https://hkdata.centanet.com/BigData/hong-kong/Central%20and%20Western/CHMA/Kennedy-Town/building-group(Kennedy%20Town)%20Ivy%20On%20Belcher's%20%7C%20Westview%20Height%20%7C%20La%20Maison%20Du%20Nord%20%7C%20Shun%20Cheong%20Building%20%7C%20The%20Sail%20At%20Victoria%20%7C%2060%20Victoria%20Road%20%7C%20Mourt%20Davis%2033%20%7C%20Belcher's%20Hill%20%7C%20The%20Kennedy%20On%20Belcher's%20(Kennedy%20Town%202000's%20private%20residential%20buildings)?field=t_pop&sort=default&detailcode=CW0060,21678.75,building,CW0060,(Kennedy Town) Ivy On Belcher's / Westview Height / La Maison Du Nord / Shun Cheong Building / The Sail At Victoria / 60 Victoria Road / Mourt Davis 33 / Belcher's Hill / The Kennedy On Belcher's (Kennedy Town 2000's private residential buildings),202008,Month,22.28277,114.12953,9.984087797064795
Central and Western,Kennedy Town,(Kennedy Town) Ivy On Bel...,https://hkdata.centanet.com/BigData/hong-kong/Central%20and%20Western/CHMA/Kennedy-Town/building-group(Kennedy%20Town)%20Ivy%20On%20Belcher's%20%7C%20Westview%20Height%20%7C%20La%20Maison%20Du%20Nord%20%7C%20Shun%20Cheong%20Building%20%7C%20The%20Sail%20At%20Victoria%20%7C%2060%20Victoria%20Road%20%7C%20Mourt%20Davis%2033%20%7C%20Belcher's%20Hill%20%7C%20The%20Kennedy%20On%20Belcher's%20(Kennedy%20Town%202000's%20private%20residential%20buildings)?field=t_pop&sort=default&detailcode=CW0060,21932.0,building,CW0060,(Kennedy Town) Ivy On Belcher's / Westview Height / La Maison Du Nord / Shun Cheong Building / The Sail At Victoria / 60 Victoria Road / Mourt Davis 33 / Belcher's Hill / The Kennedy On Belcher's (Kennedy Town 2000's private residential buildings),202009,Month,22.28277,114.12953,9.995702036523939
Central and Western,Kennedy Town,(Kennedy Town) Ivy On Bel...,https://hkdata.centanet.com/BigData/hong-kong/Central%20and%20Western/CHMA/Kennedy-Town/building-group(Kennedy%20Town)%20Ivy%20On%20Belcher's%20%7C%20Westview%20Height%20%7C%20La%20Maison%20Du%20Nord%20%7C%20Shun%20Cheong%20Building%20%7C%20The%20Sail%20At%20Victoria%20%7C%2060%20Victoria%20Road%20%7C%20Mourt%20Davis%2033%20%7C%20Belcher's%20Hill%20%7C%20The%20Kennedy%20On%20Belcher's%20(Kennedy%20Town%202000's%20private%20residential%20buildings)?field=t_pop&sort=default&detailcode=CW0060,19967.0,building,CW0060,(Kennedy Town) Ivy On Belcher's / Westview Height / La Maison Du Nord / Shun Cheong Building / The Sail At Victoria / 60 Victoria Road / Mourt Davis 33 / Belcher's Hill / The Kennedy On Belcher's (Kennedy Town 2000's private residential buildings),202010,Month,22.28277,114.12953,9.901836189786897
Central and Western,Kennedy Town,(Kennedy Town) Ivy On Bel...,https://hkdata.centanet.com/BigData/hong-kong/Central%20and%20Western/CHMA/Kennedy-Town/building-group(Kennedy%20Town)%20Ivy%20On%20Belcher's%20%7C%20Westview%20Height%20%7C%20La%20Maison%20Du%20Nord%20%7C%20Shun%20Cheong%20Building%20%7C%20The%20Sail%20At%20Victoria%20%7C%2060%20Victoria%20Road%20%7C%20Mourt%20Davis%2033%20%7C%20Belcher's%20Hill%20%7C%20The%20Kennedy%20On%20Belcher's%20(Kennedy%20Town%202000's%20private%20residential%20buildings)?field=t_pop&sort=default&detailcode=CW0060,19185.5,building,CW0060,(Kennedy Town) Ivy On Belcher's / Westview Height / La Maison Du Nord / Shun Cheong Building / The Sail At Victoria / 60 Victoria Road / Mourt Davis 33 / Belcher's Hill / The Kennedy On Belcher's (Kennedy Town 2000's private residential buildings),202011,Month,22.28277,114.12953,9.86191006436907
Central and Western,Kennedy Town,(Kennedy Town) Ivy On Bel...,https://hkdata.centanet.com/BigData/hong-kong/Central%20and%20Western/CHMA/Kennedy-Town/building-group(Kennedy%20Town)%20Ivy%20On%20Belcher's%20%7C%20Westview%20Height%20%7C%20La%20Maison%20Du%20Nord%20%7C%20Shun%20Cheong%20Building%20%7C%20The%20Sail%20At%20Victoria%20%7C%2060%20Victoria%20Road%20%7C%20Mourt%20Davis%2033%20%7C%20Belcher's%20Hill%20%7C%20The%20Kennedy%20On%20Belcher's%20(Kennedy%20Town%202000's%20private%20residential%20buildings)?field=t_pop&sort=default&detailcode=CW0060,24203.0,building,CW0060,(Kennedy Town) Ivy On Belcher's / Westview Height / La Maison Du Nord / Shun Cheong Building / The Sail At Victoria / 60 Victoria Road / Mourt Davis 33 / Belcher's Hill / The Kennedy On Belcher's (Kennedy Town 2000's private residential buildings),202012,Month,22.28277,114.12953,10.094231871403661
Central and Western,Kennedy Town,(Kennedy Town) Ivy On Bel...,https://hkdata.centanet.com/BigData/hong-kong/Central%20and%20Western/CHMA/Kennedy-Town/building-group(Kennedy%20Town)%20Ivy%20On%20Belcher's%20%7C%20Westview%20Height%20%7C%20La%20Maison%20Du%20Nord%20%7C%20Shun%20Cheong%20Building%20%7C%20The%20Sail%20At%20Victoria%20%7C%2060%20Victoria%20Road%20%7C%20Mourt%20Davis%2033%20%7C%20Belcher's%20Hill%20%7C%20The%20Kennedy%20On%20Belcher's%20(Kennedy%20Town%202000's%20private%20residential%20buildings)?field=t_pop&sort=default&detailcode=CW0060,20600.17,building,CW0060,(Kennedy Town) Ivy On Belcher's / Westview Height / La Maison Du Nord / Shun Cheong Building / The Sail At Victoria / 60 Victoria Road / Mourt Davis 33 / Belcher's Hill / The Kennedy On Belcher's (Kennedy Town 2000's private residential buildings),202101,month,22.28277,114.12953,9.933054607170806
Central and Western,Kennedy Town,(Kennedy Town) Ivy On Bel...,https://hkdata.centanet.com/BigData/hong-kong/Central%20and%20Western/CHMA/Kennedy-Town/building-group(Kennedy%20Town)%20Ivy%20On%20Belcher's%20%7C%20Westview%20Height%20%7C%20La%20Maison%20Du%20Nord%20%7C%20Shun%20Cheong%20Building%20%7C%20The%20Sail%20At%20Victoria%20%7C%2060%20Victoria%20Road%20%7C%20Mourt%20Davis%2033%20%7C%20Belcher's%20Hill%20%7C%20The%20Kennedy%20On%20Belcher's%20(Kennedy%20Town%202000's%20private%20residential%20buildings)?field=t_pop&sort=default&detailcode=CW0060,22368.0,building,CW0060,(Kennedy Town) Ivy On Belcher's / Westview Height / La Maison Du Nord / Shun Cheong Building / The Sail At Victoria / 60 Victoria Road / Mourt Davis 33 / Belcher's Hill / The Kennedy On Belcher's (Kennedy Town 2000's private residential buildings),202102,Month,22.28277,114.12953,10.015386645033537
Central and Western,Kennedy Town,(Kennedy Town) Ivy On Bel...,https://hkdata.centanet.com/BigData/hong-kong/Central%20and%20Western/CHMA/Kennedy-Town/building-group(Kennedy%20Town)%20Ivy%20On%20Belcher's%20%7C%20Westview%20Height%20%7C%20La%20Maison%20Du%20Nord%20%7C%20Shun%20Cheong%20Building%20%7C%20The%20Sail%20At%20Victoria%20%7C%2060%20Victoria%20Road%20%7C%20Mourt%20Davis%2033%20%7C%20Belcher's%20Hill%20%7C%20The%20Kennedy%20On%20Belcher's%20(Kennedy%20Town%202000's%20private%20residential%20buildings)?field=t_pop&sort=default&detailcode=CW0060,20677.0,building,CW0060,(Kennedy Town) Ivy On Belcher's / Westview Height / La Maison Du Nord / Shun Cheong Building / The Sail At Victoria / 60 Victoria Road / Mourt Davis 33 / Belcher's Hill / The Kennedy On Belcher's (Kennedy Town 2000's private residential buildings),202103,Month,22.28277,114.12953,9.93677725040077
Central and Western,Kennedy Town,(Kennedy Town) Ivy On Bel...,https://hkdata.centanet.com/BigData/hong-kong/Central%20and%20Western/CHMA/Kennedy-Town/building-group(Kennedy%20Town)%20Ivy%20On%20Belcher's%20%7C%20Westview%20Height%20%7C%20La%20Maison%20Du%20Nord%20%7C%20Shun%20Cheong%20Building%20%7C%20The%20Sail%20At%20Victoria%20%7C%2060%20Victoria%20Road%20%7C%20Mourt%20Davis%2033%20%7C%20Belcher's%20Hill%20%7C%20The%20Kennedy%20On%20Belcher's%20(Kennedy%20Town%202000's%20private%20residential%20buildings)?field=t_pop&sort=default&detailcode=CW0060,22258.5,building,CW0060,(Kennedy Town) Ivy On Belcher's / Westview Height / La Maison Du Nord / Shun Cheong Building / The Sail At Victoria / 60 Victoria Road / Mourt Davis 33 / Belcher's Hill / The Kennedy On Belcher's (Kennedy Town 2000's private residential buildings),202104,month,22.28277,114.12953,10.010479237114291
Central and Western,Kennedy Town,(Kennedy Town) Ivy On Bel...,https://hkdata.centanet.com/BigData/hong-kong/Central%20and%20Western/CHMA/Kennedy-Town/building-group(Kennedy%20Town)%20Ivy%20On%20Belcher's%20%7C%20Westview%20Height%20%7C%20La%20Maison%20Du%20Nord%20%7C%20Shun%20Cheong%20Building%20%7C%20The%20Sail%20At%20Victoria%20%7C%2060%20Victoria%20Road%20%7C%20Mourt%20Davis%2033%20%7C%20Belcher's%20Hill%20%7C%20The%20Kennedy%20On%20Belcher's%20(Kennedy%20Town%202000's%20private%20residential%20buildings)?field=t_pop&sort=default&detailcode=CW0060,21359.0,building,CW0060,(Kennedy Town) Ivy On Belcher's / Westview Height / La Maison Du Nord / Shun Cheong Building / The Sail At Victoria / 60 Victoria Road / Mourt Davis 33 / Belcher's Hill / The Kennedy On Belcher's (Kennedy Town 2000's private residential buildings),202105,Month,22.28277,114.12953,9.969228475498804
Central and Western,Kennedy Town,(Kennedy Town) Ivy On Bel...,https://hkdata.centanet.com/BigData/hong-kong/Central%20and%20Western/CHMA/Kennedy-Town/building-group(Kennedy%20Town)%20Ivy%20On%20Belcher's%20%7C%20Westview%20Height%20%7C%20La%20Maison%20Du%20Nord%20%7C%20Shun%20Cheong%20Building%20%7C%20The%20Sail%20At%20Victoria%20%7C%2060%20Victoria%20Road%20%7C%20Mourt%20Davis%2033%20%7C%20Belcher's%20Hill%20%7C%20The%20Kennedy%20On%20Belcher's%20(Kennedy%20Town%202000's%20private%20residential%20buildings)?field=t_pop&sort=default&detailcode=CW0060,23609.5,building,CW0060,(Kennedy Town) Ivy On Belcher's / Westview Height / La Maison Du Nord / Shun Cheong Building / The Sail At Victoria / 60 Victoria Road / Mourt Davis 33 / Belcher's Hill / The Kennedy On Belcher's (Kennedy Town 2000's private residential buildings),202106,Month,22.28277,114.12953,10.069404452388138
Central and Western,Kennedy Town,(Kennedy Town) Ivy On Bel...,https://hkdata.centanet.com/BigData/hong-kong/Central%20and%20Western/CHMA/Kennedy-Town/building-group(Kennedy%20Town)%20Ivy%20On%20Belcher's%20%7C%20Westview%20Height%20%7C%20La%20Maison%20Du%20Nord%20%7C%20Shun%20Cheong%20Building%20%7C%20The%20Sail%20At%20Victoria%20%7C%2060%20Victoria%20Road%20%7C%20Mourt%20Davis%2033%20%7C%20Belcher's%20Hill%20%7C%20The%20Kennedy%20On%20Belcher's%20(Kennedy%20Town%202000's%20private%20residential%20buildings)?field=t_pop&sort=default&detailcode=CW0060,23790.71,building,CW0060,(Kennedy Town) Ivy On Belcher's / Westview Height / La Maison Du Nord / Shun Cheong Building / The Sail At Victoria / 60 Victoria Road / Mourt Davis 33 / Belcher's Hill / The Kennedy On Belcher's (Kennedy Town 2000's private residential buildings),202107,Month,22.28277,114.12953,10.077050447324133
Central and Western,Kennedy Town,(Kennedy Town) Ivy On Bel...,https://hkdata.centanet.com/BigData/hong-kong/Central%20and%20Western/CHMA/Kennedy-Town/building-group(Kennedy%20Town)%20Ivy%20On%20Belcher's%20%7C%20Westview%20Height%20%7C%20La%20Maison%20Du%20Nord%20%7C%20Shun%20Cheong%20Building%20%7C%20The%20Sail%20At%20Victoria%20%7C%2060%20Victoria%20Road%20%7C%20Mourt%20Davis%2033%20%7C%20Belcher's%20Hill%20%7C%20The%20Kennedy%20On%20Belcher's%20(Kennedy%20Town%202000's%20private%20residential%20buildings)?field=t_pop&sort=default&detailcode=CW0060,23775.75,building,CW0060,(Kennedy Town) Ivy On Belcher's / Westview Height / La Maison Du Nord / Shun Cheong Building / The Sail At Victoria / 60 Victoria Road / Mourt Davis 33 / Belcher's Hill / The Kennedy On Belcher's (Kennedy Town 2000's private residential buildings),202108,month,22.28277,114.12953,10.076421432657359
Central and Western,Kennedy Town,(Kennedy Town) Ivy On Bel...,https://hkdata.centanet.com/BigData/hong-kong/Central%20and%20Western/CHMA/Kennedy-Town/building-group(Kennedy%20Town)%20Ivy%20On%20Belcher's%20%7C%20Westview%20Height%20%7C%20La%20Maison%20Du%20Nord%20%7C%20Shun%20Cheong%20Building%20%7C%20The%20Sail%20At%20Victoria%20%7C%2060%20Victoria%20Road%20%7C%20Mourt%20Davis%2033%20%7C%20Belcher's%20Hill%20%7C%20The%20Kennedy%20On%20Belcher's%20(Kennedy%20Town%202000's%20private%20residential%20buildings)?field=t_pop&sort=default&detailcode=CW0060,15103.0,building,CW0060,(Kennedy Town) Ivy On Belcher's / Westview Height / La Maison Du Nord / Shun Cheong Building / The Sail At Victoria / 60 Victoria Road / Mourt Davis 33 / Belcher's Hill / The Kennedy On Belcher's (Kennedy Town 2000's private residential buildings),202109,Month,22.28277,114.12953,9.62264867856634
Central and Western,Kennedy Town,(Kennedy Town) Ivy On Bel...,https://hkdata.centanet.com/BigData/hong-kong/Central%20and%20Western/CHMA/Kennedy-Town/building-group(Kennedy%20Town)%20Ivy%20On%20Belcher's%20%7C%20Westview%20Height%20%7C%20La%20Maison%20Du%20Nord%20%7C%20Shun%20Cheong%20Building%20%7C%20The%20Sail%20At%20Victoria%20%7C%2060%20Victoria%20Road%20%7C%20Mourt%20Davis%2033%20%7C%20Belcher's%20Hill%20%7C%20The%20Kennedy%20On%20Belcher's%20(Kennedy%20Town%202000's%20private%20residential%20buildings)?field=t_pop&sort=default&detailcode=CW0060,21176.0,building,CW0060,(Kennedy Town) Ivy On Belcher's / Westview Height / La Maison Du Nord / Shun Cheong Building / The Sail At Victoria / 60 Victoria Road / Mourt Davis 33 / Belcher's Hill / The Kennedy On Belcher's (Kennedy Town 2000's private residential buildings),202110,Month,22.28277,114.12953,9.960623743906938
Central and Western,Kennedy Town,(Kennedy Town) Ivy On Bel...,https://hkdata.centanet.com/BigData/hong-kong/Central%20and%20Western/CHMA/Kennedy-Town/building-group(Kennedy%20Town)%20Ivy%20On%20Belcher's%20%7C%20Westview%20Height%20%7C%20La%20Maison%20Du%20Nord%20%7C%20Shun%20Cheong%20Building%20%7C%20The%20Sail%20At%20Victoria%20%7C%2060%20Victoria%20Road%20%7C%20Mourt%20Davis%2033%20%7C%20Belcher's%20Hill%20%7C%20The%20Kennedy%20On%20Belcher's%20(Kennedy%20Town%202000's%20private%20residential%20buildings)?field=t_pop&sort=default&detailcode=CW0060,21176.0,building,CW0060,(Kennedy Town) Ivy On Belcher's / Westview Height / La Maison Du Nord / Shun Cheong Building / The Sail At Victoria / 60 Victoria Road / Mourt Davis 33 / Belcher's Hill / The Kennedy On Belcher's (Kennedy Town 2000's private residential buildings),202111,Month,22.28277,114.12953,9.960623743906938
Central and Western,Kennedy Town,(Kennedy Town) Ivy On Bel...,https://hkdata.centanet.com/BigData/hong-kong/Central%20and%20Western/CHMA/Kennedy-Town/building-group(Kennedy%20Town)%20Ivy%20On%20Belcher's%20%7C%20Westview%20Height%20%7C%20La%20Maison%20Du%20Nord%20%7C%20Shun%20Cheong%20Building%20%7C%20The%20Sail%20At%20Victoria%20%7C%2060%20Victoria%20Road%20%7C%20Mourt%20Davis%2033%20%7C%20Belcher's%20Hill%20%7C%20The%20Kennedy%20On%20Belcher's%20(Kennedy%20Town%202000's%20private%20residential%20buildings)?field=t_pop&sort=default&detailcode=CW0060,22268.4,building,CW0060,(Kennedy Town) Ivy On Belcher's / Westview Height / La Maison Du Nord / Shun Cheong Building / The Sail At Victoria / 60 Victoria Road / Mourt Davis 33 / Belcher's Hill / The Kennedy On Belcher's (Kennedy Town 2000's private residential buildings),202112,Month,22.28277,114.12953,10.010923912138294
Central and Western,Kennedy Town,(Kennedy Town) Ivy On Bel...,https://hkdata.centanet.com/BigData/hong-kong/Central%20and%20Western/CHMA/Kennedy-Town/building-group(Kennedy%20Town)%20Ivy%20On%20Belcher's%20%7C%20Westview%20Height%20%7C%20La%20Maison%20Du%20Nord%20%7C%20Shun%20Cheong%20Building%20%7C%20The%20Sail%20At%20Victoria%20%7C%2060%20Victoria%20Road%20%7C%20Mourt%20Davis%2033%20%7C%20Belcher's%20Hill%20%7C%20The%20Kennedy%20On%20Belcher's%20(Kennedy%20Town%202000's%20private%20residential%20buildings)?field=t_pop&sort=default&detailcode=CW0060,21632.67,building,CW0060,(Kennedy Town) Ivy On Belcher's / Westview Height / La Maison Du Nord / Shun Cheong Building / The Sail At Victoria / 60 Victoria Road / Mourt Davis 33 / Belcher's Hill / The Kennedy On Belcher's (Kennedy Town 2000's private residential buildings),202201,Month,22.28277,114.12953,9.981959950996185
Central and Western,Kennedy Town,(Kennedy Town) Ivy On Bel...,https://hkdata.centanet.com/BigData/hong-kong/Central%20and%20Western/CHMA/Kennedy-Town/building-group(Kennedy%20Town)%20Ivy%20On%20Belcher's%20%7C%20Westview%20Height%20%7C%20La%20Maison%20Du%20Nord%20%7C%20Shun%20Cheong%20Building%20%7C%20The%20Sail%20At%20Victoria%20%7C%2060%20Victoria%20Road%20%7C%20Mourt%20Davis%2033%20%7C%20Belcher's%20Hill%20%7C%20The%20Kennedy%20On%20Belcher's%20(Kennedy%20Town%202000's%20private%20residential%20buildings)?field=t_pop&sort=default&detailcode=CW0060,20603.33,building,CW0060,(Kennedy Town) Ivy On Belcher's / Westview Height / La Maison Du Nord / Shun Cheong Building / The Sail At Victoria / 60 Victoria Road / Mourt Davis 33 / Belcher's Hill / The Kennedy On Belcher's (Kennedy Town 2000's private residential buildings),202202,Month,22.28277,114.12953,9.933207992199078
Central and Western,Kennedy Town,(Kennedy Town) Ivy On Bel...,https://hkdata.centanet.com/BigData/hong-kong/Central%20and%20Western/CHMA/Kennedy-Town/building-group(Kennedy%20Town)%20Ivy%20On%20Belcher's%20%7C%20Westview%20Height%20%7C%20La%20Maison%20Du%20Nord%20%7C%20Shun%20Cheong%20Building%20%7C%20The%20Sail%20At%20Victoria%20%7C%2060%20Victoria%20Road%20%7C%20Mourt%20Davis%2033%20%7C%20Belcher's%20Hill%20%7C%20The%20Kennedy%20On%20Belcher's%20(Kennedy%20Town%202000's%20private%20residential%20buildings)?field=t_pop&sort=default&detailcode=CW0060,24450.0,building,CW0060,(Kennedy Town) Ivy On Belcher's / Westview Height / La Maison Du Nord / Shun Cheong Building / The Sail At Victoria / 60 Victoria Road / Mourt Davis 33 / Belcher's Hill / The Kennedy On Belcher's (Kennedy Town 2000's private residential buildings),202203,Month,22.28277,114.12953,10.104385494903019
Central and Western,Kennedy Town,(Kennedy Town) Ivy On Bel...,https://hkdata.centanet.com/BigData/hong-kong/Central%20and%20Western/CHMA/Kennedy-Town/building-group(Kennedy%20Town)%20Ivy%20On%20Belcher's%20%7C%20Westview%20Height%20%7C%20La%20Maison%20Du%20Nord%20%7C%20Shun%20Cheong%20Building%20%7C%20The%20Sail%20At%20Victoria%20%7C%2060%20Victoria%20Road%20%7C%20Mourt%20Davis%2033%20%7C%20Belcher's%20Hill%20%7C%20The%20Kennedy%20On%20Belcher's%20(Kennedy%20Town%202000's%20private%20residential%20buildings)?field=t_pop&sort=default&detailcode=CW0060,25974.25,building,CW0060,(Kennedy Town) Ivy On Belcher's / Westview Height / La Maison Du Nord / Shun Cheong Building / The Sail At Victoria / 60 Victoria Road / Mourt Davis 33 / Belcher's Hill / The Kennedy On Belcher's (Kennedy Town 2000's private residential buildings),202204,Month,22.28277,114.12953,10.164860941633341
Central and Western,Kennedy Town,(Kennedy Town) Ivy On Bel...,https://hkdata.centanet.com/BigData/hong-kong/Central%20and%20Western/CHMA/Kennedy-Town/building-group(Kennedy%20Town)%20Ivy%20On%20Belcher's%20%7C%20Westview%20Height%20%7C%20La%20Maison%20Du%20Nord%20%7C%20Shun%20Cheong%20Building%20%7C%20The%20Sail%20At%20Victoria%20%7C%2060%20Victoria%20Road%20%7C%20Mourt%20Davis%2033%20%7C%20Belcher's%20Hill%20%7C%20The%20Kennedy%20On%20Belcher's%20(Kennedy%20Town%202000's%20private%20residential%20buildings)?field=t_pop&sort=default&detailcode=CW0060,18142.0,building,CW0060,(Kennedy Town) Ivy On Belcher's / Westview Height / La Maison Du Nord / Shun Cheong Building / The Sail At Victoria / 60 Victoria Road / Mourt Davis 33 / Belcher's Hill / The Kennedy On Belcher's (Kennedy Town 2000's private residential buildings),202205,Month,22.28277,114.12953,9.80598497117489
Central and Western,Kennedy Town,(Kennedy Town) Ivy On Bel...,https://hkdata.centanet.com/BigData/hong-kong/Central%20and%20Western/CHMA/Kennedy-Town/building-group(Kennedy%20Town)%20Ivy%20On%20Belcher's%20%7C%20Westview%20Height%20%7C%20La%20Maison%20Du%20Nord%20%7C%20Shun%20Cheong%20Building%20%7C%20The%20Sail%20At%20Victoria%20%7C%2060%20Victoria%20Road%20%7C%20Mourt%20Davis%2033%20%7C%20Belcher's%20Hill%20%7C%20The%20Kennedy%20On%20Belcher's%20(Kennedy%20Town%202000's%20private%20residential%20buildings)?field=t_pop&sort=default&detailcode=CW0060,22200.0,building,CW0060,(Kennedy Town) Ivy On Belcher's / Westview Height / La Maison Du Nord / Shun Cheong Building / The Sail At Victoria / 60 Victoria Road / Mourt Davis 33 / Belcher's Hill / The Kennedy On Belcher's (Kennedy Town 2000's private residential buildings),202206,Month,22.28277,114.12953,10.00784756786037
Central and Western,Kennedy Town,(Kennedy Town) Ivy On Bel...,https://hkdata.centanet.com/BigData/hong-kong/Central%20and%20Western/CHMA/Kennedy-Town/building-group(Kennedy%20Town)%20Ivy%20On%20Belcher's%20%7C%20Westview%20Height%20%7C%20La%20Maison%20Du%20Nord%20%7C%20Shun%20Cheong%20Building%20%7C%20The%20Sail%20At%20Victoria%20%7C%2060%20Victoria%20Road%20%7C%20Mourt%20Davis%2033%20%7C%20Belcher's%20Hill%20%7C%20The%20Kennedy%20On%20Belcher's%20(Kennedy%20Town%202000's%20private%20residential%20buildings)?field=t_pop&sort=default&detailcode=CW0060,22200.0,building,CW0060,(Kennedy Town) Ivy On Belcher's / Westview Height / La Maison Du Nord / Shun Cheong Building / The Sail At Victoria / 60 Victoria Road / Mourt Davis 33 / Belcher's Hill / The Kennedy On Belcher's (Kennedy Town 2000's private residential buildings),202207,Month,22.28277,114.12953,10.00784756786037
Central and Western,Kennedy Town,(Kennedy Town) Ivy On Bel...,https://hkdata.centanet.com/BigData/hong-kong/Central%20and%20Western/CHMA/Kennedy-Town/building-group(Kennedy%20Town)%20Ivy%20On%20Belcher's%20%7C%20Westview%20Height%20%7C%20La%20Maison%20Du%20Nord%20%7C%20Shun%20Cheong%20Building%20%7C%20The%20Sail%20At%20Victoria%20%7C%2060%20Victoria%20Road%20%7C%20Mourt%20Davis%2033%20%7C%20Belcher's%20Hill%20%7C%20The%20Kennedy%20On%20Belcher's%20(Kennedy%20Town%202000's%20private%20residential%20buildings)?field=t_pop&sort=default&detailcode=CW0060,22200.0,building,CW0060,(Kennedy Town) Ivy On Belcher's / Westview Height / La Maison Du Nord / Shun Cheong Building / The Sail At Victoria / 60 Victoria Road / Mourt Davis 33 / Belcher's Hill / The Kennedy On Belcher's (Kennedy Town 2000's private residential buildings),202208,Month,22.28277,114.12953,10.00784756786037
Central and Western,Kennedy Town,(Kennedy Town) Ivy On Bel...,https://hkdata.centanet.com/BigData/hong-kong/Central%20and%20Western/CHMA/Kennedy-Town/building-group(Kennedy%20Town)%20Ivy%20On%20Belcher's%20%7C%20Westview%20Height%20%7C%20La%20Maison%20Du%20Nord%20%7C%20Shun%20Cheong%20Building%20%7C%20The%20Sail%20At%20Victoria%20%7C%2060%20Victoria%20Road%20%7C%20Mourt%20Davis%2033%20%7C%20Belcher's%20Hill%20%7C%20The%20Kennedy%20On%20Belcher's%20(Kennedy%20Town%202000's%20private%20residential%20buildings)?field=t_pop&sort=default&detailcode=CW0060,22663.0,building,CW0060,(Kennedy Town) Ivy On Belcher's / Westview Height / La Maison Du Nord / Shun Cheong Building / The Sail At Victoria / 60 Victoria Road / Mourt Davis 33 / Belcher's Hill / The Kennedy On Belcher's (Kennedy Town 2000's private residential buildings),202209,Month,22.28277,114.12953,10.028488917698931
Central and Western,Kennedy Town,(Kennedy Town) Ivy On Bel...,https://hkdata.centanet.com/BigData/hong-kong/Central%20and%20Western/CHMA/Kennedy-Town/building-group(Kennedy%20Town)%20Ivy%20On%20Belcher's%20%7C%20Westview%20Height%20%7C%20La%20Maison%20Du%20Nord%20%7C%20Shun%20Cheong%20Building%20%7C%20The%20Sail%20At%20Victoria%20%7C%2060%20Victoria%20Road%20%7C%20Mourt%20Davis%2033%20%7C%20Belcher's%20Hill%20%7C%20The%20Kennedy%20On%20Belcher's%20(Kennedy%20Town%202000's%20private%20residential%20buildings)?field=t_pop&sort=default&detailcode=CW0060,17297.33,building,CW0060,(Kennedy Town) Ivy On Belcher's / Westview Height / La Maison Du Nord / Shun Cheong Building / The Sail At Victoria / 60 Victoria Road / Mourt Davis 33 / Belcher's Hill / The Kennedy On Belcher's (Kennedy Town 2000's private residential buildings),202210,Month,22.28277,114.12953,9.758307433314844
Central and Western,Kennedy Town,(Kennedy Town) Ivy On Bel...,https://hkdata.centanet.com/BigData/hong-kong/Central%20and%20Western/CHMA/Kennedy-Town/building-group(Kennedy%20Town)%20Ivy%20On%20Belcher's%20%7C%20Westview%20Height%20%7C%20La%20Maison%20Du%20Nord%20%7C%20Shun%20Cheong%20Building%20%7C%20The%20Sail%20At%20Victoria%20%7C%2060%20Victoria%20Road%20%7C%20Mourt%20Davis%2033%20%7C%20Belcher's%20Hill%20%7C%20The%20Kennedy%20On%20Belcher's%20(Kennedy%20Town%202000's%20private%20residential%20buildings)?field=t_pop&sort=default&detailcode=CW0060,17297.33,building,CW0060,(Kennedy Town) Ivy On Belcher's / Westview Height / La Maison Du Nord / Shun Cheong Building / The Sail At Victoria / 60 Victoria Road / Mourt Davis 33 / Belcher's Hill / The Kennedy On Belcher's (Kennedy Town 2000's private residential buildings),202211,month,22.28277,114.12953,9.758307433314844
Central and Western,Kennedy Town,(Kennedy Town) Ivy On Bel...,https://hkdata.centanet.com/BigData/hong-kong/Central%20and%20Western/CHMA/Kennedy-Town/building-group(Kennedy%20Town)%20Ivy%20On%20Belcher's%20%7C%20Westview%20Height%20%7C%20La%20Maison%20Du%20Nord%20%7C%20Shun%20Cheong%20Building%20%7C%20The%20Sail%20At%20Victoria%20%7C%2060%20Victoria%20Road%20%7C%20Mourt%20Davis%2033%20%7C%20Belcher's%20Hill%20%7C%20The%20Kennedy%20On%20Belcher's%20(Kennedy%20Town%202000's%20private%20residential%20buildings)?field=t_pop&sort=default&detailcode=CW0060,19878.0,building,CW0060,(Kennedy Town) Ivy On Belcher's / Westview Height / La Maison Du Nord / Shun Cheong Building / The Sail At Victoria / 60 Victoria Road / Mourt Davis 33 / Belcher's Hill / The Kennedy On Belcher's (Kennedy Town 2000's private residential buildings),202212,Month,22.28277,114.12953,9.89736887152795
Central and Western,Kennedy Town,(Kennedy Town) Ivy On Bel...,https://hkdata.centanet.com/BigData/hong-kong/Central%20and%20Western/CHMA/Kennedy-Town/building-group(Kennedy%20Town)%20Ivy%20On%20Belcher's%20%7C%20Westview%20Height%20%7C%20La%20Maison%20Du%20Nord%20%7C%20Shun%20Cheong%20Building%20%7C%20The%20Sail%20At%20Victoria%20%7C%2060%20Victoria%20Road%20%7C%20Mourt%20Davis%2033%20%7C%20Belcher's%20Hill%20%7C%20The%20Kennedy%20On%20Belcher's%20(Kennedy%20Town%202000's%20private%20residential%20buildings)?field=t_pop&sort=default&detailcode=CW0060,18386.5,building,CW0060,(Kennedy Town) Ivy On Belcher's / Westview Height / La Maison Du Nord / Shun Cheong Building / The Sail At Victoria / 60 Victoria Road / Mourt Davis 33 / Belcher's Hill / The Kennedy On Belcher's (Kennedy Town 2000's private residential buildings),202301,Month,22.28277,114.12953,9.819371978658523
Central and Western,Kennedy Town,(Kennedy Town) Ivy On Bel...,https://hkdata.centanet.com/BigData/hong-kong/Central%20and%20Western/CHMA/Kennedy-Town/building-group(Kennedy%20Town)%20Ivy%20On%20Belcher's%20%7C%20Westview%20Height%20%7C%20La%20Maison%20Du%20Nord%20%7C%20Shun%20Cheong%20Building%20%7C%20The%20Sail%20At%20Victoria%20%7C%2060%20Victoria%20Road%20%7C%20Mourt%20Davis%2033%20%7C%20Belcher's%20Hill%20%7C%20The%20Kennedy%20On%20Belcher's%20(Kennedy%20Town%202000's%20private%20residential%20buildings)?field=t_pop&sort=default&detailcode=CW0060,18899.0,building,CW0060,(Kennedy Town) Ivy On Belcher's / Westview Height / La Maison Du Nord / Shun Cheong Building / The Sail At Victoria / 60 Victoria Road / Mourt Davis 33 / Belcher's Hill / The Kennedy On Belcher's (Kennedy Town 2000's private residential buildings),202302,Month,22.28277,114.12953,9.846864289595038
Central and Western,Kennedy Town,(Kennedy Town) Ivy On Bel...,https://hkdata.centanet.com/BigData/hong-kong/Central%20and%20Western/CHMA/Kennedy-Town/building-group(Kennedy%20Town)%20Ivy%20On%20Belcher's%20%7C%20Westview%20Height%20%7C%20La%20Maison%20Du%20Nord%20%7C%20Shun%20Cheong%20Building%20%7C%20The%20Sail%20At%20Victoria%20%7C%2060%20Victoria%20Road%20%7C%20Mourt%20Davis%2033%20%7C%20Belcher's%20Hill%20%7C%20The%20Kennedy%20On%20Belcher's%20(Kennedy%20Town%202000's%20private%20residential%20buildings)?field=t_pop&sort=default&detailcode=CW0060,19581.8,building,CW0060,(Kennedy Town) Ivy On Belcher's / Westview Height / La Maison Du Nord / Shun Cheong Building / The Sail At Victoria / 60 Victoria Road / Mourt Davis 33 / Belcher's Hill / The Kennedy On Belcher's (Kennedy Town 2000's private residential buildings),202303,Month,22.28277,114.12953,9.882355842400516
Central and Western,Kennedy Town,(Kennedy Town) Ivy On Bel...,https://hkdata.centanet.com/BigData/hong-kong/Central%20and%20Western/CHMA/Kennedy-Town/building-group(Kennedy%20Town)%20Ivy%20On%20Belcher's%20%7C%20Westview%20Height%20%7C%20La%20Maison%20Du%20Nord%20%7C%20Shun%20Cheong%20Building%20%7C%20The%20Sail%20At%20Victoria%20%7C%2060%20Victoria%20Road%20%7C%20Mourt%20Davis%2033%20%7C%20Belcher's%20Hill%20%7C%20The%20Kennedy%20On%20Belcher's%20(Kennedy%20Town%202000's%20private%20residential%20buildings)?field=t_pop&sort=default&detailcode=CW0060,20193.4,building,CW0060,(Kennedy Town) Ivy On Belcher's / Westview Height / La Maison Du Nord / Shun Cheong Building / The Sail At Victoria / 60 Victoria Road / Mourt Davis 33 / Belcher's Hill / The Kennedy On Belcher's (Kennedy Town 2000's private residential buildings),202304,Month,22.28277,114.12953,9.91311109732728
Central and Western,Kennedy Town,(Kennedy Town) Ivy On Bel...,https://hkdata.centanet.com/BigData/hong-kong/Central%20and%20Western/CHMA/Kennedy-Town/building-group(Kennedy%20Town)%20Ivy%20On%20Belcher's%20%7C%20Westview%20Height%20%7C%20La%20Maison%20Du%20Nord%20%7C%20Shun%20Cheong%20Building%20%7C%20The%20Sail%20At%20Victoria%20%7C%2060%20Victoria%20Road%20%7C%20Mourt%20Davis%2033%20%7C%20Belcher's%20Hill%20%7C%20The%20Kennedy%20On%20Belcher's%20(Kennedy%20Town%202000's%20private%20residential%20buildings)?field=t_pop&sort=default&detailcode=CW0060,17793.0,building,CW0060,(Kennedy Town) Ivy On Belcher's / Westview Height / La Maison Du Nord / Shun Cheong Building / The Sail At Victoria / 60 Victoria Road / Mourt Davis 33 / Belcher's Hill / The Kennedy On Belcher's (Kennedy Town 2000's private residential buildings),202305,Month,22.28277,114.12953,9.786560400506836
Central and Western,Kennedy Town,(Kennedy Town) Ivy On Bel...,https://hkdata.centanet.com/BigData/hong-kong/Central%20and%20Western/CHMA/Kennedy-Town/building-group(Kennedy%20Town)%20Ivy%20On%20Belcher's%20%7C%20Westview%20Height%20%7C%20La%20Maison%20Du%20Nord%20%7C%20Shun%20Cheong%20Building%20%7C%20The%20Sail%20At%20Victoria%20%7C%2060%20Victoria%20Road%20%7C%20Mourt%20Davis%2033%20%7C%20Belcher's%20Hill%20%7C%20The%20Kennedy%20On%20Belcher's%20(Kennedy%20Town%202000's%20private%20residential%20buildings)?field=t_pop&sort=default&detailcode=CW0060,19317.0,building,CW0060,(Kennedy Town) Ivy On Belcher's / Westview Height / La Maison Du Nord / Shun Cheong Building / The Sail At Victoria / 60 Victoria Road / Mourt Davis 33 / Belcher's Hill / The Kennedy On Belcher's (Kennedy Town 2000's private residential buildings),202306,Month,22.28277,114.12953,9.868740816206293
Central and Western,Kennedy Town,(Kennedy Town) Ivy On Bel...,https://hkdata.centanet.com/BigData/hong-kong/Central%20and%20Western/CHMA/Kennedy-Town/building-group(Kennedy%20Town)%20Ivy%20On%20Belcher's%20%7C%20Westview%20Height%20%7C%20La%20Maison%20Du%20Nord%20%7C%20Shun%20Cheong%20Building%20%7C%20The%20Sail%20At%20Victoria%20%7C%2060%20Victoria%20Road%20%7C%20Mourt%20Davis%2033%20%7C%20Belcher's%20Hill%20%7C%20The%20Kennedy%20On%20Belcher's%20(Kennedy%20Town%202000's%20private%20residential%20buildings)?field=t_pop&sort=default&detailcode=CW0060,18925.0,building,CW0060,(Kennedy Town) Ivy On Belcher's / Westview Height / La Maison Du Nord / Shun Cheong Building / The Sail At Victoria / 60 Victoria Road / Mourt Davis 33 / Belcher's Hill / The Kennedy On Belcher's (Kennedy Town 2000's private residential buildings),202307,Month,22.28277,114.12953,9.84823907830565
Central and Western,Kennedy Town,(Kennedy Town) Ivy On Bel...,https://hkdata.centanet.com/BigData/hong-kong/Central%20and%20Western/CHMA/Kennedy-Town/building-group(Kennedy%20Town)%20Ivy%20On%20Belcher's%20%7C%20Westview%20Height%20%7C%20La%20Maison%20Du%20Nord%20%7C%20Shun%20Cheong%20Building%20%7C%20The%20Sail%20At%20Victoria%20%7C%2060%20Victoria%20Road%20%7C%20Mourt%20Davis%2033%20%7C%20Belcher's%20Hill%20%7C%20The%20Kennedy%20On%20Belcher's%20(Kennedy%20Town%202000's%20private%20residential%20buildings)?field=t_pop&sort=default&detailcode=CW0060,20834.0,building,CW0060,(Kennedy Town) Ivy On Belcher's / Westview Height / La Maison Du Nord / Shun Cheong Building / The Sail At Victoria / 60 Victoria Road / Mourt Davis 33 / Belcher's Hill / The Kennedy On Belcher's (Kennedy Town 2000's private residential buildings),202308,Month,22.28277,114.12953,9.944341546544393
Central and Western,Kennedy Town,(Kennedy Town) Ivy On Bel...,https://hkdata.centanet.com/BigData/hong-kong/Central%20and%20Western/CHMA/Kennedy-Town/building-group(Kennedy%20Town)%20Ivy%20On%20Belcher's%20%7C%20Westview%20Height%20%7C%20La%20Maison%20Du%20Nord%20%7C%20Shun%20Cheong%20Building%20%7C%20The%20Sail%20At%20Victoria%20%7C%2060%20Victoria%20Road%20%7C%20Mourt%20Davis%2033%20%7C%20Belcher's%20Hill%20%7C%20The%20Kennedy%20On%20Belcher's%20(Kennedy%20Town%202000's%20private%20residential%20buildings)?field=t_pop&sort=default&detailcode=CW0060,20834.0,building,CW0060,(Kennedy Town) Ivy On Belcher's / Westview Height / La Maison Du Nord / Shun Cheong Building / The Sail At Victoria / 60 Victoria Road / Mourt Davis 33 / Belcher's Hill / The Kennedy On Belcher's (Kennedy Town 2000's private residential buildings),202309,Month,22.28277,114.12953,9.944341546544393
Central and Western,Kennedy Town,(Kennedy Town) Ivy On Bel...,https://hkdata.centanet.com/BigData/hong-kong/Central%20and%20Western/CHMA/Kennedy-Town/building-group(Kennedy%20Town)%20Ivy%20On%20Belcher's%20%7C%20Westview%20Height%20%7C%20La%20Maison%20Du%20Nord%20%7C%20Shun%20Cheong%20Building%20%7C%20The%20Sail%20At%20Victoria%20%7C%2060%20Victoria%20Road%20%7C%20Mourt%20Davis%2033%20%7C%20Belcher's%20Hill%20%7C%20The%20Kennedy%20On%20Belcher's%20(Kennedy%20Town%202000's%20private%20residential%20buildings)?field=t_pop&sort=default&detailcode=CW0060,20834.0,building,CW0060,(Kennedy Town) Ivy On Belcher's / Westview Height / La Maison Du Nord / Shun Cheong Building / The Sail At Victoria / 60 Victoria Road / Mourt Davis 33 / Belcher's Hill / The Kennedy On Belcher's (Kennedy Town 2000's private residential buildings),202310,Month,22.28277,114.12953,9.944341546544393
Central and Western,Kennedy Town,(Kennedy Town) Ivy On Bel...,https://hkdata.centanet.com/BigData/hong-kong/Central%20and%20Western/CHMA/Kennedy-Town/building-group(Kennedy%20Town)%20Ivy%20On%20Belcher's%20%7C%20Westview%20Height%20%7C%20La%20Maison%20Du%20Nord%20%7C%20Shun%20Cheong%20Building%20%7C%20The%20Sail%20At%20Victoria%20%7C%2060%20Victoria%20Road%20%7C%20Mourt%20Davis%2033%20%7C%20Belcher's%20Hill%20%7C%20The%20Kennedy%20On%20Belcher's%20(Kennedy%20Town%202000's%20private%20residential%20buildings)?field=t_pop&sort=default&detailcode=CW0060,24327.5,building,CW0060,(Kennedy Town) Ivy On Belcher's / Westview Height / La Maison Du Nord / Shun Cheong Building / The Sail At Victoria / 60 Victoria Road / Mourt Davis 33 / Belcher's Hill / The Kennedy On Belcher's (Kennedy Town 2000's private residential buildings),202311,Month,22.28277,114.12953,10.099362676696144
Central and Western,Kennedy Town,(Kennedy Town) Ivy On Bel...,https://hkdata.centanet.com/BigData/hong-kong/Central%20and%20Western/CHMA/Kennedy-Town/building-group(Kennedy%20Town)%20Ivy%20On%20Belcher's%20%7C%20Westview%20Height%20%7C%20La%20Maison%20Du%20Nord%20%7C%20Shun%20Cheong%20Building%20%7C%20The%20Sail%20At%20Victoria%20%7C%2060%20Victoria%20Road%20%7C%20Mourt%20Davis%2033%20%7C%20Belcher's%20Hill%20%7C%20The%20Kennedy%20On%20Belcher's%20(Kennedy%20Town%202000's%20private%20residential%20buildings)?field=t_pop&sort=default&detailcode=CW0060,17677.0,building,CW0060,(Kennedy Town) Ivy On Belcher's / Westview Height / La Maison Du Nord / Shun Cheong Building / The Sail At Victoria / 60 Victoria Road / Mourt Davis 33 / Belcher's Hill / The Kennedy On Belcher's (Kennedy Town 2000's private residential buildings),202312,Month,22.28277,114.12953,9.780019638535883
Central and Western,Kennedy Town,(Kennedy Town) Ivy On Bel...,https://hkdata.centanet.com/BigData/hong-kong/Central%20and%20Western/CHMA/Kennedy-Town/building-group(Kennedy%20Town)%20Ivy%20On%20Belcher's%20%7C%20Westview%20Height%20%7C%20La%20Maison%20Du%20Nord%20%7C%20Shun%20Cheong%20Building%20%7C%20The%20Sail%20At%20Victoria%20%7C%2060%20Victoria%20Road%20%7C%20Mourt%20Davis%2033%20%7C%20Belcher's%20Hill%20%7C%20The%20Kennedy%20On%20Belcher's%20(Kennedy%20Town%202000's%20private%20residential%20buildings)?field=t_pop&sort=default&detailcode=CW0060,17677.0,building,CW0060,(Kennedy Town) Ivy On Belcher's / Westview Height / La Maison Du Nord / Shun Cheong Building / The Sail At Victoria / 60 Victoria Road / Mourt Davis 33 / Belcher's Hill / The Kennedy On Belcher's (Kennedy Town 2000's private residential buildings),202401,Month,22.28277,114.12953,9.780019638535883
Central and Western,Kennedy Town,(Kennedy Town) Ivy On Bel...,https://hkdata.centanet.com/BigData/hong-kong/Central%20and%20Western/CHMA/Kennedy-Town/building-group(Kennedy%20Town)%20Ivy%20On%20Belcher's%20%7C%20Westview%20Height%20%7C%20La%20Maison%20Du%20Nord%20%7C%20Shun%20Cheong%20Building%20%7C%20The%20Sail%20At%20Victoria%20%7C%2060%20Victoria%20Road%20%7C%20Mourt%20Davis%2033%20%7C%20Belcher's%20Hill%20%7C%20The%20Kennedy%20On%20Belcher's%20(Kennedy%20Town%202000's%20private%20residential%20buildings)?field=t_pop&sort=default&detailcode=CW0060,19878.0,building,CW0060,(Kennedy Town) Ivy On Belcher's / Westview Height / La Maison Du Nord / Shun Cheong Building / The Sail At Victoria / 60 Victoria Road / Mourt Davis 33 / Belcher's Hill / The Kennedy On Belcher's (Kennedy Town 2000's private residential buildings),202402,Month,22.28277,114.12953,9.89736887152795
Central and Western,Kennedy Town,(Kennedy Town) Ivy On Bel...,https://hkdata.centanet.com/BigData/hong-kong/Central%20and%20Western/CHMA/Kennedy-Town/building-group(Kennedy%20Town)%20Ivy%20On%20Belcher's%20%7C%20Westview%20Height%20%7C%20La%20Maison%20Du%20Nord%20%7C%20Shun%20Cheong%20Building%20%7C%20The%20Sail%20At%20Victoria%20%7C%2060%20Victoria%20Road%20%7C%20Mourt%20Davis%2033%20%7C%20Belcher's%20Hill%20%7C%20The%20Kennedy%20On%20Belcher's%20(Kennedy%20Town%202000's%20private%20residential%20buildings)?field=t_pop&sort=default&detailcode=CW0060,20699.0,building,CW0060,(Kennedy Town) Ivy On Belcher's / Westview Height / La Maison Du Nord / Shun Cheong Building / The Sail At Victoria / 60 Victoria Road / Mourt Davis 33 / Belcher's Hill / The Kennedy On Belcher's (Kennedy Town 2000's private residential buildings),202403,Month,22.28277,114.12953,9.937840668907791
Central and Western,Kennedy Town,(Kennedy Town) Ivy On Bel...,https://hkdata.centanet.com/BigData/hong-kong/Central%20and%20Western/CHMA/Kennedy-Town/building-group(Kennedy%20Town)%20Ivy%20On%20Belcher's%20%7C%20Westview%20Height%20%7C%20La%20Maison%20Du%20Nord%20%7C%20Shun%20Cheong%20Building%20%7C%20The%20Sail%20At%20Victoria%20%7C%2060%20Victoria%20Road%20%7C%20Mourt%20Davis%2033%20%7C%20Belcher's%20Hill%20%7C%20The%20Kennedy%20On%20Belcher's%20(Kennedy%20Town%202000's%20private%20residential%20buildings)?field=t_pop&sort=default&detailcode=CW0060,23274.5,building,CW0060,(Kennedy Town) Ivy On Belcher's / Westview Height / La Maison Du Nord / Shun Cheong Building / The Sail At Victoria / 60 Victoria Road / Mourt Davis 33 / Belcher's Hill / The Kennedy On Belcher's (Kennedy Town 2000's private residential buildings),202404,Month,22.28277,114.12953,10.0551136196374
Central and Western,Kennedy Town,(Kennedy Town) Ivy On Bel...,https://hkdata.centanet.com/BigData/hong-kong/Central%20and%20Western/CHMA/Kennedy-Town/building-group(Kennedy%20Town)%20Ivy%20On%20Belcher's%20%7C%20Westview%20Height%20%7C%20La%20Maison%20Du%20Nord%20%7C%20Shun%20Cheong%20Building%20%7C%20The%20Sail%20At%20Victoria%20%7C%2060%20Victoria%20Road%20%7C%20Mourt%20Davis%2033%20%7C%20Belcher's%20Hill%20%7C%20The%20Kennedy%20On%20Belcher's%20(Kennedy%20Town%202000's%20private%20residential%20buildings)?field=t_pop&sort=default&detailcode=CW0060,19739.0,building,CW0060,(Kennedy Town) Ivy On Belcher's / Westview Height / La Maison Du Nord / Shun Cheong Building / The Sail At Victoria / 60 Victoria Road / Mourt Davis 33 / Belcher's Hill / The Kennedy On Belcher's (Kennedy Town 2000's private residential buildings),202405,Month,22.28277,114.12953,9.890351653142988
Central and Western,Kennedy Town,(Kennedy Town) Ivy On Bel...,https://hkdata.centanet.com/BigData/hong-kong/Central%20and%20Western/CHMA/Kennedy-Town/building-group(Kennedy%20Town)%20Ivy%20On%20Belcher's%20%7C%20Westview%20Height%20%7C%20La%20Maison%20Du%20Nord%20%7C%20Shun%20Cheong%20Building%20%7C%20The%20Sail%20At%20Victoria%20%7C%2060%20Victoria%20Road%20%7C%20Mourt%20Davis%2033%20%7C%20Belcher's%20Hill%20%7C%20The%20Kennedy%20On%20Belcher's%20(Kennedy%20Town%202000's%20private%20residential%20buildings)?field=t_pop&sort=default&detailcode=CW0060,19739.0,building,CW0060,(Kennedy Town) Ivy On Belcher's / Westview Height / La Maison Du Nord / Shun Cheong Building / The Sail At Victoria / 60 Victoria Road / Mourt Davis 33 / Belcher's Hill / The Kennedy On Belcher's (Kennedy Town 2000's private residential buildings),202406,month,22.28277,114.12953,9.890351653142988
Central and Western,Kennedy Town,(Kennedy Town) Ivy On Bel...,https://hkdata.centanet.com/BigData/hong-kong/Central%20and%20Western/CHMA/Kennedy-Town/building-group(Kennedy%20Town)%20Ivy%20On%20Belcher's%20%7C%20Westview%20Height%20%7C%20La%20Maison%20Du%20Nord%20%7C%20Shun%20Cheong%20Building%20%7C%20The%20Sail%20At%20Victoria%20%7C%2060%20Victoria%20Road%20%7C%20Mourt%20Davis%2033%20%7C%20Belcher's%20Hill%20%7C%20The%20Kennedy%20On%20Belcher's%20(Kennedy%20Town%202000's%20private%20residential%20buildings)?field=t_pop&sort=default&detailcode=CW0060,19739.0,building,CW0060,(Kennedy Town) Ivy On Belcher's / Westview Height / La Maison Du Nord / Shun Cheong Building / The Sail At Victoria / 60 Victoria Road / Mourt Davis 33 / Belcher's Hill / The Kennedy On Belcher's (Kennedy Town 2000's private residential buildings),202407,Month,22.28277,114.12953,9.890351653142988
Central and Western,Kennedy Town,(Kennedy Town) Ivy On Bel...,https://hkdata.centanet.com/BigData/hong-kong/Central%20and%20Western/CHMA/Kennedy-Town/building-group(Kennedy%20Town)%20Ivy%20On%20Belcher's%20%7C%20Westview%20Height%20%7C%20La%20Maison%20Du%20Nord%20%7C%20Shun%20Cheong%20Building%20%7C%20The%20Sail%20At%20Victoria%20%7C%2060%20Victoria%20Road%20%7C%20Mourt%20Davis%2033%20%7C%20Belcher's%20Hill%20%7C%20The%20Kennedy%20On%20Belcher's%20(Kennedy%20Town%202000's%20private%20residential%20buildings)?field=t_pop&sort=default&detailcode=CW0060,13916.0,building,CW0060,(Kennedy Town) Ivy On Belcher's / Westview Height / La Maison Du Nord / Shun Cheong Building / The Sail At Victoria / 60 Victoria Road / Mourt Davis 33 / Belcher's Hill / The Kennedy On Belcher's (Kennedy Town 2000's private residential buildings),202408,Month,22.28277,114.12953,9.540794536271832
Central and Western,Kennedy Town,(Kennedy Town) Ivy On Bel...,https://hkdata.centanet.com/BigData/hong-kong/Central%20and%20Western/CHMA/Kennedy-Town/building-group(Kennedy%20Town)%20Ivy%20On%20Belcher's%20%7C%20Westview%20Height%20%7C%20La%20Maison%20Du%20Nord%20%7C%20Shun%20Cheong%20Building%20%7C%20The%20Sail%20At%20Victoria%20%7C%2060%20Victoria%20Road%20%7C%20Mourt%20Davis%2033%20%7C%20Belcher's%20Hill%20%7C%20The%20Kennedy%20On%20Belcher's%20(Kennedy%20Town%202000's%20private%20residential%20buildings)?field=t_pop&sort=default&detailcode=CW0060,14879.0,building,CW0060,(Kennedy Town) Ivy On Belcher's / Westview Height / La Maison Du Nord / Shun Cheong Building / The Sail At Victoria / 60 Victoria Road / Mourt Davis 33 / Belcher's Hill / The Kennedy On Belcher's (Kennedy Town 2000's private residential buildings),202409,Month,22.28277,114.12953,9.607706101827697
Central and Western,Kennedy Town,(Kennedy Town) Ivy On Bel...,https://hkdata.centanet.com/BigData/hong-kong/Central%20and%20Western/CHMA/Kennedy-Town/building-group(Kennedy%20Town)%20Ivy%20On%20Belcher's%20%7C%20Westview%20Height%20%7C%20La%20Maison%20Du%20Nord%20%7C%20Shun%20Cheong%20Building%20%7C%20The%20Sail%20At%20Victoria%20%7C%2060%20Victoria%20Road%20%7C%20Mourt%20Davis%2033%20%7C%20Belcher's%20Hill%20%7C%20The%20Kennedy%20On%20Belcher's%20(Kennedy%20Town%202000's%20private%20residential%20buildings)?field=t_pop&sort=default&detailcode=CW0060,14535.0,building,CW0060,(Kennedy Town) Ivy On Belcher's / Westview Height / La Maison Du Nord / Shun Cheong Building / The Sail At Victoria / 60 Victoria Road / Mourt Davis 33 / Belcher's Hill / The Kennedy On Belcher's (Kennedy Town 2000's private residential buildings),202410,Month,22.28277,114.12953,9.584314812992977
