District,Sub-District,Estate,Link,edu_ter,Type,Code,NameE,DateValue,Period
Central and Western,Kennedy Town,(Kennedy Town) Ivy On Bel...,https://hkdata.centanet.com/BigData/hong-kong/Central%20and%20Western/CHMA/Kennedy-Town/building-group(Kennedy%20Town)%20Ivy%20On%20Belcher's%20%7C%20Westview%20Height%20%7C%20La%20Maison%20Du%20Nord%20%7C%20Shun%20Cheong%20Building%20%7C%20The%20Sail%20At%20Victoria%20%7C%2060%20Victoria%20Road%20%7C%20Mourt%20Davis%2033%20%7C%20Belcher's%20Hill%20%7C%20The%20Kennedy%20On%20Belcher's%20(Kennedy%20Town%202000's%20private%20residential%20buildings)?field=t_pop&sort=default&detailcode=CW0060,,building,CW0060,(Kennedy Town) Ivy On Belcher's / Westview Height / La Maison Du Nord / Shun Cheong Building / The Sail At Victoria / 60 Victoria Road / Mourt Davis 33 / Belcher's Hill / The Kennedy On Belcher's (Kennedy Town 2000's private residential buildings),1996,Year
Central and Western,Kennedy Town,(Kennedy Town) Ivy On Bel...,https://hkdata.centanet.com/BigData/hong-kong/Central%20and%20Western/CHMA/Kennedy-Town/building-group(Kennedy%20Town)%20Ivy%20On%20Belcher's%20%7C%20Westview%20Height%20%7C%20La%20Maison%20Du%20Nord%20%7C%20Shun%20Cheong%20Building%20%7C%20The%20Sail%20At%20Victoria%20%7C%2060%20Victoria%20Road%20%7C%20Mourt%20Davis%2033%20%7C%20Belcher's%20Hill%20%7C%20The%20Kennedy%20On%20Belcher's%20(Kennedy%20Town%202000's%20private%20residential%20buildings)?field=t_pop&sort=default&detailcode=CW0060,,building,CW0060,(Kennedy Town) Ivy On Belcher's / Westview Height / La Maison Du Nord / Shun Cheong Building / The Sail At Victoria / 60 Victoria Road / Mourt Davis 33 / Belcher's Hill / The Kennedy On Belcher's (Kennedy Town 2000's private residential buildings),1996_1,HalfYear
Central and Western,Kennedy Town,(Kennedy Town) Ivy On Bel...,https://hkdata.centanet.com/BigData/hong-kong/Central%20and%20Western/CHMA/Kennedy-Town/building-group(Kennedy%20Town)%20Ivy%20On%20Belcher's%20%7C%20Westview%20Height%20%7C%20La%20Maison%20Du%20Nord%20%7C%20Shun%20Cheong%20Building%20%7C%20The%20Sail%20At%20Victoria%20%7C%2060%20Victoria%20Road%20%7C%20Mourt%20Davis%2033%20%7C%20Belcher's%20Hill%20%7C%20The%20Kennedy%20On%20Belcher's%20(Kennedy%20Town%202000's%20private%20residential%20buildings)?field=t_pop&sort=default&detailcode=CW0060,,building,CW0060,(Kennedy Town) Ivy On Belcher's / Westview Height / La Maison Du Nord / Shun Cheong Building / The Sail At Victoria / 60 Victoria Road / Mourt Davis 33 / Belcher's Hill / The Kennedy On Belcher's (Kennedy Town 2000's private residential buildings),1996_2,HalfYear
Central and Western,Kennedy Town,(Kennedy Town) Ivy On Bel...,https://hkdata.centanet.com/BigData/hong-kong/Central%20and%20Western/CHMA/Kennedy-Town/building-group(Kennedy%20Town)%20Ivy%20On%20Belcher's%20%7C%20Westview%20Height%20%7C%20La%20Maison%20Du%20Nord%20%7C%20Shun%20Cheong%20Building%20%7C%20The%20Sail%20At%20Victoria%20%7C%2060%20Victoria%20Road%20%7C%20Mourt%20Davis%2033%20%7C%20Belcher's%20Hill%20%7C%20The%20Kennedy%20On%20Belcher's%20(Kennedy%20Town%202000's%20private%20residential%20buildings)?field=t_pop&sort=default&detailcode=CW0060,,building,CW0060,(Kennedy Town) Ivy On Belcher's / Westview Height / La Maison Du Nord / Shun Cheong Building / The Sail At Victoria / 60 Victoria Road / Mourt Davis 33 / Belcher's Hill / The Kennedy On Belcher's (Kennedy Town 2000's private residential buildings),199601,Month
Central and Western,Kennedy Town,(Kennedy Town) Ivy On Bel...,https://hkdata.centanet.com/BigData/hong-kong/Central%20and%20Western/CHMA/Kennedy-Town/building-group(Kennedy%20Town)%20Ivy%20On%20Belcher's%20%7C%20Westview%20Height%20%7C%20La%20Maison%20Du%20Nord%20%7C%20Shun%20Cheong%20Building%20%7C%20The%20Sail%20At%20Victoria%20%7C%2060%20Victoria%20Road%20%7C%20Mourt%20Davis%2033%20%7C%20Belcher's%20Hill%20%7C%20The%20Kennedy%20On%20Belcher's%20(Kennedy%20Town%202000's%20private%20residential%20buildings)?field=t_pop&sort=default&detailcode=CW0060,,building,CW0060,(Kennedy Town) Ivy On Belcher's / Westview Height / La Maison Du Nord / Shun Cheong Building / The Sail At Victoria / 60 Victoria Road / Mourt Davis 33 / Belcher's Hill / The Kennedy On Belcher's (Kennedy Town 2000's private residential buildings),199602,month
Central and Western,Kennedy Town,(Kennedy Town) Ivy On Bel...,https://hkdata.centanet.com/BigData/hong-kong/Central%20and%20Western/CHMA/Kennedy-Town/building-group(Kennedy%20Town)%20Ivy%20On%20Belcher's%20%7C%20Westview%20Height%20%7C%20La%20Maison%20Du%20Nord%20%7C%20Shun%20Cheong%20Building%20%7C%20The%20Sail%20At%20Victoria%20%7C%2060%20Victoria%20Road%20%7C%20Mourt%20Davis%2033%20%7C%20Belcher's%20Hill%20%7C%20The%20Kennedy%20On%20Belcher's%20(Kennedy%20Town%202000's%20private%20residential%20buildings)?field=t_pop&sort=default&detailcode=CW0060,,building,CW0060,(Kennedy Town) Ivy On Belcher's / Westview Height / La Maison Du Nord / Shun Cheong Building / The Sail At Victoria / 60 Victoria Road / Mourt Davis 33 / Belcher's Hill / The Kennedy On Belcher's (Kennedy Town 2000's private residential buildings),199603,Month
Central and Western,Kennedy Town,(Kennedy Town) Ivy On Bel...,https://hkdata.centanet.com/BigData/hong-kong/Central%20and%20Western/CHMA/Kennedy-Town/building-group(Kennedy%20Town)%20Ivy%20On%20Belcher's%20%7C%20Westview%20Height%20%7C%20La%20Maison%20Du%20Nord%20%7C%20Shun%20Cheong%20Building%20%7C%20The%20Sail%20At%20Victoria%20%7C%2060%20Victoria%20Road%20%7C%20Mourt%20Davis%2033%20%7C%20Belcher's%20Hill%20%7C%20The%20Kennedy%20On%20Belcher's%20(Kennedy%20Town%202000's%20private%20residential%20buildings)?field=t_pop&sort=default&detailcode=CW0060,,building,CW0060,(Kennedy Town) Ivy On Belcher's / Westview Height / La Maison Du Nord / Shun Cheong Building / The Sail At Victoria / 60 Victoria Road / Mourt Davis 33 / Belcher's Hill / The Kennedy On Belcher's (Kennedy Town 2000's private residential buildings),199604,Month
Central and Western,Kennedy Town,(Kennedy Town) Ivy On Bel...,https://hkdata.centanet.com/BigData/hong-kong/Central%20and%20Western/CHMA/Kennedy-Town/building-group(Kennedy%20Town)%20Ivy%20On%20Belcher's%20%7C%20Westview%20Height%20%7C%20La%20Maison%20Du%20Nord%20%7C%20Shun%20Cheong%20Building%20%7C%20The%20Sail%20At%20Victoria%20%7C%2060%20Victoria%20Road%20%7C%20Mourt%20Davis%2033%20%7C%20Belcher's%20Hill%20%7C%20The%20Kennedy%20On%20Belcher's%20(Kennedy%20Town%202000's%20private%20residential%20buildings)?field=t_pop&sort=default&detailcode=CW0060,,building,CW0060,(Kennedy Town) Ivy On Belcher's / Westview Height / La Maison Du Nord / Shun Cheong Building / The Sail At Victoria / 60 Victoria Road / Mourt Davis 33 / Belcher's Hill / The Kennedy On Belcher's (Kennedy Town 2000's private residential buildings),199605,Month
Central and Western,Kennedy Town,(Kennedy Town) Ivy On Bel...,https://hkdata.centanet.com/BigData/hong-kong/Central%20and%20Western/CHMA/Kennedy-Town/building-group(Kennedy%20Town)%20Ivy%20On%20Belcher's%20%7C%20Westview%20Height%20%7C%20La%20Maison%20Du%20Nord%20%7C%20Shun%20Cheong%20Building%20%7C%20The%20Sail%20At%20Victoria%20%7C%2060%20Victoria%20Road%20%7C%20Mourt%20Davis%2033%20%7C%20Belcher's%20Hill%20%7C%20The%20Kennedy%20On%20Belcher's%20(Kennedy%20Town%202000's%20private%20residential%20buildings)?field=t_pop&sort=default&detailcode=CW0060,,building,CW0060,(Kennedy Town) Ivy On Belcher's / Westview Height / La Maison Du Nord / Shun Cheong Building / The Sail At Victoria / 60 Victoria Road / Mourt Davis 33 / Belcher's Hill / The Kennedy On Belcher's (Kennedy Town 2000's private residential buildings),199606,Month
Central and Western,Kennedy Town,(Kennedy Town) Ivy On Bel...,https://hkdata.centanet.com/BigData/hong-kong/Central%20and%20Western/CHMA/Kennedy-Town/building-group(Kennedy%20Town)%20Ivy%20On%20Belcher's%20%7C%20Westview%20Height%20%7C%20La%20Maison%20Du%20Nord%20%7C%20Shun%20Cheong%20Building%20%7C%20The%20Sail%20At%20Victoria%20%7C%2060%20Victoria%20Road%20%7C%20Mourt%20Davis%2033%20%7C%20Belcher's%20Hill%20%7C%20The%20Kennedy%20On%20Belcher's%20(Kennedy%20Town%202000's%20private%20residential%20buildings)?field=t_pop&sort=default&detailcode=CW0060,,building,CW0060,(Kennedy Town) Ivy On Belcher's / Westview Height / La Maison Du Nord / Shun Cheong Building / The Sail At Victoria / 60 Victoria Road / Mourt Davis 33 / Belcher's Hill / The Kennedy On Belcher's (Kennedy Town 2000's private residential buildings),199607,Month
Central and Western,Kennedy Town,(Kennedy Town) Ivy On Bel...,https://hkdata.centanet.com/BigData/hong-kong/Central%20and%20Western/CHMA/Kennedy-Town/building-group(Kennedy%20Town)%20Ivy%20On%20Belcher's%20%7C%20Westview%20Height%20%7C%20La%20Maison%20Du%20Nord%20%7C%20Shun%20Cheong%20Building%20%7C%20The%20Sail%20At%20Victoria%20%7C%2060%20Victoria%20Road%20%7C%20Mourt%20Davis%2033%20%7C%20Belcher's%20Hill%20%7C%20The%20Kennedy%20On%20Belcher's%20(Kennedy%20Town%202000's%20private%20residential%20buildings)?field=t_pop&sort=default&detailcode=CW0060,,building,CW0060,(Kennedy Town) Ivy On Belcher's / Westview Height / La Maison Du Nord / Shun Cheong Building / The Sail At Victoria / 60 Victoria Road / Mourt Davis 33 / Belcher's Hill / The Kennedy On Belcher's (Kennedy Town 2000's private residential buildings),199608,Month
Central and Western,Kennedy Town,(Kennedy Town) Ivy On Bel...,https://hkdata.centanet.com/BigData/hong-kong/Central%20and%20Western/CHMA/Kennedy-Town/building-group(Kennedy%20Town)%20Ivy%20On%20Belcher's%20%7C%20Westview%20Height%20%7C%20La%20Maison%20Du%20Nord%20%7C%20Shun%20Cheong%20Building%20%7C%20The%20Sail%20At%20Victoria%20%7C%2060%20Victoria%20Road%20%7C%20Mourt%20Davis%2033%20%7C%20Belcher's%20Hill%20%7C%20The%20Kennedy%20On%20Belcher's%20(Kennedy%20Town%202000's%20private%20residential%20buildings)?field=t_pop&sort=default&detailcode=CW0060,,building,CW0060,(Kennedy Town) Ivy On Belcher's / Westview Height / La Maison Du Nord / Shun Cheong Building / The Sail At Victoria / 60 Victoria Road / Mourt Davis 33 / Belcher's Hill / The Kennedy On Belcher's (Kennedy Town 2000's private residential buildings),199609,Month
Central and Western,Kennedy Town,(Kennedy Town) Ivy On Bel...,https://hkdata.centanet.com/BigData/hong-kong/Central%20and%20Western/CHMA/Kennedy-Town/building-group(Kennedy%20Town)%20Ivy%20On%20Belcher's%20%7C%20Westview%20Height%20%7C%20La%20Maison%20Du%20Nord%20%7C%20Shun%20Cheong%20Building%20%7C%20The%20Sail%20At%20Victoria%20%7C%2060%20Victoria%20Road%20%7C%20Mourt%20Davis%2033%20%7C%20Belcher's%20Hill%20%7C%20The%20Kennedy%20On%20Belcher's%20(Kennedy%20Town%202000's%20private%20residential%20buildings)?field=t_pop&sort=default&detailcode=CW0060,,building,CW0060,(Kennedy Town) Ivy On Belcher's / Westview Height / La Maison Du Nord / Shun Cheong Building / The Sail At Victoria / 60 Victoria Road / Mourt Davis 33 / Belcher's Hill / The Kennedy On Belcher's (Kennedy Town 2000's private residential buildings),199610,Month
Central and Western,Kennedy Town,(Kennedy Town) Ivy On Bel...,https://hkdata.centanet.com/BigData/hong-kong/Central%20and%20Western/CHMA/Kennedy-Town/building-group(Kennedy%20Town)%20Ivy%20On%20Belcher's%20%7C%20Westview%20Height%20%7C%20La%20Maison%20Du%20Nord%20%7C%20Shun%20Cheong%20Building%20%7C%20The%20Sail%20At%20Victoria%20%7C%2060%20Victoria%20Road%20%7C%20Mourt%20Davis%2033%20%7C%20Belcher's%20Hill%20%7C%20The%20Kennedy%20On%20Belcher's%20(Kennedy%20Town%202000's%20private%20residential%20buildings)?field=t_pop&sort=default&detailcode=CW0060,,building,CW0060,(Kennedy Town) Ivy On Belcher's / Westview Height / La Maison Du Nord / Shun Cheong Building / The Sail At Victoria / 60 Victoria Road / Mourt Davis 33 / Belcher's Hill / The Kennedy On Belcher's (Kennedy Town 2000's private residential buildings),199611,Month
Central and Western,Kennedy Town,(Kennedy Town) Ivy On Bel...,https://hkdata.centanet.com/BigData/hong-kong/Central%20and%20Western/CHMA/Kennedy-Town/building-group(Kennedy%20Town)%20Ivy%20On%20Belcher's%20%7C%20Westview%20Height%20%7C%20La%20Maison%20Du%20Nord%20%7C%20Shun%20Cheong%20Building%20%7C%20The%20Sail%20At%20Victoria%20%7C%2060%20Victoria%20Road%20%7C%20Mourt%20Davis%2033%20%7C%20Belcher's%20Hill%20%7C%20The%20Kennedy%20On%20Belcher's%20(Kennedy%20Town%202000's%20private%20residential%20buildings)?field=t_pop&sort=default&detailcode=CW0060,,building,CW0060,(Kennedy Town) Ivy On Belcher's / Westview Height / La Maison Du Nord / Shun Cheong Building / The Sail At Victoria / 60 Victoria Road / Mourt Davis 33 / Belcher's Hill / The Kennedy On Belcher's (Kennedy Town 2000's private residential buildings),199612,Month
Central and Western,Kennedy Town,(Kennedy Town) Ivy On Bel...,https://hkdata.centanet.com/BigData/hong-kong/Central%20and%20Western/CHMA/Kennedy-Town/building-group(Kennedy%20Town)%20Ivy%20On%20Belcher's%20%7C%20Westview%20Height%20%7C%20La%20Maison%20Du%20Nord%20%7C%20Shun%20Cheong%20Building%20%7C%20The%20Sail%20At%20Victoria%20%7C%2060%20Victoria%20Road%20%7C%20Mourt%20Davis%2033%20%7C%20Belcher's%20Hill%20%7C%20The%20Kennedy%20On%20Belcher's%20(Kennedy%20Town%202000's%20private%20residential%20buildings)?field=t_pop&sort=default&detailcode=CW0060,,building,CW0060,(Kennedy Town) Ivy On Belcher's / Westview Height / La Maison Du Nord / Shun Cheong Building / The Sail At Victoria / 60 Victoria Road / Mourt Davis 33 / Belcher's Hill / The Kennedy On Belcher's (Kennedy Town 2000's private residential buildings),1996Q1,Quarter
Central and Western,Kennedy Town,(Kennedy Town) Ivy On Bel...,https://hkdata.centanet.com/BigData/hong-kong/Central%20and%20Western/CHMA/Kennedy-Town/building-group(Kennedy%20Town)%20Ivy%20On%20Belcher's%20%7C%20Westview%20Height%20%7C%20La%20Maison%20Du%20Nord%20%7C%20Shun%20Cheong%20Building%20%7C%20The%20Sail%20At%20Victoria%20%7C%2060%20Victoria%20Road%20%7C%20Mourt%20Davis%2033%20%7C%20Belcher's%20Hill%20%7C%20The%20Kennedy%20On%20Belcher's%20(Kennedy%20Town%202000's%20private%20residential%20buildings)?field=t_pop&sort=default&detailcode=CW0060,,building,CW0060,(Kennedy Town) Ivy On Belcher's / Westview Height / La Maison Du Nord / Shun Cheong Building / The Sail At Victoria / 60 Victoria Road / Mourt Davis 33 / Belcher's Hill / The Kennedy On Belcher's (Kennedy Town 2000's private residential buildings),1996Q2,Quarter
Central and Western,Kennedy Town,(Kennedy Town) Ivy On Bel...,https://hkdata.centanet.com/BigData/hong-kong/Central%20and%20Western/CHMA/Kennedy-Town/building-group(Kennedy%20Town)%20Ivy%20On%20Belcher's%20%7C%20Westview%20Height%20%7C%20La%20Maison%20Du%20Nord%20%7C%20Shun%20Cheong%20Building%20%7C%20The%20Sail%20At%20Victoria%20%7C%2060%20Victoria%20Road%20%7C%20Mourt%20Davis%2033%20%7C%20Belcher's%20Hill%20%7C%20The%20Kennedy%20On%20Belcher's%20(Kennedy%20Town%202000's%20private%20residential%20buildings)?field=t_pop&sort=default&detailcode=CW0060,,building,CW0060,(Kennedy Town) Ivy On Belcher's / Westview Height / La Maison Du Nord / Shun Cheong Building / The Sail At Victoria / 60 Victoria Road / Mourt Davis 33 / Belcher's Hill / The Kennedy On Belcher's (Kennedy Town 2000's private residential buildings),1996Q3,Quarter
Central and Western,Kennedy Town,(Kennedy Town) Ivy On Bel...,https://hkdata.centanet.com/BigData/hong-kong/Central%20and%20Western/CHMA/Kennedy-Town/building-group(Kennedy%20Town)%20Ivy%20On%20Belcher's%20%7C%20Westview%20Height%20%7C%20La%20Maison%20Du%20Nord%20%7C%20Shun%20Cheong%20Building%20%7C%20The%20Sail%20At%20Victoria%20%7C%2060%20Victoria%20Road%20%7C%20Mourt%20Davis%2033%20%7C%20Belcher's%20Hill%20%7C%20The%20Kennedy%20On%20Belcher's%20(Kennedy%20Town%202000's%20private%20residential%20buildings)?field=t_pop&sort=default&detailcode=CW0060,,building,CW0060,(Kennedy Town) Ivy On Belcher's / Westview Height / La Maison Du Nord / Shun Cheong Building / The Sail At Victoria / 60 Victoria Road / Mourt Davis 33 / Belcher's Hill / The Kennedy On Belcher's (Kennedy Town 2000's private residential buildings),1996Q4,Quarter
Central and Western,Kennedy Town,(Kennedy Town) Ivy On Bel...,https://hkdata.centanet.com/BigData/hong-kong/Central%20and%20Western/CHMA/Kennedy-Town/building-group(Kennedy%20Town)%20Ivy%20On%20Belcher's%20%7C%20Westview%20Height%20%7C%20La%20Maison%20Du%20Nord%20%7C%20Shun%20Cheong%20Building%20%7C%20The%20Sail%20At%20Victoria%20%7C%2060%20Victoria%20Road%20%7C%20Mourt%20Davis%2033%20%7C%20Belcher's%20Hill%20%7C%20The%20Kennedy%20On%20Belcher's%20(Kennedy%20Town%202000's%20private%20residential%20buildings)?field=t_pop&sort=default&detailcode=CW0060,,building,CW0060,(Kennedy Town) Ivy On Belcher's / Westview Height / La Maison Du Nord / Shun Cheong Building / The Sail At Victoria / 60 Victoria Road / Mourt Davis 33 / Belcher's Hill / The Kennedy On Belcher's (Kennedy Town 2000's private residential buildings),1997,Year
Central and Western,Kennedy Town,(Kennedy Town) Ivy On Bel...,https://hkdata.centanet.com/BigData/hong-kong/Central%20and%20Western/CHMA/Kennedy-Town/building-group(Kennedy%20Town)%20Ivy%20On%20Belcher's%20%7C%20Westview%20Height%20%7C%20La%20Maison%20Du%20Nord%20%7C%20Shun%20Cheong%20Building%20%7C%20The%20Sail%20At%20Victoria%20%7C%2060%20Victoria%20Road%20%7C%20Mourt%20Davis%2033%20%7C%20Belcher's%20Hill%20%7C%20The%20Kennedy%20On%20Belcher's%20(Kennedy%20Town%202000's%20private%20residential%20buildings)?field=t_pop&sort=default&detailcode=CW0060,,building,CW0060,(Kennedy Town) Ivy On Belcher's / Westview Height / La Maison Du Nord / Shun Cheong Building / The Sail At Victoria / 60 Victoria Road / Mourt Davis 33 / Belcher's Hill / The Kennedy On Belcher's (Kennedy Town 2000's private residential buildings),1997_1,HalfYear
Central and Western,Kennedy Town,(Kennedy Town) Ivy On Bel...,https://hkdata.centanet.com/BigData/hong-kong/Central%20and%20Western/CHMA/Kennedy-Town/building-group(Kennedy%20Town)%20Ivy%20On%20Belcher's%20%7C%20Westview%20Height%20%7C%20La%20Maison%20Du%20Nord%20%7C%20Shun%20Cheong%20Building%20%7C%20The%20Sail%20At%20Victoria%20%7C%2060%20Victoria%20Road%20%7C%20Mourt%20Davis%2033%20%7C%20Belcher's%20Hill%20%7C%20The%20Kennedy%20On%20Belcher's%20(Kennedy%20Town%202000's%20private%20residential%20buildings)?field=t_pop&sort=default&detailcode=CW0060,,building,CW0060,(Kennedy Town) Ivy On Belcher's / Westview Height / La Maison Du Nord / Shun Cheong Building / The Sail At Victoria / 60 Victoria Road / Mourt Davis 33 / Belcher's Hill / The Kennedy On Belcher's (Kennedy Town 2000's private residential buildings),1997_2,HalfYear
Central and Western,Kennedy Town,(Kennedy Town) Ivy On Bel...,https://hkdata.centanet.com/BigData/hong-kong/Central%20and%20Western/CHMA/Kennedy-Town/building-group(Kennedy%20Town)%20Ivy%20On%20Belcher's%20%7C%20Westview%20Height%20%7C%20La%20Maison%20Du%20Nord%20%7C%20Shun%20Cheong%20Building%20%7C%20The%20Sail%20At%20Victoria%20%7C%2060%20Victoria%20Road%20%7C%20Mourt%20Davis%2033%20%7C%20Belcher's%20Hill%20%7C%20The%20Kennedy%20On%20Belcher's%20(Kennedy%20Town%202000's%20private%20residential%20buildings)?field=t_pop&sort=default&detailcode=CW0060,,building,CW0060,(Kennedy Town) Ivy On Belcher's / Westview Height / La Maison Du Nord / Shun Cheong Building / The Sail At Victoria / 60 Victoria Road / Mourt Davis 33 / Belcher's Hill / The Kennedy On Belcher's (Kennedy Town 2000's private residential buildings),199701,month
Central and Western,Kennedy Town,(Kennedy Town) Ivy On Bel...,https://hkdata.centanet.com/BigData/hong-kong/Central%20and%20Western/CHMA/Kennedy-Town/building-group(Kennedy%20Town)%20Ivy%20On%20Belcher's%20%7C%20Westview%20Height%20%7C%20La%20Maison%20Du%20Nord%20%7C%20Shun%20Cheong%20Building%20%7C%20The%20Sail%20At%20Victoria%20%7C%2060%20Victoria%20Road%20%7C%20Mourt%20Davis%2033%20%7C%20Belcher's%20Hill%20%7C%20The%20Kennedy%20On%20Belcher's%20(Kennedy%20Town%202000's%20private%20residential%20buildings)?field=t_pop&sort=default&detailcode=CW0060,,building,CW0060,(Kennedy Town) Ivy On Belcher's / Westview Height / La Maison Du Nord / Shun Cheong Building / The Sail At Victoria / 60 Victoria Road / Mourt Davis 33 / Belcher's Hill / The Kennedy On Belcher's (Kennedy Town 2000's private residential buildings),199702,month
Central and Western,Kennedy Town,(Kennedy Town) Ivy On Bel...,https://hkdata.centanet.com/BigData/hong-kong/Central%20and%20Western/CHMA/Kennedy-Town/building-group(Kennedy%20Town)%20Ivy%20On%20Belcher's%20%7C%20Westview%20Height%20%7C%20La%20Maison%20Du%20Nord%20%7C%20Shun%20Cheong%20Building%20%7C%20The%20Sail%20At%20Victoria%20%7C%2060%20Victoria%20Road%20%7C%20Mourt%20Davis%2033%20%7C%20Belcher's%20Hill%20%7C%20The%20Kennedy%20On%20Belcher's%20(Kennedy%20Town%202000's%20private%20residential%20buildings)?field=t_pop&sort=default&detailcode=CW0060,,building,CW0060,(Kennedy Town) Ivy On Belcher's / Westview Height / La Maison Du Nord / Shun Cheong Building / The Sail At Victoria / 60 Victoria Road / Mourt Davis 33 / Belcher's Hill / The Kennedy On Belcher's (Kennedy Town 2000's private residential buildings),199703,Month
Central and Western,Kennedy Town,(Kennedy Town) Ivy On Bel...,https://hkdata.centanet.com/BigData/hong-kong/Central%20and%20Western/CHMA/Kennedy-Town/building-group(Kennedy%20Town)%20Ivy%20On%20Belcher's%20%7C%20Westview%20Height%20%7C%20La%20Maison%20Du%20Nord%20%7C%20Shun%20Cheong%20Building%20%7C%20The%20Sail%20At%20Victoria%20%7C%2060%20Victoria%20Road%20%7C%20Mourt%20Davis%2033%20%7C%20Belcher's%20Hill%20%7C%20The%20Kennedy%20On%20Belcher's%20(Kennedy%20Town%202000's%20private%20residential%20buildings)?field=t_pop&sort=default&detailcode=CW0060,,building,CW0060,(Kennedy Town) Ivy On Belcher's / Westview Height / La Maison Du Nord / Shun Cheong Building / The Sail At Victoria / 60 Victoria Road / Mourt Davis 33 / Belcher's Hill / The Kennedy On Belcher's (Kennedy Town 2000's private residential buildings),199704,Month
Central and Western,Kennedy Town,(Kennedy Town) Ivy On Bel...,https://hkdata.centanet.com/BigData/hong-kong/Central%20and%20Western/CHMA/Kennedy-Town/building-group(Kennedy%20Town)%20Ivy%20On%20Belcher's%20%7C%20Westview%20Height%20%7C%20La%20Maison%20Du%20Nord%20%7C%20Shun%20Cheong%20Building%20%7C%20The%20Sail%20At%20Victoria%20%7C%2060%20Victoria%20Road%20%7C%20Mourt%20Davis%2033%20%7C%20Belcher's%20Hill%20%7C%20The%20Kennedy%20On%20Belcher's%20(Kennedy%20Town%202000's%20private%20residential%20buildings)?field=t_pop&sort=default&detailcode=CW0060,,building,CW0060,(Kennedy Town) Ivy On Belcher's / Westview Height / La Maison Du Nord / Shun Cheong Building / The Sail At Victoria / 60 Victoria Road / Mourt Davis 33 / Belcher's Hill / The Kennedy On Belcher's (Kennedy Town 2000's private residential buildings),199705,Month
Central and Western,Kennedy Town,(Kennedy Town) Ivy On Bel...,https://hkdata.centanet.com/BigData/hong-kong/Central%20and%20Western/CHMA/Kennedy-Town/building-group(Kennedy%20Town)%20Ivy%20On%20Belcher's%20%7C%20Westview%20Height%20%7C%20La%20Maison%20Du%20Nord%20%7C%20Shun%20Cheong%20Building%20%7C%20The%20Sail%20At%20Victoria%20%7C%2060%20Victoria%20Road%20%7C%20Mourt%20Davis%2033%20%7C%20Belcher's%20Hill%20%7C%20The%20Kennedy%20On%20Belcher's%20(Kennedy%20Town%202000's%20private%20residential%20buildings)?field=t_pop&sort=default&detailcode=CW0060,,building,CW0060,(Kennedy Town) Ivy On Belcher's / Westview Height / La Maison Du Nord / Shun Cheong Building / The Sail At Victoria / 60 Victoria Road / Mourt Davis 33 / Belcher's Hill / The Kennedy On Belcher's (Kennedy Town 2000's private residential buildings),199706,Month
Central and Western,Kennedy Town,(Kennedy Town) Ivy On Bel...,https://hkdata.centanet.com/BigData/hong-kong/Central%20and%20Western/CHMA/Kennedy-Town/building-group(Kennedy%20Town)%20Ivy%20On%20Belcher's%20%7C%20Westview%20Height%20%7C%20La%20Maison%20Du%20Nord%20%7C%20Shun%20Cheong%20Building%20%7C%20The%20Sail%20At%20Victoria%20%7C%2060%20Victoria%20Road%20%7C%20Mourt%20Davis%2033%20%7C%20Belcher's%20Hill%20%7C%20The%20Kennedy%20On%20Belcher's%20(Kennedy%20Town%202000's%20private%20residential%20buildings)?field=t_pop&sort=default&detailcode=CW0060,,building,CW0060,(Kennedy Town) Ivy On Belcher's / Westview Height / La Maison Du Nord / Shun Cheong Building / The Sail At Victoria / 60 Victoria Road / Mourt Davis 33 / Belcher's Hill / The Kennedy On Belcher's (Kennedy Town 2000's private residential buildings),199707,Month
Central and Western,Kennedy Town,(Kennedy Town) Ivy On Bel...,https://hkdata.centanet.com/BigData/hong-kong/Central%20and%20Western/CHMA/Kennedy-Town/building-group(Kennedy%20Town)%20Ivy%20On%20Belcher's%20%7C%20Westview%20Height%20%7C%20La%20Maison%20Du%20Nord%20%7C%20Shun%20Cheong%20Building%20%7C%20The%20Sail%20At%20Victoria%20%7C%2060%20Victoria%20Road%20%7C%20Mourt%20Davis%2033%20%7C%20Belcher's%20Hill%20%7C%20The%20Kennedy%20On%20Belcher's%20(Kennedy%20Town%202000's%20private%20residential%20buildings)?field=t_pop&sort=default&detailcode=CW0060,,building,CW0060,(Kennedy Town) Ivy On Belcher's / Westview Height / La Maison Du Nord / Shun Cheong Building / The Sail At Victoria / 60 Victoria Road / Mourt Davis 33 / Belcher's Hill / The Kennedy On Belcher's (Kennedy Town 2000's private residential buildings),199708,Month
Central and Western,Kennedy Town,(Kennedy Town) Ivy On Bel...,https://hkdata.centanet.com/BigData/hong-kong/Central%20and%20Western/CHMA/Kennedy-Town/building-group(Kennedy%20Town)%20Ivy%20On%20Belcher's%20%7C%20Westview%20Height%20%7C%20La%20Maison%20Du%20Nord%20%7C%20Shun%20Cheong%20Building%20%7C%20The%20Sail%20At%20Victoria%20%7C%2060%20Victoria%20Road%20%7C%20Mourt%20Davis%2033%20%7C%20Belcher's%20Hill%20%7C%20The%20Kennedy%20On%20Belcher's%20(Kennedy%20Town%202000's%20private%20residential%20buildings)?field=t_pop&sort=default&detailcode=CW0060,,building,CW0060,(Kennedy Town) Ivy On Belcher's / Westview Height / La Maison Du Nord / Shun Cheong Building / The Sail At Victoria / 60 Victoria Road / Mourt Davis 33 / Belcher's Hill / The Kennedy On Belcher's (Kennedy Town 2000's private residential buildings),199709,Month
Central and Western,Kennedy Town,(Kennedy Town) Ivy On Bel...,https://hkdata.centanet.com/BigData/hong-kong/Central%20and%20Western/CHMA/Kennedy-Town/building-group(Kennedy%20Town)%20Ivy%20On%20Belcher's%20%7C%20Westview%20Height%20%7C%20La%20Maison%20Du%20Nord%20%7C%20Shun%20Cheong%20Building%20%7C%20The%20Sail%20At%20Victoria%20%7C%2060%20Victoria%20Road%20%7C%20Mourt%20Davis%2033%20%7C%20Belcher's%20Hill%20%7C%20The%20Kennedy%20On%20Belcher's%20(Kennedy%20Town%202000's%20private%20residential%20buildings)?field=t_pop&sort=default&detailcode=CW0060,,building,CW0060,(Kennedy Town) Ivy On Belcher's / Westview Height / La Maison Du Nord / Shun Cheong Building / The Sail At Victoria / 60 Victoria Road / Mourt Davis 33 / Belcher's Hill / The Kennedy On Belcher's (Kennedy Town 2000's private residential buildings),199710,Month
Central and Western,Kennedy Town,(Kennedy Town) Ivy On Bel...,https://hkdata.centanet.com/BigData/hong-kong/Central%20and%20Western/CHMA/Kennedy-Town/building-group(Kennedy%20Town)%20Ivy%20On%20Belcher's%20%7C%20Westview%20Height%20%7C%20La%20Maison%20Du%20Nord%20%7C%20Shun%20Cheong%20Building%20%7C%20The%20Sail%20At%20Victoria%20%7C%2060%20Victoria%20Road%20%7C%20Mourt%20Davis%2033%20%7C%20Belcher's%20Hill%20%7C%20The%20Kennedy%20On%20Belcher's%20(Kennedy%20Town%202000's%20private%20residential%20buildings)?field=t_pop&sort=default&detailcode=CW0060,,building,CW0060,(Kennedy Town) Ivy On Belcher's / Westview Height / La Maison Du Nord / Shun Cheong Building / The Sail At Victoria / 60 Victoria Road / Mourt Davis 33 / Belcher's Hill / The Kennedy On Belcher's (Kennedy Town 2000's private residential buildings),199711,Month
Central and Western,Kennedy Town,(Kennedy Town) Ivy On Bel...,https://hkdata.centanet.com/BigData/hong-kong/Central%20and%20Western/CHMA/Kennedy-Town/building-group(Kennedy%20Town)%20Ivy%20On%20Belcher's%20%7C%20Westview%20Height%20%7C%20La%20Maison%20Du%20Nord%20%7C%20Shun%20Cheong%20Building%20%7C%20The%20Sail%20At%20Victoria%20%7C%2060%20Victoria%20Road%20%7C%20Mourt%20Davis%2033%20%7C%20Belcher's%20Hill%20%7C%20The%20Kennedy%20On%20Belcher's%20(Kennedy%20Town%202000's%20private%20residential%20buildings)?field=t_pop&sort=default&detailcode=CW0060,,building,CW0060,(Kennedy Town) Ivy On Belcher's / Westview Height / La Maison Du Nord / Shun Cheong Building / The Sail At Victoria / 60 Victoria Road / Mourt Davis 33 / Belcher's Hill / The Kennedy On Belcher's (Kennedy Town 2000's private residential buildings),199712,Month
Central and Western,Kennedy Town,(Kennedy Town) Ivy On Bel...,https://hkdata.centanet.com/BigData/hong-kong/Central%20and%20Western/CHMA/Kennedy-Town/building-group(Kennedy%20Town)%20Ivy%20On%20Belcher's%20%7C%20Westview%20Height%20%7C%20La%20Maison%20Du%20Nord%20%7C%20Shun%20Cheong%20Building%20%7C%20The%20Sail%20At%20Victoria%20%7C%2060%20Victoria%20Road%20%7C%20Mourt%20Davis%2033%20%7C%20Belcher's%20Hill%20%7C%20The%20Kennedy%20On%20Belcher's%20(Kennedy%20Town%202000's%20private%20residential%20buildings)?field=t_pop&sort=default&detailcode=CW0060,,building,CW0060,(Kennedy Town) Ivy On Belcher's / Westview Height / La Maison Du Nord / Shun Cheong Building / The Sail At Victoria / 60 Victoria Road / Mourt Davis 33 / Belcher's Hill / The Kennedy On Belcher's (Kennedy Town 2000's private residential buildings),1997Q1,Quarter
Central and Western,Kennedy Town,(Kennedy Town) Ivy On Bel...,https://hkdata.centanet.com/BigData/hong-kong/Central%20and%20Western/CHMA/Kennedy-Town/building-group(Kennedy%20Town)%20Ivy%20On%20Belcher's%20%7C%20Westview%20Height%20%7C%20La%20Maison%20Du%20Nord%20%7C%20Shun%20Cheong%20Building%20%7C%20The%20Sail%20At%20Victoria%20%7C%2060%20Victoria%20Road%20%7C%20Mourt%20Davis%2033%20%7C%20Belcher's%20Hill%20%7C%20The%20Kennedy%20On%20Belcher's%20(Kennedy%20Town%202000's%20private%20residential%20buildings)?field=t_pop&sort=default&detailcode=CW0060,,building,CW0060,(Kennedy Town) Ivy On Belcher's / Westview Height / La Maison Du Nord / Shun Cheong Building / The Sail At Victoria / 60 Victoria Road / Mourt Davis 33 / Belcher's Hill / The Kennedy On Belcher's (Kennedy Town 2000's private residential buildings),1997Q2,Quarter
Central and Western,Kennedy Town,(Kennedy Town) Ivy On Bel...,https://hkdata.centanet.com/BigData/hong-kong/Central%20and%20Western/CHMA/Kennedy-Town/building-group(Kennedy%20Town)%20Ivy%20On%20Belcher's%20%7C%20Westview%20Height%20%7C%20La%20Maison%20Du%20Nord%20%7C%20Shun%20Cheong%20Building%20%7C%20The%20Sail%20At%20Victoria%20%7C%2060%20Victoria%20Road%20%7C%20Mourt%20Davis%2033%20%7C%20Belcher's%20Hill%20%7C%20The%20Kennedy%20On%20Belcher's%20(Kennedy%20Town%202000's%20private%20residential%20buildings)?field=t_pop&sort=default&detailcode=CW0060,,building,CW0060,(Kennedy Town) Ivy On Belcher's / Westview Height / La Maison Du Nord / Shun Cheong Building / The Sail At Victoria / 60 Victoria Road / Mourt Davis 33 / Belcher's Hill / The Kennedy On Belcher's (Kennedy Town 2000's private residential buildings),1997Q3,Quarter
Central and Western,Kennedy Town,(Kennedy Town) Ivy On Bel...,https://hkdata.centanet.com/BigData/hong-kong/Central%20and%20Western/CHMA/Kennedy-Town/building-group(Kennedy%20Town)%20Ivy%20On%20Belcher's%20%7C%20Westview%20Height%20%7C%20La%20Maison%20Du%20Nord%20%7C%20Shun%20Cheong%20Building%20%7C%20The%20Sail%20At%20Victoria%20%7C%2060%20Victoria%20Road%20%7C%20Mourt%20Davis%2033%20%7C%20Belcher's%20Hill%20%7C%20The%20Kennedy%20On%20Belcher's%20(Kennedy%20Town%202000's%20private%20residential%20buildings)?field=t_pop&sort=default&detailcode=CW0060,,building,CW0060,(Kennedy Town) Ivy On Belcher's / Westview Height / La Maison Du Nord / Shun Cheong Building / The Sail At Victoria / 60 Victoria Road / Mourt Davis 33 / Belcher's Hill / The Kennedy On Belcher's (Kennedy Town 2000's private residential buildings),1997Q4,Quarter
Central and Western,Kennedy Town,(Kennedy Town) Ivy On Bel...,https://hkdata.centanet.com/BigData/hong-kong/Central%20and%20Western/CHMA/Kennedy-Town/building-group(Kennedy%20Town)%20Ivy%20On%20Belcher's%20%7C%20Westview%20Height%20%7C%20La%20Maison%20Du%20Nord%20%7C%20Shun%20Cheong%20Building%20%7C%20The%20Sail%20At%20Victoria%20%7C%2060%20Victoria%20Road%20%7C%20Mourt%20Davis%2033%20%7C%20Belcher's%20Hill%20%7C%20The%20Kennedy%20On%20Belcher's%20(Kennedy%20Town%202000's%20private%20residential%20buildings)?field=t_pop&sort=default&detailcode=CW0060,,building,CW0060,(Kennedy Town) Ivy On Belcher's / Westview Height / La Maison Du Nord / Shun Cheong Building / The Sail At Victoria / 60 Victoria Road / Mourt Davis 33 / Belcher's Hill / The Kennedy On Belcher's (Kennedy Town 2000's private residential buildings),1998,Year
Central and Western,Kennedy Town,(Kennedy Town) Ivy On Bel...,https://hkdata.centanet.com/BigData/hong-kong/Central%20and%20Western/CHMA/Kennedy-Town/building-group(Kennedy%20Town)%20Ivy%20On%20Belcher's%20%7C%20Westview%20Height%20%7C%20La%20Maison%20Du%20Nord%20%7C%20Shun%20Cheong%20Building%20%7C%20The%20Sail%20At%20Victoria%20%7C%2060%20Victoria%20Road%20%7C%20Mourt%20Davis%2033%20%7C%20Belcher's%20Hill%20%7C%20The%20Kennedy%20On%20Belcher's%20(Kennedy%20Town%202000's%20private%20residential%20buildings)?field=t_pop&sort=default&detailcode=CW0060,,building,CW0060,(Kennedy Town) Ivy On Belcher's / Westview Height / La Maison Du Nord / Shun Cheong Building / The Sail At Victoria / 60 Victoria Road / Mourt Davis 33 / Belcher's Hill / The Kennedy On Belcher's (Kennedy Town 2000's private residential buildings),1998_1,HalfYear
Central and Western,Kennedy Town,(Kennedy Town) Ivy On Bel...,https://hkdata.centanet.com/BigData/hong-kong/Central%20and%20Western/CHMA/Kennedy-Town/building-group(Kennedy%20Town)%20Ivy%20On%20Belcher's%20%7C%20Westview%20Height%20%7C%20La%20Maison%20Du%20Nord%20%7C%20Shun%20Cheong%20Building%20%7C%20The%20Sail%20At%20Victoria%20%7C%2060%20Victoria%20Road%20%7C%20Mourt%20Davis%2033%20%7C%20Belcher's%20Hill%20%7C%20The%20Kennedy%20On%20Belcher's%20(Kennedy%20Town%202000's%20private%20residential%20buildings)?field=t_pop&sort=default&detailcode=CW0060,,building,CW0060,(Kennedy Town) Ivy On Belcher's / Westview Height / La Maison Du Nord / Shun Cheong Building / The Sail At Victoria / 60 Victoria Road / Mourt Davis 33 / Belcher's Hill / The Kennedy On Belcher's (Kennedy Town 2000's private residential buildings),1998_2,HalfYear
Central and Western,Kennedy Town,(Kennedy Town) Ivy On Bel...,https://hkdata.centanet.com/BigData/hong-kong/Central%20and%20Western/CHMA/Kennedy-Town/building-group(Kennedy%20Town)%20Ivy%20On%20Belcher's%20%7C%20Westview%20Height%20%7C%20La%20Maison%20Du%20Nord%20%7C%20Shun%20Cheong%20Building%20%7C%20The%20Sail%20At%20Victoria%20%7C%2060%20Victoria%20Road%20%7C%20Mourt%20Davis%2033%20%7C%20Belcher's%20Hill%20%7C%20The%20Kennedy%20On%20Belcher's%20(Kennedy%20Town%202000's%20private%20residential%20buildings)?field=t_pop&sort=default&detailcode=CW0060,,building,CW0060,(Kennedy Town) Ivy On Belcher's / Westview Height / La Maison Du Nord / Shun Cheong Building / The Sail At Victoria / 60 Victoria Road / Mourt Davis 33 / Belcher's Hill / The Kennedy On Belcher's (Kennedy Town 2000's private residential buildings),199801,Month
Central and Western,Kennedy Town,(Kennedy Town) Ivy On Bel...,https://hkdata.centanet.com/BigData/hong-kong/Central%20and%20Western/CHMA/Kennedy-Town/building-group(Kennedy%20Town)%20Ivy%20On%20Belcher's%20%7C%20Westview%20Height%20%7C%20La%20Maison%20Du%20Nord%20%7C%20Shun%20Cheong%20Building%20%7C%20The%20Sail%20At%20Victoria%20%7C%2060%20Victoria%20Road%20%7C%20Mourt%20Davis%2033%20%7C%20Belcher's%20Hill%20%7C%20The%20Kennedy%20On%20Belcher's%20(Kennedy%20Town%202000's%20private%20residential%20buildings)?field=t_pop&sort=default&detailcode=CW0060,,building,CW0060,(Kennedy Town) Ivy On Belcher's / Westview Height / La Maison Du Nord / Shun Cheong Building / The Sail At Victoria / 60 Victoria Road / Mourt Davis 33 / Belcher's Hill / The Kennedy On Belcher's (Kennedy Town 2000's private residential buildings),199802,Month
Central and Western,Kennedy Town,(Kennedy Town) Ivy On Bel...,https://hkdata.centanet.com/BigData/hong-kong/Central%20and%20Western/CHMA/Kennedy-Town/building-group(Kennedy%20Town)%20Ivy%20On%20Belcher's%20%7C%20Westview%20Height%20%7C%20La%20Maison%20Du%20Nord%20%7C%20Shun%20Cheong%20Building%20%7C%20The%20Sail%20At%20Victoria%20%7C%2060%20Victoria%20Road%20%7C%20Mourt%20Davis%2033%20%7C%20Belcher's%20Hill%20%7C%20The%20Kennedy%20On%20Belcher's%20(Kennedy%20Town%202000's%20private%20residential%20buildings)?field=t_pop&sort=default&detailcode=CW0060,,building,CW0060,(Kennedy Town) Ivy On Belcher's / Westview Height / La Maison Du Nord / Shun Cheong Building / The Sail At Victoria / 60 Victoria Road / Mourt Davis 33 / Belcher's Hill / The Kennedy On Belcher's (Kennedy Town 2000's private residential buildings),199803,month
Central and Western,Kennedy Town,(Kennedy Town) Ivy On Bel...,https://hkdata.centanet.com/BigData/hong-kong/Central%20and%20Western/CHMA/Kennedy-Town/building-group(Kennedy%20Town)%20Ivy%20On%20Belcher's%20%7C%20Westview%20Height%20%7C%20La%20Maison%20Du%20Nord%20%7C%20Shun%20Cheong%20Building%20%7C%20The%20Sail%20At%20Victoria%20%7C%2060%20Victoria%20Road%20%7C%20Mourt%20Davis%2033%20%7C%20Belcher's%20Hill%20%7C%20The%20Kennedy%20On%20Belcher's%20(Kennedy%20Town%202000's%20private%20residential%20buildings)?field=t_pop&sort=default&detailcode=CW0060,,building,CW0060,(Kennedy Town) Ivy On Belcher's / Westview Height / La Maison Du Nord / Shun Cheong Building / The Sail At Victoria / 60 Victoria Road / Mourt Davis 33 / Belcher's Hill / The Kennedy On Belcher's (Kennedy Town 2000's private residential buildings),199804,month
Central and Western,Kennedy Town,(Kennedy Town) Ivy On Bel...,https://hkdata.centanet.com/BigData/hong-kong/Central%20and%20Western/CHMA/Kennedy-Town/building-group(Kennedy%20Town)%20Ivy%20On%20Belcher's%20%7C%20Westview%20Height%20%7C%20La%20Maison%20Du%20Nord%20%7C%20Shun%20Cheong%20Building%20%7C%20The%20Sail%20At%20Victoria%20%7C%2060%20Victoria%20Road%20%7C%20Mourt%20Davis%2033%20%7C%20Belcher's%20Hill%20%7C%20The%20Kennedy%20On%20Belcher's%20(Kennedy%20Town%202000's%20private%20residential%20buildings)?field=t_pop&sort=default&detailcode=CW0060,,building,CW0060,(Kennedy Town) Ivy On Belcher's / Westview Height / La Maison Du Nord / Shun Cheong Building / The Sail At Victoria / 60 Victoria Road / Mourt Davis 33 / Belcher's Hill / The Kennedy On Belcher's (Kennedy Town 2000's private residential buildings),199805,month
Central and Western,Kennedy Town,(Kennedy Town) Ivy On Bel...,https://hkdata.centanet.com/BigData/hong-kong/Central%20and%20Western/CHMA/Kennedy-Town/building-group(Kennedy%20Town)%20Ivy%20On%20Belcher's%20%7C%20Westview%20Height%20%7C%20La%20Maison%20Du%20Nord%20%7C%20Shun%20Cheong%20Building%20%7C%20The%20Sail%20At%20Victoria%20%7C%2060%20Victoria%20Road%20%7C%20Mourt%20Davis%2033%20%7C%20Belcher's%20Hill%20%7C%20The%20Kennedy%20On%20Belcher's%20(Kennedy%20Town%202000's%20private%20residential%20buildings)?field=t_pop&sort=default&detailcode=CW0060,,building,CW0060,(Kennedy Town) Ivy On Belcher's / Westview Height / La Maison Du Nord / Shun Cheong Building / The Sail At Victoria / 60 Victoria Road / Mourt Davis 33 / Belcher's Hill / The Kennedy On Belcher's (Kennedy Town 2000's private residential buildings),199806,Month
Central and Western,Kennedy Town,(Kennedy Town) Ivy On Bel...,https://hkdata.centanet.com/BigData/hong-kong/Central%20and%20Western/CHMA/Kennedy-Town/building-group(Kennedy%20Town)%20Ivy%20On%20Belcher's%20%7C%20Westview%20Height%20%7C%20La%20Maison%20Du%20Nord%20%7C%20Shun%20Cheong%20Building%20%7C%20The%20Sail%20At%20Victoria%20%7C%2060%20Victoria%20Road%20%7C%20Mourt%20Davis%2033%20%7C%20Belcher's%20Hill%20%7C%20The%20Kennedy%20On%20Belcher's%20(Kennedy%20Town%202000's%20private%20residential%20buildings)?field=t_pop&sort=default&detailcode=CW0060,,building,CW0060,(Kennedy Town) Ivy On Belcher's / Westview Height / La Maison Du Nord / Shun Cheong Building / The Sail At Victoria / 60 Victoria Road / Mourt Davis 33 / Belcher's Hill / The Kennedy On Belcher's (Kennedy Town 2000's private residential buildings),199807,Month
Central and Western,Kennedy Town,(Kennedy Town) Ivy On Bel...,https://hkdata.centanet.com/BigData/hong-kong/Central%20and%20Western/CHMA/Kennedy-Town/building-group(Kennedy%20Town)%20Ivy%20On%20Belcher's%20%7C%20Westview%20Height%20%7C%20La%20Maison%20Du%20Nord%20%7C%20Shun%20Cheong%20Building%20%7C%20The%20Sail%20At%20Victoria%20%7C%2060%20Victoria%20Road%20%7C%20Mourt%20Davis%2033%20%7C%20Belcher's%20Hill%20%7C%20The%20Kennedy%20On%20Belcher's%20(Kennedy%20Town%202000's%20private%20residential%20buildings)?field=t_pop&sort=default&detailcode=CW0060,,building,CW0060,(Kennedy Town) Ivy On Belcher's / Westview Height / La Maison Du Nord / Shun Cheong Building / The Sail At Victoria / 60 Victoria Road / Mourt Davis 33 / Belcher's Hill / The Kennedy On Belcher's (Kennedy Town 2000's private residential buildings),199808,Month
Central and Western,Kennedy Town,(Kennedy Town) Ivy On Bel...,https://hkdata.centanet.com/BigData/hong-kong/Central%20and%20Western/CHMA/Kennedy-Town/building-group(Kennedy%20Town)%20Ivy%20On%20Belcher's%20%7C%20Westview%20Height%20%7C%20La%20Maison%20Du%20Nord%20%7C%20Shun%20Cheong%20Building%20%7C%20The%20Sail%20At%20Victoria%20%7C%2060%20Victoria%20Road%20%7C%20Mourt%20Davis%2033%20%7C%20Belcher's%20Hill%20%7C%20The%20Kennedy%20On%20Belcher's%20(Kennedy%20Town%202000's%20private%20residential%20buildings)?field=t_pop&sort=default&detailcode=CW0060,,building,CW0060,(Kennedy Town) Ivy On Belcher's / Westview Height / La Maison Du Nord / Shun Cheong Building / The Sail At Victoria / 60 Victoria Road / Mourt Davis 33 / Belcher's Hill / The Kennedy On Belcher's (Kennedy Town 2000's private residential buildings),199809,Month
Central and Western,Kennedy Town,(Kennedy Town) Ivy On Bel...,https://hkdata.centanet.com/BigData/hong-kong/Central%20and%20Western/CHMA/Kennedy-Town/building-group(Kennedy%20Town)%20Ivy%20On%20Belcher's%20%7C%20Westview%20Height%20%7C%20La%20Maison%20Du%20Nord%20%7C%20Shun%20Cheong%20Building%20%7C%20The%20Sail%20At%20Victoria%20%7C%2060%20Victoria%20Road%20%7C%20Mourt%20Davis%2033%20%7C%20Belcher's%20Hill%20%7C%20The%20Kennedy%20On%20Belcher's%20(Kennedy%20Town%202000's%20private%20residential%20buildings)?field=t_pop&sort=default&detailcode=CW0060,,building,CW0060,(Kennedy Town) Ivy On Belcher's / Westview Height / La Maison Du Nord / Shun Cheong Building / The Sail At Victoria / 60 Victoria Road / Mourt Davis 33 / Belcher's Hill / The Kennedy On Belcher's (Kennedy Town 2000's private residential buildings),199810,Month
Central and Western,Kennedy Town,(Kennedy Town) Ivy On Bel...,https://hkdata.centanet.com/BigData/hong-kong/Central%20and%20Western/CHMA/Kennedy-Town/building-group(Kennedy%20Town)%20Ivy%20On%20Belcher's%20%7C%20Westview%20Height%20%7C%20La%20Maison%20Du%20Nord%20%7C%20Shun%20Cheong%20Building%20%7C%20The%20Sail%20At%20Victoria%20%7C%2060%20Victoria%20Road%20%7C%20Mourt%20Davis%2033%20%7C%20Belcher's%20Hill%20%7C%20The%20Kennedy%20On%20Belcher's%20(Kennedy%20Town%202000's%20private%20residential%20buildings)?field=t_pop&sort=default&detailcode=CW0060,,building,CW0060,(Kennedy Town) Ivy On Belcher's / Westview Height / La Maison Du Nord / Shun Cheong Building / The Sail At Victoria / 60 Victoria Road / Mourt Davis 33 / Belcher's Hill / The Kennedy On Belcher's (Kennedy Town 2000's private residential buildings),199811,Month
Central and Western,Kennedy Town,(Kennedy Town) Ivy On Bel...,https://hkdata.centanet.com/BigData/hong-kong/Central%20and%20Western/CHMA/Kennedy-Town/building-group(Kennedy%20Town)%20Ivy%20On%20Belcher's%20%7C%20Westview%20Height%20%7C%20La%20Maison%20Du%20Nord%20%7C%20Shun%20Cheong%20Building%20%7C%20The%20Sail%20At%20Victoria%20%7C%2060%20Victoria%20Road%20%7C%20Mourt%20Davis%2033%20%7C%20Belcher's%20Hill%20%7C%20The%20Kennedy%20On%20Belcher's%20(Kennedy%20Town%202000's%20private%20residential%20buildings)?field=t_pop&sort=default&detailcode=CW0060,,building,CW0060,(Kennedy Town) Ivy On Belcher's / Westview Height / La Maison Du Nord / Shun Cheong Building / The Sail At Victoria / 60 Victoria Road / Mourt Davis 33 / Belcher's Hill / The Kennedy On Belcher's (Kennedy Town 2000's private residential buildings),199812,Month
Central and Western,Kennedy Town,(Kennedy Town) Ivy On Bel...,https://hkdata.centanet.com/BigData/hong-kong/Central%20and%20Western/CHMA/Kennedy-Town/building-group(Kennedy%20Town)%20Ivy%20On%20Belcher's%20%7C%20Westview%20Height%20%7C%20La%20Maison%20Du%20Nord%20%7C%20Shun%20Cheong%20Building%20%7C%20The%20Sail%20At%20Victoria%20%7C%2060%20Victoria%20Road%20%7C%20Mourt%20Davis%2033%20%7C%20Belcher's%20Hill%20%7C%20The%20Kennedy%20On%20Belcher's%20(Kennedy%20Town%202000's%20private%20residential%20buildings)?field=t_pop&sort=default&detailcode=CW0060,,building,CW0060,(Kennedy Town) Ivy On Belcher's / Westview Height / La Maison Du Nord / Shun Cheong Building / The Sail At Victoria / 60 Victoria Road / Mourt Davis 33 / Belcher's Hill / The Kennedy On Belcher's (Kennedy Town 2000's private residential buildings),1998Q1,Quarter
Central and Western,Kennedy Town,(Kennedy Town) Ivy On Bel...,https://hkdata.centanet.com/BigData/hong-kong/Central%20and%20Western/CHMA/Kennedy-Town/building-group(Kennedy%20Town)%20Ivy%20On%20Belcher's%20%7C%20Westview%20Height%20%7C%20La%20Maison%20Du%20Nord%20%7C%20Shun%20Cheong%20Building%20%7C%20The%20Sail%20At%20Victoria%20%7C%2060%20Victoria%20Road%20%7C%20Mourt%20Davis%2033%20%7C%20Belcher's%20Hill%20%7C%20The%20Kennedy%20On%20Belcher's%20(Kennedy%20Town%202000's%20private%20residential%20buildings)?field=t_pop&sort=default&detailcode=CW0060,,building,CW0060,(Kennedy Town) Ivy On Belcher's / Westview Height / La Maison Du Nord / Shun Cheong Building / The Sail At Victoria / 60 Victoria Road / Mourt Davis 33 / Belcher's Hill / The Kennedy On Belcher's (Kennedy Town 2000's private residential buildings),1998Q2,Quarter
Central and Western,Kennedy Town,(Kennedy Town) Ivy On Bel...,https://hkdata.centanet.com/BigData/hong-kong/Central%20and%20Western/CHMA/Kennedy-Town/building-group(Kennedy%20Town)%20Ivy%20On%20Belcher's%20%7C%20Westview%20Height%20%7C%20La%20Maison%20Du%20Nord%20%7C%20Shun%20Cheong%20Building%20%7C%20The%20Sail%20At%20Victoria%20%7C%2060%20Victoria%20Road%20%7C%20Mourt%20Davis%2033%20%7C%20Belcher's%20Hill%20%7C%20The%20Kennedy%20On%20Belcher's%20(Kennedy%20Town%202000's%20private%20residential%20buildings)?field=t_pop&sort=default&detailcode=CW0060,,building,CW0060,(Kennedy Town) Ivy On Belcher's / Westview Height / La Maison Du Nord / Shun Cheong Building / The Sail At Victoria / 60 Victoria Road / Mourt Davis 33 / Belcher's Hill / The Kennedy On Belcher's (Kennedy Town 2000's private residential buildings),1998Q3,Quarter
Central and Western,Kennedy Town,(Kennedy Town) Ivy On Bel...,https://hkdata.centanet.com/BigData/hong-kong/Central%20and%20Western/CHMA/Kennedy-Town/building-group(Kennedy%20Town)%20Ivy%20On%20Belcher's%20%7C%20Westview%20Height%20%7C%20La%20Maison%20Du%20Nord%20%7C%20Shun%20Cheong%20Building%20%7C%20The%20Sail%20At%20Victoria%20%7C%2060%20Victoria%20Road%20%7C%20Mourt%20Davis%2033%20%7C%20Belcher's%20Hill%20%7C%20The%20Kennedy%20On%20Belcher's%20(Kennedy%20Town%202000's%20private%20residential%20buildings)?field=t_pop&sort=default&detailcode=CW0060,,building,CW0060,(Kennedy Town) Ivy On Belcher's / Westview Height / La Maison Du Nord / Shun Cheong Building / The Sail At Victoria / 60 Victoria Road / Mourt Davis 33 / Belcher's Hill / The Kennedy On Belcher's (Kennedy Town 2000's private residential buildings),1998Q4,quarter
Central and Western,Kennedy Town,(Kennedy Town) Ivy On Bel...,https://hkdata.centanet.com/BigData/hong-kong/Central%20and%20Western/CHMA/Kennedy-Town/building-group(Kennedy%20Town)%20Ivy%20On%20Belcher's%20%7C%20Westview%20Height%20%7C%20La%20Maison%20Du%20Nord%20%7C%20Shun%20Cheong%20Building%20%7C%20The%20Sail%20At%20Victoria%20%7C%2060%20Victoria%20Road%20%7C%20Mourt%20Davis%2033%20%7C%20Belcher's%20Hill%20%7C%20The%20Kennedy%20On%20Belcher's%20(Kennedy%20Town%202000's%20private%20residential%20buildings)?field=t_pop&sort=default&detailcode=CW0060,,building,CW0060,(Kennedy Town) Ivy On Belcher's / Westview Height / La Maison Du Nord / Shun Cheong Building / The Sail At Victoria / 60 Victoria Road / Mourt Davis 33 / Belcher's Hill / The Kennedy On Belcher's (Kennedy Town 2000's private residential buildings),1999,Year
Central and Western,Kennedy Town,(Kennedy Town) Ivy On Bel...,https://hkdata.centanet.com/BigData/hong-kong/Central%20and%20Western/CHMA/Kennedy-Town/building-group(Kennedy%20Town)%20Ivy%20On%20Belcher's%20%7C%20Westview%20Height%20%7C%20La%20Maison%20Du%20Nord%20%7C%20Shun%20Cheong%20Building%20%7C%20The%20Sail%20At%20Victoria%20%7C%2060%20Victoria%20Road%20%7C%20Mourt%20Davis%2033%20%7C%20Belcher's%20Hill%20%7C%20The%20Kennedy%20On%20Belcher's%20(Kennedy%20Town%202000's%20private%20residential%20buildings)?field=t_pop&sort=default&detailcode=CW0060,,building,CW0060,(Kennedy Town) Ivy On Belcher's / Westview Height / La Maison Du Nord / Shun Cheong Building / The Sail At Victoria / 60 Victoria Road / Mourt Davis 33 / Belcher's Hill / The Kennedy On Belcher's (Kennedy Town 2000's private residential buildings),1999_1,HalfYear
Central and Western,Kennedy Town,(Kennedy Town) Ivy On Bel...,https://hkdata.centanet.com/BigData/hong-kong/Central%20and%20Western/CHMA/Kennedy-Town/building-group(Kennedy%20Town)%20Ivy%20On%20Belcher's%20%7C%20Westview%20Height%20%7C%20La%20Maison%20Du%20Nord%20%7C%20Shun%20Cheong%20Building%20%7C%20The%20Sail%20At%20Victoria%20%7C%2060%20Victoria%20Road%20%7C%20Mourt%20Davis%2033%20%7C%20Belcher's%20Hill%20%7C%20The%20Kennedy%20On%20Belcher's%20(Kennedy%20Town%202000's%20private%20residential%20buildings)?field=t_pop&sort=default&detailcode=CW0060,,building,CW0060,(Kennedy Town) Ivy On Belcher's / Westview Height / La Maison Du Nord / Shun Cheong Building / The Sail At Victoria / 60 Victoria Road / Mourt Davis 33 / Belcher's Hill / The Kennedy On Belcher's (Kennedy Town 2000's private residential buildings),1999_2,HalfYear
Central and Western,Kennedy Town,(Kennedy Town) Ivy On Bel...,https://hkdata.centanet.com/BigData/hong-kong/Central%20and%20Western/CHMA/Kennedy-Town/building-group(Kennedy%20Town)%20Ivy%20On%20Belcher's%20%7C%20Westview%20Height%20%7C%20La%20Maison%20Du%20Nord%20%7C%20Shun%20Cheong%20Building%20%7C%20The%20Sail%20At%20Victoria%20%7C%2060%20Victoria%20Road%20%7C%20Mourt%20Davis%2033%20%7C%20Belcher's%20Hill%20%7C%20The%20Kennedy%20On%20Belcher's%20(Kennedy%20Town%202000's%20private%20residential%20buildings)?field=t_pop&sort=default&detailcode=CW0060,,building,CW0060,(Kennedy Town) Ivy On Belcher's / Westview Height / La Maison Du Nord / Shun Cheong Building / The Sail At Victoria / 60 Victoria Road / Mourt Davis 33 / Belcher's Hill / The Kennedy On Belcher's (Kennedy Town 2000's private residential buildings),199901,Month
Central and Western,Kennedy Town,(Kennedy Town) Ivy On Bel...,https://hkdata.centanet.com/BigData/hong-kong/Central%20and%20Western/CHMA/Kennedy-Town/building-group(Kennedy%20Town)%20Ivy%20On%20Belcher's%20%7C%20Westview%20Height%20%7C%20La%20Maison%20Du%20Nord%20%7C%20Shun%20Cheong%20Building%20%7C%20The%20Sail%20At%20Victoria%20%7C%2060%20Victoria%20Road%20%7C%20Mourt%20Davis%2033%20%7C%20Belcher's%20Hill%20%7C%20The%20Kennedy%20On%20Belcher's%20(Kennedy%20Town%202000's%20private%20residential%20buildings)?field=t_pop&sort=default&detailcode=CW0060,,building,CW0060,(Kennedy Town) Ivy On Belcher's / Westview Height / La Maison Du Nord / Shun Cheong Building / The Sail At Victoria / 60 Victoria Road / Mourt Davis 33 / Belcher's Hill / The Kennedy On Belcher's (Kennedy Town 2000's private residential buildings),199902,Month
Central and Western,Kennedy Town,(Kennedy Town) Ivy On Bel...,https://hkdata.centanet.com/BigData/hong-kong/Central%20and%20Western/CHMA/Kennedy-Town/building-group(Kennedy%20Town)%20Ivy%20On%20Belcher's%20%7C%20Westview%20Height%20%7C%20La%20Maison%20Du%20Nord%20%7C%20Shun%20Cheong%20Building%20%7C%20The%20Sail%20At%20Victoria%20%7C%2060%20Victoria%20Road%20%7C%20Mourt%20Davis%2033%20%7C%20Belcher's%20Hill%20%7C%20The%20Kennedy%20On%20Belcher's%20(Kennedy%20Town%202000's%20private%20residential%20buildings)?field=t_pop&sort=default&detailcode=CW0060,,building,CW0060,(Kennedy Town) Ivy On Belcher's / Westview Height / La Maison Du Nord / Shun Cheong Building / The Sail At Victoria / 60 Victoria Road / Mourt Davis 33 / Belcher's Hill / The Kennedy On Belcher's (Kennedy Town 2000's private residential buildings),199903,Month
Central and Western,Kennedy Town,(Kennedy Town) Ivy On Bel...,https://hkdata.centanet.com/BigData/hong-kong/Central%20and%20Western/CHMA/Kennedy-Town/building-group(Kennedy%20Town)%20Ivy%20On%20Belcher's%20%7C%20Westview%20Height%20%7C%20La%20Maison%20Du%20Nord%20%7C%20Shun%20Cheong%20Building%20%7C%20The%20Sail%20At%20Victoria%20%7C%2060%20Victoria%20Road%20%7C%20Mourt%20Davis%2033%20%7C%20Belcher's%20Hill%20%7C%20The%20Kennedy%20On%20Belcher's%20(Kennedy%20Town%202000's%20private%20residential%20buildings)?field=t_pop&sort=default&detailcode=CW0060,,building,CW0060,(Kennedy Town) Ivy On Belcher's / Westview Height / La Maison Du Nord / Shun Cheong Building / The Sail At Victoria / 60 Victoria Road / Mourt Davis 33 / Belcher's Hill / The Kennedy On Belcher's (Kennedy Town 2000's private residential buildings),199904,Month
Central and Western,Kennedy Town,(Kennedy Town) Ivy On Bel...,https://hkdata.centanet.com/BigData/hong-kong/Central%20and%20Western/CHMA/Kennedy-Town/building-group(Kennedy%20Town)%20Ivy%20On%20Belcher's%20%7C%20Westview%20Height%20%7C%20La%20Maison%20Du%20Nord%20%7C%20Shun%20Cheong%20Building%20%7C%20The%20Sail%20At%20Victoria%20%7C%2060%20Victoria%20Road%20%7C%20Mourt%20Davis%2033%20%7C%20Belcher's%20Hill%20%7C%20The%20Kennedy%20On%20Belcher's%20(Kennedy%20Town%202000's%20private%20residential%20buildings)?field=t_pop&sort=default&detailcode=CW0060,,building,CW0060,(Kennedy Town) Ivy On Belcher's / Westview Height / La Maison Du Nord / Shun Cheong Building / The Sail At Victoria / 60 Victoria Road / Mourt Davis 33 / Belcher's Hill / The Kennedy On Belcher's (Kennedy Town 2000's private residential buildings),199905,month
Central and Western,Kennedy Town,(Kennedy Town) Ivy On Bel...,https://hkdata.centanet.com/BigData/hong-kong/Central%20and%20Western/CHMA/Kennedy-Town/building-group(Kennedy%20Town)%20Ivy%20On%20Belcher's%20%7C%20Westview%20Height%20%7C%20La%20Maison%20Du%20Nord%20%7C%20Shun%20Cheong%20Building%20%7C%20The%20Sail%20At%20Victoria%20%7C%2060%20Victoria%20Road%20%7C%20Mourt%20Davis%2033%20%7C%20Belcher's%20Hill%20%7C%20The%20Kennedy%20On%20Belcher's%20(Kennedy%20Town%202000's%20private%20residential%20buildings)?field=t_pop&sort=default&detailcode=CW0060,,building,CW0060,(Kennedy Town) Ivy On Belcher's / Westview Height / La Maison Du Nord / Shun Cheong Building / The Sail At Victoria / 60 Victoria Road / Mourt Davis 33 / Belcher's Hill / The Kennedy On Belcher's (Kennedy Town 2000's private residential buildings),199906,Month
Central and Western,Kennedy Town,(Kennedy Town) Ivy On Bel...,https://hkdata.centanet.com/BigData/hong-kong/Central%20and%20Western/CHMA/Kennedy-Town/building-group(Kennedy%20Town)%20Ivy%20On%20Belcher's%20%7C%20Westview%20Height%20%7C%20La%20Maison%20Du%20Nord%20%7C%20Shun%20Cheong%20Building%20%7C%20The%20Sail%20At%20Victoria%20%7C%2060%20Victoria%20Road%20%7C%20Mourt%20Davis%2033%20%7C%20Belcher's%20Hill%20%7C%20The%20Kennedy%20On%20Belcher's%20(Kennedy%20Town%202000's%20private%20residential%20buildings)?field=t_pop&sort=default&detailcode=CW0060,,building,CW0060,(Kennedy Town) Ivy On Belcher's / Westview Height / La Maison Du Nord / Shun Cheong Building / The Sail At Victoria / 60 Victoria Road / Mourt Davis 33 / Belcher's Hill / The Kennedy On Belcher's (Kennedy Town 2000's private residential buildings),199907,Month
Central and Western,Kennedy Town,(Kennedy Town) Ivy On Bel...,https://hkdata.centanet.com/BigData/hong-kong/Central%20and%20Western/CHMA/Kennedy-Town/building-group(Kennedy%20Town)%20Ivy%20On%20Belcher's%20%7C%20Westview%20Height%20%7C%20La%20Maison%20Du%20Nord%20%7C%20Shun%20Cheong%20Building%20%7C%20The%20Sail%20At%20Victoria%20%7C%2060%20Victoria%20Road%20%7C%20Mourt%20Davis%2033%20%7C%20Belcher's%20Hill%20%7C%20The%20Kennedy%20On%20Belcher's%20(Kennedy%20Town%202000's%20private%20residential%20buildings)?field=t_pop&sort=default&detailcode=CW0060,,building,CW0060,(Kennedy Town) Ivy On Belcher's / Westview Height / La Maison Du Nord / Shun Cheong Building / The Sail At Victoria / 60 Victoria Road / Mourt Davis 33 / Belcher's Hill / The Kennedy On Belcher's (Kennedy Town 2000's private residential buildings),199908,Month
Central and Western,Kennedy Town,(Kennedy Town) Ivy On Bel...,https://hkdata.centanet.com/BigData/hong-kong/Central%20and%20Western/CHMA/Kennedy-Town/building-group(Kennedy%20Town)%20Ivy%20On%20Belcher's%20%7C%20Westview%20Height%20%7C%20La%20Maison%20Du%20Nord%20%7C%20Shun%20Cheong%20Building%20%7C%20The%20Sail%20At%20Victoria%20%7C%2060%20Victoria%20Road%20%7C%20Mourt%20Davis%2033%20%7C%20Belcher's%20Hill%20%7C%20The%20Kennedy%20On%20Belcher's%20(Kennedy%20Town%202000's%20private%20residential%20buildings)?field=t_pop&sort=default&detailcode=CW0060,,building,CW0060,(Kennedy Town) Ivy On Belcher's / Westview Height / La Maison Du Nord / Shun Cheong Building / The Sail At Victoria / 60 Victoria Road / Mourt Davis 33 / Belcher's Hill / The Kennedy On Belcher's (Kennedy Town 2000's private residential buildings),199909,Month
Central and Western,Kennedy Town,(Kennedy Town) Ivy On Bel...,https://hkdata.centanet.com/BigData/hong-kong/Central%20and%20Western/CHMA/Kennedy-Town/building-group(Kennedy%20Town)%20Ivy%20On%20Belcher's%20%7C%20Westview%20Height%20%7C%20La%20Maison%20Du%20Nord%20%7C%20Shun%20Cheong%20Building%20%7C%20The%20Sail%20At%20Victoria%20%7C%2060%20Victoria%20Road%20%7C%20Mourt%20Davis%2033%20%7C%20Belcher's%20Hill%20%7C%20The%20Kennedy%20On%20Belcher's%20(Kennedy%20Town%202000's%20private%20residential%20buildings)?field=t_pop&sort=default&detailcode=CW0060,,building,CW0060,(Kennedy Town) Ivy On Belcher's / Westview Height / La Maison Du Nord / Shun Cheong Building / The Sail At Victoria / 60 Victoria Road / Mourt Davis 33 / Belcher's Hill / The Kennedy On Belcher's (Kennedy Town 2000's private residential buildings),199910,Month
Central and Western,Kennedy Town,(Kennedy Town) Ivy On Bel...,https://hkdata.centanet.com/BigData/hong-kong/Central%20and%20Western/CHMA/Kennedy-Town/building-group(Kennedy%20Town)%20Ivy%20On%20Belcher's%20%7C%20Westview%20Height%20%7C%20La%20Maison%20Du%20Nord%20%7C%20Shun%20Cheong%20Building%20%7C%20The%20Sail%20At%20Victoria%20%7C%2060%20Victoria%20Road%20%7C%20Mourt%20Davis%2033%20%7C%20Belcher's%20Hill%20%7C%20The%20Kennedy%20On%20Belcher's%20(Kennedy%20Town%202000's%20private%20residential%20buildings)?field=t_pop&sort=default&detailcode=CW0060,,building,CW0060,(Kennedy Town) Ivy On Belcher's / Westview Height / La Maison Du Nord / Shun Cheong Building / The Sail At Victoria / 60 Victoria Road / Mourt Davis 33 / Belcher's Hill / The Kennedy On Belcher's (Kennedy Town 2000's private residential buildings),199911,Month
Central and Western,Kennedy Town,(Kennedy Town) Ivy On Bel...,https://hkdata.centanet.com/BigData/hong-kong/Central%20and%20Western/CHMA/Kennedy-Town/building-group(Kennedy%20Town)%20Ivy%20On%20Belcher's%20%7C%20Westview%20Height%20%7C%20La%20Maison%20Du%20Nord%20%7C%20Shun%20Cheong%20Building%20%7C%20The%20Sail%20At%20Victoria%20%7C%2060%20Victoria%20Road%20%7C%20Mourt%20Davis%2033%20%7C%20Belcher's%20Hill%20%7C%20The%20Kennedy%20On%20Belcher's%20(Kennedy%20Town%202000's%20private%20residential%20buildings)?field=t_pop&sort=default&detailcode=CW0060,,building,CW0060,(Kennedy Town) Ivy On Belcher's / Westview Height / La Maison Du Nord / Shun Cheong Building / The Sail At Victoria / 60 Victoria Road / Mourt Davis 33 / Belcher's Hill / The Kennedy On Belcher's (Kennedy Town 2000's private residential buildings),199912,Month
Central and Western,Kennedy Town,(Kennedy Town) Ivy On Bel...,https://hkdata.centanet.com/BigData/hong-kong/Central%20and%20Western/CHMA/Kennedy-Town/building-group(Kennedy%20Town)%20Ivy%20On%20Belcher's%20%7C%20Westview%20Height%20%7C%20La%20Maison%20Du%20Nord%20%7C%20Shun%20Cheong%20Building%20%7C%20The%20Sail%20At%20Victoria%20%7C%2060%20Victoria%20Road%20%7C%20Mourt%20Davis%2033%20%7C%20Belcher's%20Hill%20%7C%20The%20Kennedy%20On%20Belcher's%20(Kennedy%20Town%202000's%20private%20residential%20buildings)?field=t_pop&sort=default&detailcode=CW0060,,building,CW0060,(Kennedy Town) Ivy On Belcher's / Westview Height / La Maison Du Nord / Shun Cheong Building / The Sail At Victoria / 60 Victoria Road / Mourt Davis 33 / Belcher's Hill / The Kennedy On Belcher's (Kennedy Town 2000's private residential buildings),1999Q1,Quarter
Central and Western,Kennedy Town,(Kennedy Town) Ivy On Bel...,https://hkdata.centanet.com/BigData/hong-kong/Central%20and%20Western/CHMA/Kennedy-Town/building-group(Kennedy%20Town)%20Ivy%20On%20Belcher's%20%7C%20Westview%20Height%20%7C%20La%20Maison%20Du%20Nord%20%7C%20Shun%20Cheong%20Building%20%7C%20The%20Sail%20At%20Victoria%20%7C%2060%20Victoria%20Road%20%7C%20Mourt%20Davis%2033%20%7C%20Belcher's%20Hill%20%7C%20The%20Kennedy%20On%20Belcher's%20(Kennedy%20Town%202000's%20private%20residential%20buildings)?field=t_pop&sort=default&detailcode=CW0060,,building,CW0060,(Kennedy Town) Ivy On Belcher's / Westview Height / La Maison Du Nord / Shun Cheong Building / The Sail At Victoria / 60 Victoria Road / Mourt Davis 33 / Belcher's Hill / The Kennedy On Belcher's (Kennedy Town 2000's private residential buildings),1999Q2,Quarter
Central and Western,Kennedy Town,(Kennedy Town) Ivy On Bel...,https://hkdata.centanet.com/BigData/hong-kong/Central%20and%20Western/CHMA/Kennedy-Town/building-group(Kennedy%20Town)%20Ivy%20On%20Belcher's%20%7C%20Westview%20Height%20%7C%20La%20Maison%20Du%20Nord%20%7C%20Shun%20Cheong%20Building%20%7C%20The%20Sail%20At%20Victoria%20%7C%2060%20Victoria%20Road%20%7C%20Mourt%20Davis%2033%20%7C%20Belcher's%20Hill%20%7C%20The%20Kennedy%20On%20Belcher's%20(Kennedy%20Town%202000's%20private%20residential%20buildings)?field=t_pop&sort=default&detailcode=CW0060,,building,CW0060,(Kennedy Town) Ivy On Belcher's / Westview Height / La Maison Du Nord / Shun Cheong Building / The Sail At Victoria / 60 Victoria Road / Mourt Davis 33 / Belcher's Hill / The Kennedy On Belcher's (Kennedy Town 2000's private residential buildings),1999Q3,quarter
Central and Western,Kennedy Town,(Kennedy Town) Ivy On Bel...,https://hkdata.centanet.com/BigData/hong-kong/Central%20and%20Western/CHMA/Kennedy-Town/building-group(Kennedy%20Town)%20Ivy%20On%20Belcher's%20%7C%20Westview%20Height%20%7C%20La%20Maison%20Du%20Nord%20%7C%20Shun%20Cheong%20Building%20%7C%20The%20Sail%20At%20Victoria%20%7C%2060%20Victoria%20Road%20%7C%20Mourt%20Davis%2033%20%7C%20Belcher's%20Hill%20%7C%20The%20Kennedy%20On%20Belcher's%20(Kennedy%20Town%202000's%20private%20residential%20buildings)?field=t_pop&sort=default&detailcode=CW0060,,building,CW0060,(Kennedy Town) Ivy On Belcher's / Westview Height / La Maison Du Nord / Shun Cheong Building / The Sail At Victoria / 60 Victoria Road / Mourt Davis 33 / Belcher's Hill / The Kennedy On Belcher's (Kennedy Town 2000's private residential buildings),1999Q4,Quarter
Central and Western,Kennedy Town,(Kennedy Town) Ivy On Bel...,https://hkdata.centanet.com/BigData/hong-kong/Central%20and%20Western/CHMA/Kennedy-Town/building-group(Kennedy%20Town)%20Ivy%20On%20Belcher's%20%7C%20Westview%20Height%20%7C%20La%20Maison%20Du%20Nord%20%7C%20Shun%20Cheong%20Building%20%7C%20The%20Sail%20At%20Victoria%20%7C%2060%20Victoria%20Road%20%7C%20Mourt%20Davis%2033%20%7C%20Belcher's%20Hill%20%7C%20The%20Kennedy%20On%20Belcher's%20(Kennedy%20Town%202000's%20private%20residential%20buildings)?field=t_pop&sort=default&detailcode=CW0060,4740.00,building,CW0060,(Kennedy Town) Ivy On Belcher's / Westview Height / La Maison Du Nord / Shun Cheong Building / The Sail At Victoria / 60 Victoria Road / Mourt Davis 33 / Belcher's Hill / The Kennedy On Belcher's (Kennedy Town 2000's private residential buildings),2000,Year
Central and Western,Kennedy Town,(Kennedy Town) Ivy On Bel...,https://hkdata.centanet.com/BigData/hong-kong/Central%20and%20Western/CHMA/Kennedy-Town/building-group(Kennedy%20Town)%20Ivy%20On%20Belcher's%20%7C%20Westview%20Height%20%7C%20La%20Maison%20Du%20Nord%20%7C%20Shun%20Cheong%20Building%20%7C%20The%20Sail%20At%20Victoria%20%7C%2060%20Victoria%20Road%20%7C%20Mourt%20Davis%2033%20%7C%20Belcher's%20Hill%20%7C%20The%20Kennedy%20On%20Belcher's%20(Kennedy%20Town%202000's%20private%20residential%20buildings)?field=t_pop&sort=default&detailcode=CW0060,,building,CW0060,(Kennedy Town) Ivy On Belcher's / Westview Height / La Maison Du Nord / Shun Cheong Building / The Sail At Victoria / 60 Victoria Road / Mourt Davis 33 / Belcher's Hill / The Kennedy On Belcher's (Kennedy Town 2000's private residential buildings),2000_1,HalfYear
Central and Western,Kennedy Town,(Kennedy Town) Ivy On Bel...,https://hkdata.centanet.com/BigData/hong-kong/Central%20and%20Western/CHMA/Kennedy-Town/building-group(Kennedy%20Town)%20Ivy%20On%20Belcher's%20%7C%20Westview%20Height%20%7C%20La%20Maison%20Du%20Nord%20%7C%20Shun%20Cheong%20Building%20%7C%20The%20Sail%20At%20Victoria%20%7C%2060%20Victoria%20Road%20%7C%20Mourt%20Davis%2033%20%7C%20Belcher's%20Hill%20%7C%20The%20Kennedy%20On%20Belcher's%20(Kennedy%20Town%202000's%20private%20residential%20buildings)?field=t_pop&sort=default&detailcode=CW0060,4740.00,building,CW0060,(Kennedy Town) Ivy On Belcher's / Westview Height / La Maison Du Nord / Shun Cheong Building / The Sail At Victoria / 60 Victoria Road / Mourt Davis 33 / Belcher's Hill / The Kennedy On Belcher's (Kennedy Town 2000's private residential buildings),2000_2,HalfYear
Central and Western,Kennedy Town,(Kennedy Town) Ivy On Bel...,https://hkdata.centanet.com/BigData/hong-kong/Central%20and%20Western/CHMA/Kennedy-Town/building-group(Kennedy%20Town)%20Ivy%20On%20Belcher's%20%7C%20Westview%20Height%20%7C%20La%20Maison%20Du%20Nord%20%7C%20Shun%20Cheong%20Building%20%7C%20The%20Sail%20At%20Victoria%20%7C%2060%20Victoria%20Road%20%7C%20Mourt%20Davis%2033%20%7C%20Belcher's%20Hill%20%7C%20The%20Kennedy%20On%20Belcher's%20(Kennedy%20Town%202000's%20private%20residential%20buildings)?field=t_pop&sort=default&detailcode=CW0060,,building,CW0060,(Kennedy Town) Ivy On Belcher's / Westview Height / La Maison Du Nord / Shun Cheong Building / The Sail At Victoria / 60 Victoria Road / Mourt Davis 33 / Belcher's Hill / The Kennedy On Belcher's (Kennedy Town 2000's private residential buildings),200001,Month
Central and Western,Kennedy Town,(Kennedy Town) Ivy On Bel...,https://hkdata.centanet.com/BigData/hong-kong/Central%20and%20Western/CHMA/Kennedy-Town/building-group(Kennedy%20Town)%20Ivy%20On%20Belcher's%20%7C%20Westview%20Height%20%7C%20La%20Maison%20Du%20Nord%20%7C%20Shun%20Cheong%20Building%20%7C%20The%20Sail%20At%20Victoria%20%7C%2060%20Victoria%20Road%20%7C%20Mourt%20Davis%2033%20%7C%20Belcher's%20Hill%20%7C%20The%20Kennedy%20On%20Belcher's%20(Kennedy%20Town%202000's%20private%20residential%20buildings)?field=t_pop&sort=default&detailcode=CW0060,,building,CW0060,(Kennedy Town) Ivy On Belcher's / Westview Height / La Maison Du Nord / Shun Cheong Building / The Sail At Victoria / 60 Victoria Road / Mourt Davis 33 / Belcher's Hill / The Kennedy On Belcher's (Kennedy Town 2000's private residential buildings),200002,Month
Central and Western,Kennedy Town,(Kennedy Town) Ivy On Bel...,https://hkdata.centanet.com/BigData/hong-kong/Central%20and%20Western/CHMA/Kennedy-Town/building-group(Kennedy%20Town)%20Ivy%20On%20Belcher's%20%7C%20Westview%20Height%20%7C%20La%20Maison%20Du%20Nord%20%7C%20Shun%20Cheong%20Building%20%7C%20The%20Sail%20At%20Victoria%20%7C%2060%20Victoria%20Road%20%7C%20Mourt%20Davis%2033%20%7C%20Belcher's%20Hill%20%7C%20The%20Kennedy%20On%20Belcher's%20(Kennedy%20Town%202000's%20private%20residential%20buildings)?field=t_pop&sort=default&detailcode=CW0060,,building,CW0060,(Kennedy Town) Ivy On Belcher's / Westview Height / La Maison Du Nord / Shun Cheong Building / The Sail At Victoria / 60 Victoria Road / Mourt Davis 33 / Belcher's Hill / The Kennedy On Belcher's (Kennedy Town 2000's private residential buildings),200003,Month
Central and Western,Kennedy Town,(Kennedy Town) Ivy On Bel...,https://hkdata.centanet.com/BigData/hong-kong/Central%20and%20Western/CHMA/Kennedy-Town/building-group(Kennedy%20Town)%20Ivy%20On%20Belcher's%20%7C%20Westview%20Height%20%7C%20La%20Maison%20Du%20Nord%20%7C%20Shun%20Cheong%20Building%20%7C%20The%20Sail%20At%20Victoria%20%7C%2060%20Victoria%20Road%20%7C%20Mourt%20Davis%2033%20%7C%20Belcher's%20Hill%20%7C%20The%20Kennedy%20On%20Belcher's%20(Kennedy%20Town%202000's%20private%20residential%20buildings)?field=t_pop&sort=default&detailcode=CW0060,,building,CW0060,(Kennedy Town) Ivy On Belcher's / Westview Height / La Maison Du Nord / Shun Cheong Building / The Sail At Victoria / 60 Victoria Road / Mourt Davis 33 / Belcher's Hill / The Kennedy On Belcher's (Kennedy Town 2000's private residential buildings),200004,Month
Central and Western,Kennedy Town,(Kennedy Town) Ivy On Bel...,https://hkdata.centanet.com/BigData/hong-kong/Central%20and%20Western/CHMA/Kennedy-Town/building-group(Kennedy%20Town)%20Ivy%20On%20Belcher's%20%7C%20Westview%20Height%20%7C%20La%20Maison%20Du%20Nord%20%7C%20Shun%20Cheong%20Building%20%7C%20The%20Sail%20At%20Victoria%20%7C%2060%20Victoria%20Road%20%7C%20Mourt%20Davis%2033%20%7C%20Belcher's%20Hill%20%7C%20The%20Kennedy%20On%20Belcher's%20(Kennedy%20Town%202000's%20private%20residential%20buildings)?field=t_pop&sort=default&detailcode=CW0060,,building,CW0060,(Kennedy Town) Ivy On Belcher's / Westview Height / La Maison Du Nord / Shun Cheong Building / The Sail At Victoria / 60 Victoria Road / Mourt Davis 33 / Belcher's Hill / The Kennedy On Belcher's (Kennedy Town 2000's private residential buildings),200005,Month
Central and Western,Kennedy Town,(Kennedy Town) Ivy On Bel...,https://hkdata.centanet.com/BigData/hong-kong/Central%20and%20Western/CHMA/Kennedy-Town/building-group(Kennedy%20Town)%20Ivy%20On%20Belcher's%20%7C%20Westview%20Height%20%7C%20La%20Maison%20Du%20Nord%20%7C%20Shun%20Cheong%20Building%20%7C%20The%20Sail%20At%20Victoria%20%7C%2060%20Victoria%20Road%20%7C%20Mourt%20Davis%2033%20%7C%20Belcher's%20Hill%20%7C%20The%20Kennedy%20On%20Belcher's%20(Kennedy%20Town%202000's%20private%20residential%20buildings)?field=t_pop&sort=default&detailcode=CW0060,,building,CW0060,(Kennedy Town) Ivy On Belcher's / Westview Height / La Maison Du Nord / Shun Cheong Building / The Sail At Victoria / 60 Victoria Road / Mourt Davis 33 / Belcher's Hill / The Kennedy On Belcher's (Kennedy Town 2000's private residential buildings),200006,month
Central and Western,Kennedy Town,(Kennedy Town) Ivy On Bel...,https://hkdata.centanet.com/BigData/hong-kong/Central%20and%20Western/CHMA/Kennedy-Town/building-group(Kennedy%20Town)%20Ivy%20On%20Belcher's%20%7C%20Westview%20Height%20%7C%20La%20Maison%20Du%20Nord%20%7C%20Shun%20Cheong%20Building%20%7C%20The%20Sail%20At%20Victoria%20%7C%2060%20Victoria%20Road%20%7C%20Mourt%20Davis%2033%20%7C%20Belcher's%20Hill%20%7C%20The%20Kennedy%20On%20Belcher's%20(Kennedy%20Town%202000's%20private%20residential%20buildings)?field=t_pop&sort=default&detailcode=CW0060,,building,CW0060,(Kennedy Town) Ivy On Belcher's / Westview Height / La Maison Du Nord / Shun Cheong Building / The Sail At Victoria / 60 Victoria Road / Mourt Davis 33 / Belcher's Hill / The Kennedy On Belcher's (Kennedy Town 2000's private residential buildings),200007,Month
Central and Western,Kennedy Town,(Kennedy Town) Ivy On Bel...,https://hkdata.centanet.com/BigData/hong-kong/Central%20and%20Western/CHMA/Kennedy-Town/building-group(Kennedy%20Town)%20Ivy%20On%20Belcher's%20%7C%20Westview%20Height%20%7C%20La%20Maison%20Du%20Nord%20%7C%20Shun%20Cheong%20Building%20%7C%20The%20Sail%20At%20Victoria%20%7C%2060%20Victoria%20Road%20%7C%20Mourt%20Davis%2033%20%7C%20Belcher's%20Hill%20%7C%20The%20Kennedy%20On%20Belcher's%20(Kennedy%20Town%202000's%20private%20residential%20buildings)?field=t_pop&sort=default&detailcode=CW0060,,building,CW0060,(Kennedy Town) Ivy On Belcher's / Westview Height / La Maison Du Nord / Shun Cheong Building / The Sail At Victoria / 60 Victoria Road / Mourt Davis 33 / Belcher's Hill / The Kennedy On Belcher's (Kennedy Town 2000's private residential buildings),200008,Month
Central and Western,Kennedy Town,(Kennedy Town) Ivy On Bel...,https://hkdata.centanet.com/BigData/hong-kong/Central%20and%20Western/CHMA/Kennedy-Town/building-group(Kennedy%20Town)%20Ivy%20On%20Belcher's%20%7C%20Westview%20Height%20%7C%20La%20Maison%20Du%20Nord%20%7C%20Shun%20Cheong%20Building%20%7C%20The%20Sail%20At%20Victoria%20%7C%2060%20Victoria%20Road%20%7C%20Mourt%20Davis%2033%20%7C%20Belcher's%20Hill%20%7C%20The%20Kennedy%20On%20Belcher's%20(Kennedy%20Town%202000's%20private%20residential%20buildings)?field=t_pop&sort=default&detailcode=CW0060,,building,CW0060,(Kennedy Town) Ivy On Belcher's / Westview Height / La Maison Du Nord / Shun Cheong Building / The Sail At Victoria / 60 Victoria Road / Mourt Davis 33 / Belcher's Hill / The Kennedy On Belcher's (Kennedy Town 2000's private residential buildings),200009,month
Central and Western,Kennedy Town,(Kennedy Town) Ivy On Bel...,https://hkdata.centanet.com/BigData/hong-kong/Central%20and%20Western/CHMA/Kennedy-Town/building-group(Kennedy%20Town)%20Ivy%20On%20Belcher's%20%7C%20Westview%20Height%20%7C%20La%20Maison%20Du%20Nord%20%7C%20Shun%20Cheong%20Building%20%7C%20The%20Sail%20At%20Victoria%20%7C%2060%20Victoria%20Road%20%7C%20Mourt%20Davis%2033%20%7C%20Belcher's%20Hill%20%7C%20The%20Kennedy%20On%20Belcher's%20(Kennedy%20Town%202000's%20private%20residential%20buildings)?field=t_pop&sort=default&detailcode=CW0060,4854.00,building,CW0060,(Kennedy Town) Ivy On Belcher's / Westview Height / La Maison Du Nord / Shun Cheong Building / The Sail At Victoria / 60 Victoria Road / Mourt Davis 33 / Belcher's Hill / The Kennedy On Belcher's (Kennedy Town 2000's private residential buildings),200010,Month
Central and Western,Kennedy Town,(Kennedy Town) Ivy On Bel...,https://hkdata.centanet.com/BigData/hong-kong/Central%20and%20Western/CHMA/Kennedy-Town/building-group(Kennedy%20Town)%20Ivy%20On%20Belcher's%20%7C%20Westview%20Height%20%7C%20La%20Maison%20Du%20Nord%20%7C%20Shun%20Cheong%20Building%20%7C%20The%20Sail%20At%20Victoria%20%7C%2060%20Victoria%20Road%20%7C%20Mourt%20Davis%2033%20%7C%20Belcher's%20Hill%20%7C%20The%20Kennedy%20On%20Belcher's%20(Kennedy%20Town%202000's%20private%20residential%20buildings)?field=t_pop&sort=default&detailcode=CW0060,4854.00,building,CW0060,(Kennedy Town) Ivy On Belcher's / Westview Height / La Maison Du Nord / Shun Cheong Building / The Sail At Victoria / 60 Victoria Road / Mourt Davis 33 / Belcher's Hill / The Kennedy On Belcher's (Kennedy Town 2000's private residential buildings),200011,Month
Central and Western,Kennedy Town,(Kennedy Town) Ivy On Bel...,https://hkdata.centanet.com/BigData/hong-kong/Central%20and%20Western/CHMA/Kennedy-Town/building-group(Kennedy%20Town)%20Ivy%20On%20Belcher's%20%7C%20Westview%20Height%20%7C%20La%20Maison%20Du%20Nord%20%7C%20Shun%20Cheong%20Building%20%7C%20The%20Sail%20At%20Victoria%20%7C%2060%20Victoria%20Road%20%7C%20Mourt%20Davis%2033%20%7C%20Belcher's%20Hill%20%7C%20The%20Kennedy%20On%20Belcher's%20(Kennedy%20Town%202000's%20private%20residential%20buildings)?field=t_pop&sort=default&detailcode=CW0060,4626.00,building,CW0060,(Kennedy Town) Ivy On Belcher's / Westview Height / La Maison Du Nord / Shun Cheong Building / The Sail At Victoria / 60 Victoria Road / Mourt Davis 33 / Belcher's Hill / The Kennedy On Belcher's (Kennedy Town 2000's private residential buildings),200012,Month
Central and Western,Kennedy Town,(Kennedy Town) Ivy On Bel...,https://hkdata.centanet.com/BigData/hong-kong/Central%20and%20Western/CHMA/Kennedy-Town/building-group(Kennedy%20Town)%20Ivy%20On%20Belcher's%20%7C%20Westview%20Height%20%7C%20La%20Maison%20Du%20Nord%20%7C%20Shun%20Cheong%20Building%20%7C%20The%20Sail%20At%20Victoria%20%7C%2060%20Victoria%20Road%20%7C%20Mourt%20Davis%2033%20%7C%20Belcher's%20Hill%20%7C%20The%20Kennedy%20On%20Belcher's%20(Kennedy%20Town%202000's%20private%20residential%20buildings)?field=t_pop&sort=default&detailcode=CW0060,,building,CW0060,(Kennedy Town) Ivy On Belcher's / Westview Height / La Maison Du Nord / Shun Cheong Building / The Sail At Victoria / 60 Victoria Road / Mourt Davis 33 / Belcher's Hill / The Kennedy On Belcher's (Kennedy Town 2000's private residential buildings),2000Q1,Quarter
Central and Western,Kennedy Town,(Kennedy Town) Ivy On Bel...,https://hkdata.centanet.com/BigData/hong-kong/Central%20and%20Western/CHMA/Kennedy-Town/building-group(Kennedy%20Town)%20Ivy%20On%20Belcher's%20%7C%20Westview%20Height%20%7C%20La%20Maison%20Du%20Nord%20%7C%20Shun%20Cheong%20Building%20%7C%20The%20Sail%20At%20Victoria%20%7C%2060%20Victoria%20Road%20%7C%20Mourt%20Davis%2033%20%7C%20Belcher's%20Hill%20%7C%20The%20Kennedy%20On%20Belcher's%20(Kennedy%20Town%202000's%20private%20residential%20buildings)?field=t_pop&sort=default&detailcode=CW0060,,building,CW0060,(Kennedy Town) Ivy On Belcher's / Westview Height / La Maison Du Nord / Shun Cheong Building / The Sail At Victoria / 60 Victoria Road / Mourt Davis 33 / Belcher's Hill / The Kennedy On Belcher's (Kennedy Town 2000's private residential buildings),2000Q2,Quarter
Central and Western,Kennedy Town,(Kennedy Town) Ivy On Bel...,https://hkdata.centanet.com/BigData/hong-kong/Central%20and%20Western/CHMA/Kennedy-Town/building-group(Kennedy%20Town)%20Ivy%20On%20Belcher's%20%7C%20Westview%20Height%20%7C%20La%20Maison%20Du%20Nord%20%7C%20Shun%20Cheong%20Building%20%7C%20The%20Sail%20At%20Victoria%20%7C%2060%20Victoria%20Road%20%7C%20Mourt%20Davis%2033%20%7C%20Belcher's%20Hill%20%7C%20The%20Kennedy%20On%20Belcher's%20(Kennedy%20Town%202000's%20private%20residential%20buildings)?field=t_pop&sort=default&detailcode=CW0060,,building,CW0060,(Kennedy Town) Ivy On Belcher's / Westview Height / La Maison Du Nord / Shun Cheong Building / The Sail At Victoria / 60 Victoria Road / Mourt Davis 33 / Belcher's Hill / The Kennedy On Belcher's (Kennedy Town 2000's private residential buildings),2000Q3,Quarter
Central and Western,Kennedy Town,(Kennedy Town) Ivy On Bel...,https://hkdata.centanet.com/BigData/hong-kong/Central%20and%20Western/CHMA/Kennedy-Town/building-group(Kennedy%20Town)%20Ivy%20On%20Belcher's%20%7C%20Westview%20Height%20%7C%20La%20Maison%20Du%20Nord%20%7C%20Shun%20Cheong%20Building%20%7C%20The%20Sail%20At%20Victoria%20%7C%2060%20Victoria%20Road%20%7C%20Mourt%20Davis%2033%20%7C%20Belcher's%20Hill%20%7C%20The%20Kennedy%20On%20Belcher's%20(Kennedy%20Town%202000's%20private%20residential%20buildings)?field=t_pop&sort=default&detailcode=CW0060,4740.00,building,CW0060,(Kennedy Town) Ivy On Belcher's / Westview Height / La Maison Du Nord / Shun Cheong Building / The Sail At Victoria / 60 Victoria Road / Mourt Davis 33 / Belcher's Hill / The Kennedy On Belcher's (Kennedy Town 2000's private residential buildings),2000Q4,quarter
Central and Western,Kennedy Town,(Kennedy Town) Ivy On Bel...,https://hkdata.centanet.com/BigData/hong-kong/Central%20and%20Western/CHMA/Kennedy-Town/building-group(Kennedy%20Town)%20Ivy%20On%20Belcher's%20%7C%20Westview%20Height%20%7C%20La%20Maison%20Du%20Nord%20%7C%20Shun%20Cheong%20Building%20%7C%20The%20Sail%20At%20Victoria%20%7C%2060%20Victoria%20Road%20%7C%20Mourt%20Davis%2033%20%7C%20Belcher's%20Hill%20%7C%20The%20Kennedy%20On%20Belcher's%20(Kennedy%20Town%202000's%20private%20residential%20buildings)?field=t_pop&sort=default&detailcode=CW0060,5349.00,building,CW0060,(Kennedy Town) Ivy On Belcher's / Westview Height / La Maison Du Nord / Shun Cheong Building / The Sail At Victoria / 60 Victoria Road / Mourt Davis 33 / Belcher's Hill / The Kennedy On Belcher's (Kennedy Town 2000's private residential buildings),2001,year
Central and Western,Kennedy Town,(Kennedy Town) Ivy On Bel...,https://hkdata.centanet.com/BigData/hong-kong/Central%20and%20Western/CHMA/Kennedy-Town/building-group(Kennedy%20Town)%20Ivy%20On%20Belcher's%20%7C%20Westview%20Height%20%7C%20La%20Maison%20Du%20Nord%20%7C%20Shun%20Cheong%20Building%20%7C%20The%20Sail%20At%20Victoria%20%7C%2060%20Victoria%20Road%20%7C%20Mourt%20Davis%2033%20%7C%20Belcher's%20Hill%20%7C%20The%20Kennedy%20On%20Belcher's%20(Kennedy%20Town%202000's%20private%20residential%20buildings)?field=t_pop&sort=default&detailcode=CW0060,5349.00,building,CW0060,(Kennedy Town) Ivy On Belcher's / Westview Height / La Maison Du Nord / Shun Cheong Building / The Sail At Victoria / 60 Victoria Road / Mourt Davis 33 / Belcher's Hill / The Kennedy On Belcher's (Kennedy Town 2000's private residential buildings),2001_1,HalfYear
Central and Western,Kennedy Town,(Kennedy Town) Ivy On Bel...,https://hkdata.centanet.com/BigData/hong-kong/Central%20and%20Western/CHMA/Kennedy-Town/building-group(Kennedy%20Town)%20Ivy%20On%20Belcher's%20%7C%20Westview%20Height%20%7C%20La%20Maison%20Du%20Nord%20%7C%20Shun%20Cheong%20Building%20%7C%20The%20Sail%20At%20Victoria%20%7C%2060%20Victoria%20Road%20%7C%20Mourt%20Davis%2033%20%7C%20Belcher's%20Hill%20%7C%20The%20Kennedy%20On%20Belcher's%20(Kennedy%20Town%202000's%20private%20residential%20buildings)?field=t_pop&sort=default&detailcode=CW0060,5349.00,building,CW0060,(Kennedy Town) Ivy On Belcher's / Westview Height / La Maison Du Nord / Shun Cheong Building / The Sail At Victoria / 60 Victoria Road / Mourt Davis 33 / Belcher's Hill / The Kennedy On Belcher's (Kennedy Town 2000's private residential buildings),2001_2,HalfYear
Central and Western,Kennedy Town,(Kennedy Town) Ivy On Bel...,https://hkdata.centanet.com/BigData/hong-kong/Central%20and%20Western/CHMA/Kennedy-Town/building-group(Kennedy%20Town)%20Ivy%20On%20Belcher's%20%7C%20Westview%20Height%20%7C%20La%20Maison%20Du%20Nord%20%7C%20Shun%20Cheong%20Building%20%7C%20The%20Sail%20At%20Victoria%20%7C%2060%20Victoria%20Road%20%7C%20Mourt%20Davis%2033%20%7C%20Belcher's%20Hill%20%7C%20The%20Kennedy%20On%20Belcher's%20(Kennedy%20Town%202000's%20private%20residential%20buildings)?field=t_pop&sort=default&detailcode=CW0060,4626.00,building,CW0060,(Kennedy Town) Ivy On Belcher's / Westview Height / La Maison Du Nord / Shun Cheong Building / The Sail At Victoria / 60 Victoria Road / Mourt Davis 33 / Belcher's Hill / The Kennedy On Belcher's (Kennedy Town 2000's private residential buildings),200101,Month
Central and Western,Kennedy Town,(Kennedy Town) Ivy On Bel...,https://hkdata.centanet.com/BigData/hong-kong/Central%20and%20Western/CHMA/Kennedy-Town/building-group(Kennedy%20Town)%20Ivy%20On%20Belcher's%20%7C%20Westview%20Height%20%7C%20La%20Maison%20Du%20Nord%20%7C%20Shun%20Cheong%20Building%20%7C%20The%20Sail%20At%20Victoria%20%7C%2060%20Victoria%20Road%20%7C%20Mourt%20Davis%2033%20%7C%20Belcher's%20Hill%20%7C%20The%20Kennedy%20On%20Belcher's%20(Kennedy%20Town%202000's%20private%20residential%20buildings)?field=t_pop&sort=default&detailcode=CW0060,4626.00,building,CW0060,(Kennedy Town) Ivy On Belcher's / Westview Height / La Maison Du Nord / Shun Cheong Building / The Sail At Victoria / 60 Victoria Road / Mourt Davis 33 / Belcher's Hill / The Kennedy On Belcher's (Kennedy Town 2000's private residential buildings),200102,Month
Central and Western,Kennedy Town,(Kennedy Town) Ivy On Bel...,https://hkdata.centanet.com/BigData/hong-kong/Central%20and%20Western/CHMA/Kennedy-Town/building-group(Kennedy%20Town)%20Ivy%20On%20Belcher's%20%7C%20Westview%20Height%20%7C%20La%20Maison%20Du%20Nord%20%7C%20Shun%20Cheong%20Building%20%7C%20The%20Sail%20At%20Victoria%20%7C%2060%20Victoria%20Road%20%7C%20Mourt%20Davis%2033%20%7C%20Belcher's%20Hill%20%7C%20The%20Kennedy%20On%20Belcher's%20(Kennedy%20Town%202000's%20private%20residential%20buildings)?field=t_pop&sort=default&detailcode=CW0060,5349.00,building,CW0060,(Kennedy Town) Ivy On Belcher's / Westview Height / La Maison Du Nord / Shun Cheong Building / The Sail At Victoria / 60 Victoria Road / Mourt Davis 33 / Belcher's Hill / The Kennedy On Belcher's (Kennedy Town 2000's private residential buildings),200103,Month
Central and Western,Kennedy Town,(Kennedy Town) Ivy On Bel...,https://hkdata.centanet.com/BigData/hong-kong/Central%20and%20Western/CHMA/Kennedy-Town/building-group(Kennedy%20Town)%20Ivy%20On%20Belcher's%20%7C%20Westview%20Height%20%7C%20La%20Maison%20Du%20Nord%20%7C%20Shun%20Cheong%20Building%20%7C%20The%20Sail%20At%20Victoria%20%7C%2060%20Victoria%20Road%20%7C%20Mourt%20Davis%2033%20%7C%20Belcher's%20Hill%20%7C%20The%20Kennedy%20On%20Belcher's%20(Kennedy%20Town%202000's%20private%20residential%20buildings)?field=t_pop&sort=default&detailcode=CW0060,5349.00,building,CW0060,(Kennedy Town) Ivy On Belcher's / Westview Height / La Maison Du Nord / Shun Cheong Building / The Sail At Victoria / 60 Victoria Road / Mourt Davis 33 / Belcher's Hill / The Kennedy On Belcher's (Kennedy Town 2000's private residential buildings),200104,Month
Central and Western,Kennedy Town,(Kennedy Town) Ivy On Bel...,https://hkdata.centanet.com/BigData/hong-kong/Central%20and%20Western/CHMA/Kennedy-Town/building-group(Kennedy%20Town)%20Ivy%20On%20Belcher's%20%7C%20Westview%20Height%20%7C%20La%20Maison%20Du%20Nord%20%7C%20Shun%20Cheong%20Building%20%7C%20The%20Sail%20At%20Victoria%20%7C%2060%20Victoria%20Road%20%7C%20Mourt%20Davis%2033%20%7C%20Belcher's%20Hill%20%7C%20The%20Kennedy%20On%20Belcher's%20(Kennedy%20Town%202000's%20private%20residential%20buildings)?field=t_pop&sort=default&detailcode=CW0060,5349.00,building,CW0060,(Kennedy Town) Ivy On Belcher's / Westview Height / La Maison Du Nord / Shun Cheong Building / The Sail At Victoria / 60 Victoria Road / Mourt Davis 33 / Belcher's Hill / The Kennedy On Belcher's (Kennedy Town 2000's private residential buildings),200105,month
Central and Western,Kennedy Town,(Kennedy Town) Ivy On Bel...,https://hkdata.centanet.com/BigData/hong-kong/Central%20and%20Western/CHMA/Kennedy-Town/building-group(Kennedy%20Town)%20Ivy%20On%20Belcher's%20%7C%20Westview%20Height%20%7C%20La%20Maison%20Du%20Nord%20%7C%20Shun%20Cheong%20Building%20%7C%20The%20Sail%20At%20Victoria%20%7C%2060%20Victoria%20Road%20%7C%20Mourt%20Davis%2033%20%7C%20Belcher's%20Hill%20%7C%20The%20Kennedy%20On%20Belcher's%20(Kennedy%20Town%202000's%20private%20residential%20buildings)?field=t_pop&sort=default&detailcode=CW0060,5349.00,building,CW0060,(Kennedy Town) Ivy On Belcher's / Westview Height / La Maison Du Nord / Shun Cheong Building / The Sail At Victoria / 60 Victoria Road / Mourt Davis 33 / Belcher's Hill / The Kennedy On Belcher's (Kennedy Town 2000's private residential buildings),200106,Month
Central and Western,Kennedy Town,(Kennedy Town) Ivy On Bel...,https://hkdata.centanet.com/BigData/hong-kong/Central%20and%20Western/CHMA/Kennedy-Town/building-group(Kennedy%20Town)%20Ivy%20On%20Belcher's%20%7C%20Westview%20Height%20%7C%20La%20Maison%20Du%20Nord%20%7C%20Shun%20Cheong%20Building%20%7C%20The%20Sail%20At%20Victoria%20%7C%2060%20Victoria%20Road%20%7C%20Mourt%20Davis%2033%20%7C%20Belcher's%20Hill%20%7C%20The%20Kennedy%20On%20Belcher's%20(Kennedy%20Town%202000's%20private%20residential%20buildings)?field=t_pop&sort=default&detailcode=CW0060,5349.00,building,CW0060,(Kennedy Town) Ivy On Belcher's / Westview Height / La Maison Du Nord / Shun Cheong Building / The Sail At Victoria / 60 Victoria Road / Mourt Davis 33 / Belcher's Hill / The Kennedy On Belcher's (Kennedy Town 2000's private residential buildings),200107,Month
Central and Western,Kennedy Town,(Kennedy Town) Ivy On Bel...,https://hkdata.centanet.com/BigData/hong-kong/Central%20and%20Western/CHMA/Kennedy-Town/building-group(Kennedy%20Town)%20Ivy%20On%20Belcher's%20%7C%20Westview%20Height%20%7C%20La%20Maison%20Du%20Nord%20%7C%20Shun%20Cheong%20Building%20%7C%20The%20Sail%20At%20Victoria%20%7C%2060%20Victoria%20Road%20%7C%20Mourt%20Davis%2033%20%7C%20Belcher's%20Hill%20%7C%20The%20Kennedy%20On%20Belcher's%20(Kennedy%20Town%202000's%20private%20residential%20buildings)?field=t_pop&sort=default&detailcode=CW0060,5349.00,building,CW0060,(Kennedy Town) Ivy On Belcher's / Westview Height / La Maison Du Nord / Shun Cheong Building / The Sail At Victoria / 60 Victoria Road / Mourt Davis 33 / Belcher's Hill / The Kennedy On Belcher's (Kennedy Town 2000's private residential buildings),200108,Month
Central and Western,Kennedy Town,(Kennedy Town) Ivy On Bel...,https://hkdata.centanet.com/BigData/hong-kong/Central%20and%20Western/CHMA/Kennedy-Town/building-group(Kennedy%20Town)%20Ivy%20On%20Belcher's%20%7C%20Westview%20Height%20%7C%20La%20Maison%20Du%20Nord%20%7C%20Shun%20Cheong%20Building%20%7C%20The%20Sail%20At%20Victoria%20%7C%2060%20Victoria%20Road%20%7C%20Mourt%20Davis%2033%20%7C%20Belcher's%20Hill%20%7C%20The%20Kennedy%20On%20Belcher's%20(Kennedy%20Town%202000's%20private%20residential%20buildings)?field=t_pop&sort=default&detailcode=CW0060,5349.00,building,CW0060,(Kennedy Town) Ivy On Belcher's / Westview Height / La Maison Du Nord / Shun Cheong Building / The Sail At Victoria / 60 Victoria Road / Mourt Davis 33 / Belcher's Hill / The Kennedy On Belcher's (Kennedy Town 2000's private residential buildings),200109,Month
Central and Western,Kennedy Town,(Kennedy Town) Ivy On Bel...,https://hkdata.centanet.com/BigData/hong-kong/Central%20and%20Western/CHMA/Kennedy-Town/building-group(Kennedy%20Town)%20Ivy%20On%20Belcher's%20%7C%20Westview%20Height%20%7C%20La%20Maison%20Du%20Nord%20%7C%20Shun%20Cheong%20Building%20%7C%20The%20Sail%20At%20Victoria%20%7C%2060%20Victoria%20Road%20%7C%20Mourt%20Davis%2033%20%7C%20Belcher's%20Hill%20%7C%20The%20Kennedy%20On%20Belcher's%20(Kennedy%20Town%202000's%20private%20residential%20buildings)?field=t_pop&sort=default&detailcode=CW0060,5349.00,building,CW0060,(Kennedy Town) Ivy On Belcher's / Westview Height / La Maison Du Nord / Shun Cheong Building / The Sail At Victoria / 60 Victoria Road / Mourt Davis 33 / Belcher's Hill / The Kennedy On Belcher's (Kennedy Town 2000's private residential buildings),200110,Month
Central and Western,Kennedy Town,(Kennedy Town) Ivy On Bel...,https://hkdata.centanet.com/BigData/hong-kong/Central%20and%20Western/CHMA/Kennedy-Town/building-group(Kennedy%20Town)%20Ivy%20On%20Belcher's%20%7C%20Westview%20Height%20%7C%20La%20Maison%20Du%20Nord%20%7C%20Shun%20Cheong%20Building%20%7C%20The%20Sail%20At%20Victoria%20%7C%2060%20Victoria%20Road%20%7C%20Mourt%20Davis%2033%20%7C%20Belcher's%20Hill%20%7C%20The%20Kennedy%20On%20Belcher's%20(Kennedy%20Town%202000's%20private%20residential%20buildings)?field=t_pop&sort=default&detailcode=CW0060,5349.00,building,CW0060,(Kennedy Town) Ivy On Belcher's / Westview Height / La Maison Du Nord / Shun Cheong Building / The Sail At Victoria / 60 Victoria Road / Mourt Davis 33 / Belcher's Hill / The Kennedy On Belcher's (Kennedy Town 2000's private residential buildings),200111,Month
Central and Western,Kennedy Town,(Kennedy Town) Ivy On Bel...,https://hkdata.centanet.com/BigData/hong-kong/Central%20and%20Western/CHMA/Kennedy-Town/building-group(Kennedy%20Town)%20Ivy%20On%20Belcher's%20%7C%20Westview%20Height%20%7C%20La%20Maison%20Du%20Nord%20%7C%20Shun%20Cheong%20Building%20%7C%20The%20Sail%20At%20Victoria%20%7C%2060%20Victoria%20Road%20%7C%20Mourt%20Davis%2033%20%7C%20Belcher's%20Hill%20%7C%20The%20Kennedy%20On%20Belcher's%20(Kennedy%20Town%202000's%20private%20residential%20buildings)?field=t_pop&sort=default&detailcode=CW0060,5349.00,building,CW0060,(Kennedy Town) Ivy On Belcher's / Westview Height / La Maison Du Nord / Shun Cheong Building / The Sail At Victoria / 60 Victoria Road / Mourt Davis 33 / Belcher's Hill / The Kennedy On Belcher's (Kennedy Town 2000's private residential buildings),200112,Month
Central and Western,Kennedy Town,(Kennedy Town) Ivy On Bel...,https://hkdata.centanet.com/BigData/hong-kong/Central%20and%20Western/CHMA/Kennedy-Town/building-group(Kennedy%20Town)%20Ivy%20On%20Belcher's%20%7C%20Westview%20Height%20%7C%20La%20Maison%20Du%20Nord%20%7C%20Shun%20Cheong%20Building%20%7C%20The%20Sail%20At%20Victoria%20%7C%2060%20Victoria%20Road%20%7C%20Mourt%20Davis%2033%20%7C%20Belcher's%20Hill%20%7C%20The%20Kennedy%20On%20Belcher's%20(Kennedy%20Town%202000's%20private%20residential%20buildings)?field=t_pop&sort=default&detailcode=CW0060,5349.00,building,CW0060,(Kennedy Town) Ivy On Belcher's / Westview Height / La Maison Du Nord / Shun Cheong Building / The Sail At Victoria / 60 Victoria Road / Mourt Davis 33 / Belcher's Hill / The Kennedy On Belcher's (Kennedy Town 2000's private residential buildings),2001Q1,Quarter
Central and Western,Kennedy Town,(Kennedy Town) Ivy On Bel...,https://hkdata.centanet.com/BigData/hong-kong/Central%20and%20Western/CHMA/Kennedy-Town/building-group(Kennedy%20Town)%20Ivy%20On%20Belcher's%20%7C%20Westview%20Height%20%7C%20La%20Maison%20Du%20Nord%20%7C%20Shun%20Cheong%20Building%20%7C%20The%20Sail%20At%20Victoria%20%7C%2060%20Victoria%20Road%20%7C%20Mourt%20Davis%2033%20%7C%20Belcher's%20Hill%20%7C%20The%20Kennedy%20On%20Belcher's%20(Kennedy%20Town%202000's%20private%20residential%20buildings)?field=t_pop&sort=default&detailcode=CW0060,5349.00,building,CW0060,(Kennedy Town) Ivy On Belcher's / Westview Height / La Maison Du Nord / Shun Cheong Building / The Sail At Victoria / 60 Victoria Road / Mourt Davis 33 / Belcher's Hill / The Kennedy On Belcher's (Kennedy Town 2000's private residential buildings),2001Q2,Quarter
Central and Western,Kennedy Town,(Kennedy Town) Ivy On Bel...,https://hkdata.centanet.com/BigData/hong-kong/Central%20and%20Western/CHMA/Kennedy-Town/building-group(Kennedy%20Town)%20Ivy%20On%20Belcher's%20%7C%20Westview%20Height%20%7C%20La%20Maison%20Du%20Nord%20%7C%20Shun%20Cheong%20Building%20%7C%20The%20Sail%20At%20Victoria%20%7C%2060%20Victoria%20Road%20%7C%20Mourt%20Davis%2033%20%7C%20Belcher's%20Hill%20%7C%20The%20Kennedy%20On%20Belcher's%20(Kennedy%20Town%202000's%20private%20residential%20buildings)?field=t_pop&sort=default&detailcode=CW0060,5349.00,building,CW0060,(Kennedy Town) Ivy On Belcher's / Westview Height / La Maison Du Nord / Shun Cheong Building / The Sail At Victoria / 60 Victoria Road / Mourt Davis 33 / Belcher's Hill / The Kennedy On Belcher's (Kennedy Town 2000's private residential buildings),2001Q3,Quarter
Central and Western,Kennedy Town,(Kennedy Town) Ivy On Bel...,https://hkdata.centanet.com/BigData/hong-kong/Central%20and%20Western/CHMA/Kennedy-Town/building-group(Kennedy%20Town)%20Ivy%20On%20Belcher's%20%7C%20Westview%20Height%20%7C%20La%20Maison%20Du%20Nord%20%7C%20Shun%20Cheong%20Building%20%7C%20The%20Sail%20At%20Victoria%20%7C%2060%20Victoria%20Road%20%7C%20Mourt%20Davis%2033%20%7C%20Belcher's%20Hill%20%7C%20The%20Kennedy%20On%20Belcher's%20(Kennedy%20Town%202000's%20private%20residential%20buildings)?field=t_pop&sort=default&detailcode=CW0060,5349.00,building,CW0060,(Kennedy Town) Ivy On Belcher's / Westview Height / La Maison Du Nord / Shun Cheong Building / The Sail At Victoria / 60 Victoria Road / Mourt Davis 33 / Belcher's Hill / The Kennedy On Belcher's (Kennedy Town 2000's private residential buildings),2001Q4,quarter
Central and Western,Kennedy Town,(Kennedy Town) Ivy On Bel...,https://hkdata.centanet.com/BigData/hong-kong/Central%20and%20Western/CHMA/Kennedy-Town/building-group(Kennedy%20Town)%20Ivy%20On%20Belcher's%20%7C%20Westview%20Height%20%7C%20La%20Maison%20Du%20Nord%20%7C%20Shun%20Cheong%20Building%20%7C%20The%20Sail%20At%20Victoria%20%7C%2060%20Victoria%20Road%20%7C%20Mourt%20Davis%2033%20%7C%20Belcher's%20Hill%20%7C%20The%20Kennedy%20On%20Belcher's%20(Kennedy%20Town%202000's%20private%20residential%20buildings)?field=t_pop&sort=default&detailcode=CW0060,5349.00,building,CW0060,(Kennedy Town) Ivy On Belcher's / Westview Height / La Maison Du Nord / Shun Cheong Building / The Sail At Victoria / 60 Victoria Road / Mourt Davis 33 / Belcher's Hill / The Kennedy On Belcher's (Kennedy Town 2000's private residential buildings),2002,Year
Central and Western,Kennedy Town,(Kennedy Town) Ivy On Bel...,https://hkdata.centanet.com/BigData/hong-kong/Central%20and%20Western/CHMA/Kennedy-Town/building-group(Kennedy%20Town)%20Ivy%20On%20Belcher's%20%7C%20Westview%20Height%20%7C%20La%20Maison%20Du%20Nord%20%7C%20Shun%20Cheong%20Building%20%7C%20The%20Sail%20At%20Victoria%20%7C%2060%20Victoria%20Road%20%7C%20Mourt%20Davis%2033%20%7C%20Belcher's%20Hill%20%7C%20The%20Kennedy%20On%20Belcher's%20(Kennedy%20Town%202000's%20private%20residential%20buildings)?field=t_pop&sort=default&detailcode=CW0060,5349.00,building,CW0060,(Kennedy Town) Ivy On Belcher's / Westview Height / La Maison Du Nord / Shun Cheong Building / The Sail At Victoria / 60 Victoria Road / Mourt Davis 33 / Belcher's Hill / The Kennedy On Belcher's (Kennedy Town 2000's private residential buildings),2002_1,HalfYear
Central and Western,Kennedy Town,(Kennedy Town) Ivy On Bel...,https://hkdata.centanet.com/BigData/hong-kong/Central%20and%20Western/CHMA/Kennedy-Town/building-group(Kennedy%20Town)%20Ivy%20On%20Belcher's%20%7C%20Westview%20Height%20%7C%20La%20Maison%20Du%20Nord%20%7C%20Shun%20Cheong%20Building%20%7C%20The%20Sail%20At%20Victoria%20%7C%2060%20Victoria%20Road%20%7C%20Mourt%20Davis%2033%20%7C%20Belcher's%20Hill%20%7C%20The%20Kennedy%20On%20Belcher's%20(Kennedy%20Town%202000's%20private%20residential%20buildings)?field=t_pop&sort=default&detailcode=CW0060,5349.00,building,CW0060,(Kennedy Town) Ivy On Belcher's / Westview Height / La Maison Du Nord / Shun Cheong Building / The Sail At Victoria / 60 Victoria Road / Mourt Davis 33 / Belcher's Hill / The Kennedy On Belcher's (Kennedy Town 2000's private residential buildings),2002_2,HalfYear
Central and Western,Kennedy Town,(Kennedy Town) Ivy On Bel...,https://hkdata.centanet.com/BigData/hong-kong/Central%20and%20Western/CHMA/Kennedy-Town/building-group(Kennedy%20Town)%20Ivy%20On%20Belcher's%20%7C%20Westview%20Height%20%7C%20La%20Maison%20Du%20Nord%20%7C%20Shun%20Cheong%20Building%20%7C%20The%20Sail%20At%20Victoria%20%7C%2060%20Victoria%20Road%20%7C%20Mourt%20Davis%2033%20%7C%20Belcher's%20Hill%20%7C%20The%20Kennedy%20On%20Belcher's%20(Kennedy%20Town%202000's%20private%20residential%20buildings)?field=t_pop&sort=default&detailcode=CW0060,5349.00,building,CW0060,(Kennedy Town) Ivy On Belcher's / Westview Height / La Maison Du Nord / Shun Cheong Building / The Sail At Victoria / 60 Victoria Road / Mourt Davis 33 / Belcher's Hill / The Kennedy On Belcher's (Kennedy Town 2000's private residential buildings),200201,Month
Central and Western,Kennedy Town,(Kennedy Town) Ivy On Bel...,https://hkdata.centanet.com/BigData/hong-kong/Central%20and%20Western/CHMA/Kennedy-Town/building-group(Kennedy%20Town)%20Ivy%20On%20Belcher's%20%7C%20Westview%20Height%20%7C%20La%20Maison%20Du%20Nord%20%7C%20Shun%20Cheong%20Building%20%7C%20The%20Sail%20At%20Victoria%20%7C%2060%20Victoria%20Road%20%7C%20Mourt%20Davis%2033%20%7C%20Belcher's%20Hill%20%7C%20The%20Kennedy%20On%20Belcher's%20(Kennedy%20Town%202000's%20private%20residential%20buildings)?field=t_pop&sort=default&detailcode=CW0060,5349.00,building,CW0060,(Kennedy Town) Ivy On Belcher's / Westview Height / La Maison Du Nord / Shun Cheong Building / The Sail At Victoria / 60 Victoria Road / Mourt Davis 33 / Belcher's Hill / The Kennedy On Belcher's (Kennedy Town 2000's private residential buildings),200202,Month
Central and Western,Kennedy Town,(Kennedy Town) Ivy On Bel...,https://hkdata.centanet.com/BigData/hong-kong/Central%20and%20Western/CHMA/Kennedy-Town/building-group(Kennedy%20Town)%20Ivy%20On%20Belcher's%20%7C%20Westview%20Height%20%7C%20La%20Maison%20Du%20Nord%20%7C%20Shun%20Cheong%20Building%20%7C%20The%20Sail%20At%20Victoria%20%7C%2060%20Victoria%20Road%20%7C%20Mourt%20Davis%2033%20%7C%20Belcher's%20Hill%20%7C%20The%20Kennedy%20On%20Belcher's%20(Kennedy%20Town%202000's%20private%20residential%20buildings)?field=t_pop&sort=default&detailcode=CW0060,5349.00,building,CW0060,(Kennedy Town) Ivy On Belcher's / Westview Height / La Maison Du Nord / Shun Cheong Building / The Sail At Victoria / 60 Victoria Road / Mourt Davis 33 / Belcher's Hill / The Kennedy On Belcher's (Kennedy Town 2000's private residential buildings),200203,Month
Central and Western,Kennedy Town,(Kennedy Town) Ivy On Bel...,https://hkdata.centanet.com/BigData/hong-kong/Central%20and%20Western/CHMA/Kennedy-Town/building-group(Kennedy%20Town)%20Ivy%20On%20Belcher's%20%7C%20Westview%20Height%20%7C%20La%20Maison%20Du%20Nord%20%7C%20Shun%20Cheong%20Building%20%7C%20The%20Sail%20At%20Victoria%20%7C%2060%20Victoria%20Road%20%7C%20Mourt%20Davis%2033%20%7C%20Belcher's%20Hill%20%7C%20The%20Kennedy%20On%20Belcher's%20(Kennedy%20Town%202000's%20private%20residential%20buildings)?field=t_pop&sort=default&detailcode=CW0060,5349.00,building,CW0060,(Kennedy Town) Ivy On Belcher's / Westview Height / La Maison Du Nord / Shun Cheong Building / The Sail At Victoria / 60 Victoria Road / Mourt Davis 33 / Belcher's Hill / The Kennedy On Belcher's (Kennedy Town 2000's private residential buildings),200204,Month
Central and Western,Kennedy Town,(Kennedy Town) Ivy On Bel...,https://hkdata.centanet.com/BigData/hong-kong/Central%20and%20Western/CHMA/Kennedy-Town/building-group(Kennedy%20Town)%20Ivy%20On%20Belcher's%20%7C%20Westview%20Height%20%7C%20La%20Maison%20Du%20Nord%20%7C%20Shun%20Cheong%20Building%20%7C%20The%20Sail%20At%20Victoria%20%7C%2060%20Victoria%20Road%20%7C%20Mourt%20Davis%2033%20%7C%20Belcher's%20Hill%20%7C%20The%20Kennedy%20On%20Belcher's%20(Kennedy%20Town%202000's%20private%20residential%20buildings)?field=t_pop&sort=default&detailcode=CW0060,5349.00,building,CW0060,(Kennedy Town) Ivy On Belcher's / Westview Height / La Maison Du Nord / Shun Cheong Building / The Sail At Victoria / 60 Victoria Road / Mourt Davis 33 / Belcher's Hill / The Kennedy On Belcher's (Kennedy Town 2000's private residential buildings),200205,Month
Central and Western,Kennedy Town,(Kennedy Town) Ivy On Bel...,https://hkdata.centanet.com/BigData/hong-kong/Central%20and%20Western/CHMA/Kennedy-Town/building-group(Kennedy%20Town)%20Ivy%20On%20Belcher's%20%7C%20Westview%20Height%20%7C%20La%20Maison%20Du%20Nord%20%7C%20Shun%20Cheong%20Building%20%7C%20The%20Sail%20At%20Victoria%20%7C%2060%20Victoria%20Road%20%7C%20Mourt%20Davis%2033%20%7C%20Belcher's%20Hill%20%7C%20The%20Kennedy%20On%20Belcher's%20(Kennedy%20Town%202000's%20private%20residential%20buildings)?field=t_pop&sort=default&detailcode=CW0060,5349.00,building,CW0060,(Kennedy Town) Ivy On Belcher's / Westview Height / La Maison Du Nord / Shun Cheong Building / The Sail At Victoria / 60 Victoria Road / Mourt Davis 33 / Belcher's Hill / The Kennedy On Belcher's (Kennedy Town 2000's private residential buildings),200206,Month
Central and Western,Kennedy Town,(Kennedy Town) Ivy On Bel...,https://hkdata.centanet.com/BigData/hong-kong/Central%20and%20Western/CHMA/Kennedy-Town/building-group(Kennedy%20Town)%20Ivy%20On%20Belcher's%20%7C%20Westview%20Height%20%7C%20La%20Maison%20Du%20Nord%20%7C%20Shun%20Cheong%20Building%20%7C%20The%20Sail%20At%20Victoria%20%7C%2060%20Victoria%20Road%20%7C%20Mourt%20Davis%2033%20%7C%20Belcher's%20Hill%20%7C%20The%20Kennedy%20On%20Belcher's%20(Kennedy%20Town%202000's%20private%20residential%20buildings)?field=t_pop&sort=default&detailcode=CW0060,5349.00,building,CW0060,(Kennedy Town) Ivy On Belcher's / Westview Height / La Maison Du Nord / Shun Cheong Building / The Sail At Victoria / 60 Victoria Road / Mourt Davis 33 / Belcher's Hill / The Kennedy On Belcher's (Kennedy Town 2000's private residential buildings),200207,Month
Central and Western,Kennedy Town,(Kennedy Town) Ivy On Bel...,https://hkdata.centanet.com/BigData/hong-kong/Central%20and%20Western/CHMA/Kennedy-Town/building-group(Kennedy%20Town)%20Ivy%20On%20Belcher's%20%7C%20Westview%20Height%20%7C%20La%20Maison%20Du%20Nord%20%7C%20Shun%20Cheong%20Building%20%7C%20The%20Sail%20At%20Victoria%20%7C%2060%20Victoria%20Road%20%7C%20Mourt%20Davis%2033%20%7C%20Belcher's%20Hill%20%7C%20The%20Kennedy%20On%20Belcher's%20(Kennedy%20Town%202000's%20private%20residential%20buildings)?field=t_pop&sort=default&detailcode=CW0060,5349.00,building,CW0060,(Kennedy Town) Ivy On Belcher's / Westview Height / La Maison Du Nord / Shun Cheong Building / The Sail At Victoria / 60 Victoria Road / Mourt Davis 33 / Belcher's Hill / The Kennedy On Belcher's (Kennedy Town 2000's private residential buildings),200208,Month
Central and Western,Kennedy Town,(Kennedy Town) Ivy On Bel...,https://hkdata.centanet.com/BigData/hong-kong/Central%20and%20Western/CHMA/Kennedy-Town/building-group(Kennedy%20Town)%20Ivy%20On%20Belcher's%20%7C%20Westview%20Height%20%7C%20La%20Maison%20Du%20Nord%20%7C%20Shun%20Cheong%20Building%20%7C%20The%20Sail%20At%20Victoria%20%7C%2060%20Victoria%20Road%20%7C%20Mourt%20Davis%2033%20%7C%20Belcher's%20Hill%20%7C%20The%20Kennedy%20On%20Belcher's%20(Kennedy%20Town%202000's%20private%20residential%20buildings)?field=t_pop&sort=default&detailcode=CW0060,5349.00,building,CW0060,(Kennedy Town) Ivy On Belcher's / Westview Height / La Maison Du Nord / Shun Cheong Building / The Sail At Victoria / 60 Victoria Road / Mourt Davis 33 / Belcher's Hill / The Kennedy On Belcher's (Kennedy Town 2000's private residential buildings),200209,Month
Central and Western,Kennedy Town,(Kennedy Town) Ivy On Bel...,https://hkdata.centanet.com/BigData/hong-kong/Central%20and%20Western/CHMA/Kennedy-Town/building-group(Kennedy%20Town)%20Ivy%20On%20Belcher's%20%7C%20Westview%20Height%20%7C%20La%20Maison%20Du%20Nord%20%7C%20Shun%20Cheong%20Building%20%7C%20The%20Sail%20At%20Victoria%20%7C%2060%20Victoria%20Road%20%7C%20Mourt%20Davis%2033%20%7C%20Belcher's%20Hill%20%7C%20The%20Kennedy%20On%20Belcher's%20(Kennedy%20Town%202000's%20private%20residential%20buildings)?field=t_pop&sort=default&detailcode=CW0060,5349.00,building,CW0060,(Kennedy Town) Ivy On Belcher's / Westview Height / La Maison Du Nord / Shun Cheong Building / The Sail At Victoria / 60 Victoria Road / Mourt Davis 33 / Belcher's Hill / The Kennedy On Belcher's (Kennedy Town 2000's private residential buildings),200210,Month
Central and Western,Kennedy Town,(Kennedy Town) Ivy On Bel...,https://hkdata.centanet.com/BigData/hong-kong/Central%20and%20Western/CHMA/Kennedy-Town/building-group(Kennedy%20Town)%20Ivy%20On%20Belcher's%20%7C%20Westview%20Height%20%7C%20La%20Maison%20Du%20Nord%20%7C%20Shun%20Cheong%20Building%20%7C%20The%20Sail%20At%20Victoria%20%7C%2060%20Victoria%20Road%20%7C%20Mourt%20Davis%2033%20%7C%20Belcher's%20Hill%20%7C%20The%20Kennedy%20On%20Belcher's%20(Kennedy%20Town%202000's%20private%20residential%20buildings)?field=t_pop&sort=default&detailcode=CW0060,5349.00,building,CW0060,(Kennedy Town) Ivy On Belcher's / Westview Height / La Maison Du Nord / Shun Cheong Building / The Sail At Victoria / 60 Victoria Road / Mourt Davis 33 / Belcher's Hill / The Kennedy On Belcher's (Kennedy Town 2000's private residential buildings),200211,Month
Central and Western,Kennedy Town,(Kennedy Town) Ivy On Bel...,https://hkdata.centanet.com/BigData/hong-kong/Central%20and%20Western/CHMA/Kennedy-Town/building-group(Kennedy%20Town)%20Ivy%20On%20Belcher's%20%7C%20Westview%20Height%20%7C%20La%20Maison%20Du%20Nord%20%7C%20Shun%20Cheong%20Building%20%7C%20The%20Sail%20At%20Victoria%20%7C%2060%20Victoria%20Road%20%7C%20Mourt%20Davis%2033%20%7C%20Belcher's%20Hill%20%7C%20The%20Kennedy%20On%20Belcher's%20(Kennedy%20Town%202000's%20private%20residential%20buildings)?field=t_pop&sort=default&detailcode=CW0060,5349.00,building,CW0060,(Kennedy Town) Ivy On Belcher's / Westview Height / La Maison Du Nord / Shun Cheong Building / The Sail At Victoria / 60 Victoria Road / Mourt Davis 33 / Belcher's Hill / The Kennedy On Belcher's (Kennedy Town 2000's private residential buildings),200212,Month
Central and Western,Kennedy Town,(Kennedy Town) Ivy On Bel...,https://hkdata.centanet.com/BigData/hong-kong/Central%20and%20Western/CHMA/Kennedy-Town/building-group(Kennedy%20Town)%20Ivy%20On%20Belcher's%20%7C%20Westview%20Height%20%7C%20La%20Maison%20Du%20Nord%20%7C%20Shun%20Cheong%20Building%20%7C%20The%20Sail%20At%20Victoria%20%7C%2060%20Victoria%20Road%20%7C%20Mourt%20Davis%2033%20%7C%20Belcher's%20Hill%20%7C%20The%20Kennedy%20On%20Belcher's%20(Kennedy%20Town%202000's%20private%20residential%20buildings)?field=t_pop&sort=default&detailcode=CW0060,5349.00,building,CW0060,(Kennedy Town) Ivy On Belcher's / Westview Height / La Maison Du Nord / Shun Cheong Building / The Sail At Victoria / 60 Victoria Road / Mourt Davis 33 / Belcher's Hill / The Kennedy On Belcher's (Kennedy Town 2000's private residential buildings),2002Q1,Quarter
Central and Western,Kennedy Town,(Kennedy Town) Ivy On Bel...,https://hkdata.centanet.com/BigData/hong-kong/Central%20and%20Western/CHMA/Kennedy-Town/building-group(Kennedy%20Town)%20Ivy%20On%20Belcher's%20%7C%20Westview%20Height%20%7C%20La%20Maison%20Du%20Nord%20%7C%20Shun%20Cheong%20Building%20%7C%20The%20Sail%20At%20Victoria%20%7C%2060%20Victoria%20Road%20%7C%20Mourt%20Davis%2033%20%7C%20Belcher's%20Hill%20%7C%20The%20Kennedy%20On%20Belcher's%20(Kennedy%20Town%202000's%20private%20residential%20buildings)?field=t_pop&sort=default&detailcode=CW0060,5349.00,building,CW0060,(Kennedy Town) Ivy On Belcher's / Westview Height / La Maison Du Nord / Shun Cheong Building / The Sail At Victoria / 60 Victoria Road / Mourt Davis 33 / Belcher's Hill / The Kennedy On Belcher's (Kennedy Town 2000's private residential buildings),2002Q2,Quarter
Central and Western,Kennedy Town,(Kennedy Town) Ivy On Bel...,https://hkdata.centanet.com/BigData/hong-kong/Central%20and%20Western/CHMA/Kennedy-Town/building-group(Kennedy%20Town)%20Ivy%20On%20Belcher's%20%7C%20Westview%20Height%20%7C%20La%20Maison%20Du%20Nord%20%7C%20Shun%20Cheong%20Building%20%7C%20The%20Sail%20At%20Victoria%20%7C%2060%20Victoria%20Road%20%7C%20Mourt%20Davis%2033%20%7C%20Belcher's%20Hill%20%7C%20The%20Kennedy%20On%20Belcher's%20(Kennedy%20Town%202000's%20private%20residential%20buildings)?field=t_pop&sort=default&detailcode=CW0060,5349.00,building,CW0060,(Kennedy Town) Ivy On Belcher's / Westview Height / La Maison Du Nord / Shun Cheong Building / The Sail At Victoria / 60 Victoria Road / Mourt Davis 33 / Belcher's Hill / The Kennedy On Belcher's (Kennedy Town 2000's private residential buildings),2002Q3,Quarter
Central and Western,Kennedy Town,(Kennedy Town) Ivy On Bel...,https://hkdata.centanet.com/BigData/hong-kong/Central%20and%20Western/CHMA/Kennedy-Town/building-group(Kennedy%20Town)%20Ivy%20On%20Belcher's%20%7C%20Westview%20Height%20%7C%20La%20Maison%20Du%20Nord%20%7C%20Shun%20Cheong%20Building%20%7C%20The%20Sail%20At%20Victoria%20%7C%2060%20Victoria%20Road%20%7C%20Mourt%20Davis%2033%20%7C%20Belcher's%20Hill%20%7C%20The%20Kennedy%20On%20Belcher's%20(Kennedy%20Town%202000's%20private%20residential%20buildings)?field=t_pop&sort=default&detailcode=CW0060,5349.00,building,CW0060,(Kennedy Town) Ivy On Belcher's / Westview Height / La Maison Du Nord / Shun Cheong Building / The Sail At Victoria / 60 Victoria Road / Mourt Davis 33 / Belcher's Hill / The Kennedy On Belcher's (Kennedy Town 2000's private residential buildings),2002Q4,Quarter
Central and Western,Kennedy Town,(Kennedy Town) Ivy On Bel...,https://hkdata.centanet.com/BigData/hong-kong/Central%20and%20Western/CHMA/Kennedy-Town/building-group(Kennedy%20Town)%20Ivy%20On%20Belcher's%20%7C%20Westview%20Height%20%7C%20La%20Maison%20Du%20Nord%20%7C%20Shun%20Cheong%20Building%20%7C%20The%20Sail%20At%20Victoria%20%7C%2060%20Victoria%20Road%20%7C%20Mourt%20Davis%2033%20%7C%20Belcher's%20Hill%20%7C%20The%20Kennedy%20On%20Belcher's%20(Kennedy%20Town%202000's%20private%20residential%20buildings)?field=t_pop&sort=default&detailcode=CW0060,3951.00,building,CW0060,(Kennedy Town) Ivy On Belcher's / Westview Height / La Maison Du Nord / Shun Cheong Building / The Sail At Victoria / 60 Victoria Road / Mourt Davis 33 / Belcher's Hill / The Kennedy On Belcher's (Kennedy Town 2000's private residential buildings),2003,Year
Central and Western,Kennedy Town,(Kennedy Town) Ivy On Bel...,https://hkdata.centanet.com/BigData/hong-kong/Central%20and%20Western/CHMA/Kennedy-Town/building-group(Kennedy%20Town)%20Ivy%20On%20Belcher's%20%7C%20Westview%20Height%20%7C%20La%20Maison%20Du%20Nord%20%7C%20Shun%20Cheong%20Building%20%7C%20The%20Sail%20At%20Victoria%20%7C%2060%20Victoria%20Road%20%7C%20Mourt%20Davis%2033%20%7C%20Belcher's%20Hill%20%7C%20The%20Kennedy%20On%20Belcher's%20(Kennedy%20Town%202000's%20private%20residential%20buildings)?field=t_pop&sort=default&detailcode=CW0060,3951.00,building,CW0060,(Kennedy Town) Ivy On Belcher's / Westview Height / La Maison Du Nord / Shun Cheong Building / The Sail At Victoria / 60 Victoria Road / Mourt Davis 33 / Belcher's Hill / The Kennedy On Belcher's (Kennedy Town 2000's private residential buildings),2003_1,HalfYear
Central and Western,Kennedy Town,(Kennedy Town) Ivy On Bel...,https://hkdata.centanet.com/BigData/hong-kong/Central%20and%20Western/CHMA/Kennedy-Town/building-group(Kennedy%20Town)%20Ivy%20On%20Belcher's%20%7C%20Westview%20Height%20%7C%20La%20Maison%20Du%20Nord%20%7C%20Shun%20Cheong%20Building%20%7C%20The%20Sail%20At%20Victoria%20%7C%2060%20Victoria%20Road%20%7C%20Mourt%20Davis%2033%20%7C%20Belcher's%20Hill%20%7C%20The%20Kennedy%20On%20Belcher's%20(Kennedy%20Town%202000's%20private%20residential%20buildings)?field=t_pop&sort=default&detailcode=CW0060,3951.00,building,CW0060,(Kennedy Town) Ivy On Belcher's / Westview Height / La Maison Du Nord / Shun Cheong Building / The Sail At Victoria / 60 Victoria Road / Mourt Davis 33 / Belcher's Hill / The Kennedy On Belcher's (Kennedy Town 2000's private residential buildings),2003_2,HalfYear
Central and Western,Kennedy Town,(Kennedy Town) Ivy On Bel...,https://hkdata.centanet.com/BigData/hong-kong/Central%20and%20Western/CHMA/Kennedy-Town/building-group(Kennedy%20Town)%20Ivy%20On%20Belcher's%20%7C%20Westview%20Height%20%7C%20La%20Maison%20Du%20Nord%20%7C%20Shun%20Cheong%20Building%20%7C%20The%20Sail%20At%20Victoria%20%7C%2060%20Victoria%20Road%20%7C%20Mourt%20Davis%2033%20%7C%20Belcher's%20Hill%20%7C%20The%20Kennedy%20On%20Belcher's%20(Kennedy%20Town%202000's%20private%20residential%20buildings)?field=t_pop&sort=default&detailcode=CW0060,3951.00,building,CW0060,(Kennedy Town) Ivy On Belcher's / Westview Height / La Maison Du Nord / Shun Cheong Building / The Sail At Victoria / 60 Victoria Road / Mourt Davis 33 / Belcher's Hill / The Kennedy On Belcher's (Kennedy Town 2000's private residential buildings),200301,Month
Central and Western,Kennedy Town,(Kennedy Town) Ivy On Bel...,https://hkdata.centanet.com/BigData/hong-kong/Central%20and%20Western/CHMA/Kennedy-Town/building-group(Kennedy%20Town)%20Ivy%20On%20Belcher's%20%7C%20Westview%20Height%20%7C%20La%20Maison%20Du%20Nord%20%7C%20Shun%20Cheong%20Building%20%7C%20The%20Sail%20At%20Victoria%20%7C%2060%20Victoria%20Road%20%7C%20Mourt%20Davis%2033%20%7C%20Belcher's%20Hill%20%7C%20The%20Kennedy%20On%20Belcher's%20(Kennedy%20Town%202000's%20private%20residential%20buildings)?field=t_pop&sort=default&detailcode=CW0060,3951.00,building,CW0060,(Kennedy Town) Ivy On Belcher's / Westview Height / La Maison Du Nord / Shun Cheong Building / The Sail At Victoria / 60 Victoria Road / Mourt Davis 33 / Belcher's Hill / The Kennedy On Belcher's (Kennedy Town 2000's private residential buildings),200302,Month
Central and Western,Kennedy Town,(Kennedy Town) Ivy On Bel...,https://hkdata.centanet.com/BigData/hong-kong/Central%20and%20Western/CHMA/Kennedy-Town/building-group(Kennedy%20Town)%20Ivy%20On%20Belcher's%20%7C%20Westview%20Height%20%7C%20La%20Maison%20Du%20Nord%20%7C%20Shun%20Cheong%20Building%20%7C%20The%20Sail%20At%20Victoria%20%7C%2060%20Victoria%20Road%20%7C%20Mourt%20Davis%2033%20%7C%20Belcher's%20Hill%20%7C%20The%20Kennedy%20On%20Belcher's%20(Kennedy%20Town%202000's%20private%20residential%20buildings)?field=t_pop&sort=default&detailcode=CW0060,3951.00,building,CW0060,(Kennedy Town) Ivy On Belcher's / Westview Height / La Maison Du Nord / Shun Cheong Building / The Sail At Victoria / 60 Victoria Road / Mourt Davis 33 / Belcher's Hill / The Kennedy On Belcher's (Kennedy Town 2000's private residential buildings),200303,Month
Central and Western,Kennedy Town,(Kennedy Town) Ivy On Bel...,https://hkdata.centanet.com/BigData/hong-kong/Central%20and%20Western/CHMA/Kennedy-Town/building-group(Kennedy%20Town)%20Ivy%20On%20Belcher's%20%7C%20Westview%20Height%20%7C%20La%20Maison%20Du%20Nord%20%7C%20Shun%20Cheong%20Building%20%7C%20The%20Sail%20At%20Victoria%20%7C%2060%20Victoria%20Road%20%7C%20Mourt%20Davis%2033%20%7C%20Belcher's%20Hill%20%7C%20The%20Kennedy%20On%20Belcher's%20(Kennedy%20Town%202000's%20private%20residential%20buildings)?field=t_pop&sort=default&detailcode=CW0060,3951.00,building,CW0060,(Kennedy Town) Ivy On Belcher's / Westview Height / La Maison Du Nord / Shun Cheong Building / The Sail At Victoria / 60 Victoria Road / Mourt Davis 33 / Belcher's Hill / The Kennedy On Belcher's (Kennedy Town 2000's private residential buildings),200304,Month
Central and Western,Kennedy Town,(Kennedy Town) Ivy On Bel...,https://hkdata.centanet.com/BigData/hong-kong/Central%20and%20Western/CHMA/Kennedy-Town/building-group(Kennedy%20Town)%20Ivy%20On%20Belcher's%20%7C%20Westview%20Height%20%7C%20La%20Maison%20Du%20Nord%20%7C%20Shun%20Cheong%20Building%20%7C%20The%20Sail%20At%20Victoria%20%7C%2060%20Victoria%20Road%20%7C%20Mourt%20Davis%2033%20%7C%20Belcher's%20Hill%20%7C%20The%20Kennedy%20On%20Belcher's%20(Kennedy%20Town%202000's%20private%20residential%20buildings)?field=t_pop&sort=default&detailcode=CW0060,3951.00,building,CW0060,(Kennedy Town) Ivy On Belcher's / Westview Height / La Maison Du Nord / Shun Cheong Building / The Sail At Victoria / 60 Victoria Road / Mourt Davis 33 / Belcher's Hill / The Kennedy On Belcher's (Kennedy Town 2000's private residential buildings),200305,Month
Central and Western,Kennedy Town,(Kennedy Town) Ivy On Bel...,https://hkdata.centanet.com/BigData/hong-kong/Central%20and%20Western/CHMA/Kennedy-Town/building-group(Kennedy%20Town)%20Ivy%20On%20Belcher's%20%7C%20Westview%20Height%20%7C%20La%20Maison%20Du%20Nord%20%7C%20Shun%20Cheong%20Building%20%7C%20The%20Sail%20At%20Victoria%20%7C%2060%20Victoria%20Road%20%7C%20Mourt%20Davis%2033%20%7C%20Belcher's%20Hill%20%7C%20The%20Kennedy%20On%20Belcher's%20(Kennedy%20Town%202000's%20private%20residential%20buildings)?field=t_pop&sort=default&detailcode=CW0060,3951.00,building,CW0060,(Kennedy Town) Ivy On Belcher's / Westview Height / La Maison Du Nord / Shun Cheong Building / The Sail At Victoria / 60 Victoria Road / Mourt Davis 33 / Belcher's Hill / The Kennedy On Belcher's (Kennedy Town 2000's private residential buildings),200306,Month
Central and Western,Kennedy Town,(Kennedy Town) Ivy On Bel...,https://hkdata.centanet.com/BigData/hong-kong/Central%20and%20Western/CHMA/Kennedy-Town/building-group(Kennedy%20Town)%20Ivy%20On%20Belcher's%20%7C%20Westview%20Height%20%7C%20La%20Maison%20Du%20Nord%20%7C%20Shun%20Cheong%20Building%20%7C%20The%20Sail%20At%20Victoria%20%7C%2060%20Victoria%20Road%20%7C%20Mourt%20Davis%2033%20%7C%20Belcher's%20Hill%20%7C%20The%20Kennedy%20On%20Belcher's%20(Kennedy%20Town%202000's%20private%20residential%20buildings)?field=t_pop&sort=default&detailcode=CW0060,3951.00,building,CW0060,(Kennedy Town) Ivy On Belcher's / Westview Height / La Maison Du Nord / Shun Cheong Building / The Sail At Victoria / 60 Victoria Road / Mourt Davis 33 / Belcher's Hill / The Kennedy On Belcher's (Kennedy Town 2000's private residential buildings),200307,Month
Central and Western,Kennedy Town,(Kennedy Town) Ivy On Bel...,https://hkdata.centanet.com/BigData/hong-kong/Central%20and%20Western/CHMA/Kennedy-Town/building-group(Kennedy%20Town)%20Ivy%20On%20Belcher's%20%7C%20Westview%20Height%20%7C%20La%20Maison%20Du%20Nord%20%7C%20Shun%20Cheong%20Building%20%7C%20The%20Sail%20At%20Victoria%20%7C%2060%20Victoria%20Road%20%7C%20Mourt%20Davis%2033%20%7C%20Belcher's%20Hill%20%7C%20The%20Kennedy%20On%20Belcher's%20(Kennedy%20Town%202000's%20private%20residential%20buildings)?field=t_pop&sort=default&detailcode=CW0060,3951.00,building,CW0060,(Kennedy Town) Ivy On Belcher's / Westview Height / La Maison Du Nord / Shun Cheong Building / The Sail At Victoria / 60 Victoria Road / Mourt Davis 33 / Belcher's Hill / The Kennedy On Belcher's (Kennedy Town 2000's private residential buildings),200308,Month
Central and Western,Kennedy Town,(Kennedy Town) Ivy On Bel...,https://hkdata.centanet.com/BigData/hong-kong/Central%20and%20Western/CHMA/Kennedy-Town/building-group(Kennedy%20Town)%20Ivy%20On%20Belcher's%20%7C%20Westview%20Height%20%7C%20La%20Maison%20Du%20Nord%20%7C%20Shun%20Cheong%20Building%20%7C%20The%20Sail%20At%20Victoria%20%7C%2060%20Victoria%20Road%20%7C%20Mourt%20Davis%2033%20%7C%20Belcher's%20Hill%20%7C%20The%20Kennedy%20On%20Belcher's%20(Kennedy%20Town%202000's%20private%20residential%20buildings)?field=t_pop&sort=default&detailcode=CW0060,3951.00,building,CW0060,(Kennedy Town) Ivy On Belcher's / Westview Height / La Maison Du Nord / Shun Cheong Building / The Sail At Victoria / 60 Victoria Road / Mourt Davis 33 / Belcher's Hill / The Kennedy On Belcher's (Kennedy Town 2000's private residential buildings),200309,Month
Central and Western,Kennedy Town,(Kennedy Town) Ivy On Bel...,https://hkdata.centanet.com/BigData/hong-kong/Central%20and%20Western/CHMA/Kennedy-Town/building-group(Kennedy%20Town)%20Ivy%20On%20Belcher's%20%7C%20Westview%20Height%20%7C%20La%20Maison%20Du%20Nord%20%7C%20Shun%20Cheong%20Building%20%7C%20The%20Sail%20At%20Victoria%20%7C%2060%20Victoria%20Road%20%7C%20Mourt%20Davis%2033%20%7C%20Belcher's%20Hill%20%7C%20The%20Kennedy%20On%20Belcher's%20(Kennedy%20Town%202000's%20private%20residential%20buildings)?field=t_pop&sort=default&detailcode=CW0060,3951.00,building,CW0060,(Kennedy Town) Ivy On Belcher's / Westview Height / La Maison Du Nord / Shun Cheong Building / The Sail At Victoria / 60 Victoria Road / Mourt Davis 33 / Belcher's Hill / The Kennedy On Belcher's (Kennedy Town 2000's private residential buildings),200310,month
Central and Western,Kennedy Town,(Kennedy Town) Ivy On Bel...,https://hkdata.centanet.com/BigData/hong-kong/Central%20and%20Western/CHMA/Kennedy-Town/building-group(Kennedy%20Town)%20Ivy%20On%20Belcher's%20%7C%20Westview%20Height%20%7C%20La%20Maison%20Du%20Nord%20%7C%20Shun%20Cheong%20Building%20%7C%20The%20Sail%20At%20Victoria%20%7C%2060%20Victoria%20Road%20%7C%20Mourt%20Davis%2033%20%7C%20Belcher's%20Hill%20%7C%20The%20Kennedy%20On%20Belcher's%20(Kennedy%20Town%202000's%20private%20residential%20buildings)?field=t_pop&sort=default&detailcode=CW0060,3951.00,building,CW0060,(Kennedy Town) Ivy On Belcher's / Westview Height / La Maison Du Nord / Shun Cheong Building / The Sail At Victoria / 60 Victoria Road / Mourt Davis 33 / Belcher's Hill / The Kennedy On Belcher's (Kennedy Town 2000's private residential buildings),200311,Month
Central and Western,Kennedy Town,(Kennedy Town) Ivy On Bel...,https://hkdata.centanet.com/BigData/hong-kong/Central%20and%20Western/CHMA/Kennedy-Town/building-group(Kennedy%20Town)%20Ivy%20On%20Belcher's%20%7C%20Westview%20Height%20%7C%20La%20Maison%20Du%20Nord%20%7C%20Shun%20Cheong%20Building%20%7C%20The%20Sail%20At%20Victoria%20%7C%2060%20Victoria%20Road%20%7C%20Mourt%20Davis%2033%20%7C%20Belcher's%20Hill%20%7C%20The%20Kennedy%20On%20Belcher's%20(Kennedy%20Town%202000's%20private%20residential%20buildings)?field=t_pop&sort=default&detailcode=CW0060,3951.00,building,CW0060,(Kennedy Town) Ivy On Belcher's / Westview Height / La Maison Du Nord / Shun Cheong Building / The Sail At Victoria / 60 Victoria Road / Mourt Davis 33 / Belcher's Hill / The Kennedy On Belcher's (Kennedy Town 2000's private residential buildings),200312,month
Central and Western,Kennedy Town,(Kennedy Town) Ivy On Bel...,https://hkdata.centanet.com/BigData/hong-kong/Central%20and%20Western/CHMA/Kennedy-Town/building-group(Kennedy%20Town)%20Ivy%20On%20Belcher's%20%7C%20Westview%20Height%20%7C%20La%20Maison%20Du%20Nord%20%7C%20Shun%20Cheong%20Building%20%7C%20The%20Sail%20At%20Victoria%20%7C%2060%20Victoria%20Road%20%7C%20Mourt%20Davis%2033%20%7C%20Belcher's%20Hill%20%7C%20The%20Kennedy%20On%20Belcher's%20(Kennedy%20Town%202000's%20private%20residential%20buildings)?field=t_pop&sort=default&detailcode=CW0060,3951.00,building,CW0060,(Kennedy Town) Ivy On Belcher's / Westview Height / La Maison Du Nord / Shun Cheong Building / The Sail At Victoria / 60 Victoria Road / Mourt Davis 33 / Belcher's Hill / The Kennedy On Belcher's (Kennedy Town 2000's private residential buildings),2003Q1,Quarter
Central and Western,Kennedy Town,(Kennedy Town) Ivy On Bel...,https://hkdata.centanet.com/BigData/hong-kong/Central%20and%20Western/CHMA/Kennedy-Town/building-group(Kennedy%20Town)%20Ivy%20On%20Belcher's%20%7C%20Westview%20Height%20%7C%20La%20Maison%20Du%20Nord%20%7C%20Shun%20Cheong%20Building%20%7C%20The%20Sail%20At%20Victoria%20%7C%2060%20Victoria%20Road%20%7C%20Mourt%20Davis%2033%20%7C%20Belcher's%20Hill%20%7C%20The%20Kennedy%20On%20Belcher's%20(Kennedy%20Town%202000's%20private%20residential%20buildings)?field=t_pop&sort=default&detailcode=CW0060,3951.00,building,CW0060,(Kennedy Town) Ivy On Belcher's / Westview Height / La Maison Du Nord / Shun Cheong Building / The Sail At Victoria / 60 Victoria Road / Mourt Davis 33 / Belcher's Hill / The Kennedy On Belcher's (Kennedy Town 2000's private residential buildings),2003Q2,Quarter
Central and Western,Kennedy Town,(Kennedy Town) Ivy On Bel...,https://hkdata.centanet.com/BigData/hong-kong/Central%20and%20Western/CHMA/Kennedy-Town/building-group(Kennedy%20Town)%20Ivy%20On%20Belcher's%20%7C%20Westview%20Height%20%7C%20La%20Maison%20Du%20Nord%20%7C%20Shun%20Cheong%20Building%20%7C%20The%20Sail%20At%20Victoria%20%7C%2060%20Victoria%20Road%20%7C%20Mourt%20Davis%2033%20%7C%20Belcher's%20Hill%20%7C%20The%20Kennedy%20On%20Belcher's%20(Kennedy%20Town%202000's%20private%20residential%20buildings)?field=t_pop&sort=default&detailcode=CW0060,3951.00,building,CW0060,(Kennedy Town) Ivy On Belcher's / Westview Height / La Maison Du Nord / Shun Cheong Building / The Sail At Victoria / 60 Victoria Road / Mourt Davis 33 / Belcher's Hill / The Kennedy On Belcher's (Kennedy Town 2000's private residential buildings),2003Q3,Quarter
Central and Western,Kennedy Town,(Kennedy Town) Ivy On Bel...,https://hkdata.centanet.com/BigData/hong-kong/Central%20and%20Western/CHMA/Kennedy-Town/building-group(Kennedy%20Town)%20Ivy%20On%20Belcher's%20%7C%20Westview%20Height%20%7C%20La%20Maison%20Du%20Nord%20%7C%20Shun%20Cheong%20Building%20%7C%20The%20Sail%20At%20Victoria%20%7C%2060%20Victoria%20Road%20%7C%20Mourt%20Davis%2033%20%7C%20Belcher's%20Hill%20%7C%20The%20Kennedy%20On%20Belcher's%20(Kennedy%20Town%202000's%20private%20residential%20buildings)?field=t_pop&sort=default&detailcode=CW0060,3951.00,building,CW0060,(Kennedy Town) Ivy On Belcher's / Westview Height / La Maison Du Nord / Shun Cheong Building / The Sail At Victoria / 60 Victoria Road / Mourt Davis 33 / Belcher's Hill / The Kennedy On Belcher's (Kennedy Town 2000's private residential buildings),2003Q4,Quarter
Central and Western,Kennedy Town,(Kennedy Town) Ivy On Bel...,https://hkdata.centanet.com/BigData/hong-kong/Central%20and%20Western/CHMA/Kennedy-Town/building-group(Kennedy%20Town)%20Ivy%20On%20Belcher's%20%7C%20Westview%20Height%20%7C%20La%20Maison%20Du%20Nord%20%7C%20Shun%20Cheong%20Building%20%7C%20The%20Sail%20At%20Victoria%20%7C%2060%20Victoria%20Road%20%7C%20Mourt%20Davis%2033%20%7C%20Belcher's%20Hill%20%7C%20The%20Kennedy%20On%20Belcher's%20(Kennedy%20Town%202000's%20private%20residential%20buildings)?field=t_pop&sort=default&detailcode=CW0060,4921.79,building,CW0060,(Kennedy Town) Ivy On Belcher's / Westview Height / La Maison Du Nord / Shun Cheong Building / The Sail At Victoria / 60 Victoria Road / Mourt Davis 33 / Belcher's Hill / The Kennedy On Belcher's (Kennedy Town 2000's private residential buildings),2004,Year
Central and Western,Kennedy Town,(Kennedy Town) Ivy On Bel...,https://hkdata.centanet.com/BigData/hong-kong/Central%20and%20Western/CHMA/Kennedy-Town/building-group(Kennedy%20Town)%20Ivy%20On%20Belcher's%20%7C%20Westview%20Height%20%7C%20La%20Maison%20Du%20Nord%20%7C%20Shun%20Cheong%20Building%20%7C%20The%20Sail%20At%20Victoria%20%7C%2060%20Victoria%20Road%20%7C%20Mourt%20Davis%2033%20%7C%20Belcher's%20Hill%20%7C%20The%20Kennedy%20On%20Belcher's%20(Kennedy%20Town%202000's%20private%20residential%20buildings)?field=t_pop&sort=default&detailcode=CW0060,4854.00,building,CW0060,(Kennedy Town) Ivy On Belcher's / Westview Height / La Maison Du Nord / Shun Cheong Building / The Sail At Victoria / 60 Victoria Road / Mourt Davis 33 / Belcher's Hill / The Kennedy On Belcher's (Kennedy Town 2000's private residential buildings),2004_1,HalfYear
Central and Western,Kennedy Town,(Kennedy Town) Ivy On Bel...,https://hkdata.centanet.com/BigData/hong-kong/Central%20and%20Western/CHMA/Kennedy-Town/building-group(Kennedy%20Town)%20Ivy%20On%20Belcher's%20%7C%20Westview%20Height%20%7C%20La%20Maison%20Du%20Nord%20%7C%20Shun%20Cheong%20Building%20%7C%20The%20Sail%20At%20Victoria%20%7C%2060%20Victoria%20Road%20%7C%20Mourt%20Davis%2033%20%7C%20Belcher's%20Hill%20%7C%20The%20Kennedy%20On%20Belcher's%20(Kennedy%20Town%202000's%20private%20residential%20buildings)?field=t_pop&sort=default&detailcode=CW0060,4959.44,building,CW0060,(Kennedy Town) Ivy On Belcher's / Westview Height / La Maison Du Nord / Shun Cheong Building / The Sail At Victoria / 60 Victoria Road / Mourt Davis 33 / Belcher's Hill / The Kennedy On Belcher's (Kennedy Town 2000's private residential buildings),2004_2,HalfYear
Central and Western,Kennedy Town,(Kennedy Town) Ivy On Bel...,https://hkdata.centanet.com/BigData/hong-kong/Central%20and%20Western/CHMA/Kennedy-Town/building-group(Kennedy%20Town)%20Ivy%20On%20Belcher's%20%7C%20Westview%20Height%20%7C%20La%20Maison%20Du%20Nord%20%7C%20Shun%20Cheong%20Building%20%7C%20The%20Sail%20At%20Victoria%20%7C%2060%20Victoria%20Road%20%7C%20Mourt%20Davis%2033%20%7C%20Belcher's%20Hill%20%7C%20The%20Kennedy%20On%20Belcher's%20(Kennedy%20Town%202000's%20private%20residential%20buildings)?field=t_pop&sort=default&detailcode=CW0060,3951.00,building,CW0060,(Kennedy Town) Ivy On Belcher's / Westview Height / La Maison Du Nord / Shun Cheong Building / The Sail At Victoria / 60 Victoria Road / Mourt Davis 33 / Belcher's Hill / The Kennedy On Belcher's (Kennedy Town 2000's private residential buildings),200401,Month
Central and Western,Kennedy Town,(Kennedy Town) Ivy On Bel...,https://hkdata.centanet.com/BigData/hong-kong/Central%20and%20Western/CHMA/Kennedy-Town/building-group(Kennedy%20Town)%20Ivy%20On%20Belcher's%20%7C%20Westview%20Height%20%7C%20La%20Maison%20Du%20Nord%20%7C%20Shun%20Cheong%20Building%20%7C%20The%20Sail%20At%20Victoria%20%7C%2060%20Victoria%20Road%20%7C%20Mourt%20Davis%2033%20%7C%20Belcher's%20Hill%20%7C%20The%20Kennedy%20On%20Belcher's%20(Kennedy%20Town%202000's%20private%20residential%20buildings)?field=t_pop&sort=default&detailcode=CW0060,3951.00,building,CW0060,(Kennedy Town) Ivy On Belcher's / Westview Height / La Maison Du Nord / Shun Cheong Building / The Sail At Victoria / 60 Victoria Road / Mourt Davis 33 / Belcher's Hill / The Kennedy On Belcher's (Kennedy Town 2000's private residential buildings),200402,Month
Central and Western,Kennedy Town,(Kennedy Town) Ivy On Bel...,https://hkdata.centanet.com/BigData/hong-kong/Central%20and%20Western/CHMA/Kennedy-Town/building-group(Kennedy%20Town)%20Ivy%20On%20Belcher's%20%7C%20Westview%20Height%20%7C%20La%20Maison%20Du%20Nord%20%7C%20Shun%20Cheong%20Building%20%7C%20The%20Sail%20At%20Victoria%20%7C%2060%20Victoria%20Road%20%7C%20Mourt%20Davis%2033%20%7C%20Belcher's%20Hill%20%7C%20The%20Kennedy%20On%20Belcher's%20(Kennedy%20Town%202000's%20private%20residential%20buildings)?field=t_pop&sort=default&detailcode=CW0060,3951.00,building,CW0060,(Kennedy Town) Ivy On Belcher's / Westview Height / La Maison Du Nord / Shun Cheong Building / The Sail At Victoria / 60 Victoria Road / Mourt Davis 33 / Belcher's Hill / The Kennedy On Belcher's (Kennedy Town 2000's private residential buildings),200403,Month
Central and Western,Kennedy Town,(Kennedy Town) Ivy On Bel...,https://hkdata.centanet.com/BigData/hong-kong/Central%20and%20Western/CHMA/Kennedy-Town/building-group(Kennedy%20Town)%20Ivy%20On%20Belcher's%20%7C%20Westview%20Height%20%7C%20La%20Maison%20Du%20Nord%20%7C%20Shun%20Cheong%20Building%20%7C%20The%20Sail%20At%20Victoria%20%7C%2060%20Victoria%20Road%20%7C%20Mourt%20Davis%2033%20%7C%20Belcher's%20Hill%20%7C%20The%20Kennedy%20On%20Belcher's%20(Kennedy%20Town%202000's%20private%20residential%20buildings)?field=t_pop&sort=default&detailcode=CW0060,4759.00,building,CW0060,(Kennedy Town) Ivy On Belcher's / Westview Height / La Maison Du Nord / Shun Cheong Building / The Sail At Victoria / 60 Victoria Road / Mourt Davis 33 / Belcher's Hill / The Kennedy On Belcher's (Kennedy Town 2000's private residential buildings),200404,Month
Central and Western,Kennedy Town,(Kennedy Town) Ivy On Bel...,https://hkdata.centanet.com/BigData/hong-kong/Central%20and%20Western/CHMA/Kennedy-Town/building-group(Kennedy%20Town)%20Ivy%20On%20Belcher's%20%7C%20Westview%20Height%20%7C%20La%20Maison%20Du%20Nord%20%7C%20Shun%20Cheong%20Building%20%7C%20The%20Sail%20At%20Victoria%20%7C%2060%20Victoria%20Road%20%7C%20Mourt%20Davis%2033%20%7C%20Belcher's%20Hill%20%7C%20The%20Kennedy%20On%20Belcher's%20(Kennedy%20Town%202000's%20private%20residential%20buildings)?field=t_pop&sort=default&detailcode=CW0060,4163.00,building,CW0060,(Kennedy Town) Ivy On Belcher's / Westview Height / La Maison Du Nord / Shun Cheong Building / The Sail At Victoria / 60 Victoria Road / Mourt Davis 33 / Belcher's Hill / The Kennedy On Belcher's (Kennedy Town 2000's private residential buildings),200405,Month
Central and Western,Kennedy Town,(Kennedy Town) Ivy On Bel...,https://hkdata.centanet.com/BigData/hong-kong/Central%20and%20Western/CHMA/Kennedy-Town/building-group(Kennedy%20Town)%20Ivy%20On%20Belcher's%20%7C%20Westview%20Height%20%7C%20La%20Maison%20Du%20Nord%20%7C%20Shun%20Cheong%20Building%20%7C%20The%20Sail%20At%20Victoria%20%7C%2060%20Victoria%20Road%20%7C%20Mourt%20Davis%2033%20%7C%20Belcher's%20Hill%20%7C%20The%20Kennedy%20On%20Belcher's%20(Kennedy%20Town%202000's%20private%20residential%20buildings)?field=t_pop&sort=default&detailcode=CW0060,5830.00,building,CW0060,(Kennedy Town) Ivy On Belcher's / Westview Height / La Maison Du Nord / Shun Cheong Building / The Sail At Victoria / 60 Victoria Road / Mourt Davis 33 / Belcher's Hill / The Kennedy On Belcher's (Kennedy Town 2000's private residential buildings),200406,Month
Central and Western,Kennedy Town,(Kennedy Town) Ivy On Bel...,https://hkdata.centanet.com/BigData/hong-kong/Central%20and%20Western/CHMA/Kennedy-Town/building-group(Kennedy%20Town)%20Ivy%20On%20Belcher's%20%7C%20Westview%20Height%20%7C%20La%20Maison%20Du%20Nord%20%7C%20Shun%20Cheong%20Building%20%7C%20The%20Sail%20At%20Victoria%20%7C%2060%20Victoria%20Road%20%7C%20Mourt%20Davis%2033%20%7C%20Belcher's%20Hill%20%7C%20The%20Kennedy%20On%20Belcher's%20(Kennedy%20Town%202000's%20private%20residential%20buildings)?field=t_pop&sort=default&detailcode=CW0060,5830.00,building,CW0060,(Kennedy Town) Ivy On Belcher's / Westview Height / La Maison Du Nord / Shun Cheong Building / The Sail At Victoria / 60 Victoria Road / Mourt Davis 33 / Belcher's Hill / The Kennedy On Belcher's (Kennedy Town 2000's private residential buildings),200407,Month
Central and Western,Kennedy Town,(Kennedy Town) Ivy On Bel...,https://hkdata.centanet.com/BigData/hong-kong/Central%20and%20Western/CHMA/Kennedy-Town/building-group(Kennedy%20Town)%20Ivy%20On%20Belcher's%20%7C%20Westview%20Height%20%7C%20La%20Maison%20Du%20Nord%20%7C%20Shun%20Cheong%20Building%20%7C%20The%20Sail%20At%20Victoria%20%7C%2060%20Victoria%20Road%20%7C%20Mourt%20Davis%2033%20%7C%20Belcher's%20Hill%20%7C%20The%20Kennedy%20On%20Belcher's%20(Kennedy%20Town%202000's%20private%20residential%20buildings)?field=t_pop&sort=default&detailcode=CW0060,4214.33,building,CW0060,(Kennedy Town) Ivy On Belcher's / Westview Height / La Maison Du Nord / Shun Cheong Building / The Sail At Victoria / 60 Victoria Road / Mourt Davis 33 / Belcher's Hill / The Kennedy On Belcher's (Kennedy Town 2000's private residential buildings),200408,Month
Central and Western,Kennedy Town,(Kennedy Town) Ivy On Bel...,https://hkdata.centanet.com/BigData/hong-kong/Central%20and%20Western/CHMA/Kennedy-Town/building-group(Kennedy%20Town)%20Ivy%20On%20Belcher's%20%7C%20Westview%20Height%20%7C%20La%20Maison%20Du%20Nord%20%7C%20Shun%20Cheong%20Building%20%7C%20The%20Sail%20At%20Victoria%20%7C%2060%20Victoria%20Road%20%7C%20Mourt%20Davis%2033%20%7C%20Belcher's%20Hill%20%7C%20The%20Kennedy%20On%20Belcher's%20(Kennedy%20Town%202000's%20private%20residential%20buildings)?field=t_pop&sort=default&detailcode=CW0060,6012.50,building,CW0060,(Kennedy Town) Ivy On Belcher's / Westview Height / La Maison Du Nord / Shun Cheong Building / The Sail At Victoria / 60 Victoria Road / Mourt Davis 33 / Belcher's Hill / The Kennedy On Belcher's (Kennedy Town 2000's private residential buildings),200409,Month
Central and Western,Kennedy Town,(Kennedy Town) Ivy On Bel...,https://hkdata.centanet.com/BigData/hong-kong/Central%20and%20Western/CHMA/Kennedy-Town/building-group(Kennedy%20Town)%20Ivy%20On%20Belcher's%20%7C%20Westview%20Height%20%7C%20La%20Maison%20Du%20Nord%20%7C%20Shun%20Cheong%20Building%20%7C%20The%20Sail%20At%20Victoria%20%7C%2060%20Victoria%20Road%20%7C%20Mourt%20Davis%2033%20%7C%20Belcher's%20Hill%20%7C%20The%20Kennedy%20On%20Belcher's%20(Kennedy%20Town%202000's%20private%20residential%20buildings)?field=t_pop&sort=default&detailcode=CW0060,6012.50,building,CW0060,(Kennedy Town) Ivy On Belcher's / Westview Height / La Maison Du Nord / Shun Cheong Building / The Sail At Victoria / 60 Victoria Road / Mourt Davis 33 / Belcher's Hill / The Kennedy On Belcher's (Kennedy Town 2000's private residential buildings),200410,Month
Central and Western,Kennedy Town,(Kennedy Town) Ivy On Bel...,https://hkdata.centanet.com/BigData/hong-kong/Central%20and%20Western/CHMA/Kennedy-Town/building-group(Kennedy%20Town)%20Ivy%20On%20Belcher's%20%7C%20Westview%20Height%20%7C%20La%20Maison%20Du%20Nord%20%7C%20Shun%20Cheong%20Building%20%7C%20The%20Sail%20At%20Victoria%20%7C%2060%20Victoria%20Road%20%7C%20Mourt%20Davis%2033%20%7C%20Belcher's%20Hill%20%7C%20The%20Kennedy%20On%20Belcher's%20(Kennedy%20Town%202000's%20private%20residential%20buildings)?field=t_pop&sort=default&detailcode=CW0060,5143.33,building,CW0060,(Kennedy Town) Ivy On Belcher's / Westview Height / La Maison Du Nord / Shun Cheong Building / The Sail At Victoria / 60 Victoria Road / Mourt Davis 33 / Belcher's Hill / The Kennedy On Belcher's (Kennedy Town 2000's private residential buildings),200411,Month
Central and Western,Kennedy Town,(Kennedy Town) Ivy On Bel...,https://hkdata.centanet.com/BigData/hong-kong/Central%20and%20Western/CHMA/Kennedy-Town/building-group(Kennedy%20Town)%20Ivy%20On%20Belcher's%20%7C%20Westview%20Height%20%7C%20La%20Maison%20Du%20Nord%20%7C%20Shun%20Cheong%20Building%20%7C%20The%20Sail%20At%20Victoria%20%7C%2060%20Victoria%20Road%20%7C%20Mourt%20Davis%2033%20%7C%20Belcher's%20Hill%20%7C%20The%20Kennedy%20On%20Belcher's%20(Kennedy%20Town%202000's%20private%20residential%20buildings)?field=t_pop&sort=default&detailcode=CW0060,4537.00,building,CW0060,(Kennedy Town) Ivy On Belcher's / Westview Height / La Maison Du Nord / Shun Cheong Building / The Sail At Victoria / 60 Victoria Road / Mourt Davis 33 / Belcher's Hill / The Kennedy On Belcher's (Kennedy Town 2000's private residential buildings),200412,month
Central and Western,Kennedy Town,(Kennedy Town) Ivy On Bel...,https://hkdata.centanet.com/BigData/hong-kong/Central%20and%20Western/CHMA/Kennedy-Town/building-group(Kennedy%20Town)%20Ivy%20On%20Belcher's%20%7C%20Westview%20Height%20%7C%20La%20Maison%20Du%20Nord%20%7C%20Shun%20Cheong%20Building%20%7C%20The%20Sail%20At%20Victoria%20%7C%2060%20Victoria%20Road%20%7C%20Mourt%20Davis%2033%20%7C%20Belcher's%20Hill%20%7C%20The%20Kennedy%20On%20Belcher's%20(Kennedy%20Town%202000's%20private%20residential%20buildings)?field=t_pop&sort=default&detailcode=CW0060,3951.00,building,CW0060,(Kennedy Town) Ivy On Belcher's / Westview Height / La Maison Du Nord / Shun Cheong Building / The Sail At Victoria / 60 Victoria Road / Mourt Davis 33 / Belcher's Hill / The Kennedy On Belcher's (Kennedy Town 2000's private residential buildings),2004Q1,Quarter
Central and Western,Kennedy Town,(Kennedy Town) Ivy On Bel...,https://hkdata.centanet.com/BigData/hong-kong/Central%20and%20Western/CHMA/Kennedy-Town/building-group(Kennedy%20Town)%20Ivy%20On%20Belcher's%20%7C%20Westview%20Height%20%7C%20La%20Maison%20Du%20Nord%20%7C%20Shun%20Cheong%20Building%20%7C%20The%20Sail%20At%20Victoria%20%7C%2060%20Victoria%20Road%20%7C%20Mourt%20Davis%2033%20%7C%20Belcher's%20Hill%20%7C%20The%20Kennedy%20On%20Belcher's%20(Kennedy%20Town%202000's%20private%20residential%20buildings)?field=t_pop&sort=default&detailcode=CW0060,4854.00,building,CW0060,(Kennedy Town) Ivy On Belcher's / Westview Height / La Maison Du Nord / Shun Cheong Building / The Sail At Victoria / 60 Victoria Road / Mourt Davis 33 / Belcher's Hill / The Kennedy On Belcher's (Kennedy Town 2000's private residential buildings),2004Q2,Quarter
Central and Western,Kennedy Town,(Kennedy Town) Ivy On Bel...,https://hkdata.centanet.com/BigData/hong-kong/Central%20and%20Western/CHMA/Kennedy-Town/building-group(Kennedy%20Town)%20Ivy%20On%20Belcher's%20%7C%20Westview%20Height%20%7C%20La%20Maison%20Du%20Nord%20%7C%20Shun%20Cheong%20Building%20%7C%20The%20Sail%20At%20Victoria%20%7C%2060%20Victoria%20Road%20%7C%20Mourt%20Davis%2033%20%7C%20Belcher's%20Hill%20%7C%20The%20Kennedy%20On%20Belcher's%20(Kennedy%20Town%202000's%20private%20residential%20buildings)?field=t_pop&sort=default&detailcode=CW0060,4933.60,building,CW0060,(Kennedy Town) Ivy On Belcher's / Westview Height / La Maison Du Nord / Shun Cheong Building / The Sail At Victoria / 60 Victoria Road / Mourt Davis 33 / Belcher's Hill / The Kennedy On Belcher's (Kennedy Town 2000's private residential buildings),2004Q3,quarter
Central and Western,Kennedy Town,(Kennedy Town) Ivy On Bel...,https://hkdata.centanet.com/BigData/hong-kong/Central%20and%20Western/CHMA/Kennedy-Town/building-group(Kennedy%20Town)%20Ivy%20On%20Belcher's%20%7C%20Westview%20Height%20%7C%20La%20Maison%20Du%20Nord%20%7C%20Shun%20Cheong%20Building%20%7C%20The%20Sail%20At%20Victoria%20%7C%2060%20Victoria%20Road%20%7C%20Mourt%20Davis%2033%20%7C%20Belcher's%20Hill%20%7C%20The%20Kennedy%20On%20Belcher's%20(Kennedy%20Town%202000's%20private%20residential%20buildings)?field=t_pop&sort=default&detailcode=CW0060,4991.75,building,CW0060,(Kennedy Town) Ivy On Belcher's / Westview Height / La Maison Du Nord / Shun Cheong Building / The Sail At Victoria / 60 Victoria Road / Mourt Davis 33 / Belcher's Hill / The Kennedy On Belcher's (Kennedy Town 2000's private residential buildings),2004Q4,Quarter
Central and Western,Kennedy Town,(Kennedy Town) Ivy On Bel...,https://hkdata.centanet.com/BigData/hong-kong/Central%20and%20Western/CHMA/Kennedy-Town/building-group(Kennedy%20Town)%20Ivy%20On%20Belcher's%20%7C%20Westview%20Height%20%7C%20La%20Maison%20Du%20Nord%20%7C%20Shun%20Cheong%20Building%20%7C%20The%20Sail%20At%20Victoria%20%7C%2060%20Victoria%20Road%20%7C%20Mourt%20Davis%2033%20%7C%20Belcher's%20Hill%20%7C%20The%20Kennedy%20On%20Belcher's%20(Kennedy%20Town%202000's%20private%20residential%20buildings)?field=t_pop&sort=default&detailcode=CW0060,5531.89,building,CW0060,(Kennedy Town) Ivy On Belcher's / Westview Height / La Maison Du Nord / Shun Cheong Building / The Sail At Victoria / 60 Victoria Road / Mourt Davis 33 / Belcher's Hill / The Kennedy On Belcher's (Kennedy Town 2000's private residential buildings),2005,year
Central and Western,Kennedy Town,(Kennedy Town) Ivy On Bel...,https://hkdata.centanet.com/BigData/hong-kong/Central%20and%20Western/CHMA/Kennedy-Town/building-group(Kennedy%20Town)%20Ivy%20On%20Belcher's%20%7C%20Westview%20Height%20%7C%20La%20Maison%20Du%20Nord%20%7C%20Shun%20Cheong%20Building%20%7C%20The%20Sail%20At%20Victoria%20%7C%2060%20Victoria%20Road%20%7C%20Mourt%20Davis%2033%20%7C%20Belcher's%20Hill%20%7C%20The%20Kennedy%20On%20Belcher's%20(Kennedy%20Town%202000's%20private%20residential%20buildings)?field=t_pop&sort=default&detailcode=CW0060,5346.14,building,CW0060,(Kennedy Town) Ivy On Belcher's / Westview Height / La Maison Du Nord / Shun Cheong Building / The Sail At Victoria / 60 Victoria Road / Mourt Davis 33 / Belcher's Hill / The Kennedy On Belcher's (Kennedy Town 2000's private residential buildings),2005_1,HalfYear
Central and Western,Kennedy Town,(Kennedy Town) Ivy On Bel...,https://hkdata.centanet.com/BigData/hong-kong/Central%20and%20Western/CHMA/Kennedy-Town/building-group(Kennedy%20Town)%20Ivy%20On%20Belcher's%20%7C%20Westview%20Height%20%7C%20La%20Maison%20Du%20Nord%20%7C%20Shun%20Cheong%20Building%20%7C%20The%20Sail%20At%20Victoria%20%7C%2060%20Victoria%20Road%20%7C%20Mourt%20Davis%2033%20%7C%20Belcher's%20Hill%20%7C%20The%20Kennedy%20On%20Belcher's%20(Kennedy%20Town%202000's%20private%20residential%20buildings)?field=t_pop&sort=default&detailcode=CW0060,5717.64,building,CW0060,(Kennedy Town) Ivy On Belcher's / Westview Height / La Maison Du Nord / Shun Cheong Building / The Sail At Victoria / 60 Victoria Road / Mourt Davis 33 / Belcher's Hill / The Kennedy On Belcher's (Kennedy Town 2000's private residential buildings),2005_2,HalfYear
Central and Western,Kennedy Town,(Kennedy Town) Ivy On Bel...,https://hkdata.centanet.com/BigData/hong-kong/Central%20and%20Western/CHMA/Kennedy-Town/building-group(Kennedy%20Town)%20Ivy%20On%20Belcher's%20%7C%20Westview%20Height%20%7C%20La%20Maison%20Du%20Nord%20%7C%20Shun%20Cheong%20Building%20%7C%20The%20Sail%20At%20Victoria%20%7C%2060%20Victoria%20Road%20%7C%20Mourt%20Davis%2033%20%7C%20Belcher's%20Hill%20%7C%20The%20Kennedy%20On%20Belcher's%20(Kennedy%20Town%202000's%20private%20residential%20buildings)?field=t_pop&sort=default&detailcode=CW0060,5654.00,building,CW0060,(Kennedy Town) Ivy On Belcher's / Westview Height / La Maison Du Nord / Shun Cheong Building / The Sail At Victoria / 60 Victoria Road / Mourt Davis 33 / Belcher's Hill / The Kennedy On Belcher's (Kennedy Town 2000's private residential buildings),200501,Month
Central and Western,Kennedy Town,(Kennedy Town) Ivy On Bel...,https://hkdata.centanet.com/BigData/hong-kong/Central%20and%20Western/CHMA/Kennedy-Town/building-group(Kennedy%20Town)%20Ivy%20On%20Belcher's%20%7C%20Westview%20Height%20%7C%20La%20Maison%20Du%20Nord%20%7C%20Shun%20Cheong%20Building%20%7C%20The%20Sail%20At%20Victoria%20%7C%2060%20Victoria%20Road%20%7C%20Mourt%20Davis%2033%20%7C%20Belcher's%20Hill%20%7C%20The%20Kennedy%20On%20Belcher's%20(Kennedy%20Town%202000's%20private%20residential%20buildings)?field=t_pop&sort=default&detailcode=CW0060,6010.00,building,CW0060,(Kennedy Town) Ivy On Belcher's / Westview Height / La Maison Du Nord / Shun Cheong Building / The Sail At Victoria / 60 Victoria Road / Mourt Davis 33 / Belcher's Hill / The Kennedy On Belcher's (Kennedy Town 2000's private residential buildings),200502,month
Central and Western,Kennedy Town,(Kennedy Town) Ivy On Bel...,https://hkdata.centanet.com/BigData/hong-kong/Central%20and%20Western/CHMA/Kennedy-Town/building-group(Kennedy%20Town)%20Ivy%20On%20Belcher's%20%7C%20Westview%20Height%20%7C%20La%20Maison%20Du%20Nord%20%7C%20Shun%20Cheong%20Building%20%7C%20The%20Sail%20At%20Victoria%20%7C%2060%20Victoria%20Road%20%7C%20Mourt%20Davis%2033%20%7C%20Belcher's%20Hill%20%7C%20The%20Kennedy%20On%20Belcher's%20(Kennedy%20Town%202000's%20private%20residential%20buildings)?field=t_pop&sort=default&detailcode=CW0060,4823.00,building,CW0060,(Kennedy Town) Ivy On Belcher's / Westview Height / La Maison Du Nord / Shun Cheong Building / The Sail At Victoria / 60 Victoria Road / Mourt Davis 33 / Belcher's Hill / The Kennedy On Belcher's (Kennedy Town 2000's private residential buildings),200503,Month
Central and Western,Kennedy Town,(Kennedy Town) Ivy On Bel...,https://hkdata.centanet.com/BigData/hong-kong/Central%20and%20Western/CHMA/Kennedy-Town/building-group(Kennedy%20Town)%20Ivy%20On%20Belcher's%20%7C%20Westview%20Height%20%7C%20La%20Maison%20Du%20Nord%20%7C%20Shun%20Cheong%20Building%20%7C%20The%20Sail%20At%20Victoria%20%7C%2060%20Victoria%20Road%20%7C%20Mourt%20Davis%2033%20%7C%20Belcher's%20Hill%20%7C%20The%20Kennedy%20On%20Belcher's%20(Kennedy%20Town%202000's%20private%20residential%20buildings)?field=t_pop&sort=default&detailcode=CW0060,4823.00,building,CW0060,(Kennedy Town) Ivy On Belcher's / Westview Height / La Maison Du Nord / Shun Cheong Building / The Sail At Victoria / 60 Victoria Road / Mourt Davis 33 / Belcher's Hill / The Kennedy On Belcher's (Kennedy Town 2000's private residential buildings),200504,Month
Central and Western,Kennedy Town,(Kennedy Town) Ivy On Bel...,https://hkdata.centanet.com/BigData/hong-kong/Central%20and%20Western/CHMA/Kennedy-Town/building-group(Kennedy%20Town)%20Ivy%20On%20Belcher's%20%7C%20Westview%20Height%20%7C%20La%20Maison%20Du%20Nord%20%7C%20Shun%20Cheong%20Building%20%7C%20The%20Sail%20At%20Victoria%20%7C%2060%20Victoria%20Road%20%7C%20Mourt%20Davis%2033%20%7C%20Belcher's%20Hill%20%7C%20The%20Kennedy%20On%20Belcher's%20(Kennedy%20Town%202000's%20private%20residential%20buildings)?field=t_pop&sort=default&detailcode=CW0060,5486.25,building,CW0060,(Kennedy Town) Ivy On Belcher's / Westview Height / La Maison Du Nord / Shun Cheong Building / The Sail At Victoria / 60 Victoria Road / Mourt Davis 33 / Belcher's Hill / The Kennedy On Belcher's (Kennedy Town 2000's private residential buildings),200505,month
Central and Western,Kennedy Town,(Kennedy Town) Ivy On Bel...,https://hkdata.centanet.com/BigData/hong-kong/Central%20and%20Western/CHMA/Kennedy-Town/building-group(Kennedy%20Town)%20Ivy%20On%20Belcher's%20%7C%20Westview%20Height%20%7C%20La%20Maison%20Du%20Nord%20%7C%20Shun%20Cheong%20Building%20%7C%20The%20Sail%20At%20Victoria%20%7C%2060%20Victoria%20Road%20%7C%20Mourt%20Davis%2033%20%7C%20Belcher's%20Hill%20%7C%20The%20Kennedy%20On%20Belcher's%20(Kennedy%20Town%202000's%20private%20residential%20buildings)?field=t_pop&sort=default&detailcode=CW0060,5486.25,building,CW0060,(Kennedy Town) Ivy On Belcher's / Westview Height / La Maison Du Nord / Shun Cheong Building / The Sail At Victoria / 60 Victoria Road / Mourt Davis 33 / Belcher's Hill / The Kennedy On Belcher's (Kennedy Town 2000's private residential buildings),200506,month
Central and Western,Kennedy Town,(Kennedy Town) Ivy On Bel...,https://hkdata.centanet.com/BigData/hong-kong/Central%20and%20Western/CHMA/Kennedy-Town/building-group(Kennedy%20Town)%20Ivy%20On%20Belcher's%20%7C%20Westview%20Height%20%7C%20La%20Maison%20Du%20Nord%20%7C%20Shun%20Cheong%20Building%20%7C%20The%20Sail%20At%20Victoria%20%7C%2060%20Victoria%20Road%20%7C%20Mourt%20Davis%2033%20%7C%20Belcher's%20Hill%20%7C%20The%20Kennedy%20On%20Belcher's%20(Kennedy%20Town%202000's%20private%20residential%20buildings)?field=t_pop&sort=default&detailcode=CW0060,4437.00,building,CW0060,(Kennedy Town) Ivy On Belcher's / Westview Height / La Maison Du Nord / Shun Cheong Building / The Sail At Victoria / 60 Victoria Road / Mourt Davis 33 / Belcher's Hill / The Kennedy On Belcher's (Kennedy Town 2000's private residential buildings),200507,Month
Central and Western,Kennedy Town,(Kennedy Town) Ivy On Bel...,https://hkdata.centanet.com/BigData/hong-kong/Central%20and%20Western/CHMA/Kennedy-Town/building-group(Kennedy%20Town)%20Ivy%20On%20Belcher's%20%7C%20Westview%20Height%20%7C%20La%20Maison%20Du%20Nord%20%7C%20Shun%20Cheong%20Building%20%7C%20The%20Sail%20At%20Victoria%20%7C%2060%20Victoria%20Road%20%7C%20Mourt%20Davis%2033%20%7C%20Belcher's%20Hill%20%7C%20The%20Kennedy%20On%20Belcher's%20(Kennedy%20Town%202000's%20private%20residential%20buildings)?field=t_pop&sort=default&detailcode=CW0060,5773.00,building,CW0060,(Kennedy Town) Ivy On Belcher's / Westview Height / La Maison Du Nord / Shun Cheong Building / The Sail At Victoria / 60 Victoria Road / Mourt Davis 33 / Belcher's Hill / The Kennedy On Belcher's (Kennedy Town 2000's private residential buildings),200508,Month
Central and Western,Kennedy Town,(Kennedy Town) Ivy On Bel...,https://hkdata.centanet.com/BigData/hong-kong/Central%20and%20Western/CHMA/Kennedy-Town/building-group(Kennedy%20Town)%20Ivy%20On%20Belcher's%20%7C%20Westview%20Height%20%7C%20La%20Maison%20Du%20Nord%20%7C%20Shun%20Cheong%20Building%20%7C%20The%20Sail%20At%20Victoria%20%7C%2060%20Victoria%20Road%20%7C%20Mourt%20Davis%2033%20%7C%20Belcher's%20Hill%20%7C%20The%20Kennedy%20On%20Belcher's%20(Kennedy%20Town%202000's%20private%20residential%20buildings)?field=t_pop&sort=default&detailcode=CW0060,6003.17,building,CW0060,(Kennedy Town) Ivy On Belcher's / Westview Height / La Maison Du Nord / Shun Cheong Building / The Sail At Victoria / 60 Victoria Road / Mourt Davis 33 / Belcher's Hill / The Kennedy On Belcher's (Kennedy Town 2000's private residential buildings),200509,Month
Central and Western,Kennedy Town,(Kennedy Town) Ivy On Bel...,https://hkdata.centanet.com/BigData/hong-kong/Central%20and%20Western/CHMA/Kennedy-Town/building-group(Kennedy%20Town)%20Ivy%20On%20Belcher's%20%7C%20Westview%20Height%20%7C%20La%20Maison%20Du%20Nord%20%7C%20Shun%20Cheong%20Building%20%7C%20The%20Sail%20At%20Victoria%20%7C%2060%20Victoria%20Road%20%7C%20Mourt%20Davis%2033%20%7C%20Belcher's%20Hill%20%7C%20The%20Kennedy%20On%20Belcher's%20(Kennedy%20Town%202000's%20private%20residential%20buildings)?field=t_pop&sort=default&detailcode=CW0060,5243.00,building,CW0060,(Kennedy Town) Ivy On Belcher's / Westview Height / La Maison Du Nord / Shun Cheong Building / The Sail At Victoria / 60 Victoria Road / Mourt Davis 33 / Belcher's Hill / The Kennedy On Belcher's (Kennedy Town 2000's private residential buildings),200510,Month
Central and Western,Kennedy Town,(Kennedy Town) Ivy On Bel...,https://hkdata.centanet.com/BigData/hong-kong/Central%20and%20Western/CHMA/Kennedy-Town/building-group(Kennedy%20Town)%20Ivy%20On%20Belcher's%20%7C%20Westview%20Height%20%7C%20La%20Maison%20Du%20Nord%20%7C%20Shun%20Cheong%20Building%20%7C%20The%20Sail%20At%20Victoria%20%7C%2060%20Victoria%20Road%20%7C%20Mourt%20Davis%2033%20%7C%20Belcher's%20Hill%20%7C%20The%20Kennedy%20On%20Belcher's%20(Kennedy%20Town%202000's%20private%20residential%20buildings)?field=t_pop&sort=default&detailcode=CW0060,6318.00,building,CW0060,(Kennedy Town) Ivy On Belcher's / Westview Height / La Maison Du Nord / Shun Cheong Building / The Sail At Victoria / 60 Victoria Road / Mourt Davis 33 / Belcher's Hill / The Kennedy On Belcher's (Kennedy Town 2000's private residential buildings),200511,Month
Central and Western,Kennedy Town,(Kennedy Town) Ivy On Bel...,https://hkdata.centanet.com/BigData/hong-kong/Central%20and%20Western/CHMA/Kennedy-Town/building-group(Kennedy%20Town)%20Ivy%20On%20Belcher's%20%7C%20Westview%20Height%20%7C%20La%20Maison%20Du%20Nord%20%7C%20Shun%20Cheong%20Building%20%7C%20The%20Sail%20At%20Victoria%20%7C%2060%20Victoria%20Road%20%7C%20Mourt%20Davis%2033%20%7C%20Belcher's%20Hill%20%7C%20The%20Kennedy%20On%20Belcher's%20(Kennedy%20Town%202000's%20private%20residential%20buildings)?field=t_pop&sort=default&detailcode=CW0060,4938.00,building,CW0060,(Kennedy Town) Ivy On Belcher's / Westview Height / La Maison Du Nord / Shun Cheong Building / The Sail At Victoria / 60 Victoria Road / Mourt Davis 33 / Belcher's Hill / The Kennedy On Belcher's (Kennedy Town 2000's private residential buildings),200512,month
Central and Western,Kennedy Town,(Kennedy Town) Ivy On Bel...,https://hkdata.centanet.com/BigData/hong-kong/Central%20and%20Western/CHMA/Kennedy-Town/building-group(Kennedy%20Town)%20Ivy%20On%20Belcher's%20%7C%20Westview%20Height%20%7C%20La%20Maison%20Du%20Nord%20%7C%20Shun%20Cheong%20Building%20%7C%20The%20Sail%20At%20Victoria%20%7C%2060%20Victoria%20Road%20%7C%20Mourt%20Davis%2033%20%7C%20Belcher's%20Hill%20%7C%20The%20Kennedy%20On%20Belcher's%20(Kennedy%20Town%202000's%20private%20residential%20buildings)?field=t_pop&sort=default&detailcode=CW0060,5159.33,building,CW0060,(Kennedy Town) Ivy On Belcher's / Westview Height / La Maison Du Nord / Shun Cheong Building / The Sail At Victoria / 60 Victoria Road / Mourt Davis 33 / Belcher's Hill / The Kennedy On Belcher's (Kennedy Town 2000's private residential buildings),2005Q1,Quarter
Central and Western,Kennedy Town,(Kennedy Town) Ivy On Bel...,https://hkdata.centanet.com/BigData/hong-kong/Central%20and%20Western/CHMA/Kennedy-Town/building-group(Kennedy%20Town)%20Ivy%20On%20Belcher's%20%7C%20Westview%20Height%20%7C%20La%20Maison%20Du%20Nord%20%7C%20Shun%20Cheong%20Building%20%7C%20The%20Sail%20At%20Victoria%20%7C%2060%20Victoria%20Road%20%7C%20Mourt%20Davis%2033%20%7C%20Belcher's%20Hill%20%7C%20The%20Kennedy%20On%20Belcher's%20(Kennedy%20Town%202000's%20private%20residential%20buildings)?field=t_pop&sort=default&detailcode=CW0060,5486.25,building,CW0060,(Kennedy Town) Ivy On Belcher's / Westview Height / La Maison Du Nord / Shun Cheong Building / The Sail At Victoria / 60 Victoria Road / Mourt Davis 33 / Belcher's Hill / The Kennedy On Belcher's (Kennedy Town 2000's private residential buildings),2005Q2,Quarter
Central and Western,Kennedy Town,(Kennedy Town) Ivy On Bel...,https://hkdata.centanet.com/BigData/hong-kong/Central%20and%20Western/CHMA/Kennedy-Town/building-group(Kennedy%20Town)%20Ivy%20On%20Belcher's%20%7C%20Westview%20Height%20%7C%20La%20Maison%20Du%20Nord%20%7C%20Shun%20Cheong%20Building%20%7C%20The%20Sail%20At%20Victoria%20%7C%2060%20Victoria%20Road%20%7C%20Mourt%20Davis%2033%20%7C%20Belcher's%20Hill%20%7C%20The%20Kennedy%20On%20Belcher's%20(Kennedy%20Town%202000's%20private%20residential%20buildings)?field=t_pop&sort=default&detailcode=CW0060,5777.09,building,CW0060,(Kennedy Town) Ivy On Belcher's / Westview Height / La Maison Du Nord / Shun Cheong Building / The Sail At Victoria / 60 Victoria Road / Mourt Davis 33 / Belcher's Hill / The Kennedy On Belcher's (Kennedy Town 2000's private residential buildings),2005Q3,Quarter
Central and Western,Kennedy Town,(Kennedy Town) Ivy On Bel...,https://hkdata.centanet.com/BigData/hong-kong/Central%20and%20Western/CHMA/Kennedy-Town/building-group(Kennedy%20Town)%20Ivy%20On%20Belcher's%20%7C%20Westview%20Height%20%7C%20La%20Maison%20Du%20Nord%20%7C%20Shun%20Cheong%20Building%20%7C%20The%20Sail%20At%20Victoria%20%7C%2060%20Victoria%20Road%20%7C%20Mourt%20Davis%2033%20%7C%20Belcher's%20Hill%20%7C%20The%20Kennedy%20On%20Belcher's%20(Kennedy%20Town%202000's%20private%20residential%20buildings)?field=t_pop&sort=default&detailcode=CW0060,5499.67,building,CW0060,(Kennedy Town) Ivy On Belcher's / Westview Height / La Maison Du Nord / Shun Cheong Building / The Sail At Victoria / 60 Victoria Road / Mourt Davis 33 / Belcher's Hill / The Kennedy On Belcher's (Kennedy Town 2000's private residential buildings),2005Q4,Quarter
Central and Western,Kennedy Town,(Kennedy Town) Ivy On Bel...,https://hkdata.centanet.com/BigData/hong-kong/Central%20and%20Western/CHMA/Kennedy-Town/building-group(Kennedy%20Town)%20Ivy%20On%20Belcher's%20%7C%20Westview%20Height%20%7C%20La%20Maison%20Du%20Nord%20%7C%20Shun%20Cheong%20Building%20%7C%20The%20Sail%20At%20Victoria%20%7C%2060%20Victoria%20Road%20%7C%20Mourt%20Davis%2033%20%7C%20Belcher's%20Hill%20%7C%20The%20Kennedy%20On%20Belcher's%20(Kennedy%20Town%202000's%20private%20residential%20buildings)?field=t_pop&sort=default&detailcode=CW0060,5464.44,building,CW0060,(Kennedy Town) Ivy On Belcher's / Westview Height / La Maison Du Nord / Shun Cheong Building / The Sail At Victoria / 60 Victoria Road / Mourt Davis 33 / Belcher's Hill / The Kennedy On Belcher's (Kennedy Town 2000's private residential buildings),2006,Year
Central and Western,Kennedy Town,(Kennedy Town) Ivy On Bel...,https://hkdata.centanet.com/BigData/hong-kong/Central%20and%20Western/CHMA/Kennedy-Town/building-group(Kennedy%20Town)%20Ivy%20On%20Belcher's%20%7C%20Westview%20Height%20%7C%20La%20Maison%20Du%20Nord%20%7C%20Shun%20Cheong%20Building%20%7C%20The%20Sail%20At%20Victoria%20%7C%2060%20Victoria%20Road%20%7C%20Mourt%20Davis%2033%20%7C%20Belcher's%20Hill%20%7C%20The%20Kennedy%20On%20Belcher's%20(Kennedy%20Town%202000's%20private%20residential%20buildings)?field=t_pop&sort=default&detailcode=CW0060,5608.86,building,CW0060,(Kennedy Town) Ivy On Belcher's / Westview Height / La Maison Du Nord / Shun Cheong Building / The Sail At Victoria / 60 Victoria Road / Mourt Davis 33 / Belcher's Hill / The Kennedy On Belcher's (Kennedy Town 2000's private residential buildings),2006_1,HalfYear
Central and Western,Kennedy Town,(Kennedy Town) Ivy On Bel...,https://hkdata.centanet.com/BigData/hong-kong/Central%20and%20Western/CHMA/Kennedy-Town/building-group(Kennedy%20Town)%20Ivy%20On%20Belcher's%20%7C%20Westview%20Height%20%7C%20La%20Maison%20Du%20Nord%20%7C%20Shun%20Cheong%20Building%20%7C%20The%20Sail%20At%20Victoria%20%7C%2060%20Victoria%20Road%20%7C%20Mourt%20Davis%2033%20%7C%20Belcher's%20Hill%20%7C%20The%20Kennedy%20On%20Belcher's%20(Kennedy%20Town%202000's%20private%20residential%20buildings)?field=t_pop&sort=default&detailcode=CW0060,5308.92,building,CW0060,(Kennedy Town) Ivy On Belcher's / Westview Height / La Maison Du Nord / Shun Cheong Building / The Sail At Victoria / 60 Victoria Road / Mourt Davis 33 / Belcher's Hill / The Kennedy On Belcher's (Kennedy Town 2000's private residential buildings),2006_2,HalfYear
Central and Western,Kennedy Town,(Kennedy Town) Ivy On Bel...,https://hkdata.centanet.com/BigData/hong-kong/Central%20and%20Western/CHMA/Kennedy-Town/building-group(Kennedy%20Town)%20Ivy%20On%20Belcher's%20%7C%20Westview%20Height%20%7C%20La%20Maison%20Du%20Nord%20%7C%20Shun%20Cheong%20Building%20%7C%20The%20Sail%20At%20Victoria%20%7C%2060%20Victoria%20Road%20%7C%20Mourt%20Davis%2033%20%7C%20Belcher's%20Hill%20%7C%20The%20Kennedy%20On%20Belcher's%20(Kennedy%20Town%202000's%20private%20residential%20buildings)?field=t_pop&sort=default&detailcode=CW0060,4588.00,building,CW0060,(Kennedy Town) Ivy On Belcher's / Westview Height / La Maison Du Nord / Shun Cheong Building / The Sail At Victoria / 60 Victoria Road / Mourt Davis 33 / Belcher's Hill / The Kennedy On Belcher's (Kennedy Town 2000's private residential buildings),200601,Month
Central and Western,Kennedy Town,(Kennedy Town) Ivy On Bel...,https://hkdata.centanet.com/BigData/hong-kong/Central%20and%20Western/CHMA/Kennedy-Town/building-group(Kennedy%20Town)%20Ivy%20On%20Belcher's%20%7C%20Westview%20Height%20%7C%20La%20Maison%20Du%20Nord%20%7C%20Shun%20Cheong%20Building%20%7C%20The%20Sail%20At%20Victoria%20%7C%2060%20Victoria%20Road%20%7C%20Mourt%20Davis%2033%20%7C%20Belcher's%20Hill%20%7C%20The%20Kennedy%20On%20Belcher's%20(Kennedy%20Town%202000's%20private%20residential%20buildings)?field=t_pop&sort=default&detailcode=CW0060,5810.00,building,CW0060,(Kennedy Town) Ivy On Belcher's / Westview Height / La Maison Du Nord / Shun Cheong Building / The Sail At Victoria / 60 Victoria Road / Mourt Davis 33 / Belcher's Hill / The Kennedy On Belcher's (Kennedy Town 2000's private residential buildings),200602,Month
Central and Western,Kennedy Town,(Kennedy Town) Ivy On Bel...,https://hkdata.centanet.com/BigData/hong-kong/Central%20and%20Western/CHMA/Kennedy-Town/building-group(Kennedy%20Town)%20Ivy%20On%20Belcher's%20%7C%20Westview%20Height%20%7C%20La%20Maison%20Du%20Nord%20%7C%20Shun%20Cheong%20Building%20%7C%20The%20Sail%20At%20Victoria%20%7C%2060%20Victoria%20Road%20%7C%20Mourt%20Davis%2033%20%7C%20Belcher's%20Hill%20%7C%20The%20Kennedy%20On%20Belcher's%20(Kennedy%20Town%202000's%20private%20residential%20buildings)?field=t_pop&sort=default&detailcode=CW0060,5006.00,building,CW0060,(Kennedy Town) Ivy On Belcher's / Westview Height / La Maison Du Nord / Shun Cheong Building / The Sail At Victoria / 60 Victoria Road / Mourt Davis 33 / Belcher's Hill / The Kennedy On Belcher's (Kennedy Town 2000's private residential buildings),200603,Month
Central and Western,Kennedy Town,(Kennedy Town) Ivy On Bel...,https://hkdata.centanet.com/BigData/hong-kong/Central%20and%20Western/CHMA/Kennedy-Town/building-group(Kennedy%20Town)%20Ivy%20On%20Belcher's%20%7C%20Westview%20Height%20%7C%20La%20Maison%20Du%20Nord%20%7C%20Shun%20Cheong%20Building%20%7C%20The%20Sail%20At%20Victoria%20%7C%2060%20Victoria%20Road%20%7C%20Mourt%20Davis%2033%20%7C%20Belcher's%20Hill%20%7C%20The%20Kennedy%20On%20Belcher's%20(Kennedy%20Town%202000's%20private%20residential%20buildings)?field=t_pop&sort=default&detailcode=CW0060,6411.00,building,CW0060,(Kennedy Town) Ivy On Belcher's / Westview Height / La Maison Du Nord / Shun Cheong Building / The Sail At Victoria / 60 Victoria Road / Mourt Davis 33 / Belcher's Hill / The Kennedy On Belcher's (Kennedy Town 2000's private residential buildings),200604,month
Central and Western,Kennedy Town,(Kennedy Town) Ivy On Bel...,https://hkdata.centanet.com/BigData/hong-kong/Central%20and%20Western/CHMA/Kennedy-Town/building-group(Kennedy%20Town)%20Ivy%20On%20Belcher's%20%7C%20Westview%20Height%20%7C%20La%20Maison%20Du%20Nord%20%7C%20Shun%20Cheong%20Building%20%7C%20The%20Sail%20At%20Victoria%20%7C%2060%20Victoria%20Road%20%7C%20Mourt%20Davis%2033%20%7C%20Belcher's%20Hill%20%7C%20The%20Kennedy%20On%20Belcher's%20(Kennedy%20Town%202000's%20private%20residential%20buildings)?field=t_pop&sort=default&detailcode=CW0060,5400.00,building,CW0060,(Kennedy Town) Ivy On Belcher's / Westview Height / La Maison Du Nord / Shun Cheong Building / The Sail At Victoria / 60 Victoria Road / Mourt Davis 33 / Belcher's Hill / The Kennedy On Belcher's (Kennedy Town 2000's private residential buildings),200605,Month
Central and Western,Kennedy Town,(Kennedy Town) Ivy On Bel...,https://hkdata.centanet.com/BigData/hong-kong/Central%20and%20Western/CHMA/Kennedy-Town/building-group(Kennedy%20Town)%20Ivy%20On%20Belcher's%20%7C%20Westview%20Height%20%7C%20La%20Maison%20Du%20Nord%20%7C%20Shun%20Cheong%20Building%20%7C%20The%20Sail%20At%20Victoria%20%7C%2060%20Victoria%20Road%20%7C%20Mourt%20Davis%2033%20%7C%20Belcher's%20Hill%20%7C%20The%20Kennedy%20On%20Belcher's%20(Kennedy%20Town%202000's%20private%20residential%20buildings)?field=t_pop&sort=default&detailcode=CW0060,6099.40,building,CW0060,(Kennedy Town) Ivy On Belcher's / Westview Height / La Maison Du Nord / Shun Cheong Building / The Sail At Victoria / 60 Victoria Road / Mourt Davis 33 / Belcher's Hill / The Kennedy On Belcher's (Kennedy Town 2000's private residential buildings),200606,Month
Central and Western,Kennedy Town,(Kennedy Town) Ivy On Bel...,https://hkdata.centanet.com/BigData/hong-kong/Central%20and%20Western/CHMA/Kennedy-Town/building-group(Kennedy%20Town)%20Ivy%20On%20Belcher's%20%7C%20Westview%20Height%20%7C%20La%20Maison%20Du%20Nord%20%7C%20Shun%20Cheong%20Building%20%7C%20The%20Sail%20At%20Victoria%20%7C%2060%20Victoria%20Road%20%7C%20Mourt%20Davis%2033%20%7C%20Belcher's%20Hill%20%7C%20The%20Kennedy%20On%20Belcher's%20(Kennedy%20Town%202000's%20private%20residential%20buildings)?field=t_pop&sort=default&detailcode=CW0060,3663.50,building,CW0060,(Kennedy Town) Ivy On Belcher's / Westview Height / La Maison Du Nord / Shun Cheong Building / The Sail At Victoria / 60 Victoria Road / Mourt Davis 33 / Belcher's Hill / The Kennedy On Belcher's (Kennedy Town 2000's private residential buildings),200607,Month
Central and Western,Kennedy Town,(Kennedy Town) Ivy On Bel...,https://hkdata.centanet.com/BigData/hong-kong/Central%20and%20Western/CHMA/Kennedy-Town/building-group(Kennedy%20Town)%20Ivy%20On%20Belcher's%20%7C%20Westview%20Height%20%7C%20La%20Maison%20Du%20Nord%20%7C%20Shun%20Cheong%20Building%20%7C%20The%20Sail%20At%20Victoria%20%7C%2060%20Victoria%20Road%20%7C%20Mourt%20Davis%2033%20%7C%20Belcher's%20Hill%20%7C%20The%20Kennedy%20On%20Belcher's%20(Kennedy%20Town%202000's%20private%20residential%20buildings)?field=t_pop&sort=default&detailcode=CW0060,5252.00,building,CW0060,(Kennedy Town) Ivy On Belcher's / Westview Height / La Maison Du Nord / Shun Cheong Building / The Sail At Victoria / 60 Victoria Road / Mourt Davis 33 / Belcher's Hill / The Kennedy On Belcher's (Kennedy Town 2000's private residential buildings),200608,Month
Central and Western,Kennedy Town,(Kennedy Town) Ivy On Bel...,https://hkdata.centanet.com/BigData/hong-kong/Central%20and%20Western/CHMA/Kennedy-Town/building-group(Kennedy%20Town)%20Ivy%20On%20Belcher's%20%7C%20Westview%20Height%20%7C%20La%20Maison%20Du%20Nord%20%7C%20Shun%20Cheong%20Building%20%7C%20The%20Sail%20At%20Victoria%20%7C%2060%20Victoria%20Road%20%7C%20Mourt%20Davis%2033%20%7C%20Belcher's%20Hill%20%7C%20The%20Kennedy%20On%20Belcher's%20(Kennedy%20Town%202000's%20private%20residential%20buildings)?field=t_pop&sort=default&detailcode=CW0060,6481.00,building,CW0060,(Kennedy Town) Ivy On Belcher's / Westview Height / La Maison Du Nord / Shun Cheong Building / The Sail At Victoria / 60 Victoria Road / Mourt Davis 33 / Belcher's Hill / The Kennedy On Belcher's (Kennedy Town 2000's private residential buildings),200609,Month
Central and Western,Kennedy Town,(Kennedy Town) Ivy On Bel...,https://hkdata.centanet.com/BigData/hong-kong/Central%20and%20Western/CHMA/Kennedy-Town/building-group(Kennedy%20Town)%20Ivy%20On%20Belcher's%20%7C%20Westview%20Height%20%7C%20La%20Maison%20Du%20Nord%20%7C%20Shun%20Cheong%20Building%20%7C%20The%20Sail%20At%20Victoria%20%7C%2060%20Victoria%20Road%20%7C%20Mourt%20Davis%2033%20%7C%20Belcher's%20Hill%20%7C%20The%20Kennedy%20On%20Belcher's%20(Kennedy%20Town%202000's%20private%20residential%20buildings)?field=t_pop&sort=default&detailcode=CW0060,7150.00,building,CW0060,(Kennedy Town) Ivy On Belcher's / Westview Height / La Maison Du Nord / Shun Cheong Building / The Sail At Victoria / 60 Victoria Road / Mourt Davis 33 / Belcher's Hill / The Kennedy On Belcher's (Kennedy Town 2000's private residential buildings),200610,Month
Central and Western,Kennedy Town,(Kennedy Town) Ivy On Bel...,https://hkdata.centanet.com/BigData/hong-kong/Central%20and%20Western/CHMA/Kennedy-Town/building-group(Kennedy%20Town)%20Ivy%20On%20Belcher's%20%7C%20Westview%20Height%20%7C%20La%20Maison%20Du%20Nord%20%7C%20Shun%20Cheong%20Building%20%7C%20The%20Sail%20At%20Victoria%20%7C%2060%20Victoria%20Road%20%7C%20Mourt%20Davis%2033%20%7C%20Belcher's%20Hill%20%7C%20The%20Kennedy%20On%20Belcher's%20(Kennedy%20Town%202000's%20private%20residential%20buildings)?field=t_pop&sort=default&detailcode=CW0060,5030.40,building,CW0060,(Kennedy Town) Ivy On Belcher's / Westview Height / La Maison Du Nord / Shun Cheong Building / The Sail At Victoria / 60 Victoria Road / Mourt Davis 33 / Belcher's Hill / The Kennedy On Belcher's (Kennedy Town 2000's private residential buildings),200611,Month
Central and Western,Kennedy Town,(Kennedy Town) Ivy On Bel...,https://hkdata.centanet.com/BigData/hong-kong/Central%20and%20Western/CHMA/Kennedy-Town/building-group(Kennedy%20Town)%20Ivy%20On%20Belcher's%20%7C%20Westview%20Height%20%7C%20La%20Maison%20Du%20Nord%20%7C%20Shun%20Cheong%20Building%20%7C%20The%20Sail%20At%20Victoria%20%7C%2060%20Victoria%20Road%20%7C%20Mourt%20Davis%2033%20%7C%20Belcher's%20Hill%20%7C%20The%20Kennedy%20On%20Belcher's%20(Kennedy%20Town%202000's%20private%20residential%20buildings)?field=t_pop&sort=default&detailcode=CW0060,5030.40,building,CW0060,(Kennedy Town) Ivy On Belcher's / Westview Height / La Maison Du Nord / Shun Cheong Building / The Sail At Victoria / 60 Victoria Road / Mourt Davis 33 / Belcher's Hill / The Kennedy On Belcher's (Kennedy Town 2000's private residential buildings),200612,Month
Central and Western,Kennedy Town,(Kennedy Town) Ivy On Bel...,https://hkdata.centanet.com/BigData/hong-kong/Central%20and%20Western/CHMA/Kennedy-Town/building-group(Kennedy%20Town)%20Ivy%20On%20Belcher's%20%7C%20Westview%20Height%20%7C%20La%20Maison%20Du%20Nord%20%7C%20Shun%20Cheong%20Building%20%7C%20The%20Sail%20At%20Victoria%20%7C%2060%20Victoria%20Road%20%7C%20Mourt%20Davis%2033%20%7C%20Belcher's%20Hill%20%7C%20The%20Kennedy%20On%20Belcher's%20(Kennedy%20Town%202000's%20private%20residential%20buildings)?field=t_pop&sort=default&detailcode=CW0060,5083.20,building,CW0060,(Kennedy Town) Ivy On Belcher's / Westview Height / La Maison Du Nord / Shun Cheong Building / The Sail At Victoria / 60 Victoria Road / Mourt Davis 33 / Belcher's Hill / The Kennedy On Belcher's (Kennedy Town 2000's private residential buildings),2006Q1,Quarter
Central and Western,Kennedy Town,(Kennedy Town) Ivy On Bel...,https://hkdata.centanet.com/BigData/hong-kong/Central%20and%20Western/CHMA/Kennedy-Town/building-group(Kennedy%20Town)%20Ivy%20On%20Belcher's%20%7C%20Westview%20Height%20%7C%20La%20Maison%20Du%20Nord%20%7C%20Shun%20Cheong%20Building%20%7C%20The%20Sail%20At%20Victoria%20%7C%2060%20Victoria%20Road%20%7C%20Mourt%20Davis%2033%20%7C%20Belcher's%20Hill%20%7C%20The%20Kennedy%20On%20Belcher's%20(Kennedy%20Town%202000's%20private%20residential%20buildings)?field=t_pop&sort=default&detailcode=CW0060,5900.89,building,CW0060,(Kennedy Town) Ivy On Belcher's / Westview Height / La Maison Du Nord / Shun Cheong Building / The Sail At Victoria / 60 Victoria Road / Mourt Davis 33 / Belcher's Hill / The Kennedy On Belcher's (Kennedy Town 2000's private residential buildings),2006Q2,Quarter
Central and Western,Kennedy Town,(Kennedy Town) Ivy On Bel...,https://hkdata.centanet.com/BigData/hong-kong/Central%20and%20Western/CHMA/Kennedy-Town/building-group(Kennedy%20Town)%20Ivy%20On%20Belcher's%20%7C%20Westview%20Height%20%7C%20La%20Maison%20Du%20Nord%20%7C%20Shun%20Cheong%20Building%20%7C%20The%20Sail%20At%20Victoria%20%7C%2060%20Victoria%20Road%20%7C%20Mourt%20Davis%2033%20%7C%20Belcher's%20Hill%20%7C%20The%20Kennedy%20On%20Belcher's%20(Kennedy%20Town%202000's%20private%20residential%20buildings)?field=t_pop&sort=default&detailcode=CW0060,4927.33,building,CW0060,(Kennedy Town) Ivy On Belcher's / Westview Height / La Maison Du Nord / Shun Cheong Building / The Sail At Victoria / 60 Victoria Road / Mourt Davis 33 / Belcher's Hill / The Kennedy On Belcher's (Kennedy Town 2000's private residential buildings),2006Q3,Quarter
Central and Western,Kennedy Town,(Kennedy Town) Ivy On Bel...,https://hkdata.centanet.com/BigData/hong-kong/Central%20and%20Western/CHMA/Kennedy-Town/building-group(Kennedy%20Town)%20Ivy%20On%20Belcher's%20%7C%20Westview%20Height%20%7C%20La%20Maison%20Du%20Nord%20%7C%20Shun%20Cheong%20Building%20%7C%20The%20Sail%20At%20Victoria%20%7C%2060%20Victoria%20Road%20%7C%20Mourt%20Davis%2033%20%7C%20Belcher's%20Hill%20%7C%20The%20Kennedy%20On%20Belcher's%20(Kennedy%20Town%202000's%20private%20residential%20buildings)?field=t_pop&sort=default&detailcode=CW0060,5636.00,building,CW0060,(Kennedy Town) Ivy On Belcher's / Westview Height / La Maison Du Nord / Shun Cheong Building / The Sail At Victoria / 60 Victoria Road / Mourt Davis 33 / Belcher's Hill / The Kennedy On Belcher's (Kennedy Town 2000's private residential buildings),2006Q4,Quarter
Central and Western,Kennedy Town,(Kennedy Town) Ivy On Bel...,https://hkdata.centanet.com/BigData/hong-kong/Central%20and%20Western/CHMA/Kennedy-Town/building-group(Kennedy%20Town)%20Ivy%20On%20Belcher's%20%7C%20Westview%20Height%20%7C%20La%20Maison%20Du%20Nord%20%7C%20Shun%20Cheong%20Building%20%7C%20The%20Sail%20At%20Victoria%20%7C%2060%20Victoria%20Road%20%7C%20Mourt%20Davis%2033%20%7C%20Belcher's%20Hill%20%7C%20The%20Kennedy%20On%20Belcher's%20(Kennedy%20Town%202000's%20private%20residential%20buildings)?field=t_pop&sort=default&detailcode=CW0060,6782.88,building,CW0060,(Kennedy Town) Ivy On Belcher's / Westview Height / La Maison Du Nord / Shun Cheong Building / The Sail At Victoria / 60 Victoria Road / Mourt Davis 33 / Belcher's Hill / The Kennedy On Belcher's (Kennedy Town 2000's private residential buildings),2007,Year
Central and Western,Kennedy Town,(Kennedy Town) Ivy On Bel...,https://hkdata.centanet.com/BigData/hong-kong/Central%20and%20Western/CHMA/Kennedy-Town/building-group(Kennedy%20Town)%20Ivy%20On%20Belcher's%20%7C%20Westview%20Height%20%7C%20La%20Maison%20Du%20Nord%20%7C%20Shun%20Cheong%20Building%20%7C%20The%20Sail%20At%20Victoria%20%7C%2060%20Victoria%20Road%20%7C%20Mourt%20Davis%2033%20%7C%20Belcher's%20Hill%20%7C%20The%20Kennedy%20On%20Belcher's%20(Kennedy%20Town%202000's%20private%20residential%20buildings)?field=t_pop&sort=default&detailcode=CW0060,6483.52,building,CW0060,(Kennedy Town) Ivy On Belcher's / Westview Height / La Maison Du Nord / Shun Cheong Building / The Sail At Victoria / 60 Victoria Road / Mourt Davis 33 / Belcher's Hill / The Kennedy On Belcher's (Kennedy Town 2000's private residential buildings),2007_1,HalfYear
Central and Western,Kennedy Town,(Kennedy Town) Ivy On Bel...,https://hkdata.centanet.com/BigData/hong-kong/Central%20and%20Western/CHMA/Kennedy-Town/building-group(Kennedy%20Town)%20Ivy%20On%20Belcher's%20%7C%20Westview%20Height%20%7C%20La%20Maison%20Du%20Nord%20%7C%20Shun%20Cheong%20Building%20%7C%20The%20Sail%20At%20Victoria%20%7C%2060%20Victoria%20Road%20%7C%20Mourt%20Davis%2033%20%7C%20Belcher's%20Hill%20%7C%20The%20Kennedy%20On%20Belcher's%20(Kennedy%20Town%202000's%20private%20residential%20buildings)?field=t_pop&sort=default&detailcode=CW0060,6937.91,building,CW0060,(Kennedy Town) Ivy On Belcher's / Westview Height / La Maison Du Nord / Shun Cheong Building / The Sail At Victoria / 60 Victoria Road / Mourt Davis 33 / Belcher's Hill / The Kennedy On Belcher's (Kennedy Town 2000's private residential buildings),2007_2,HalfYear
Central and Western,Kennedy Town,(Kennedy Town) Ivy On Bel...,https://hkdata.centanet.com/BigData/hong-kong/Central%20and%20Western/CHMA/Kennedy-Town/building-group(Kennedy%20Town)%20Ivy%20On%20Belcher's%20%7C%20Westview%20Height%20%7C%20La%20Maison%20Du%20Nord%20%7C%20Shun%20Cheong%20Building%20%7C%20The%20Sail%20At%20Victoria%20%7C%2060%20Victoria%20Road%20%7C%20Mourt%20Davis%2033%20%7C%20Belcher's%20Hill%20%7C%20The%20Kennedy%20On%20Belcher's%20(Kennedy%20Town%202000's%20private%20residential%20buildings)?field=t_pop&sort=default&detailcode=CW0060,4951.40,building,CW0060,(Kennedy Town) Ivy On Belcher's / Westview Height / La Maison Du Nord / Shun Cheong Building / The Sail At Victoria / 60 Victoria Road / Mourt Davis 33 / Belcher's Hill / The Kennedy On Belcher's (Kennedy Town 2000's private residential buildings),200701,Month
Central and Western,Kennedy Town,(Kennedy Town) Ivy On Bel...,https://hkdata.centanet.com/BigData/hong-kong/Central%20and%20Western/CHMA/Kennedy-Town/building-group(Kennedy%20Town)%20Ivy%20On%20Belcher's%20%7C%20Westview%20Height%20%7C%20La%20Maison%20Du%20Nord%20%7C%20Shun%20Cheong%20Building%20%7C%20The%20Sail%20At%20Victoria%20%7C%2060%20Victoria%20Road%20%7C%20Mourt%20Davis%2033%20%7C%20Belcher's%20Hill%20%7C%20The%20Kennedy%20On%20Belcher's%20(Kennedy%20Town%202000's%20private%20residential%20buildings)?field=t_pop&sort=default&detailcode=CW0060,6223.20,building,CW0060,(Kennedy Town) Ivy On Belcher's / Westview Height / La Maison Du Nord / Shun Cheong Building / The Sail At Victoria / 60 Victoria Road / Mourt Davis 33 / Belcher's Hill / The Kennedy On Belcher's (Kennedy Town 2000's private residential buildings),200702,month
Central and Western,Kennedy Town,(Kennedy Town) Ivy On Bel...,https://hkdata.centanet.com/BigData/hong-kong/Central%20and%20Western/CHMA/Kennedy-Town/building-group(Kennedy%20Town)%20Ivy%20On%20Belcher's%20%7C%20Westview%20Height%20%7C%20La%20Maison%20Du%20Nord%20%7C%20Shun%20Cheong%20Building%20%7C%20The%20Sail%20At%20Victoria%20%7C%2060%20Victoria%20Road%20%7C%20Mourt%20Davis%2033%20%7C%20Belcher's%20Hill%20%7C%20The%20Kennedy%20On%20Belcher's%20(Kennedy%20Town%202000's%20private%20residential%20buildings)?field=t_pop&sort=default&detailcode=CW0060,6286.40,building,CW0060,(Kennedy Town) Ivy On Belcher's / Westview Height / La Maison Du Nord / Shun Cheong Building / The Sail At Victoria / 60 Victoria Road / Mourt Davis 33 / Belcher's Hill / The Kennedy On Belcher's (Kennedy Town 2000's private residential buildings),200703,month
Central and Western,Kennedy Town,(Kennedy Town) Ivy On Bel...,https://hkdata.centanet.com/BigData/hong-kong/Central%20and%20Western/CHMA/Kennedy-Town/building-group(Kennedy%20Town)%20Ivy%20On%20Belcher's%20%7C%20Westview%20Height%20%7C%20La%20Maison%20Du%20Nord%20%7C%20Shun%20Cheong%20Building%20%7C%20The%20Sail%20At%20Victoria%20%7C%2060%20Victoria%20Road%20%7C%20Mourt%20Davis%2033%20%7C%20Belcher's%20Hill%20%7C%20The%20Kennedy%20On%20Belcher's%20(Kennedy%20Town%202000's%20private%20residential%20buildings)?field=t_pop&sort=default&detailcode=CW0060,6456.33,building,CW0060,(Kennedy Town) Ivy On Belcher's / Westview Height / La Maison Du Nord / Shun Cheong Building / The Sail At Victoria / 60 Victoria Road / Mourt Davis 33 / Belcher's Hill / The Kennedy On Belcher's (Kennedy Town 2000's private residential buildings),200704,Month
Central and Western,Kennedy Town,(Kennedy Town) Ivy On Bel...,https://hkdata.centanet.com/BigData/hong-kong/Central%20and%20Western/CHMA/Kennedy-Town/building-group(Kennedy%20Town)%20Ivy%20On%20Belcher's%20%7C%20Westview%20Height%20%7C%20La%20Maison%20Du%20Nord%20%7C%20Shun%20Cheong%20Building%20%7C%20The%20Sail%20At%20Victoria%20%7C%2060%20Victoria%20Road%20%7C%20Mourt%20Davis%2033%20%7C%20Belcher's%20Hill%20%7C%20The%20Kennedy%20On%20Belcher's%20(Kennedy%20Town%202000's%20private%20residential%20buildings)?field=t_pop&sort=default&detailcode=CW0060,8491.00,building,CW0060,(Kennedy Town) Ivy On Belcher's / Westview Height / La Maison Du Nord / Shun Cheong Building / The Sail At Victoria / 60 Victoria Road / Mourt Davis 33 / Belcher's Hill / The Kennedy On Belcher's (Kennedy Town 2000's private residential buildings),200705,Month
Central and Western,Kennedy Town,(Kennedy Town) Ivy On Bel...,https://hkdata.centanet.com/BigData/hong-kong/Central%20and%20Western/CHMA/Kennedy-Town/building-group(Kennedy%20Town)%20Ivy%20On%20Belcher's%20%7C%20Westview%20Height%20%7C%20La%20Maison%20Du%20Nord%20%7C%20Shun%20Cheong%20Building%20%7C%20The%20Sail%20At%20Victoria%20%7C%2060%20Victoria%20Road%20%7C%20Mourt%20Davis%2033%20%7C%20Belcher's%20Hill%20%7C%20The%20Kennedy%20On%20Belcher's%20(Kennedy%20Town%202000's%20private%20residential%20buildings)?field=t_pop&sort=default&detailcode=CW0060,8134.00,building,CW0060,(Kennedy Town) Ivy On Belcher's / Westview Height / La Maison Du Nord / Shun Cheong Building / The Sail At Victoria / 60 Victoria Road / Mourt Davis 33 / Belcher's Hill / The Kennedy On Belcher's (Kennedy Town 2000's private residential buildings),200706,Month
Central and Western,Kennedy Town,(Kennedy Town) Ivy On Bel...,https://hkdata.centanet.com/BigData/hong-kong/Central%20and%20Western/CHMA/Kennedy-Town/building-group(Kennedy%20Town)%20Ivy%20On%20Belcher's%20%7C%20Westview%20Height%20%7C%20La%20Maison%20Du%20Nord%20%7C%20Shun%20Cheong%20Building%20%7C%20The%20Sail%20At%20Victoria%20%7C%2060%20Victoria%20Road%20%7C%20Mourt%20Davis%2033%20%7C%20Belcher's%20Hill%20%7C%20The%20Kennedy%20On%20Belcher's%20(Kennedy%20Town%202000's%20private%20residential%20buildings)?field=t_pop&sort=default&detailcode=CW0060,6028.80,building,CW0060,(Kennedy Town) Ivy On Belcher's / Westview Height / La Maison Du Nord / Shun Cheong Building / The Sail At Victoria / 60 Victoria Road / Mourt Davis 33 / Belcher's Hill / The Kennedy On Belcher's (Kennedy Town 2000's private residential buildings),200707,Month
Central and Western,Kennedy Town,(Kennedy Town) Ivy On Bel...,https://hkdata.centanet.com/BigData/hong-kong/Central%20and%20Western/CHMA/Kennedy-Town/building-group(Kennedy%20Town)%20Ivy%20On%20Belcher's%20%7C%20Westview%20Height%20%7C%20La%20Maison%20Du%20Nord%20%7C%20Shun%20Cheong%20Building%20%7C%20The%20Sail%20At%20Victoria%20%7C%2060%20Victoria%20Road%20%7C%20Mourt%20Davis%2033%20%7C%20Belcher's%20Hill%20%7C%20The%20Kennedy%20On%20Belcher's%20(Kennedy%20Town%202000's%20private%20residential%20buildings)?field=t_pop&sort=default&detailcode=CW0060,6207.46,building,CW0060,(Kennedy Town) Ivy On Belcher's / Westview Height / La Maison Du Nord / Shun Cheong Building / The Sail At Victoria / 60 Victoria Road / Mourt Davis 33 / Belcher's Hill / The Kennedy On Belcher's (Kennedy Town 2000's private residential buildings),200708,Month
Central and Western,Kennedy Town,(Kennedy Town) Ivy On Bel...,https://hkdata.centanet.com/BigData/hong-kong/Central%20and%20Western/CHMA/Kennedy-Town/building-group(Kennedy%20Town)%20Ivy%20On%20Belcher's%20%7C%20Westview%20Height%20%7C%20La%20Maison%20Du%20Nord%20%7C%20Shun%20Cheong%20Building%20%7C%20The%20Sail%20At%20Victoria%20%7C%2060%20Victoria%20Road%20%7C%20Mourt%20Davis%2033%20%7C%20Belcher's%20Hill%20%7C%20The%20Kennedy%20On%20Belcher's%20(Kennedy%20Town%202000's%20private%20residential%20buildings)?field=t_pop&sort=default&detailcode=CW0060,7106.00,building,CW0060,(Kennedy Town) Ivy On Belcher's / Westview Height / La Maison Du Nord / Shun Cheong Building / The Sail At Victoria / 60 Victoria Road / Mourt Davis 33 / Belcher's Hill / The Kennedy On Belcher's (Kennedy Town 2000's private residential buildings),200709,Month
Central and Western,Kennedy Town,(Kennedy Town) Ivy On Bel...,https://hkdata.centanet.com/BigData/hong-kong/Central%20and%20Western/CHMA/Kennedy-Town/building-group(Kennedy%20Town)%20Ivy%20On%20Belcher's%20%7C%20Westview%20Height%20%7C%20La%20Maison%20Du%20Nord%20%7C%20Shun%20Cheong%20Building%20%7C%20The%20Sail%20At%20Victoria%20%7C%2060%20Victoria%20Road%20%7C%20Mourt%20Davis%2033%20%7C%20Belcher's%20Hill%20%7C%20The%20Kennedy%20On%20Belcher's%20(Kennedy%20Town%202000's%20private%20residential%20buildings)?field=t_pop&sort=default&detailcode=CW0060,7445.89,building,CW0060,(Kennedy Town) Ivy On Belcher's / Westview Height / La Maison Du Nord / Shun Cheong Building / The Sail At Victoria / 60 Victoria Road / Mourt Davis 33 / Belcher's Hill / The Kennedy On Belcher's (Kennedy Town 2000's private residential buildings),200710,Month
Central and Western,Kennedy Town,(Kennedy Town) Ivy On Bel...,https://hkdata.centanet.com/BigData/hong-kong/Central%20and%20Western/CHMA/Kennedy-Town/building-group(Kennedy%20Town)%20Ivy%20On%20Belcher's%20%7C%20Westview%20Height%20%7C%20La%20Maison%20Du%20Nord%20%7C%20Shun%20Cheong%20Building%20%7C%20The%20Sail%20At%20Victoria%20%7C%2060%20Victoria%20Road%20%7C%20Mourt%20Davis%2033%20%7C%20Belcher's%20Hill%20%7C%20The%20Kennedy%20On%20Belcher's%20(Kennedy%20Town%202000's%20private%20residential%20buildings)?field=t_pop&sort=default&detailcode=CW0060,7276.20,building,CW0060,(Kennedy Town) Ivy On Belcher's / Westview Height / La Maison Du Nord / Shun Cheong Building / The Sail At Victoria / 60 Victoria Road / Mourt Davis 33 / Belcher's Hill / The Kennedy On Belcher's (Kennedy Town 2000's private residential buildings),200711,Month
Central and Western,Kennedy Town,(Kennedy Town) Ivy On Bel...,https://hkdata.centanet.com/BigData/hong-kong/Central%20and%20Western/CHMA/Kennedy-Town/building-group(Kennedy%20Town)%20Ivy%20On%20Belcher's%20%7C%20Westview%20Height%20%7C%20La%20Maison%20Du%20Nord%20%7C%20Shun%20Cheong%20Building%20%7C%20The%20Sail%20At%20Victoria%20%7C%2060%20Victoria%20Road%20%7C%20Mourt%20Davis%2033%20%7C%20Belcher's%20Hill%20%7C%20The%20Kennedy%20On%20Belcher's%20(Kennedy%20Town%202000's%20private%20residential%20buildings)?field=t_pop&sort=default&detailcode=CW0060,7310.20,building,CW0060,(Kennedy Town) Ivy On Belcher's / Westview Height / La Maison Du Nord / Shun Cheong Building / The Sail At Victoria / 60 Victoria Road / Mourt Davis 33 / Belcher's Hill / The Kennedy On Belcher's (Kennedy Town 2000's private residential buildings),200712,Month
Central and Western,Kennedy Town,(Kennedy Town) Ivy On Bel...,https://hkdata.centanet.com/BigData/hong-kong/Central%20and%20Western/CHMA/Kennedy-Town/building-group(Kennedy%20Town)%20Ivy%20On%20Belcher's%20%7C%20Westview%20Height%20%7C%20La%20Maison%20Du%20Nord%20%7C%20Shun%20Cheong%20Building%20%7C%20The%20Sail%20At%20Victoria%20%7C%2060%20Victoria%20Road%20%7C%20Mourt%20Davis%2033%20%7C%20Belcher's%20Hill%20%7C%20The%20Kennedy%20On%20Belcher's%20(Kennedy%20Town%202000's%20private%20residential%20buildings)?field=t_pop&sort=default&detailcode=CW0060,5921.05,building,CW0060,(Kennedy Town) Ivy On Belcher's / Westview Height / La Maison Du Nord / Shun Cheong Building / The Sail At Victoria / 60 Victoria Road / Mourt Davis 33 / Belcher's Hill / The Kennedy On Belcher's (Kennedy Town 2000's private residential buildings),2007Q1,Quarter
Central and Western,Kennedy Town,(Kennedy Town) Ivy On Bel...,https://hkdata.centanet.com/BigData/hong-kong/Central%20and%20Western/CHMA/Kennedy-Town/building-group(Kennedy%20Town)%20Ivy%20On%20Belcher's%20%7C%20Westview%20Height%20%7C%20La%20Maison%20Du%20Nord%20%7C%20Shun%20Cheong%20Building%20%7C%20The%20Sail%20At%20Victoria%20%7C%2060%20Victoria%20Road%20%7C%20Mourt%20Davis%2033%20%7C%20Belcher's%20Hill%20%7C%20The%20Kennedy%20On%20Belcher's%20(Kennedy%20Town%202000's%20private%20residential%20buildings)?field=t_pop&sort=default&detailcode=CW0060,7733.44,building,CW0060,(Kennedy Town) Ivy On Belcher's / Westview Height / La Maison Du Nord / Shun Cheong Building / The Sail At Victoria / 60 Victoria Road / Mourt Davis 33 / Belcher's Hill / The Kennedy On Belcher's (Kennedy Town 2000's private residential buildings),2007Q2,Quarter
Central and Western,Kennedy Town,(Kennedy Town) Ivy On Bel...,https://hkdata.centanet.com/BigData/hong-kong/Central%20and%20Western/CHMA/Kennedy-Town/building-group(Kennedy%20Town)%20Ivy%20On%20Belcher's%20%7C%20Westview%20Height%20%7C%20La%20Maison%20Du%20Nord%20%7C%20Shun%20Cheong%20Building%20%7C%20The%20Sail%20At%20Victoria%20%7C%2060%20Victoria%20Road%20%7C%20Mourt%20Davis%2033%20%7C%20Belcher's%20Hill%20%7C%20The%20Kennedy%20On%20Belcher's%20(Kennedy%20Town%202000's%20private%20residential%20buildings)?field=t_pop&sort=default&detailcode=CW0060,6330.23,building,CW0060,(Kennedy Town) Ivy On Belcher's / Westview Height / La Maison Du Nord / Shun Cheong Building / The Sail At Victoria / 60 Victoria Road / Mourt Davis 33 / Belcher's Hill / The Kennedy On Belcher's (Kennedy Town 2000's private residential buildings),2007Q3,Quarter
Central and Western,Kennedy Town,(Kennedy Town) Ivy On Bel...,https://hkdata.centanet.com/BigData/hong-kong/Central%20and%20Western/CHMA/Kennedy-Town/building-group(Kennedy%20Town)%20Ivy%20On%20Belcher's%20%7C%20Westview%20Height%20%7C%20La%20Maison%20Du%20Nord%20%7C%20Shun%20Cheong%20Building%20%7C%20The%20Sail%20At%20Victoria%20%7C%2060%20Victoria%20Road%20%7C%20Mourt%20Davis%2033%20%7C%20Belcher's%20Hill%20%7C%20The%20Kennedy%20On%20Belcher's%20(Kennedy%20Town%202000's%20private%20residential%20buildings)?field=t_pop&sort=default&detailcode=CW0060,7331.12,building,CW0060,(Kennedy Town) Ivy On Belcher's / Westview Height / La Maison Du Nord / Shun Cheong Building / The Sail At Victoria / 60 Victoria Road / Mourt Davis 33 / Belcher's Hill / The Kennedy On Belcher's (Kennedy Town 2000's private residential buildings),2007Q4,quarter
Central and Western,Kennedy Town,(Kennedy Town) Ivy On Bel...,https://hkdata.centanet.com/BigData/hong-kong/Central%20and%20Western/CHMA/Kennedy-Town/building-group(Kennedy%20Town)%20Ivy%20On%20Belcher's%20%7C%20Westview%20Height%20%7C%20La%20Maison%20Du%20Nord%20%7C%20Shun%20Cheong%20Building%20%7C%20The%20Sail%20At%20Victoria%20%7C%2060%20Victoria%20Road%20%7C%20Mourt%20Davis%2033%20%7C%20Belcher's%20Hill%20%7C%20The%20Kennedy%20On%20Belcher's%20(Kennedy%20Town%202000's%20private%20residential%20buildings)?field=t_pop&sort=default&detailcode=CW0060,7979.90,building,CW0060,(Kennedy Town) Ivy On Belcher's / Westview Height / La Maison Du Nord / Shun Cheong Building / The Sail At Victoria / 60 Victoria Road / Mourt Davis 33 / Belcher's Hill / The Kennedy On Belcher's (Kennedy Town 2000's private residential buildings),2008,Year
Central and Western,Kennedy Town,(Kennedy Town) Ivy On Bel...,https://hkdata.centanet.com/BigData/hong-kong/Central%20and%20Western/CHMA/Kennedy-Town/building-group(Kennedy%20Town)%20Ivy%20On%20Belcher's%20%7C%20Westview%20Height%20%7C%20La%20Maison%20Du%20Nord%20%7C%20Shun%20Cheong%20Building%20%7C%20The%20Sail%20At%20Victoria%20%7C%2060%20Victoria%20Road%20%7C%20Mourt%20Davis%2033%20%7C%20Belcher's%20Hill%20%7C%20The%20Kennedy%20On%20Belcher's%20(Kennedy%20Town%202000's%20private%20residential%20buildings)?field=t_pop&sort=default&detailcode=CW0060,8201.98,building,CW0060,(Kennedy Town) Ivy On Belcher's / Westview Height / La Maison Du Nord / Shun Cheong Building / The Sail At Victoria / 60 Victoria Road / Mourt Davis 33 / Belcher's Hill / The Kennedy On Belcher's (Kennedy Town 2000's private residential buildings),2008_1,HalfYear
Central and Western,Kennedy Town,(Kennedy Town) Ivy On Bel...,https://hkdata.centanet.com/BigData/hong-kong/Central%20and%20Western/CHMA/Kennedy-Town/building-group(Kennedy%20Town)%20Ivy%20On%20Belcher's%20%7C%20Westview%20Height%20%7C%20La%20Maison%20Du%20Nord%20%7C%20Shun%20Cheong%20Building%20%7C%20The%20Sail%20At%20Victoria%20%7C%2060%20Victoria%20Road%20%7C%20Mourt%20Davis%2033%20%7C%20Belcher's%20Hill%20%7C%20The%20Kennedy%20On%20Belcher's%20(Kennedy%20Town%202000's%20private%20residential%20buildings)?field=t_pop&sort=default&detailcode=CW0060,7297.79,building,CW0060,(Kennedy Town) Ivy On Belcher's / Westview Height / La Maison Du Nord / Shun Cheong Building / The Sail At Victoria / 60 Victoria Road / Mourt Davis 33 / Belcher's Hill / The Kennedy On Belcher's (Kennedy Town 2000's private residential buildings),2008_2,HalfYear
Central and Western,Kennedy Town,(Kennedy Town) Ivy On Bel...,https://hkdata.centanet.com/BigData/hong-kong/Central%20and%20Western/CHMA/Kennedy-Town/building-group(Kennedy%20Town)%20Ivy%20On%20Belcher's%20%7C%20Westview%20Height%20%7C%20La%20Maison%20Du%20Nord%20%7C%20Shun%20Cheong%20Building%20%7C%20The%20Sail%20At%20Victoria%20%7C%2060%20Victoria%20Road%20%7C%20Mourt%20Davis%2033%20%7C%20Belcher's%20Hill%20%7C%20The%20Kennedy%20On%20Belcher's%20(Kennedy%20Town%202000's%20private%20residential%20buildings)?field=t_pop&sort=default&detailcode=CW0060,8499.76,building,CW0060,(Kennedy Town) Ivy On Belcher's / Westview Height / La Maison Du Nord / Shun Cheong Building / The Sail At Victoria / 60 Victoria Road / Mourt Davis 33 / Belcher's Hill / The Kennedy On Belcher's (Kennedy Town 2000's private residential buildings),200801,month
Central and Western,Kennedy Town,(Kennedy Town) Ivy On Bel...,https://hkdata.centanet.com/BigData/hong-kong/Central%20and%20Western/CHMA/Kennedy-Town/building-group(Kennedy%20Town)%20Ivy%20On%20Belcher's%20%7C%20Westview%20Height%20%7C%20La%20Maison%20Du%20Nord%20%7C%20Shun%20Cheong%20Building%20%7C%20The%20Sail%20At%20Victoria%20%7C%2060%20Victoria%20Road%20%7C%20Mourt%20Davis%2033%20%7C%20Belcher's%20Hill%20%7C%20The%20Kennedy%20On%20Belcher's%20(Kennedy%20Town%202000's%20private%20residential%20buildings)?field=t_pop&sort=default&detailcode=CW0060,7248.67,building,CW0060,(Kennedy Town) Ivy On Belcher's / Westview Height / La Maison Du Nord / Shun Cheong Building / The Sail At Victoria / 60 Victoria Road / Mourt Davis 33 / Belcher's Hill / The Kennedy On Belcher's (Kennedy Town 2000's private residential buildings),200802,Month
Central and Western,Kennedy Town,(Kennedy Town) Ivy On Bel...,https://hkdata.centanet.com/BigData/hong-kong/Central%20and%20Western/CHMA/Kennedy-Town/building-group(Kennedy%20Town)%20Ivy%20On%20Belcher's%20%7C%20Westview%20Height%20%7C%20La%20Maison%20Du%20Nord%20%7C%20Shun%20Cheong%20Building%20%7C%20The%20Sail%20At%20Victoria%20%7C%2060%20Victoria%20Road%20%7C%20Mourt%20Davis%2033%20%7C%20Belcher's%20Hill%20%7C%20The%20Kennedy%20On%20Belcher's%20(Kennedy%20Town%202000's%20private%20residential%20buildings)?field=t_pop&sort=default&detailcode=CW0060,8482.78,building,CW0060,(Kennedy Town) Ivy On Belcher's / Westview Height / La Maison Du Nord / Shun Cheong Building / The Sail At Victoria / 60 Victoria Road / Mourt Davis 33 / Belcher's Hill / The Kennedy On Belcher's (Kennedy Town 2000's private residential buildings),200803,Month
Central and Western,Kennedy Town,(Kennedy Town) Ivy On Bel...,https://hkdata.centanet.com/BigData/hong-kong/Central%20and%20Western/CHMA/Kennedy-Town/building-group(Kennedy%20Town)%20Ivy%20On%20Belcher's%20%7C%20Westview%20Height%20%7C%20La%20Maison%20Du%20Nord%20%7C%20Shun%20Cheong%20Building%20%7C%20The%20Sail%20At%20Victoria%20%7C%2060%20Victoria%20Road%20%7C%20Mourt%20Davis%2033%20%7C%20Belcher's%20Hill%20%7C%20The%20Kennedy%20On%20Belcher's%20(Kennedy%20Town%202000's%20private%20residential%20buildings)?field=t_pop&sort=default&detailcode=CW0060,7913.00,building,CW0060,(Kennedy Town) Ivy On Belcher's / Westview Height / La Maison Du Nord / Shun Cheong Building / The Sail At Victoria / 60 Victoria Road / Mourt Davis 33 / Belcher's Hill / The Kennedy On Belcher's (Kennedy Town 2000's private residential buildings),200804,Month
Central and Western,Kennedy Town,(Kennedy Town) Ivy On Bel...,https://hkdata.centanet.com/BigData/hong-kong/Central%20and%20Western/CHMA/Kennedy-Town/building-group(Kennedy%20Town)%20Ivy%20On%20Belcher's%20%7C%20Westview%20Height%20%7C%20La%20Maison%20Du%20Nord%20%7C%20Shun%20Cheong%20Building%20%7C%20The%20Sail%20At%20Victoria%20%7C%2060%20Victoria%20Road%20%7C%20Mourt%20Davis%2033%20%7C%20Belcher's%20Hill%20%7C%20The%20Kennedy%20On%20Belcher's%20(Kennedy%20Town%202000's%20private%20residential%20buildings)?field=t_pop&sort=default&detailcode=CW0060,7116.33,building,CW0060,(Kennedy Town) Ivy On Belcher's / Westview Height / La Maison Du Nord / Shun Cheong Building / The Sail At Victoria / 60 Victoria Road / Mourt Davis 33 / Belcher's Hill / The Kennedy On Belcher's (Kennedy Town 2000's private residential buildings),200805,Month
Central and Western,Kennedy Town,(Kennedy Town) Ivy On Bel...,https://hkdata.centanet.com/BigData/hong-kong/Central%20and%20Western/CHMA/Kennedy-Town/building-group(Kennedy%20Town)%20Ivy%20On%20Belcher's%20%7C%20Westview%20Height%20%7C%20La%20Maison%20Du%20Nord%20%7C%20Shun%20Cheong%20Building%20%7C%20The%20Sail%20At%20Victoria%20%7C%2060%20Victoria%20Road%20%7C%20Mourt%20Davis%2033%20%7C%20Belcher's%20Hill%20%7C%20The%20Kennedy%20On%20Belcher's%20(Kennedy%20Town%202000's%20private%20residential%20buildings)?field=t_pop&sort=default&detailcode=CW0060,7699.33,building,CW0060,(Kennedy Town) Ivy On Belcher's / Westview Height / La Maison Du Nord / Shun Cheong Building / The Sail At Victoria / 60 Victoria Road / Mourt Davis 33 / Belcher's Hill / The Kennedy On Belcher's (Kennedy Town 2000's private residential buildings),200806,Month
Central and Western,Kennedy Town,(Kennedy Town) Ivy On Bel...,https://hkdata.centanet.com/BigData/hong-kong/Central%20and%20Western/CHMA/Kennedy-Town/building-group(Kennedy%20Town)%20Ivy%20On%20Belcher's%20%7C%20Westview%20Height%20%7C%20La%20Maison%20Du%20Nord%20%7C%20Shun%20Cheong%20Building%20%7C%20The%20Sail%20At%20Victoria%20%7C%2060%20Victoria%20Road%20%7C%20Mourt%20Davis%2033%20%7C%20Belcher's%20Hill%20%7C%20The%20Kennedy%20On%20Belcher's%20(Kennedy%20Town%202000's%20private%20residential%20buildings)?field=t_pop&sort=default&detailcode=CW0060,7160.67,building,CW0060,(Kennedy Town) Ivy On Belcher's / Westview Height / La Maison Du Nord / Shun Cheong Building / The Sail At Victoria / 60 Victoria Road / Mourt Davis 33 / Belcher's Hill / The Kennedy On Belcher's (Kennedy Town 2000's private residential buildings),200807,Month
Central and Western,Kennedy Town,(Kennedy Town) Ivy On Bel...,https://hkdata.centanet.com/BigData/hong-kong/Central%20and%20Western/CHMA/Kennedy-Town/building-group(Kennedy%20Town)%20Ivy%20On%20Belcher's%20%7C%20Westview%20Height%20%7C%20La%20Maison%20Du%20Nord%20%7C%20Shun%20Cheong%20Building%20%7C%20The%20Sail%20At%20Victoria%20%7C%2060%20Victoria%20Road%20%7C%20Mourt%20Davis%2033%20%7C%20Belcher's%20Hill%20%7C%20The%20Kennedy%20On%20Belcher's%20(Kennedy%20Town%202000's%20private%20residential%20buildings)?field=t_pop&sort=default&detailcode=CW0060,7144.00,building,CW0060,(Kennedy Town) Ivy On Belcher's / Westview Height / La Maison Du Nord / Shun Cheong Building / The Sail At Victoria / 60 Victoria Road / Mourt Davis 33 / Belcher's Hill / The Kennedy On Belcher's (Kennedy Town 2000's private residential buildings),200808,Month
Central and Western,Kennedy Town,(Kennedy Town) Ivy On Bel...,https://hkdata.centanet.com/BigData/hong-kong/Central%20and%20Western/CHMA/Kennedy-Town/building-group(Kennedy%20Town)%20Ivy%20On%20Belcher's%20%7C%20Westview%20Height%20%7C%20La%20Maison%20Du%20Nord%20%7C%20Shun%20Cheong%20Building%20%7C%20The%20Sail%20At%20Victoria%20%7C%2060%20Victoria%20Road%20%7C%20Mourt%20Davis%2033%20%7C%20Belcher's%20Hill%20%7C%20The%20Kennedy%20On%20Belcher's%20(Kennedy%20Town%202000's%20private%20residential%20buildings)?field=t_pop&sort=default&detailcode=CW0060,8142.75,building,CW0060,(Kennedy Town) Ivy On Belcher's / Westview Height / La Maison Du Nord / Shun Cheong Building / The Sail At Victoria / 60 Victoria Road / Mourt Davis 33 / Belcher's Hill / The Kennedy On Belcher's (Kennedy Town 2000's private residential buildings),200809,Month
Central and Western,Kennedy Town,(Kennedy Town) Ivy On Bel...,https://hkdata.centanet.com/BigData/hong-kong/Central%20and%20Western/CHMA/Kennedy-Town/building-group(Kennedy%20Town)%20Ivy%20On%20Belcher's%20%7C%20Westview%20Height%20%7C%20La%20Maison%20Du%20Nord%20%7C%20Shun%20Cheong%20Building%20%7C%20The%20Sail%20At%20Victoria%20%7C%2060%20Victoria%20Road%20%7C%20Mourt%20Davis%2033%20%7C%20Belcher's%20Hill%20%7C%20The%20Kennedy%20On%20Belcher's%20(Kennedy%20Town%202000's%20private%20residential%20buildings)?field=t_pop&sort=default&detailcode=CW0060,6676.00,building,CW0060,(Kennedy Town) Ivy On Belcher's / Westview Height / La Maison Du Nord / Shun Cheong Building / The Sail At Victoria / 60 Victoria Road / Mourt Davis 33 / Belcher's Hill / The Kennedy On Belcher's (Kennedy Town 2000's private residential buildings),200810,Month
Central and Western,Kennedy Town,(Kennedy Town) Ivy On Bel...,https://hkdata.centanet.com/BigData/hong-kong/Central%20and%20Western/CHMA/Kennedy-Town/building-group(Kennedy%20Town)%20Ivy%20On%20Belcher's%20%7C%20Westview%20Height%20%7C%20La%20Maison%20Du%20Nord%20%7C%20Shun%20Cheong%20Building%20%7C%20The%20Sail%20At%20Victoria%20%7C%2060%20Victoria%20Road%20%7C%20Mourt%20Davis%2033%20%7C%20Belcher's%20Hill%20%7C%20The%20Kennedy%20On%20Belcher's%20(Kennedy%20Town%202000's%20private%20residential%20buildings)?field=t_pop&sort=default&detailcode=CW0060,6825.33,building,CW0060,(Kennedy Town) Ivy On Belcher's / Westview Height / La Maison Du Nord / Shun Cheong Building / The Sail At Victoria / 60 Victoria Road / Mourt Davis 33 / Belcher's Hill / The Kennedy On Belcher's (Kennedy Town 2000's private residential buildings),200811,Month
Central and Western,Kennedy Town,(Kennedy Town) Ivy On Bel...,https://hkdata.centanet.com/BigData/hong-kong/Central%20and%20Western/CHMA/Kennedy-Town/building-group(Kennedy%20Town)%20Ivy%20On%20Belcher's%20%7C%20Westview%20Height%20%7C%20La%20Maison%20Du%20Nord%20%7C%20Shun%20Cheong%20Building%20%7C%20The%20Sail%20At%20Victoria%20%7C%2060%20Victoria%20Road%20%7C%20Mourt%20Davis%2033%20%7C%20Belcher's%20Hill%20%7C%20The%20Kennedy%20On%20Belcher's%20(Kennedy%20Town%202000's%20private%20residential%20buildings)?field=t_pop&sort=default&detailcode=CW0060,6825.33,building,CW0060,(Kennedy Town) Ivy On Belcher's / Westview Height / La Maison Du Nord / Shun Cheong Building / The Sail At Victoria / 60 Victoria Road / Mourt Davis 33 / Belcher's Hill / The Kennedy On Belcher's (Kennedy Town 2000's private residential buildings),200812,Month
Central and Western,Kennedy Town,(Kennedy Town) Ivy On Bel...,https://hkdata.centanet.com/BigData/hong-kong/Central%20and%20Western/CHMA/Kennedy-Town/building-group(Kennedy%20Town)%20Ivy%20On%20Belcher's%20%7C%20Westview%20Height%20%7C%20La%20Maison%20Du%20Nord%20%7C%20Shun%20Cheong%20Building%20%7C%20The%20Sail%20At%20Victoria%20%7C%2060%20Victoria%20Road%20%7C%20Mourt%20Davis%2033%20%7C%20Belcher's%20Hill%20%7C%20The%20Kennedy%20On%20Belcher's%20(Kennedy%20Town%202000's%20private%20residential%20buildings)?field=t_pop&sort=default&detailcode=CW0060,8381.39,building,CW0060,(Kennedy Town) Ivy On Belcher's / Westview Height / La Maison Du Nord / Shun Cheong Building / The Sail At Victoria / 60 Victoria Road / Mourt Davis 33 / Belcher's Hill / The Kennedy On Belcher's (Kennedy Town 2000's private residential buildings),2008Q1,Quarter
Central and Western,Kennedy Town,(Kennedy Town) Ivy On Bel...,https://hkdata.centanet.com/BigData/hong-kong/Central%20and%20Western/CHMA/Kennedy-Town/building-group(Kennedy%20Town)%20Ivy%20On%20Belcher's%20%7C%20Westview%20Height%20%7C%20La%20Maison%20Du%20Nord%20%7C%20Shun%20Cheong%20Building%20%7C%20The%20Sail%20At%20Victoria%20%7C%2060%20Victoria%20Road%20%7C%20Mourt%20Davis%2033%20%7C%20Belcher's%20Hill%20%7C%20The%20Kennedy%20On%20Belcher's%20(Kennedy%20Town%202000's%20private%20residential%20buildings)?field=t_pop&sort=default&detailcode=CW0060,7609.90,building,CW0060,(Kennedy Town) Ivy On Belcher's / Westview Height / La Maison Du Nord / Shun Cheong Building / The Sail At Victoria / 60 Victoria Road / Mourt Davis 33 / Belcher's Hill / The Kennedy On Belcher's (Kennedy Town 2000's private residential buildings),2008Q2,quarter
Central and Western,Kennedy Town,(Kennedy Town) Ivy On Bel...,https://hkdata.centanet.com/BigData/hong-kong/Central%20and%20Western/CHMA/Kennedy-Town/building-group(Kennedy%20Town)%20Ivy%20On%20Belcher's%20%7C%20Westview%20Height%20%7C%20La%20Maison%20Du%20Nord%20%7C%20Shun%20Cheong%20Building%20%7C%20The%20Sail%20At%20Victoria%20%7C%2060%20Victoria%20Road%20%7C%20Mourt%20Davis%2033%20%7C%20Belcher's%20Hill%20%7C%20The%20Kennedy%20On%20Belcher's%20(Kennedy%20Town%202000's%20private%20residential%20buildings)?field=t_pop&sort=default&detailcode=CW0060,7593.44,building,CW0060,(Kennedy Town) Ivy On Belcher's / Westview Height / La Maison Du Nord / Shun Cheong Building / The Sail At Victoria / 60 Victoria Road / Mourt Davis 33 / Belcher's Hill / The Kennedy On Belcher's (Kennedy Town 2000's private residential buildings),2008Q3,Quarter
Central and Western,Kennedy Town,(Kennedy Town) Ivy On Bel...,https://hkdata.centanet.com/BigData/hong-kong/Central%20and%20Western/CHMA/Kennedy-Town/building-group(Kennedy%20Town)%20Ivy%20On%20Belcher's%20%7C%20Westview%20Height%20%7C%20La%20Maison%20Du%20Nord%20%7C%20Shun%20Cheong%20Building%20%7C%20The%20Sail%20At%20Victoria%20%7C%2060%20Victoria%20Road%20%7C%20Mourt%20Davis%2033%20%7C%20Belcher's%20Hill%20%7C%20The%20Kennedy%20On%20Belcher's%20(Kennedy%20Town%202000's%20private%20residential%20buildings)?field=t_pop&sort=default&detailcode=CW0060,6765.60,building,CW0060,(Kennedy Town) Ivy On Belcher's / Westview Height / La Maison Du Nord / Shun Cheong Building / The Sail At Victoria / 60 Victoria Road / Mourt Davis 33 / Belcher's Hill / The Kennedy On Belcher's (Kennedy Town 2000's private residential buildings),2008Q4,Quarter
Central and Western,Kennedy Town,(Kennedy Town) Ivy On Bel...,https://hkdata.centanet.com/BigData/hong-kong/Central%20and%20Western/CHMA/Kennedy-Town/building-group(Kennedy%20Town)%20Ivy%20On%20Belcher's%20%7C%20Westview%20Height%20%7C%20La%20Maison%20Du%20Nord%20%7C%20Shun%20Cheong%20Building%20%7C%20The%20Sail%20At%20Victoria%20%7C%2060%20Victoria%20Road%20%7C%20Mourt%20Davis%2033%20%7C%20Belcher's%20Hill%20%7C%20The%20Kennedy%20On%20Belcher's%20(Kennedy%20Town%202000's%20private%20residential%20buildings)?field=t_pop&sort=default&detailcode=CW0060,8489.31,building,CW0060,(Kennedy Town) Ivy On Belcher's / Westview Height / La Maison Du Nord / Shun Cheong Building / The Sail At Victoria / 60 Victoria Road / Mourt Davis 33 / Belcher's Hill / The Kennedy On Belcher's (Kennedy Town 2000's private residential buildings),2009,Year
Central and Western,Kennedy Town,(Kennedy Town) Ivy On Bel...,https://hkdata.centanet.com/BigData/hong-kong/Central%20and%20Western/CHMA/Kennedy-Town/building-group(Kennedy%20Town)%20Ivy%20On%20Belcher's%20%7C%20Westview%20Height%20%7C%20La%20Maison%20Du%20Nord%20%7C%20Shun%20Cheong%20Building%20%7C%20The%20Sail%20At%20Victoria%20%7C%2060%20Victoria%20Road%20%7C%20Mourt%20Davis%2033%20%7C%20Belcher's%20Hill%20%7C%20The%20Kennedy%20On%20Belcher's%20(Kennedy%20Town%202000's%20private%20residential%20buildings)?field=t_pop&sort=default&detailcode=CW0060,7221.33,building,CW0060,(Kennedy Town) Ivy On Belcher's / Westview Height / La Maison Du Nord / Shun Cheong Building / The Sail At Victoria / 60 Victoria Road / Mourt Davis 33 / Belcher's Hill / The Kennedy On Belcher's (Kennedy Town 2000's private residential buildings),2009_1,HalfYear
Central and Western,Kennedy Town,(Kennedy Town) Ivy On Bel...,https://hkdata.centanet.com/BigData/hong-kong/Central%20and%20Western/CHMA/Kennedy-Town/building-group(Kennedy%20Town)%20Ivy%20On%20Belcher's%20%7C%20Westview%20Height%20%7C%20La%20Maison%20Du%20Nord%20%7C%20Shun%20Cheong%20Building%20%7C%20The%20Sail%20At%20Victoria%20%7C%2060%20Victoria%20Road%20%7C%20Mourt%20Davis%2033%20%7C%20Belcher's%20Hill%20%7C%20The%20Kennedy%20On%20Belcher's%20(Kennedy%20Town%202000's%20private%20residential%20buildings)?field=t_pop&sort=default&detailcode=CW0060,9155.00,building,CW0060,(Kennedy Town) Ivy On Belcher's / Westview Height / La Maison Du Nord / Shun Cheong Building / The Sail At Victoria / 60 Victoria Road / Mourt Davis 33 / Belcher's Hill / The Kennedy On Belcher's (Kennedy Town 2000's private residential buildings),2009_2,HalfYear
Central and Western,Kennedy Town,(Kennedy Town) Ivy On Bel...,https://hkdata.centanet.com/BigData/hong-kong/Central%20and%20Western/CHMA/Kennedy-Town/building-group(Kennedy%20Town)%20Ivy%20On%20Belcher's%20%7C%20Westview%20Height%20%7C%20La%20Maison%20Du%20Nord%20%7C%20Shun%20Cheong%20Building%20%7C%20The%20Sail%20At%20Victoria%20%7C%2060%20Victoria%20Road%20%7C%20Mourt%20Davis%2033%20%7C%20Belcher's%20Hill%20%7C%20The%20Kennedy%20On%20Belcher's%20(Kennedy%20Town%202000's%20private%20residential%20buildings)?field=t_pop&sort=default&detailcode=CW0060,7081.33,building,CW0060,(Kennedy Town) Ivy On Belcher's / Westview Height / La Maison Du Nord / Shun Cheong Building / The Sail At Victoria / 60 Victoria Road / Mourt Davis 33 / Belcher's Hill / The Kennedy On Belcher's (Kennedy Town 2000's private residential buildings),200901,Month
Central and Western,Kennedy Town,(Kennedy Town) Ivy On Bel...,https://hkdata.centanet.com/BigData/hong-kong/Central%20and%20Western/CHMA/Kennedy-Town/building-group(Kennedy%20Town)%20Ivy%20On%20Belcher's%20%7C%20Westview%20Height%20%7C%20La%20Maison%20Du%20Nord%20%7C%20Shun%20Cheong%20Building%20%7C%20The%20Sail%20At%20Victoria%20%7C%2060%20Victoria%20Road%20%7C%20Mourt%20Davis%2033%20%7C%20Belcher's%20Hill%20%7C%20The%20Kennedy%20On%20Belcher's%20(Kennedy%20Town%202000's%20private%20residential%20buildings)?field=t_pop&sort=default&detailcode=CW0060,7081.33,building,CW0060,(Kennedy Town) Ivy On Belcher's / Westview Height / La Maison Du Nord / Shun Cheong Building / The Sail At Victoria / 60 Victoria Road / Mourt Davis 33 / Belcher's Hill / The Kennedy On Belcher's (Kennedy Town 2000's private residential buildings),200902,Month
Central and Western,Kennedy Town,(Kennedy Town) Ivy On Bel...,https://hkdata.centanet.com/BigData/hong-kong/Central%20and%20Western/CHMA/Kennedy-Town/building-group(Kennedy%20Town)%20Ivy%20On%20Belcher's%20%7C%20Westview%20Height%20%7C%20La%20Maison%20Du%20Nord%20%7C%20Shun%20Cheong%20Building%20%7C%20The%20Sail%20At%20Victoria%20%7C%2060%20Victoria%20Road%20%7C%20Mourt%20Davis%2033%20%7C%20Belcher's%20Hill%20%7C%20The%20Kennedy%20On%20Belcher's%20(Kennedy%20Town%202000's%20private%20residential%20buildings)?field=t_pop&sort=default&detailcode=CW0060,7251.00,building,CW0060,(Kennedy Town) Ivy On Belcher's / Westview Height / La Maison Du Nord / Shun Cheong Building / The Sail At Victoria / 60 Victoria Road / Mourt Davis 33 / Belcher's Hill / The Kennedy On Belcher's (Kennedy Town 2000's private residential buildings),200903,month
Central and Western,Kennedy Town,(Kennedy Town) Ivy On Bel...,https://hkdata.centanet.com/BigData/hong-kong/Central%20and%20Western/CHMA/Kennedy-Town/building-group(Kennedy%20Town)%20Ivy%20On%20Belcher's%20%7C%20Westview%20Height%20%7C%20La%20Maison%20Du%20Nord%20%7C%20Shun%20Cheong%20Building%20%7C%20The%20Sail%20At%20Victoria%20%7C%2060%20Victoria%20Road%20%7C%20Mourt%20Davis%2033%20%7C%20Belcher's%20Hill%20%7C%20The%20Kennedy%20On%20Belcher's%20(Kennedy%20Town%202000's%20private%20residential%20buildings)?field=t_pop&sort=default&detailcode=CW0060,7858.86,building,CW0060,(Kennedy Town) Ivy On Belcher's / Westview Height / La Maison Du Nord / Shun Cheong Building / The Sail At Victoria / 60 Victoria Road / Mourt Davis 33 / Belcher's Hill / The Kennedy On Belcher's (Kennedy Town 2000's private residential buildings),200904,Month
Central and Western,Kennedy Town,(Kennedy Town) Ivy On Bel...,https://hkdata.centanet.com/BigData/hong-kong/Central%20and%20Western/CHMA/Kennedy-Town/building-group(Kennedy%20Town)%20Ivy%20On%20Belcher's%20%7C%20Westview%20Height%20%7C%20La%20Maison%20Du%20Nord%20%7C%20Shun%20Cheong%20Building%20%7C%20The%20Sail%20At%20Victoria%20%7C%2060%20Victoria%20Road%20%7C%20Mourt%20Davis%2033%20%7C%20Belcher's%20Hill%20%7C%20The%20Kennedy%20On%20Belcher's%20(Kennedy%20Town%202000's%20private%20residential%20buildings)?field=t_pop&sort=default&detailcode=CW0060,6416.00,building,CW0060,(Kennedy Town) Ivy On Belcher's / Westview Height / La Maison Du Nord / Shun Cheong Building / The Sail At Victoria / 60 Victoria Road / Mourt Davis 33 / Belcher's Hill / The Kennedy On Belcher's (Kennedy Town 2000's private residential buildings),200905,Month
Central and Western,Kennedy Town,(Kennedy Town) Ivy On Bel...,https://hkdata.centanet.com/BigData/hong-kong/Central%20and%20Western/CHMA/Kennedy-Town/building-group(Kennedy%20Town)%20Ivy%20On%20Belcher's%20%7C%20Westview%20Height%20%7C%20La%20Maison%20Du%20Nord%20%7C%20Shun%20Cheong%20Building%20%7C%20The%20Sail%20At%20Victoria%20%7C%2060%20Victoria%20Road%20%7C%20Mourt%20Davis%2033%20%7C%20Belcher's%20Hill%20%7C%20The%20Kennedy%20On%20Belcher's%20(Kennedy%20Town%202000's%20private%20residential%20buildings)?field=t_pop&sort=default&detailcode=CW0060,6865.43,building,CW0060,(Kennedy Town) Ivy On Belcher's / Westview Height / La Maison Du Nord / Shun Cheong Building / The Sail At Victoria / 60 Victoria Road / Mourt Davis 33 / Belcher's Hill / The Kennedy On Belcher's (Kennedy Town 2000's private residential buildings),200906,Month
Central and Western,Kennedy Town,(Kennedy Town) Ivy On Bel...,https://hkdata.centanet.com/BigData/hong-kong/Central%20and%20Western/CHMA/Kennedy-Town/building-group(Kennedy%20Town)%20Ivy%20On%20Belcher's%20%7C%20Westview%20Height%20%7C%20La%20Maison%20Du%20Nord%20%7C%20Shun%20Cheong%20Building%20%7C%20The%20Sail%20At%20Victoria%20%7C%2060%20Victoria%20Road%20%7C%20Mourt%20Davis%2033%20%7C%20Belcher's%20Hill%20%7C%20The%20Kennedy%20On%20Belcher's%20(Kennedy%20Town%202000's%20private%20residential%20buildings)?field=t_pop&sort=default&detailcode=CW0060,8554.29,building,CW0060,(Kennedy Town) Ivy On Belcher's / Westview Height / La Maison Du Nord / Shun Cheong Building / The Sail At Victoria / 60 Victoria Road / Mourt Davis 33 / Belcher's Hill / The Kennedy On Belcher's (Kennedy Town 2000's private residential buildings),200907,Month
Central and Western,Kennedy Town,(Kennedy Town) Ivy On Bel...,https://hkdata.centanet.com/BigData/hong-kong/Central%20and%20Western/CHMA/Kennedy-Town/building-group(Kennedy%20Town)%20Ivy%20On%20Belcher's%20%7C%20Westview%20Height%20%7C%20La%20Maison%20Du%20Nord%20%7C%20Shun%20Cheong%20Building%20%7C%20The%20Sail%20At%20Victoria%20%7C%2060%20Victoria%20Road%20%7C%20Mourt%20Davis%2033%20%7C%20Belcher's%20Hill%20%7C%20The%20Kennedy%20On%20Belcher's%20(Kennedy%20Town%202000's%20private%20residential%20buildings)?field=t_pop&sort=default&detailcode=CW0060,9046.88,building,CW0060,(Kennedy Town) Ivy On Belcher's / Westview Height / La Maison Du Nord / Shun Cheong Building / The Sail At Victoria / 60 Victoria Road / Mourt Davis 33 / Belcher's Hill / The Kennedy On Belcher's (Kennedy Town 2000's private residential buildings),200908,Month
Central and Western,Kennedy Town,(Kennedy Town) Ivy On Bel...,https://hkdata.centanet.com/BigData/hong-kong/Central%20and%20Western/CHMA/Kennedy-Town/building-group(Kennedy%20Town)%20Ivy%20On%20Belcher's%20%7C%20Westview%20Height%20%7C%20La%20Maison%20Du%20Nord%20%7C%20Shun%20Cheong%20Building%20%7C%20The%20Sail%20At%20Victoria%20%7C%2060%20Victoria%20Road%20%7C%20Mourt%20Davis%2033%20%7C%20Belcher's%20Hill%20%7C%20The%20Kennedy%20On%20Belcher's%20(Kennedy%20Town%202000's%20private%20residential%20buildings)?field=t_pop&sort=default&detailcode=CW0060,9660.63,building,CW0060,(Kennedy Town) Ivy On Belcher's / Westview Height / La Maison Du Nord / Shun Cheong Building / The Sail At Victoria / 60 Victoria Road / Mourt Davis 33 / Belcher's Hill / The Kennedy On Belcher's (Kennedy Town 2000's private residential buildings),200909,Month
Central and Western,Kennedy Town,(Kennedy Town) Ivy On Bel...,https://hkdata.centanet.com/BigData/hong-kong/Central%20and%20Western/CHMA/Kennedy-Town/building-group(Kennedy%20Town)%20Ivy%20On%20Belcher's%20%7C%20Westview%20Height%20%7C%20La%20Maison%20Du%20Nord%20%7C%20Shun%20Cheong%20Building%20%7C%20The%20Sail%20At%20Victoria%20%7C%2060%20Victoria%20Road%20%7C%20Mourt%20Davis%2033%20%7C%20Belcher's%20Hill%20%7C%20The%20Kennedy%20On%20Belcher's%20(Kennedy%20Town%202000's%20private%20residential%20buildings)?field=t_pop&sort=default&detailcode=CW0060,8901.20,building,CW0060,(Kennedy Town) Ivy On Belcher's / Westview Height / La Maison Du Nord / Shun Cheong Building / The Sail At Victoria / 60 Victoria Road / Mourt Davis 33 / Belcher's Hill / The Kennedy On Belcher's (Kennedy Town 2000's private residential buildings),200910,Month
Central and Western,Kennedy Town,(Kennedy Town) Ivy On Bel...,https://hkdata.centanet.com/BigData/hong-kong/Central%20and%20Western/CHMA/Kennedy-Town/building-group(Kennedy%20Town)%20Ivy%20On%20Belcher's%20%7C%20Westview%20Height%20%7C%20La%20Maison%20Du%20Nord%20%7C%20Shun%20Cheong%20Building%20%7C%20The%20Sail%20At%20Victoria%20%7C%2060%20Victoria%20Road%20%7C%20Mourt%20Davis%2033%20%7C%20Belcher's%20Hill%20%7C%20The%20Kennedy%20On%20Belcher's%20(Kennedy%20Town%202000's%20private%20residential%20buildings)?field=t_pop&sort=default&detailcode=CW0060,8803.00,building,CW0060,(Kennedy Town) Ivy On Belcher's / Westview Height / La Maison Du Nord / Shun Cheong Building / The Sail At Victoria / 60 Victoria Road / Mourt Davis 33 / Belcher's Hill / The Kennedy On Belcher's (Kennedy Town 2000's private residential buildings),200911,Month
Central and Western,Kennedy Town,(Kennedy Town) Ivy On Bel...,https://hkdata.centanet.com/BigData/hong-kong/Central%20and%20Western/CHMA/Kennedy-Town/building-group(Kennedy%20Town)%20Ivy%20On%20Belcher's%20%7C%20Westview%20Height%20%7C%20La%20Maison%20Du%20Nord%20%7C%20Shun%20Cheong%20Building%20%7C%20The%20Sail%20At%20Victoria%20%7C%2060%20Victoria%20Road%20%7C%20Mourt%20Davis%2033%20%7C%20Belcher's%20Hill%20%7C%20The%20Kennedy%20On%20Belcher's%20(Kennedy%20Town%202000's%20private%20residential%20buildings)?field=t_pop&sort=default&detailcode=CW0060,9889.33,building,CW0060,(Kennedy Town) Ivy On Belcher's / Westview Height / La Maison Du Nord / Shun Cheong Building / The Sail At Victoria / 60 Victoria Road / Mourt Davis 33 / Belcher's Hill / The Kennedy On Belcher's (Kennedy Town 2000's private residential buildings),200912,Month
Central and Western,Kennedy Town,(Kennedy Town) Ivy On Bel...,https://hkdata.centanet.com/BigData/hong-kong/Central%20and%20Western/CHMA/Kennedy-Town/building-group(Kennedy%20Town)%20Ivy%20On%20Belcher's%20%7C%20Westview%20Height%20%7C%20La%20Maison%20Du%20Nord%20%7C%20Shun%20Cheong%20Building%20%7C%20The%20Sail%20At%20Victoria%20%7C%2060%20Victoria%20Road%20%7C%20Mourt%20Davis%2033%20%7C%20Belcher's%20Hill%20%7C%20The%20Kennedy%20On%20Belcher's%20(Kennedy%20Town%202000's%20private%20residential%20buildings)?field=t_pop&sort=default&detailcode=CW0060,7149.20,building,CW0060,(Kennedy Town) Ivy On Belcher's / Westview Height / La Maison Du Nord / Shun Cheong Building / The Sail At Victoria / 60 Victoria Road / Mourt Davis 33 / Belcher's Hill / The Kennedy On Belcher's (Kennedy Town 2000's private residential buildings),2009Q1,Quarter
Central and Western,Kennedy Town,(Kennedy Town) Ivy On Bel...,https://hkdata.centanet.com/BigData/hong-kong/Central%20and%20Western/CHMA/Kennedy-Town/building-group(Kennedy%20Town)%20Ivy%20On%20Belcher's%20%7C%20Westview%20Height%20%7C%20La%20Maison%20Du%20Nord%20%7C%20Shun%20Cheong%20Building%20%7C%20The%20Sail%20At%20Victoria%20%7C%2060%20Victoria%20Road%20%7C%20Mourt%20Davis%2033%20%7C%20Belcher's%20Hill%20%7C%20The%20Kennedy%20On%20Belcher's%20(Kennedy%20Town%202000's%20private%20residential%20buildings)?field=t_pop&sort=default&detailcode=CW0060,7243.88,building,CW0060,(Kennedy Town) Ivy On Belcher's / Westview Height / La Maison Du Nord / Shun Cheong Building / The Sail At Victoria / 60 Victoria Road / Mourt Davis 33 / Belcher's Hill / The Kennedy On Belcher's (Kennedy Town 2000's private residential buildings),2009Q2,Quarter
Central and Western,Kennedy Town,(Kennedy Town) Ivy On Bel...,https://hkdata.centanet.com/BigData/hong-kong/Central%20and%20Western/CHMA/Kennedy-Town/building-group(Kennedy%20Town)%20Ivy%20On%20Belcher's%20%7C%20Westview%20Height%20%7C%20La%20Maison%20Du%20Nord%20%7C%20Shun%20Cheong%20Building%20%7C%20The%20Sail%20At%20Victoria%20%7C%2060%20Victoria%20Road%20%7C%20Mourt%20Davis%2033%20%7C%20Belcher's%20Hill%20%7C%20The%20Kennedy%20On%20Belcher's%20(Kennedy%20Town%202000's%20private%20residential%20buildings)?field=t_pop&sort=default&detailcode=CW0060,9110.43,building,CW0060,(Kennedy Town) Ivy On Belcher's / Westview Height / La Maison Du Nord / Shun Cheong Building / The Sail At Victoria / 60 Victoria Road / Mourt Davis 33 / Belcher's Hill / The Kennedy On Belcher's (Kennedy Town 2000's private residential buildings),2009Q3,Quarter
Central and Western,Kennedy Town,(Kennedy Town) Ivy On Bel...,https://hkdata.centanet.com/BigData/hong-kong/Central%20and%20Western/CHMA/Kennedy-Town/building-group(Kennedy%20Town)%20Ivy%20On%20Belcher's%20%7C%20Westview%20Height%20%7C%20La%20Maison%20Du%20Nord%20%7C%20Shun%20Cheong%20Building%20%7C%20The%20Sail%20At%20Victoria%20%7C%2060%20Victoria%20Road%20%7C%20Mourt%20Davis%2033%20%7C%20Belcher's%20Hill%20%7C%20The%20Kennedy%20On%20Belcher's%20(Kennedy%20Town%202000's%20private%20residential%20buildings)?field=t_pop&sort=default&detailcode=CW0060,9215.29,building,CW0060,(Kennedy Town) Ivy On Belcher's / Westview Height / La Maison Du Nord / Shun Cheong Building / The Sail At Victoria / 60 Victoria Road / Mourt Davis 33 / Belcher's Hill / The Kennedy On Belcher's (Kennedy Town 2000's private residential buildings),2009Q4,Quarter
Central and Western,Kennedy Town,(Kennedy Town) Ivy On Bel...,https://hkdata.centanet.com/BigData/hong-kong/Central%20and%20Western/CHMA/Kennedy-Town/building-group(Kennedy%20Town)%20Ivy%20On%20Belcher's%20%7C%20Westview%20Height%20%7C%20La%20Maison%20Du%20Nord%20%7C%20Shun%20Cheong%20Building%20%7C%20The%20Sail%20At%20Victoria%20%7C%2060%20Victoria%20Road%20%7C%20Mourt%20Davis%2033%20%7C%20Belcher's%20Hill%20%7C%20The%20Kennedy%20On%20Belcher's%20(Kennedy%20Town%202000's%20private%20residential%20buildings)?field=t_pop&sort=default&detailcode=CW0060,9996.96,building,CW0060,(Kennedy Town) Ivy On Belcher's / Westview Height / La Maison Du Nord / Shun Cheong Building / The Sail At Victoria / 60 Victoria Road / Mourt Davis 33 / Belcher's Hill / The Kennedy On Belcher's (Kennedy Town 2000's private residential buildings),2010,Year
Central and Western,Kennedy Town,(Kennedy Town) Ivy On Bel...,https://hkdata.centanet.com/BigData/hong-kong/Central%20and%20Western/CHMA/Kennedy-Town/building-group(Kennedy%20Town)%20Ivy%20On%20Belcher's%20%7C%20Westview%20Height%20%7C%20La%20Maison%20Du%20Nord%20%7C%20Shun%20Cheong%20Building%20%7C%20The%20Sail%20At%20Victoria%20%7C%2060%20Victoria%20Road%20%7C%20Mourt%20Davis%2033%20%7C%20Belcher's%20Hill%20%7C%20The%20Kennedy%20On%20Belcher's%20(Kennedy%20Town%202000's%20private%20residential%20buildings)?field=t_pop&sort=default&detailcode=CW0060,9429.76,building,CW0060,(Kennedy Town) Ivy On Belcher's / Westview Height / La Maison Du Nord / Shun Cheong Building / The Sail At Victoria / 60 Victoria Road / Mourt Davis 33 / Belcher's Hill / The Kennedy On Belcher's (Kennedy Town 2000's private residential buildings),2010_1,HalfYear
Central and Western,Kennedy Town,(Kennedy Town) Ivy On Bel...,https://hkdata.centanet.com/BigData/hong-kong/Central%20and%20Western/CHMA/Kennedy-Town/building-group(Kennedy%20Town)%20Ivy%20On%20Belcher's%20%7C%20Westview%20Height%20%7C%20La%20Maison%20Du%20Nord%20%7C%20Shun%20Cheong%20Building%20%7C%20The%20Sail%20At%20Victoria%20%7C%2060%20Victoria%20Road%20%7C%20Mourt%20Davis%2033%20%7C%20Belcher's%20Hill%20%7C%20The%20Kennedy%20On%20Belcher's%20(Kennedy%20Town%202000's%20private%20residential%20buildings)?field=t_pop&sort=default&detailcode=CW0060,10422.36,building,CW0060,(Kennedy Town) Ivy On Belcher's / Westview Height / La Maison Du Nord / Shun Cheong Building / The Sail At Victoria / 60 Victoria Road / Mourt Davis 33 / Belcher's Hill / The Kennedy On Belcher's (Kennedy Town 2000's private residential buildings),2010_2,HalfYear
Central and Western,Kennedy Town,(Kennedy Town) Ivy On Bel...,https://hkdata.centanet.com/BigData/hong-kong/Central%20and%20Western/CHMA/Kennedy-Town/building-group(Kennedy%20Town)%20Ivy%20On%20Belcher's%20%7C%20Westview%20Height%20%7C%20La%20Maison%20Du%20Nord%20%7C%20Shun%20Cheong%20Building%20%7C%20The%20Sail%20At%20Victoria%20%7C%2060%20Victoria%20Road%20%7C%20Mourt%20Davis%2033%20%7C%20Belcher's%20Hill%20%7C%20The%20Kennedy%20On%20Belcher's%20(Kennedy%20Town%202000's%20private%20residential%20buildings)?field=t_pop&sort=default&detailcode=CW0060,8993.40,building,CW0060,(Kennedy Town) Ivy On Belcher's / Westview Height / La Maison Du Nord / Shun Cheong Building / The Sail At Victoria / 60 Victoria Road / Mourt Davis 33 / Belcher's Hill / The Kennedy On Belcher's (Kennedy Town 2000's private residential buildings),201001,Month
Central and Western,Kennedy Town,(Kennedy Town) Ivy On Bel...,https://hkdata.centanet.com/BigData/hong-kong/Central%20and%20Western/CHMA/Kennedy-Town/building-group(Kennedy%20Town)%20Ivy%20On%20Belcher's%20%7C%20Westview%20Height%20%7C%20La%20Maison%20Du%20Nord%20%7C%20Shun%20Cheong%20Building%20%7C%20The%20Sail%20At%20Victoria%20%7C%2060%20Victoria%20Road%20%7C%20Mourt%20Davis%2033%20%7C%20Belcher's%20Hill%20%7C%20The%20Kennedy%20On%20Belcher's%20(Kennedy%20Town%202000's%20private%20residential%20buildings)?field=t_pop&sort=default&detailcode=CW0060,8586.50,building,CW0060,(Kennedy Town) Ivy On Belcher's / Westview Height / La Maison Du Nord / Shun Cheong Building / The Sail At Victoria / 60 Victoria Road / Mourt Davis 33 / Belcher's Hill / The Kennedy On Belcher's (Kennedy Town 2000's private residential buildings),201002,Month
Central and Western,Kennedy Town,(Kennedy Town) Ivy On Bel...,https://hkdata.centanet.com/BigData/hong-kong/Central%20and%20Western/CHMA/Kennedy-Town/building-group(Kennedy%20Town)%20Ivy%20On%20Belcher's%20%7C%20Westview%20Height%20%7C%20La%20Maison%20Du%20Nord%20%7C%20Shun%20Cheong%20Building%20%7C%20The%20Sail%20At%20Victoria%20%7C%2060%20Victoria%20Road%20%7C%20Mourt%20Davis%2033%20%7C%20Belcher's%20Hill%20%7C%20The%20Kennedy%20On%20Belcher's%20(Kennedy%20Town%202000's%20private%20residential%20buildings)?field=t_pop&sort=default&detailcode=CW0060,8163.00,building,CW0060,(Kennedy Town) Ivy On Belcher's / Westview Height / La Maison Du Nord / Shun Cheong Building / The Sail At Victoria / 60 Victoria Road / Mourt Davis 33 / Belcher's Hill / The Kennedy On Belcher's (Kennedy Town 2000's private residential buildings),201003,Month
Central and Western,Kennedy Town,(Kennedy Town) Ivy On Bel...,https://hkdata.centanet.com/BigData/hong-kong/Central%20and%20Western/CHMA/Kennedy-Town/building-group(Kennedy%20Town)%20Ivy%20On%20Belcher's%20%7C%20Westview%20Height%20%7C%20La%20Maison%20Du%20Nord%20%7C%20Shun%20Cheong%20Building%20%7C%20The%20Sail%20At%20Victoria%20%7C%2060%20Victoria%20Road%20%7C%20Mourt%20Davis%2033%20%7C%20Belcher's%20Hill%20%7C%20The%20Kennedy%20On%20Belcher's%20(Kennedy%20Town%202000's%20private%20residential%20buildings)?field=t_pop&sort=default&detailcode=CW0060,9741.11,building,CW0060,(Kennedy Town) Ivy On Belcher's / Westview Height / La Maison Du Nord / Shun Cheong Building / The Sail At Victoria / 60 Victoria Road / Mourt Davis 33 / Belcher's Hill / The Kennedy On Belcher's (Kennedy Town 2000's private residential buildings),201004,Month
Central and Western,Kennedy Town,(Kennedy Town) Ivy On Bel...,https://hkdata.centanet.com/BigData/hong-kong/Central%20and%20Western/CHMA/Kennedy-Town/building-group(Kennedy%20Town)%20Ivy%20On%20Belcher's%20%7C%20Westview%20Height%20%7C%20La%20Maison%20Du%20Nord%20%7C%20Shun%20Cheong%20Building%20%7C%20The%20Sail%20At%20Victoria%20%7C%2060%20Victoria%20Road%20%7C%20Mourt%20Davis%2033%20%7C%20Belcher's%20Hill%20%7C%20The%20Kennedy%20On%20Belcher's%20(Kennedy%20Town%202000's%20private%20residential%20buildings)?field=t_pop&sort=default&detailcode=CW0060,10327.00,building,CW0060,(Kennedy Town) Ivy On Belcher's / Westview Height / La Maison Du Nord / Shun Cheong Building / The Sail At Victoria / 60 Victoria Road / Mourt Davis 33 / Belcher's Hill / The Kennedy On Belcher's (Kennedy Town 2000's private residential buildings),201005,Month
Central and Western,Kennedy Town,(Kennedy Town) Ivy On Bel...,https://hkdata.centanet.com/BigData/hong-kong/Central%20and%20Western/CHMA/Kennedy-Town/building-group(Kennedy%20Town)%20Ivy%20On%20Belcher's%20%7C%20Westview%20Height%20%7C%20La%20Maison%20Du%20Nord%20%7C%20Shun%20Cheong%20Building%20%7C%20The%20Sail%20At%20Victoria%20%7C%2060%20Victoria%20Road%20%7C%20Mourt%20Davis%2033%20%7C%20Belcher's%20Hill%20%7C%20The%20Kennedy%20On%20Belcher's%20(Kennedy%20Town%202000's%20private%20residential%20buildings)?field=t_pop&sort=default&detailcode=CW0060,10565.50,building,CW0060,(Kennedy Town) Ivy On Belcher's / Westview Height / La Maison Du Nord / Shun Cheong Building / The Sail At Victoria / 60 Victoria Road / Mourt Davis 33 / Belcher's Hill / The Kennedy On Belcher's (Kennedy Town 2000's private residential buildings),201006,Month
Central and Western,Kennedy Town,(Kennedy Town) Ivy On Bel...,https://hkdata.centanet.com/BigData/hong-kong/Central%20and%20Western/CHMA/Kennedy-Town/building-group(Kennedy%20Town)%20Ivy%20On%20Belcher's%20%7C%20Westview%20Height%20%7C%20La%20Maison%20Du%20Nord%20%7C%20Shun%20Cheong%20Building%20%7C%20The%20Sail%20At%20Victoria%20%7C%2060%20Victoria%20Road%20%7C%20Mourt%20Davis%2033%20%7C%20Belcher's%20Hill%20%7C%20The%20Kennedy%20On%20Belcher's%20(Kennedy%20Town%202000's%20private%20residential%20buildings)?field=t_pop&sort=default&detailcode=CW0060,10620.83,building,CW0060,(Kennedy Town) Ivy On Belcher's / Westview Height / La Maison Du Nord / Shun Cheong Building / The Sail At Victoria / 60 Victoria Road / Mourt Davis 33 / Belcher's Hill / The Kennedy On Belcher's (Kennedy Town 2000's private residential buildings),201007,Month
Central and Western,Kennedy Town,(Kennedy Town) Ivy On Bel...,https://hkdata.centanet.com/BigData/hong-kong/Central%20and%20Western/CHMA/Kennedy-Town/building-group(Kennedy%20Town)%20Ivy%20On%20Belcher's%20%7C%20Westview%20Height%20%7C%20La%20Maison%20Du%20Nord%20%7C%20Shun%20Cheong%20Building%20%7C%20The%20Sail%20At%20Victoria%20%7C%2060%20Victoria%20Road%20%7C%20Mourt%20Davis%2033%20%7C%20Belcher's%20Hill%20%7C%20The%20Kennedy%20On%20Belcher's%20(Kennedy%20Town%202000's%20private%20residential%20buildings)?field=t_pop&sort=default&detailcode=CW0060,10115.00,building,CW0060,(Kennedy Town) Ivy On Belcher's / Westview Height / La Maison Du Nord / Shun Cheong Building / The Sail At Victoria / 60 Victoria Road / Mourt Davis 33 / Belcher's Hill / The Kennedy On Belcher's (Kennedy Town 2000's private residential buildings),201008,Month
Central and Western,Kennedy Town,(Kennedy Town) Ivy On Bel...,https://hkdata.centanet.com/BigData/hong-kong/Central%20and%20Western/CHMA/Kennedy-Town/building-group(Kennedy%20Town)%20Ivy%20On%20Belcher's%20%7C%20Westview%20Height%20%7C%20La%20Maison%20Du%20Nord%20%7C%20Shun%20Cheong%20Building%20%7C%20The%20Sail%20At%20Victoria%20%7C%2060%20Victoria%20Road%20%7C%20Mourt%20Davis%2033%20%7C%20Belcher's%20Hill%20%7C%20The%20Kennedy%20On%20Belcher's%20(Kennedy%20Town%202000's%20private%20residential%20buildings)?field=t_pop&sort=default&detailcode=CW0060,6994.50,building,CW0060,(Kennedy Town) Ivy On Belcher's / Westview Height / La Maison Du Nord / Shun Cheong Building / The Sail At Victoria / 60 Victoria Road / Mourt Davis 33 / Belcher's Hill / The Kennedy On Belcher's (Kennedy Town 2000's private residential buildings),201009,Month
Central and Western,Kennedy Town,(Kennedy Town) Ivy On Bel...,https://hkdata.centanet.com/BigData/hong-kong/Central%20and%20Western/CHMA/Kennedy-Town/building-group(Kennedy%20Town)%20Ivy%20On%20Belcher's%20%7C%20Westview%20Height%20%7C%20La%20Maison%20Du%20Nord%20%7C%20Shun%20Cheong%20Building%20%7C%20The%20Sail%20At%20Victoria%20%7C%2060%20Victoria%20Road%20%7C%20Mourt%20Davis%2033%20%7C%20Belcher's%20Hill%20%7C%20The%20Kennedy%20On%20Belcher's%20(Kennedy%20Town%202000's%20private%20residential%20buildings)?field=t_pop&sort=default&detailcode=CW0060,10542.56,building,CW0060,(Kennedy Town) Ivy On Belcher's / Westview Height / La Maison Du Nord / Shun Cheong Building / The Sail At Victoria / 60 Victoria Road / Mourt Davis 33 / Belcher's Hill / The Kennedy On Belcher's (Kennedy Town 2000's private residential buildings),201010,month
Central and Western,Kennedy Town,(Kennedy Town) Ivy On Bel...,https://hkdata.centanet.com/BigData/hong-kong/Central%20and%20Western/CHMA/Kennedy-Town/building-group(Kennedy%20Town)%20Ivy%20On%20Belcher's%20%7C%20Westview%20Height%20%7C%20La%20Maison%20Du%20Nord%20%7C%20Shun%20Cheong%20Building%20%7C%20The%20Sail%20At%20Victoria%20%7C%2060%20Victoria%20Road%20%7C%20Mourt%20Davis%2033%20%7C%20Belcher's%20Hill%20%7C%20The%20Kennedy%20On%20Belcher's%20(Kennedy%20Town%202000's%20private%20residential%20buildings)?field=t_pop&sort=default&detailcode=CW0060,11054.67,building,CW0060,(Kennedy Town) Ivy On Belcher's / Westview Height / La Maison Du Nord / Shun Cheong Building / The Sail At Victoria / 60 Victoria Road / Mourt Davis 33 / Belcher's Hill / The Kennedy On Belcher's (Kennedy Town 2000's private residential buildings),201011,Month
Central and Western,Kennedy Town,(Kennedy Town) Ivy On Bel...,https://hkdata.centanet.com/BigData/hong-kong/Central%20and%20Western/CHMA/Kennedy-Town/building-group(Kennedy%20Town)%20Ivy%20On%20Belcher's%20%7C%20Westview%20Height%20%7C%20La%20Maison%20Du%20Nord%20%7C%20Shun%20Cheong%20Building%20%7C%20The%20Sail%20At%20Victoria%20%7C%2060%20Victoria%20Road%20%7C%20Mourt%20Davis%2033%20%7C%20Belcher's%20Hill%20%7C%20The%20Kennedy%20On%20Belcher's%20(Kennedy%20Town%202000's%20private%20residential%20buildings)?field=t_pop&sort=default&detailcode=CW0060,10747.14,building,CW0060,(Kennedy Town) Ivy On Belcher's / Westview Height / La Maison Du Nord / Shun Cheong Building / The Sail At Victoria / 60 Victoria Road / Mourt Davis 33 / Belcher's Hill / The Kennedy On Belcher's (Kennedy Town 2000's private residential buildings),201012,month
Central and Western,Kennedy Town,(Kennedy Town) Ivy On Bel...,https://hkdata.centanet.com/BigData/hong-kong/Central%20and%20Western/CHMA/Kennedy-Town/building-group(Kennedy%20Town)%20Ivy%20On%20Belcher's%20%7C%20Westview%20Height%20%7C%20La%20Maison%20Du%20Nord%20%7C%20Shun%20Cheong%20Building%20%7C%20The%20Sail%20At%20Victoria%20%7C%2060%20Victoria%20Road%20%7C%20Mourt%20Davis%2033%20%7C%20Belcher's%20Hill%20%7C%20The%20Kennedy%20On%20Belcher's%20(Kennedy%20Town%202000's%20private%20residential%20buildings)?field=t_pop&sort=default&detailcode=CW0060,8609.20,building,CW0060,(Kennedy Town) Ivy On Belcher's / Westview Height / La Maison Du Nord / Shun Cheong Building / The Sail At Victoria / 60 Victoria Road / Mourt Davis 33 / Belcher's Hill / The Kennedy On Belcher's (Kennedy Town 2000's private residential buildings),2010Q1,Quarter
Central and Western,Kennedy Town,(Kennedy Town) Ivy On Bel...,https://hkdata.centanet.com/BigData/hong-kong/Central%20and%20Western/CHMA/Kennedy-Town/building-group(Kennedy%20Town)%20Ivy%20On%20Belcher's%20%7C%20Westview%20Height%20%7C%20La%20Maison%20Du%20Nord%20%7C%20Shun%20Cheong%20Building%20%7C%20The%20Sail%20At%20Victoria%20%7C%2060%20Victoria%20Road%20%7C%20Mourt%20Davis%2033%20%7C%20Belcher's%20Hill%20%7C%20The%20Kennedy%20On%20Belcher's%20(Kennedy%20Town%202000's%20private%20residential%20buildings)?field=t_pop&sort=default&detailcode=CW0060,10113.56,building,CW0060,(Kennedy Town) Ivy On Belcher's / Westview Height / La Maison Du Nord / Shun Cheong Building / The Sail At Victoria / 60 Victoria Road / Mourt Davis 33 / Belcher's Hill / The Kennedy On Belcher's (Kennedy Town 2000's private residential buildings),2010Q2,Quarter
Central and Western,Kennedy Town,(Kennedy Town) Ivy On Bel...,https://hkdata.centanet.com/BigData/hong-kong/Central%20and%20Western/CHMA/Kennedy-Town/building-group(Kennedy%20Town)%20Ivy%20On%20Belcher's%20%7C%20Westview%20Height%20%7C%20La%20Maison%20Du%20Nord%20%7C%20Shun%20Cheong%20Building%20%7C%20The%20Sail%20At%20Victoria%20%7C%2060%20Victoria%20Road%20%7C%20Mourt%20Davis%2033%20%7C%20Belcher's%20Hill%20%7C%20The%20Kennedy%20On%20Belcher's%20(Kennedy%20Town%202000's%20private%20residential%20buildings)?field=t_pop&sort=default&detailcode=CW0060,9946.26,building,CW0060,(Kennedy Town) Ivy On Belcher's / Westview Height / La Maison Du Nord / Shun Cheong Building / The Sail At Victoria / 60 Victoria Road / Mourt Davis 33 / Belcher's Hill / The Kennedy On Belcher's (Kennedy Town 2000's private residential buildings),2010Q3,Quarter
Central and Western,Kennedy Town,(Kennedy Town) Ivy On Bel...,https://hkdata.centanet.com/BigData/hong-kong/Central%20and%20Western/CHMA/Kennedy-Town/building-group(Kennedy%20Town)%20Ivy%20On%20Belcher's%20%7C%20Westview%20Height%20%7C%20La%20Maison%20Du%20Nord%20%7C%20Shun%20Cheong%20Building%20%7C%20The%20Sail%20At%20Victoria%20%7C%2060%20Victoria%20Road%20%7C%20Mourt%20Davis%2033%20%7C%20Belcher's%20Hill%20%7C%20The%20Kennedy%20On%20Belcher's%20(Kennedy%20Town%202000's%20private%20residential%20buildings)?field=t_pop&sort=default&detailcode=CW0060,10784.20,building,CW0060,(Kennedy Town) Ivy On Belcher's / Westview Height / La Maison Du Nord / Shun Cheong Building / The Sail At Victoria / 60 Victoria Road / Mourt Davis 33 / Belcher's Hill / The Kennedy On Belcher's (Kennedy Town 2000's private residential buildings),2010Q4,Quarter
Central and Western,Kennedy Town,(Kennedy Town) Ivy On Bel...,https://hkdata.centanet.com/BigData/hong-kong/Central%20and%20Western/CHMA/Kennedy-Town/building-group(Kennedy%20Town)%20Ivy%20On%20Belcher's%20%7C%20Westview%20Height%20%7C%20La%20Maison%20Du%20Nord%20%7C%20Shun%20Cheong%20Building%20%7C%20The%20Sail%20At%20Victoria%20%7C%2060%20Victoria%20Road%20%7C%20Mourt%20Davis%2033%20%7C%20Belcher's%20Hill%20%7C%20The%20Kennedy%20On%20Belcher's%20(Kennedy%20Town%202000's%20private%20residential%20buildings)?field=t_pop&sort=default&detailcode=CW0060,13187.95,building,CW0060,(Kennedy Town) Ivy On Belcher's / Westview Height / La Maison Du Nord / Shun Cheong Building / The Sail At Victoria / 60 Victoria Road / Mourt Davis 33 / Belcher's Hill / The Kennedy On Belcher's (Kennedy Town 2000's private residential buildings),2011,Year
Central and Western,Kennedy Town,(Kennedy Town) Ivy On Bel...,https://hkdata.centanet.com/BigData/hong-kong/Central%20and%20Western/CHMA/Kennedy-Town/building-group(Kennedy%20Town)%20Ivy%20On%20Belcher's%20%7C%20Westview%20Height%20%7C%20La%20Maison%20Du%20Nord%20%7C%20Shun%20Cheong%20Building%20%7C%20The%20Sail%20At%20Victoria%20%7C%2060%20Victoria%20Road%20%7C%20Mourt%20Davis%2033%20%7C%20Belcher's%20Hill%20%7C%20The%20Kennedy%20On%20Belcher's%20(Kennedy%20Town%202000's%20private%20residential%20buildings)?field=t_pop&sort=default&detailcode=CW0060,13329.72,building,CW0060,(Kennedy Town) Ivy On Belcher's / Westview Height / La Maison Du Nord / Shun Cheong Building / The Sail At Victoria / 60 Victoria Road / Mourt Davis 33 / Belcher's Hill / The Kennedy On Belcher's (Kennedy Town 2000's private residential buildings),2011_1,HalfYear
Central and Western,Kennedy Town,(Kennedy Town) Ivy On Bel...,https://hkdata.centanet.com/BigData/hong-kong/Central%20and%20Western/CHMA/Kennedy-Town/building-group(Kennedy%20Town)%20Ivy%20On%20Belcher's%20%7C%20Westview%20Height%20%7C%20La%20Maison%20Du%20Nord%20%7C%20Shun%20Cheong%20Building%20%7C%20The%20Sail%20At%20Victoria%20%7C%2060%20Victoria%20Road%20%7C%20Mourt%20Davis%2033%20%7C%20Belcher's%20Hill%20%7C%20The%20Kennedy%20On%20Belcher's%20(Kennedy%20Town%202000's%20private%20residential%20buildings)?field=t_pop&sort=default&detailcode=CW0060,12957.58,building,CW0060,(Kennedy Town) Ivy On Belcher's / Westview Height / La Maison Du Nord / Shun Cheong Building / The Sail At Victoria / 60 Victoria Road / Mourt Davis 33 / Belcher's Hill / The Kennedy On Belcher's (Kennedy Town 2000's private residential buildings),2011_2,HalfYear
Central and Western,Kennedy Town,(Kennedy Town) Ivy On Bel...,https://hkdata.centanet.com/BigData/hong-kong/Central%20and%20Western/CHMA/Kennedy-Town/building-group(Kennedy%20Town)%20Ivy%20On%20Belcher's%20%7C%20Westview%20Height%20%7C%20La%20Maison%20Du%20Nord%20%7C%20Shun%20Cheong%20Building%20%7C%20The%20Sail%20At%20Victoria%20%7C%2060%20Victoria%20Road%20%7C%20Mourt%20Davis%2033%20%7C%20Belcher's%20Hill%20%7C%20The%20Kennedy%20On%20Belcher's%20(Kennedy%20Town%202000's%20private%20residential%20buildings)?field=t_pop&sort=default&detailcode=CW0060,11409.29,building,CW0060,(Kennedy Town) Ivy On Belcher's / Westview Height / La Maison Du Nord / Shun Cheong Building / The Sail At Victoria / 60 Victoria Road / Mourt Davis 33 / Belcher's Hill / The Kennedy On Belcher's (Kennedy Town 2000's private residential buildings),201101,month
Central and Western,Kennedy Town,(Kennedy Town) Ivy On Bel...,https://hkdata.centanet.com/BigData/hong-kong/Central%20and%20Western/CHMA/Kennedy-Town/building-group(Kennedy%20Town)%20Ivy%20On%20Belcher's%20%7C%20Westview%20Height%20%7C%20La%20Maison%20Du%20Nord%20%7C%20Shun%20Cheong%20Building%20%7C%20The%20Sail%20At%20Victoria%20%7C%2060%20Victoria%20Road%20%7C%20Mourt%20Davis%2033%20%7C%20Belcher's%20Hill%20%7C%20The%20Kennedy%20On%20Belcher's%20(Kennedy%20Town%202000's%20private%20residential%20buildings)?field=t_pop&sort=default&detailcode=CW0060,11585.50,building,CW0060,(Kennedy Town) Ivy On Belcher's / Westview Height / La Maison Du Nord / Shun Cheong Building / The Sail At Victoria / 60 Victoria Road / Mourt Davis 33 / Belcher's Hill / The Kennedy On Belcher's (Kennedy Town 2000's private residential buildings),201102,month
Central and Western,Kennedy Town,(Kennedy Town) Ivy On Bel...,https://hkdata.centanet.com/BigData/hong-kong/Central%20and%20Western/CHMA/Kennedy-Town/building-group(Kennedy%20Town)%20Ivy%20On%20Belcher's%20%7C%20Westview%20Height%20%7C%20La%20Maison%20Du%20Nord%20%7C%20Shun%20Cheong%20Building%20%7C%20The%20Sail%20At%20Victoria%20%7C%2060%20Victoria%20Road%20%7C%20Mourt%20Davis%2033%20%7C%20Belcher's%20Hill%20%7C%20The%20Kennedy%20On%20Belcher's%20(Kennedy%20Town%202000's%20private%20residential%20buildings)?field=t_pop&sort=default&detailcode=CW0060,13685.00,building,CW0060,(Kennedy Town) Ivy On Belcher's / Westview Height / La Maison Du Nord / Shun Cheong Building / The Sail At Victoria / 60 Victoria Road / Mourt Davis 33 / Belcher's Hill / The Kennedy On Belcher's (Kennedy Town 2000's private residential buildings),201103,Month
Central and Western,Kennedy Town,(Kennedy Town) Ivy On Bel...,https://hkdata.centanet.com/BigData/hong-kong/Central%20and%20Western/CHMA/Kennedy-Town/building-group(Kennedy%20Town)%20Ivy%20On%20Belcher's%20%7C%20Westview%20Height%20%7C%20La%20Maison%20Du%20Nord%20%7C%20Shun%20Cheong%20Building%20%7C%20The%20Sail%20At%20Victoria%20%7C%2060%20Victoria%20Road%20%7C%20Mourt%20Davis%2033%20%7C%20Belcher's%20Hill%20%7C%20The%20Kennedy%20On%20Belcher's%20(Kennedy%20Town%202000's%20private%20residential%20buildings)?field=t_pop&sort=default&detailcode=CW0060,13355.20,building,CW0060,(Kennedy Town) Ivy On Belcher's / Westview Height / La Maison Du Nord / Shun Cheong Building / The Sail At Victoria / 60 Victoria Road / Mourt Davis 33 / Belcher's Hill / The Kennedy On Belcher's (Kennedy Town 2000's private residential buildings),201104,Month
Central and Western,Kennedy Town,(Kennedy Town) Ivy On Bel...,https://hkdata.centanet.com/BigData/hong-kong/Central%20and%20Western/CHMA/Kennedy-Town/building-group(Kennedy%20Town)%20Ivy%20On%20Belcher's%20%7C%20Westview%20Height%20%7C%20La%20Maison%20Du%20Nord%20%7C%20Shun%20Cheong%20Building%20%7C%20The%20Sail%20At%20Victoria%20%7C%2060%20Victoria%20Road%20%7C%20Mourt%20Davis%2033%20%7C%20Belcher's%20Hill%20%7C%20The%20Kennedy%20On%20Belcher's%20(Kennedy%20Town%202000's%20private%20residential%20buildings)?field=t_pop&sort=default&detailcode=CW0060,14107.80,building,CW0060,(Kennedy Town) Ivy On Belcher's / Westview Height / La Maison Du Nord / Shun Cheong Building / The Sail At Victoria / 60 Victoria Road / Mourt Davis 33 / Belcher's Hill / The Kennedy On Belcher's (Kennedy Town 2000's private residential buildings),201105,Month
Central and Western,Kennedy Town,(Kennedy Town) Ivy On Bel...,https://hkdata.centanet.com/BigData/hong-kong/Central%20and%20Western/CHMA/Kennedy-Town/building-group(Kennedy%20Town)%20Ivy%20On%20Belcher's%20%7C%20Westview%20Height%20%7C%20La%20Maison%20Du%20Nord%20%7C%20Shun%20Cheong%20Building%20%7C%20The%20Sail%20At%20Victoria%20%7C%2060%20Victoria%20Road%20%7C%20Mourt%20Davis%2033%20%7C%20Belcher's%20Hill%20%7C%20The%20Kennedy%20On%20Belcher's%20(Kennedy%20Town%202000's%20private%20residential%20buildings)?field=t_pop&sort=default&detailcode=CW0060,14095.44,building,CW0060,(Kennedy Town) Ivy On Belcher's / Westview Height / La Maison Du Nord / Shun Cheong Building / The Sail At Victoria / 60 Victoria Road / Mourt Davis 33 / Belcher's Hill / The Kennedy On Belcher's (Kennedy Town 2000's private residential buildings),201106,Month
Central and Western,Kennedy Town,(Kennedy Town) Ivy On Bel...,https://hkdata.centanet.com/BigData/hong-kong/Central%20and%20Western/CHMA/Kennedy-Town/building-group(Kennedy%20Town)%20Ivy%20On%20Belcher's%20%7C%20Westview%20Height%20%7C%20La%20Maison%20Du%20Nord%20%7C%20Shun%20Cheong%20Building%20%7C%20The%20Sail%20At%20Victoria%20%7C%2060%20Victoria%20Road%20%7C%20Mourt%20Davis%2033%20%7C%20Belcher's%20Hill%20%7C%20The%20Kennedy%20On%20Belcher's%20(Kennedy%20Town%202000's%20private%20residential%20buildings)?field=t_pop&sort=default&detailcode=CW0060,14819.00,building,CW0060,(Kennedy Town) Ivy On Belcher's / Westview Height / La Maison Du Nord / Shun Cheong Building / The Sail At Victoria / 60 Victoria Road / Mourt Davis 33 / Belcher's Hill / The Kennedy On Belcher's (Kennedy Town 2000's private residential buildings),201107,Month
Central and Western,Kennedy Town,(Kennedy Town) Ivy On Bel...,https://hkdata.centanet.com/BigData/hong-kong/Central%20and%20Western/CHMA/Kennedy-Town/building-group(Kennedy%20Town)%20Ivy%20On%20Belcher's%20%7C%20Westview%20Height%20%7C%20La%20Maison%20Du%20Nord%20%7C%20Shun%20Cheong%20Building%20%7C%20The%20Sail%20At%20Victoria%20%7C%2060%20Victoria%20Road%20%7C%20Mourt%20Davis%2033%20%7C%20Belcher's%20Hill%20%7C%20The%20Kennedy%20On%20Belcher's%20(Kennedy%20Town%202000's%20private%20residential%20buildings)?field=t_pop&sort=default&detailcode=CW0060,14461.43,building,CW0060,(Kennedy Town) Ivy On Belcher's / Westview Height / La Maison Du Nord / Shun Cheong Building / The Sail At Victoria / 60 Victoria Road / Mourt Davis 33 / Belcher's Hill / The Kennedy On Belcher's (Kennedy Town 2000's private residential buildings),201108,Month
Central and Western,Kennedy Town,(Kennedy Town) Ivy On Bel...,https://hkdata.centanet.com/BigData/hong-kong/Central%20and%20Western/CHMA/Kennedy-Town/building-group(Kennedy%20Town)%20Ivy%20On%20Belcher's%20%7C%20Westview%20Height%20%7C%20La%20Maison%20Du%20Nord%20%7C%20Shun%20Cheong%20Building%20%7C%20The%20Sail%20At%20Victoria%20%7C%2060%20Victoria%20Road%20%7C%20Mourt%20Davis%2033%20%7C%20Belcher's%20Hill%20%7C%20The%20Kennedy%20On%20Belcher's%20(Kennedy%20Town%202000's%20private%20residential%20buildings)?field=t_pop&sort=default&detailcode=CW0060,11584.33,building,CW0060,(Kennedy Town) Ivy On Belcher's / Westview Height / La Maison Du Nord / Shun Cheong Building / The Sail At Victoria / 60 Victoria Road / Mourt Davis 33 / Belcher's Hill / The Kennedy On Belcher's (Kennedy Town 2000's private residential buildings),201109,month
Central and Western,Kennedy Town,(Kennedy Town) Ivy On Bel...,https://hkdata.centanet.com/BigData/hong-kong/Central%20and%20Western/CHMA/Kennedy-Town/building-group(Kennedy%20Town)%20Ivy%20On%20Belcher's%20%7C%20Westview%20Height%20%7C%20La%20Maison%20Du%20Nord%20%7C%20Shun%20Cheong%20Building%20%7C%20The%20Sail%20At%20Victoria%20%7C%2060%20Victoria%20Road%20%7C%20Mourt%20Davis%2033%20%7C%20Belcher's%20Hill%20%7C%20The%20Kennedy%20On%20Belcher's%20(Kennedy%20Town%202000's%20private%20residential%20buildings)?field=t_pop&sort=default&detailcode=CW0060,13248.33,building,CW0060,(Kennedy Town) Ivy On Belcher's / Westview Height / La Maison Du Nord / Shun Cheong Building / The Sail At Victoria / 60 Victoria Road / Mourt Davis 33 / Belcher's Hill / The Kennedy On Belcher's (Kennedy Town 2000's private residential buildings),201110,Month
Central and Western,Kennedy Town,(Kennedy Town) Ivy On Bel...,https://hkdata.centanet.com/BigData/hong-kong/Central%20and%20Western/CHMA/Kennedy-Town/building-group(Kennedy%20Town)%20Ivy%20On%20Belcher's%20%7C%20Westview%20Height%20%7C%20La%20Maison%20Du%20Nord%20%7C%20Shun%20Cheong%20Building%20%7C%20The%20Sail%20At%20Victoria%20%7C%2060%20Victoria%20Road%20%7C%20Mourt%20Davis%2033%20%7C%20Belcher's%20Hill%20%7C%20The%20Kennedy%20On%20Belcher's%20(Kennedy%20Town%202000's%20private%20residential%20buildings)?field=t_pop&sort=default&detailcode=CW0060,12036.67,building,CW0060,(Kennedy Town) Ivy On Belcher's / Westview Height / La Maison Du Nord / Shun Cheong Building / The Sail At Victoria / 60 Victoria Road / Mourt Davis 33 / Belcher's Hill / The Kennedy On Belcher's (Kennedy Town 2000's private residential buildings),201111,Month
Central and Western,Kennedy Town,(Kennedy Town) Ivy On Bel...,https://hkdata.centanet.com/BigData/hong-kong/Central%20and%20Western/CHMA/Kennedy-Town/building-group(Kennedy%20Town)%20Ivy%20On%20Belcher's%20%7C%20Westview%20Height%20%7C%20La%20Maison%20Du%20Nord%20%7C%20Shun%20Cheong%20Building%20%7C%20The%20Sail%20At%20Victoria%20%7C%2060%20Victoria%20Road%20%7C%20Mourt%20Davis%2033%20%7C%20Belcher's%20Hill%20%7C%20The%20Kennedy%20On%20Belcher's%20(Kennedy%20Town%202000's%20private%20residential%20buildings)?field=t_pop&sort=default&detailcode=CW0060,12036.67,building,CW0060,(Kennedy Town) Ivy On Belcher's / Westview Height / La Maison Du Nord / Shun Cheong Building / The Sail At Victoria / 60 Victoria Road / Mourt Davis 33 / Belcher's Hill / The Kennedy On Belcher's (Kennedy Town 2000's private residential buildings),201112,Month
Central and Western,Kennedy Town,(Kennedy Town) Ivy On Bel...,https://hkdata.centanet.com/BigData/hong-kong/Central%20and%20Western/CHMA/Kennedy-Town/building-group(Kennedy%20Town)%20Ivy%20On%20Belcher's%20%7C%20Westview%20Height%20%7C%20La%20Maison%20Du%20Nord%20%7C%20Shun%20Cheong%20Building%20%7C%20The%20Sail%20At%20Victoria%20%7C%2060%20Victoria%20Road%20%7C%20Mourt%20Davis%2033%20%7C%20Belcher's%20Hill%20%7C%20The%20Kennedy%20On%20Belcher's%20(Kennedy%20Town%202000's%20private%20residential%20buildings)?field=t_pop&sort=default&detailcode=CW0060,12343.07,building,CW0060,(Kennedy Town) Ivy On Belcher's / Westview Height / La Maison Du Nord / Shun Cheong Building / The Sail At Victoria / 60 Victoria Road / Mourt Davis 33 / Belcher's Hill / The Kennedy On Belcher's (Kennedy Town 2000's private residential buildings),2011Q1,Quarter
Central and Western,Kennedy Town,(Kennedy Town) Ivy On Bel...,https://hkdata.centanet.com/BigData/hong-kong/Central%20and%20Western/CHMA/Kennedy-Town/building-group(Kennedy%20Town)%20Ivy%20On%20Belcher's%20%7C%20Westview%20Height%20%7C%20La%20Maison%20Du%20Nord%20%7C%20Shun%20Cheong%20Building%20%7C%20The%20Sail%20At%20Victoria%20%7C%2060%20Victoria%20Road%20%7C%20Mourt%20Davis%2033%20%7C%20Belcher's%20Hill%20%7C%20The%20Kennedy%20On%20Belcher's%20(Kennedy%20Town%202000's%20private%20residential%20buildings)?field=t_pop&sort=default&detailcode=CW0060,13946.38,building,CW0060,(Kennedy Town) Ivy On Belcher's / Westview Height / La Maison Du Nord / Shun Cheong Building / The Sail At Victoria / 60 Victoria Road / Mourt Davis 33 / Belcher's Hill / The Kennedy On Belcher's (Kennedy Town 2000's private residential buildings),2011Q2,Quarter
Central and Western,Kennedy Town,(Kennedy Town) Ivy On Bel...,https://hkdata.centanet.com/BigData/hong-kong/Central%20and%20Western/CHMA/Kennedy-Town/building-group(Kennedy%20Town)%20Ivy%20On%20Belcher's%20%7C%20Westview%20Height%20%7C%20La%20Maison%20Du%20Nord%20%7C%20Shun%20Cheong%20Building%20%7C%20The%20Sail%20At%20Victoria%20%7C%2060%20Victoria%20Road%20%7C%20Mourt%20Davis%2033%20%7C%20Belcher's%20Hill%20%7C%20The%20Kennedy%20On%20Belcher's%20(Kennedy%20Town%202000's%20private%20residential%20buildings)?field=t_pop&sort=default&detailcode=CW0060,13062.61,building,CW0060,(Kennedy Town) Ivy On Belcher's / Westview Height / La Maison Du Nord / Shun Cheong Building / The Sail At Victoria / 60 Victoria Road / Mourt Davis 33 / Belcher's Hill / The Kennedy On Belcher's (Kennedy Town 2000's private residential buildings),2011Q3,Quarter
Central and Western,Kennedy Town,(Kennedy Town) Ivy On Bel...,https://hkdata.centanet.com/BigData/hong-kong/Central%20and%20Western/CHMA/Kennedy-Town/building-group(Kennedy%20Town)%20Ivy%20On%20Belcher's%20%7C%20Westview%20Height%20%7C%20La%20Maison%20Du%20Nord%20%7C%20Shun%20Cheong%20Building%20%7C%20The%20Sail%20At%20Victoria%20%7C%2060%20Victoria%20Road%20%7C%20Mourt%20Davis%2033%20%7C%20Belcher's%20Hill%20%7C%20The%20Kennedy%20On%20Belcher's%20(Kennedy%20Town%202000's%20private%20residential%20buildings)?field=t_pop&sort=default&detailcode=CW0060,12642.50,building,CW0060,(Kennedy Town) Ivy On Belcher's / Westview Height / La Maison Du Nord / Shun Cheong Building / The Sail At Victoria / 60 Victoria Road / Mourt Davis 33 / Belcher's Hill / The Kennedy On Belcher's (Kennedy Town 2000's private residential buildings),2011Q4,Quarter
Central and Western,Kennedy Town,(Kennedy Town) Ivy On Bel...,https://hkdata.centanet.com/BigData/hong-kong/Central%20and%20Western/CHMA/Kennedy-Town/building-group(Kennedy%20Town)%20Ivy%20On%20Belcher's%20%7C%20Westview%20Height%20%7C%20La%20Maison%20Du%20Nord%20%7C%20Shun%20Cheong%20Building%20%7C%20The%20Sail%20At%20Victoria%20%7C%2060%20Victoria%20Road%20%7C%20Mourt%20Davis%2033%20%7C%20Belcher's%20Hill%20%7C%20The%20Kennedy%20On%20Belcher's%20(Kennedy%20Town%202000's%20private%20residential%20buildings)?field=t_pop&sort=default&detailcode=CW0060,12869.73,building,CW0060,(Kennedy Town) Ivy On Belcher's / Westview Height / La Maison Du Nord / Shun Cheong Building / The Sail At Victoria / 60 Victoria Road / Mourt Davis 33 / Belcher's Hill / The Kennedy On Belcher's (Kennedy Town 2000's private residential buildings),2012,Year
Central and Western,Kennedy Town,(Kennedy Town) Ivy On Bel...,https://hkdata.centanet.com/BigData/hong-kong/Central%20and%20Western/CHMA/Kennedy-Town/building-group(Kennedy%20Town)%20Ivy%20On%20Belcher's%20%7C%20Westview%20Height%20%7C%20La%20Maison%20Du%20Nord%20%7C%20Shun%20Cheong%20Building%20%7C%20The%20Sail%20At%20Victoria%20%7C%2060%20Victoria%20Road%20%7C%20Mourt%20Davis%2033%20%7C%20Belcher's%20Hill%20%7C%20The%20Kennedy%20On%20Belcher's%20(Kennedy%20Town%202000's%20private%20residential%20buildings)?field=t_pop&sort=default&detailcode=CW0060,12727.25,building,CW0060,(Kennedy Town) Ivy On Belcher's / Westview Height / La Maison Du Nord / Shun Cheong Building / The Sail At Victoria / 60 Victoria Road / Mourt Davis 33 / Belcher's Hill / The Kennedy On Belcher's (Kennedy Town 2000's private residential buildings),2012_1,HalfYear
Central and Western,Kennedy Town,(Kennedy Town) Ivy On Bel...,https://hkdata.centanet.com/BigData/hong-kong/Central%20and%20Western/CHMA/Kennedy-Town/building-group(Kennedy%20Town)%20Ivy%20On%20Belcher's%20%7C%20Westview%20Height%20%7C%20La%20Maison%20Du%20Nord%20%7C%20Shun%20Cheong%20Building%20%7C%20The%20Sail%20At%20Victoria%20%7C%2060%20Victoria%20Road%20%7C%20Mourt%20Davis%2033%20%7C%20Belcher's%20Hill%20%7C%20The%20Kennedy%20On%20Belcher's%20(Kennedy%20Town%202000's%20private%20residential%20buildings)?field=t_pop&sort=default&detailcode=CW0060,13069.20,building,CW0060,(Kennedy Town) Ivy On Belcher's / Westview Height / La Maison Du Nord / Shun Cheong Building / The Sail At Victoria / 60 Victoria Road / Mourt Davis 33 / Belcher's Hill / The Kennedy On Belcher's (Kennedy Town 2000's private residential buildings),2012_2,HalfYear
Central and Western,Kennedy Town,(Kennedy Town) Ivy On Bel...,https://hkdata.centanet.com/BigData/hong-kong/Central%20and%20Western/CHMA/Kennedy-Town/building-group(Kennedy%20Town)%20Ivy%20On%20Belcher's%20%7C%20Westview%20Height%20%7C%20La%20Maison%20Du%20Nord%20%7C%20Shun%20Cheong%20Building%20%7C%20The%20Sail%20At%20Victoria%20%7C%2060%20Victoria%20Road%20%7C%20Mourt%20Davis%2033%20%7C%20Belcher's%20Hill%20%7C%20The%20Kennedy%20On%20Belcher's%20(Kennedy%20Town%202000's%20private%20residential%20buildings)?field=t_pop&sort=default&detailcode=CW0060,12036.67,building,CW0060,(Kennedy Town) Ivy On Belcher's / Westview Height / La Maison Du Nord / Shun Cheong Building / The Sail At Victoria / 60 Victoria Road / Mourt Davis 33 / Belcher's Hill / The Kennedy On Belcher's (Kennedy Town 2000's private residential buildings),201201,Month
Central and Western,Kennedy Town,(Kennedy Town) Ivy On Bel...,https://hkdata.centanet.com/BigData/hong-kong/Central%20and%20Western/CHMA/Kennedy-Town/building-group(Kennedy%20Town)%20Ivy%20On%20Belcher's%20%7C%20Westview%20Height%20%7C%20La%20Maison%20Du%20Nord%20%7C%20Shun%20Cheong%20Building%20%7C%20The%20Sail%20At%20Victoria%20%7C%2060%20Victoria%20Road%20%7C%20Mourt%20Davis%2033%20%7C%20Belcher's%20Hill%20%7C%20The%20Kennedy%20On%20Belcher's%20(Kennedy%20Town%202000's%20private%20residential%20buildings)?field=t_pop&sort=default&detailcode=CW0060,11876.50,building,CW0060,(Kennedy Town) Ivy On Belcher's / Westview Height / La Maison Du Nord / Shun Cheong Building / The Sail At Victoria / 60 Victoria Road / Mourt Davis 33 / Belcher's Hill / The Kennedy On Belcher's (Kennedy Town 2000's private residential buildings),201202,Month
Central and Western,Kennedy Town,(Kennedy Town) Ivy On Bel...,https://hkdata.centanet.com/BigData/hong-kong/Central%20and%20Western/CHMA/Kennedy-Town/building-group(Kennedy%20Town)%20Ivy%20On%20Belcher's%20%7C%20Westview%20Height%20%7C%20La%20Maison%20Du%20Nord%20%7C%20Shun%20Cheong%20Building%20%7C%20The%20Sail%20At%20Victoria%20%7C%2060%20Victoria%20Road%20%7C%20Mourt%20Davis%2033%20%7C%20Belcher's%20Hill%20%7C%20The%20Kennedy%20On%20Belcher's%20(Kennedy%20Town%202000's%20private%20residential%20buildings)?field=t_pop&sort=default&detailcode=CW0060,11851.67,building,CW0060,(Kennedy Town) Ivy On Belcher's / Westview Height / La Maison Du Nord / Shun Cheong Building / The Sail At Victoria / 60 Victoria Road / Mourt Davis 33 / Belcher's Hill / The Kennedy On Belcher's (Kennedy Town 2000's private residential buildings),201203,Month
Central and Western,Kennedy Town,(Kennedy Town) Ivy On Bel...,https://hkdata.centanet.com/BigData/hong-kong/Central%20and%20Western/CHMA/Kennedy-Town/building-group(Kennedy%20Town)%20Ivy%20On%20Belcher's%20%7C%20Westview%20Height%20%7C%20La%20Maison%20Du%20Nord%20%7C%20Shun%20Cheong%20Building%20%7C%20The%20Sail%20At%20Victoria%20%7C%2060%20Victoria%20Road%20%7C%20Mourt%20Davis%2033%20%7C%20Belcher's%20Hill%20%7C%20The%20Kennedy%20On%20Belcher's%20(Kennedy%20Town%202000's%20private%20residential%20buildings)?field=t_pop&sort=default&detailcode=CW0060,12136.25,building,CW0060,(Kennedy Town) Ivy On Belcher's / Westview Height / La Maison Du Nord / Shun Cheong Building / The Sail At Victoria / 60 Victoria Road / Mourt Davis 33 / Belcher's Hill / The Kennedy On Belcher's (Kennedy Town 2000's private residential buildings),201204,Month
Central and Western,Kennedy Town,(Kennedy Town) Ivy On Bel...,https://hkdata.centanet.com/BigData/hong-kong/Central%20and%20Western/CHMA/Kennedy-Town/building-group(Kennedy%20Town)%20Ivy%20On%20Belcher's%20%7C%20Westview%20Height%20%7C%20La%20Maison%20Du%20Nord%20%7C%20Shun%20Cheong%20Building%20%7C%20The%20Sail%20At%20Victoria%20%7C%2060%20Victoria%20Road%20%7C%20Mourt%20Davis%2033%20%7C%20Belcher's%20Hill%20%7C%20The%20Kennedy%20On%20Belcher's%20(Kennedy%20Town%202000's%20private%20residential%20buildings)?field=t_pop&sort=default&detailcode=CW0060,14744.00,building,CW0060,(Kennedy Town) Ivy On Belcher's / Westview Height / La Maison Du Nord / Shun Cheong Building / The Sail At Victoria / 60 Victoria Road / Mourt Davis 33 / Belcher's Hill / The Kennedy On Belcher's (Kennedy Town 2000's private residential buildings),201205,Month
Central and Western,Kennedy Town,(Kennedy Town) Ivy On Bel...,https://hkdata.centanet.com/BigData/hong-kong/Central%20and%20Western/CHMA/Kennedy-Town/building-group(Kennedy%20Town)%20Ivy%20On%20Belcher's%20%7C%20Westview%20Height%20%7C%20La%20Maison%20Du%20Nord%20%7C%20Shun%20Cheong%20Building%20%7C%20The%20Sail%20At%20Victoria%20%7C%2060%20Victoria%20Road%20%7C%20Mourt%20Davis%2033%20%7C%20Belcher's%20Hill%20%7C%20The%20Kennedy%20On%20Belcher's%20(Kennedy%20Town%202000's%20private%20residential%20buildings)?field=t_pop&sort=default&detailcode=CW0060,13810.00,building,CW0060,(Kennedy Town) Ivy On Belcher's / Westview Height / La Maison Du Nord / Shun Cheong Building / The Sail At Victoria / 60 Victoria Road / Mourt Davis 33 / Belcher's Hill / The Kennedy On Belcher's (Kennedy Town 2000's private residential buildings),201206,Month
Central and Western,Kennedy Town,(Kennedy Town) Ivy On Bel...,https://hkdata.centanet.com/BigData/hong-kong/Central%20and%20Western/CHMA/Kennedy-Town/building-group(Kennedy%20Town)%20Ivy%20On%20Belcher's%20%7C%20Westview%20Height%20%7C%20La%20Maison%20Du%20Nord%20%7C%20Shun%20Cheong%20Building%20%7C%20The%20Sail%20At%20Victoria%20%7C%2060%20Victoria%20Road%20%7C%20Mourt%20Davis%2033%20%7C%20Belcher's%20Hill%20%7C%20The%20Kennedy%20On%20Belcher's%20(Kennedy%20Town%202000's%20private%20residential%20buildings)?field=t_pop&sort=default&detailcode=CW0060,12894.25,building,CW0060,(Kennedy Town) Ivy On Belcher's / Westview Height / La Maison Du Nord / Shun Cheong Building / The Sail At Victoria / 60 Victoria Road / Mourt Davis 33 / Belcher's Hill / The Kennedy On Belcher's (Kennedy Town 2000's private residential buildings),201207,month
Central and Western,Kennedy Town,(Kennedy Town) Ivy On Bel...,https://hkdata.centanet.com/BigData/hong-kong/Central%20and%20Western/CHMA/Kennedy-Town/building-group(Kennedy%20Town)%20Ivy%20On%20Belcher's%20%7C%20Westview%20Height%20%7C%20La%20Maison%20Du%20Nord%20%7C%20Shun%20Cheong%20Building%20%7C%20The%20Sail%20At%20Victoria%20%7C%2060%20Victoria%20Road%20%7C%20Mourt%20Davis%2033%20%7C%20Belcher's%20Hill%20%7C%20The%20Kennedy%20On%20Belcher's%20(Kennedy%20Town%202000's%20private%20residential%20buildings)?field=t_pop&sort=default&detailcode=CW0060,9647.67,building,CW0060,(Kennedy Town) Ivy On Belcher's / Westview Height / La Maison Du Nord / Shun Cheong Building / The Sail At Victoria / 60 Victoria Road / Mourt Davis 33 / Belcher's Hill / The Kennedy On Belcher's (Kennedy Town 2000's private residential buildings),201208,Month
Central and Western,Kennedy Town,(Kennedy Town) Ivy On Bel...,https://hkdata.centanet.com/BigData/hong-kong/Central%20and%20Western/CHMA/Kennedy-Town/building-group(Kennedy%20Town)%20Ivy%20On%20Belcher's%20%7C%20Westview%20Height%20%7C%20La%20Maison%20Du%20Nord%20%7C%20Shun%20Cheong%20Building%20%7C%20The%20Sail%20At%20Victoria%20%7C%2060%20Victoria%20Road%20%7C%20Mourt%20Davis%2033%20%7C%20Belcher's%20Hill%20%7C%20The%20Kennedy%20On%20Belcher's%20(Kennedy%20Town%202000's%20private%20residential%20buildings)?field=t_pop&sort=default&detailcode=CW0060,13583.71,building,CW0060,(Kennedy Town) Ivy On Belcher's / Westview Height / La Maison Du Nord / Shun Cheong Building / The Sail At Victoria / 60 Victoria Road / Mourt Davis 33 / Belcher's Hill / The Kennedy On Belcher's (Kennedy Town 2000's private residential buildings),201209,Month
Central and Western,Kennedy Town,(Kennedy Town) Ivy On Bel...,https://hkdata.centanet.com/BigData/hong-kong/Central%20and%20Western/CHMA/Kennedy-Town/building-group(Kennedy%20Town)%20Ivy%20On%20Belcher's%20%7C%20Westview%20Height%20%7C%20La%20Maison%20Du%20Nord%20%7C%20Shun%20Cheong%20Building%20%7C%20The%20Sail%20At%20Victoria%20%7C%2060%20Victoria%20Road%20%7C%20Mourt%20Davis%2033%20%7C%20Belcher's%20Hill%20%7C%20The%20Kennedy%20On%20Belcher's%20(Kennedy%20Town%202000's%20private%20residential%20buildings)?field=t_pop&sort=default&detailcode=CW0060,13407.00,building,CW0060,(Kennedy Town) Ivy On Belcher's / Westview Height / La Maison Du Nord / Shun Cheong Building / The Sail At Victoria / 60 Victoria Road / Mourt Davis 33 / Belcher's Hill / The Kennedy On Belcher's (Kennedy Town 2000's private residential buildings),201210,Month
Central and Western,Kennedy Town,(Kennedy Town) Ivy On Bel...,https://hkdata.centanet.com/BigData/hong-kong/Central%20and%20Western/CHMA/Kennedy-Town/building-group(Kennedy%20Town)%20Ivy%20On%20Belcher's%20%7C%20Westview%20Height%20%7C%20La%20Maison%20Du%20Nord%20%7C%20Shun%20Cheong%20Building%20%7C%20The%20Sail%20At%20Victoria%20%7C%2060%20Victoria%20Road%20%7C%20Mourt%20Davis%2033%20%7C%20Belcher's%20Hill%20%7C%20The%20Kennedy%20On%20Belcher's%20(Kennedy%20Town%202000's%20private%20residential%20buildings)?field=t_pop&sort=default&detailcode=CW0060,16585.00,building,CW0060,(Kennedy Town) Ivy On Belcher's / Westview Height / La Maison Du Nord / Shun Cheong Building / The Sail At Victoria / 60 Victoria Road / Mourt Davis 33 / Belcher's Hill / The Kennedy On Belcher's (Kennedy Town 2000's private residential buildings),201211,Month
Central and Western,Kennedy Town,(Kennedy Town) Ivy On Bel...,https://hkdata.centanet.com/BigData/hong-kong/Central%20and%20Western/CHMA/Kennedy-Town/building-group(Kennedy%20Town)%20Ivy%20On%20Belcher's%20%7C%20Westview%20Height%20%7C%20La%20Maison%20Du%20Nord%20%7C%20Shun%20Cheong%20Building%20%7C%20The%20Sail%20At%20Victoria%20%7C%2060%20Victoria%20Road%20%7C%20Mourt%20Davis%2033%20%7C%20Belcher's%20Hill%20%7C%20The%20Kennedy%20On%20Belcher's%20(Kennedy%20Town%202000's%20private%20residential%20buildings)?field=t_pop&sort=default&detailcode=CW0060,14486.00,building,CW0060,(Kennedy Town) Ivy On Belcher's / Westview Height / La Maison Du Nord / Shun Cheong Building / The Sail At Victoria / 60 Victoria Road / Mourt Davis 33 / Belcher's Hill / The Kennedy On Belcher's (Kennedy Town 2000's private residential buildings),201212,Month
Central and Western,Kennedy Town,(Kennedy Town) Ivy On Bel...,https://hkdata.centanet.com/BigData/hong-kong/Central%20and%20Western/CHMA/Kennedy-Town/building-group(Kennedy%20Town)%20Ivy%20On%20Belcher's%20%7C%20Westview%20Height%20%7C%20La%20Maison%20Du%20Nord%20%7C%20Shun%20Cheong%20Building%20%7C%20The%20Sail%20At%20Victoria%20%7C%2060%20Victoria%20Road%20%7C%20Mourt%20Davis%2033%20%7C%20Belcher's%20Hill%20%7C%20The%20Kennedy%20On%20Belcher's%20(Kennedy%20Town%202000's%20private%20residential%20buildings)?field=t_pop&sort=default&detailcode=CW0060,11861.60,building,CW0060,(Kennedy Town) Ivy On Belcher's / Westview Height / La Maison Du Nord / Shun Cheong Building / The Sail At Victoria / 60 Victoria Road / Mourt Davis 33 / Belcher's Hill / The Kennedy On Belcher's (Kennedy Town 2000's private residential buildings),2012Q1,quarter
Central and Western,Kennedy Town,(Kennedy Town) Ivy On Bel...,https://hkdata.centanet.com/BigData/hong-kong/Central%20and%20Western/CHMA/Kennedy-Town/building-group(Kennedy%20Town)%20Ivy%20On%20Belcher's%20%7C%20Westview%20Height%20%7C%20La%20Maison%20Du%20Nord%20%7C%20Shun%20Cheong%20Building%20%7C%20The%20Sail%20At%20Victoria%20%7C%2060%20Victoria%20Road%20%7C%20Mourt%20Davis%2033%20%7C%20Belcher's%20Hill%20%7C%20The%20Kennedy%20On%20Belcher's%20(Kennedy%20Town%202000's%20private%20residential%20buildings)?field=t_pop&sort=default&detailcode=CW0060,13726.08,building,CW0060,(Kennedy Town) Ivy On Belcher's / Westview Height / La Maison Du Nord / Shun Cheong Building / The Sail At Victoria / 60 Victoria Road / Mourt Davis 33 / Belcher's Hill / The Kennedy On Belcher's (Kennedy Town 2000's private residential buildings),2012Q2,quarter
Central and Western,Kennedy Town,(Kennedy Town) Ivy On Bel...,https://hkdata.centanet.com/BigData/hong-kong/Central%20and%20Western/CHMA/Kennedy-Town/building-group(Kennedy%20Town)%20Ivy%20On%20Belcher's%20%7C%20Westview%20Height%20%7C%20La%20Maison%20Du%20Nord%20%7C%20Shun%20Cheong%20Building%20%7C%20The%20Sail%20At%20Victoria%20%7C%2060%20Victoria%20Road%20%7C%20Mourt%20Davis%2033%20%7C%20Belcher's%20Hill%20%7C%20The%20Kennedy%20On%20Belcher's%20(Kennedy%20Town%202000's%20private%20residential%20buildings)?field=t_pop&sort=default&detailcode=CW0060,12543.29,building,CW0060,(Kennedy Town) Ivy On Belcher's / Westview Height / La Maison Du Nord / Shun Cheong Building / The Sail At Victoria / 60 Victoria Road / Mourt Davis 33 / Belcher's Hill / The Kennedy On Belcher's (Kennedy Town 2000's private residential buildings),2012Q3,quarter
Central and Western,Kennedy Town,(Kennedy Town) Ivy On Bel...,https://hkdata.centanet.com/BigData/hong-kong/Central%20and%20Western/CHMA/Kennedy-Town/building-group(Kennedy%20Town)%20Ivy%20On%20Belcher's%20%7C%20Westview%20Height%20%7C%20La%20Maison%20Du%20Nord%20%7C%20Shun%20Cheong%20Building%20%7C%20The%20Sail%20At%20Victoria%20%7C%2060%20Victoria%20Road%20%7C%20Mourt%20Davis%2033%20%7C%20Belcher's%20Hill%20%7C%20The%20Kennedy%20On%20Belcher's%20(Kennedy%20Town%202000's%20private%20residential%20buildings)?field=t_pop&sort=default&detailcode=CW0060,14296.33,building,CW0060,(Kennedy Town) Ivy On Belcher's / Westview Height / La Maison Du Nord / Shun Cheong Building / The Sail At Victoria / 60 Victoria Road / Mourt Davis 33 / Belcher's Hill / The Kennedy On Belcher's (Kennedy Town 2000's private residential buildings),2012Q4,Quarter
Central and Western,Kennedy Town,(Kennedy Town) Ivy On Bel...,https://hkdata.centanet.com/BigData/hong-kong/Central%20and%20Western/CHMA/Kennedy-Town/building-group(Kennedy%20Town)%20Ivy%20On%20Belcher's%20%7C%20Westview%20Height%20%7C%20La%20Maison%20Du%20Nord%20%7C%20Shun%20Cheong%20Building%20%7C%20The%20Sail%20At%20Victoria%20%7C%2060%20Victoria%20Road%20%7C%20Mourt%20Davis%2033%20%7C%20Belcher's%20Hill%20%7C%20The%20Kennedy%20On%20Belcher's%20(Kennedy%20Town%202000's%20private%20residential%20buildings)?field=t_pop&sort=default&detailcode=CW0060,15064.97,building,CW0060,(Kennedy Town) Ivy On Belcher's / Westview Height / La Maison Du Nord / Shun Cheong Building / The Sail At Victoria / 60 Victoria Road / Mourt Davis 33 / Belcher's Hill / The Kennedy On Belcher's (Kennedy Town 2000's private residential buildings),2013,Year
Central and Western,Kennedy Town,(Kennedy Town) Ivy On Bel...,https://hkdata.centanet.com/BigData/hong-kong/Central%20and%20Western/CHMA/Kennedy-Town/building-group(Kennedy%20Town)%20Ivy%20On%20Belcher's%20%7C%20Westview%20Height%20%7C%20La%20Maison%20Du%20Nord%20%7C%20Shun%20Cheong%20Building%20%7C%20The%20Sail%20At%20Victoria%20%7C%2060%20Victoria%20Road%20%7C%20Mourt%20Davis%2033%20%7C%20Belcher's%20Hill%20%7C%20The%20Kennedy%20On%20Belcher's%20(Kennedy%20Town%202000's%20private%20residential%20buildings)?field=t_pop&sort=default&detailcode=CW0060,15264.94,building,CW0060,(Kennedy Town) Ivy On Belcher's / Westview Height / La Maison Du Nord / Shun Cheong Building / The Sail At Victoria / 60 Victoria Road / Mourt Davis 33 / Belcher's Hill / The Kennedy On Belcher's (Kennedy Town 2000's private residential buildings),2013_1,HalfYear
Central and Western,Kennedy Town,(Kennedy Town) Ivy On Bel...,https://hkdata.centanet.com/BigData/hong-kong/Central%20and%20Western/CHMA/Kennedy-Town/building-group(Kennedy%20Town)%20Ivy%20On%20Belcher's%20%7C%20Westview%20Height%20%7C%20La%20Maison%20Du%20Nord%20%7C%20Shun%20Cheong%20Building%20%7C%20The%20Sail%20At%20Victoria%20%7C%2060%20Victoria%20Road%20%7C%20Mourt%20Davis%2033%20%7C%20Belcher's%20Hill%20%7C%20The%20Kennedy%20On%20Belcher's%20(Kennedy%20Town%202000's%20private%20residential%20buildings)?field=t_pop&sort=default&detailcode=CW0060,14818.85,building,CW0060,(Kennedy Town) Ivy On Belcher's / Westview Height / La Maison Du Nord / Shun Cheong Building / The Sail At Victoria / 60 Victoria Road / Mourt Davis 33 / Belcher's Hill / The Kennedy On Belcher's (Kennedy Town 2000's private residential buildings),2013_2,HalfYear
Central and Western,Kennedy Town,(Kennedy Town) Ivy On Bel...,https://hkdata.centanet.com/BigData/hong-kong/Central%20and%20Western/CHMA/Kennedy-Town/building-group(Kennedy%20Town)%20Ivy%20On%20Belcher's%20%7C%20Westview%20Height%20%7C%20La%20Maison%20Du%20Nord%20%7C%20Shun%20Cheong%20Building%20%7C%20The%20Sail%20At%20Victoria%20%7C%2060%20Victoria%20Road%20%7C%20Mourt%20Davis%2033%20%7C%20Belcher's%20Hill%20%7C%20The%20Kennedy%20On%20Belcher's%20(Kennedy%20Town%202000's%20private%20residential%20buildings)?field=t_pop&sort=default&detailcode=CW0060,14757.33,building,CW0060,(Kennedy Town) Ivy On Belcher's / Westview Height / La Maison Du Nord / Shun Cheong Building / The Sail At Victoria / 60 Victoria Road / Mourt Davis 33 / Belcher's Hill / The Kennedy On Belcher's (Kennedy Town 2000's private residential buildings),201301,Month
Central and Western,Kennedy Town,(Kennedy Town) Ivy On Bel...,https://hkdata.centanet.com/BigData/hong-kong/Central%20and%20Western/CHMA/Kennedy-Town/building-group(Kennedy%20Town)%20Ivy%20On%20Belcher's%20%7C%20Westview%20Height%20%7C%20La%20Maison%20Du%20Nord%20%7C%20Shun%20Cheong%20Building%20%7C%20The%20Sail%20At%20Victoria%20%7C%2060%20Victoria%20Road%20%7C%20Mourt%20Davis%2033%20%7C%20Belcher's%20Hill%20%7C%20The%20Kennedy%20On%20Belcher's%20(Kennedy%20Town%202000's%20private%20residential%20buildings)?field=t_pop&sort=default&detailcode=CW0060,16836.50,building,CW0060,(Kennedy Town) Ivy On Belcher's / Westview Height / La Maison Du Nord / Shun Cheong Building / The Sail At Victoria / 60 Victoria Road / Mourt Davis 33 / Belcher's Hill / The Kennedy On Belcher's (Kennedy Town 2000's private residential buildings),201302,Month
Central and Western,Kennedy Town,(Kennedy Town) Ivy On Bel...,https://hkdata.centanet.com/BigData/hong-kong/Central%20and%20Western/CHMA/Kennedy-Town/building-group(Kennedy%20Town)%20Ivy%20On%20Belcher's%20%7C%20Westview%20Height%20%7C%20La%20Maison%20Du%20Nord%20%7C%20Shun%20Cheong%20Building%20%7C%20The%20Sail%20At%20Victoria%20%7C%2060%20Victoria%20Road%20%7C%20Mourt%20Davis%2033%20%7C%20Belcher's%20Hill%20%7C%20The%20Kennedy%20On%20Belcher's%20(Kennedy%20Town%202000's%20private%20residential%20buildings)?field=t_pop&sort=default&detailcode=CW0060,12139.50,building,CW0060,(Kennedy Town) Ivy On Belcher's / Westview Height / La Maison Du Nord / Shun Cheong Building / The Sail At Victoria / 60 Victoria Road / Mourt Davis 33 / Belcher's Hill / The Kennedy On Belcher's (Kennedy Town 2000's private residential buildings),201303,Month
Central and Western,Kennedy Town,(Kennedy Town) Ivy On Bel...,https://hkdata.centanet.com/BigData/hong-kong/Central%20and%20Western/CHMA/Kennedy-Town/building-group(Kennedy%20Town)%20Ivy%20On%20Belcher's%20%7C%20Westview%20Height%20%7C%20La%20Maison%20Du%20Nord%20%7C%20Shun%20Cheong%20Building%20%7C%20The%20Sail%20At%20Victoria%20%7C%2060%20Victoria%20Road%20%7C%20Mourt%20Davis%2033%20%7C%20Belcher's%20Hill%20%7C%20The%20Kennedy%20On%20Belcher's%20(Kennedy%20Town%202000's%20private%20residential%20buildings)?field=t_pop&sort=default&detailcode=CW0060,16044.33,building,CW0060,(Kennedy Town) Ivy On Belcher's / Westview Height / La Maison Du Nord / Shun Cheong Building / The Sail At Victoria / 60 Victoria Road / Mourt Davis 33 / Belcher's Hill / The Kennedy On Belcher's (Kennedy Town 2000's private residential buildings),201304,Month
Central and Western,Kennedy Town,(Kennedy Town) Ivy On Bel...,https://hkdata.centanet.com/BigData/hong-kong/Central%20and%20Western/CHMA/Kennedy-Town/building-group(Kennedy%20Town)%20Ivy%20On%20Belcher's%20%7C%20Westview%20Height%20%7C%20La%20Maison%20Du%20Nord%20%7C%20Shun%20Cheong%20Building%20%7C%20The%20Sail%20At%20Victoria%20%7C%2060%20Victoria%20Road%20%7C%20Mourt%20Davis%2033%20%7C%20Belcher's%20Hill%20%7C%20The%20Kennedy%20On%20Belcher's%20(Kennedy%20Town%202000's%20private%20residential%20buildings)?field=t_pop&sort=default&detailcode=CW0060,16044.33,building,CW0060,(Kennedy Town) Ivy On Belcher's / Westview Height / La Maison Du Nord / Shun Cheong Building / The Sail At Victoria / 60 Victoria Road / Mourt Davis 33 / Belcher's Hill / The Kennedy On Belcher's (Kennedy Town 2000's private residential buildings),201305,month
Central and Western,Kennedy Town,(Kennedy Town) Ivy On Bel...,https://hkdata.centanet.com/BigData/hong-kong/Central%20and%20Western/CHMA/Kennedy-Town/building-group(Kennedy%20Town)%20Ivy%20On%20Belcher's%20%7C%20Westview%20Height%20%7C%20La%20Maison%20Du%20Nord%20%7C%20Shun%20Cheong%20Building%20%7C%20The%20Sail%20At%20Victoria%20%7C%2060%20Victoria%20Road%20%7C%20Mourt%20Davis%2033%20%7C%20Belcher's%20Hill%20%7C%20The%20Kennedy%20On%20Belcher's%20(Kennedy%20Town%202000's%20private%20residential%20buildings)?field=t_pop&sort=default&detailcode=CW0060,15052.25,building,CW0060,(Kennedy Town) Ivy On Belcher's / Westview Height / La Maison Du Nord / Shun Cheong Building / The Sail At Victoria / 60 Victoria Road / Mourt Davis 33 / Belcher's Hill / The Kennedy On Belcher's (Kennedy Town 2000's private residential buildings),201306,Month
Central and Western,Kennedy Town,(Kennedy Town) Ivy On Bel...,https://hkdata.centanet.com/BigData/hong-kong/Central%20and%20Western/CHMA/Kennedy-Town/building-group(Kennedy%20Town)%20Ivy%20On%20Belcher's%20%7C%20Westview%20Height%20%7C%20La%20Maison%20Du%20Nord%20%7C%20Shun%20Cheong%20Building%20%7C%20The%20Sail%20At%20Victoria%20%7C%2060%20Victoria%20Road%20%7C%20Mourt%20Davis%2033%20%7C%20Belcher's%20Hill%20%7C%20The%20Kennedy%20On%20Belcher's%20(Kennedy%20Town%202000's%20private%20residential%20buildings)?field=t_pop&sort=default&detailcode=CW0060,13799.00,building,CW0060,(Kennedy Town) Ivy On Belcher's / Westview Height / La Maison Du Nord / Shun Cheong Building / The Sail At Victoria / 60 Victoria Road / Mourt Davis 33 / Belcher's Hill / The Kennedy On Belcher's (Kennedy Town 2000's private residential buildings),201307,Month
Central and Western,Kennedy Town,(Kennedy Town) Ivy On Bel...,https://hkdata.centanet.com/BigData/hong-kong/Central%20and%20Western/CHMA/Kennedy-Town/building-group(Kennedy%20Town)%20Ivy%20On%20Belcher's%20%7C%20Westview%20Height%20%7C%20La%20Maison%20Du%20Nord%20%7C%20Shun%20Cheong%20Building%20%7C%20The%20Sail%20At%20Victoria%20%7C%2060%20Victoria%20Road%20%7C%20Mourt%20Davis%2033%20%7C%20Belcher's%20Hill%20%7C%20The%20Kennedy%20On%20Belcher's%20(Kennedy%20Town%202000's%20private%20residential%20buildings)?field=t_pop&sort=default&detailcode=CW0060,13799.00,building,CW0060,(Kennedy Town) Ivy On Belcher's / Westview Height / La Maison Du Nord / Shun Cheong Building / The Sail At Victoria / 60 Victoria Road / Mourt Davis 33 / Belcher's Hill / The Kennedy On Belcher's (Kennedy Town 2000's private residential buildings),201308,month
Central and Western,Kennedy Town,(Kennedy Town) Ivy On Bel...,https://hkdata.centanet.com/BigData/hong-kong/Central%20and%20Western/CHMA/Kennedy-Town/building-group(Kennedy%20Town)%20Ivy%20On%20Belcher's%20%7C%20Westview%20Height%20%7C%20La%20Maison%20Du%20Nord%20%7C%20Shun%20Cheong%20Building%20%7C%20The%20Sail%20At%20Victoria%20%7C%2060%20Victoria%20Road%20%7C%20Mourt%20Davis%2033%20%7C%20Belcher's%20Hill%20%7C%20The%20Kennedy%20On%20Belcher's%20(Kennedy%20Town%202000's%20private%20residential%20buildings)?field=t_pop&sort=default&detailcode=CW0060,16688.00,building,CW0060,(Kennedy Town) Ivy On Belcher's / Westview Height / La Maison Du Nord / Shun Cheong Building / The Sail At Victoria / 60 Victoria Road / Mourt Davis 33 / Belcher's Hill / The Kennedy On Belcher's (Kennedy Town 2000's private residential buildings),201309,Month
Central and Western,Kennedy Town,(Kennedy Town) Ivy On Bel...,https://hkdata.centanet.com/BigData/hong-kong/Central%20and%20Western/CHMA/Kennedy-Town/building-group(Kennedy%20Town)%20Ivy%20On%20Belcher's%20%7C%20Westview%20Height%20%7C%20La%20Maison%20Du%20Nord%20%7C%20Shun%20Cheong%20Building%20%7C%20The%20Sail%20At%20Victoria%20%7C%2060%20Victoria%20Road%20%7C%20Mourt%20Davis%2033%20%7C%20Belcher's%20Hill%20%7C%20The%20Kennedy%20On%20Belcher's%20(Kennedy%20Town%202000's%20private%20residential%20buildings)?field=t_pop&sort=default&detailcode=CW0060,14768.00,building,CW0060,(Kennedy Town) Ivy On Belcher's / Westview Height / La Maison Du Nord / Shun Cheong Building / The Sail At Victoria / 60 Victoria Road / Mourt Davis 33 / Belcher's Hill / The Kennedy On Belcher's (Kennedy Town 2000's private residential buildings),201310,Month
Central and Western,Kennedy Town,(Kennedy Town) Ivy On Bel...,https://hkdata.centanet.com/BigData/hong-kong/Central%20and%20Western/CHMA/Kennedy-Town/building-group(Kennedy%20Town)%20Ivy%20On%20Belcher's%20%7C%20Westview%20Height%20%7C%20La%20Maison%20Du%20Nord%20%7C%20Shun%20Cheong%20Building%20%7C%20The%20Sail%20At%20Victoria%20%7C%2060%20Victoria%20Road%20%7C%20Mourt%20Davis%2033%20%7C%20Belcher's%20Hill%20%7C%20The%20Kennedy%20On%20Belcher's%20(Kennedy%20Town%202000's%20private%20residential%20buildings)?field=t_pop&sort=default&detailcode=CW0060,17052.33,building,CW0060,(Kennedy Town) Ivy On Belcher's / Westview Height / La Maison Du Nord / Shun Cheong Building / The Sail At Victoria / 60 Victoria Road / Mourt Davis 33 / Belcher's Hill / The Kennedy On Belcher's (Kennedy Town 2000's private residential buildings),201311,Month
Central and Western,Kennedy Town,(Kennedy Town) Ivy On Bel...,https://hkdata.centanet.com/BigData/hong-kong/Central%20and%20Western/CHMA/Kennedy-Town/building-group(Kennedy%20Town)%20Ivy%20On%20Belcher's%20%7C%20Westview%20Height%20%7C%20La%20Maison%20Du%20Nord%20%7C%20Shun%20Cheong%20Building%20%7C%20The%20Sail%20At%20Victoria%20%7C%2060%20Victoria%20Road%20%7C%20Mourt%20Davis%2033%20%7C%20Belcher's%20Hill%20%7C%20The%20Kennedy%20On%20Belcher's%20(Kennedy%20Town%202000's%20private%20residential%20buildings)?field=t_pop&sort=default&detailcode=CW0060,9761.00,building,CW0060,(Kennedy Town) Ivy On Belcher's / Westview Height / La Maison Du Nord / Shun Cheong Building / The Sail At Victoria / 60 Victoria Road / Mourt Davis 33 / Belcher's Hill / The Kennedy On Belcher's (Kennedy Town 2000's private residential buildings),201312,Month
Central and Western,Kennedy Town,(Kennedy Town) Ivy On Bel...,https://hkdata.centanet.com/BigData/hong-kong/Central%20and%20Western/CHMA/Kennedy-Town/building-group(Kennedy%20Town)%20Ivy%20On%20Belcher's%20%7C%20Westview%20Height%20%7C%20La%20Maison%20Du%20Nord%20%7C%20Shun%20Cheong%20Building%20%7C%20The%20Sail%20At%20Victoria%20%7C%2060%20Victoria%20Road%20%7C%20Mourt%20Davis%2033%20%7C%20Belcher's%20Hill%20%7C%20The%20Kennedy%20On%20Belcher's%20(Kennedy%20Town%202000's%20private%20residential%20buildings)?field=t_pop&sort=default&detailcode=CW0060,15099.67,building,CW0060,(Kennedy Town) Ivy On Belcher's / Westview Height / La Maison Du Nord / Shun Cheong Building / The Sail At Victoria / 60 Victoria Road / Mourt Davis 33 / Belcher's Hill / The Kennedy On Belcher's (Kennedy Town 2000's private residential buildings),2013Q1,Quarter
Central and Western,Kennedy Town,(Kennedy Town) Ivy On Bel...,https://hkdata.centanet.com/BigData/hong-kong/Central%20and%20Western/CHMA/Kennedy-Town/building-group(Kennedy%20Town)%20Ivy%20On%20Belcher's%20%7C%20Westview%20Height%20%7C%20La%20Maison%20Du%20Nord%20%7C%20Shun%20Cheong%20Building%20%7C%20The%20Sail%20At%20Victoria%20%7C%2060%20Victoria%20Road%20%7C%20Mourt%20Davis%2033%20%7C%20Belcher's%20Hill%20%7C%20The%20Kennedy%20On%20Belcher's%20(Kennedy%20Town%202000's%20private%20residential%20buildings)?field=t_pop&sort=default&detailcode=CW0060,15477.43,building,CW0060,(Kennedy Town) Ivy On Belcher's / Westview Height / La Maison Du Nord / Shun Cheong Building / The Sail At Victoria / 60 Victoria Road / Mourt Davis 33 / Belcher's Hill / The Kennedy On Belcher's (Kennedy Town 2000's private residential buildings),2013Q2,Quarter
Central and Western,Kennedy Town,(Kennedy Town) Ivy On Bel...,https://hkdata.centanet.com/BigData/hong-kong/Central%20and%20Western/CHMA/Kennedy-Town/building-group(Kennedy%20Town)%20Ivy%20On%20Belcher's%20%7C%20Westview%20Height%20%7C%20La%20Maison%20Du%20Nord%20%7C%20Shun%20Cheong%20Building%20%7C%20The%20Sail%20At%20Victoria%20%7C%2060%20Victoria%20Road%20%7C%20Mourt%20Davis%2033%20%7C%20Belcher's%20Hill%20%7C%20The%20Kennedy%20On%20Belcher's%20(Kennedy%20Town%202000's%20private%20residential%20buildings)?field=t_pop&sort=default&detailcode=CW0060,15532.40,building,CW0060,(Kennedy Town) Ivy On Belcher's / Westview Height / La Maison Du Nord / Shun Cheong Building / The Sail At Victoria / 60 Victoria Road / Mourt Davis 33 / Belcher's Hill / The Kennedy On Belcher's (Kennedy Town 2000's private residential buildings),2013Q3,Quarter
Central and Western,Kennedy Town,(Kennedy Town) Ivy On Bel...,https://hkdata.centanet.com/BigData/hong-kong/Central%20and%20Western/CHMA/Kennedy-Town/building-group(Kennedy%20Town)%20Ivy%20On%20Belcher's%20%7C%20Westview%20Height%20%7C%20La%20Maison%20Du%20Nord%20%7C%20Shun%20Cheong%20Building%20%7C%20The%20Sail%20At%20Victoria%20%7C%2060%20Victoria%20Road%20%7C%20Mourt%20Davis%2033%20%7C%20Belcher's%20Hill%20%7C%20The%20Kennedy%20On%20Belcher's%20(Kennedy%20Town%202000's%20private%20residential%20buildings)?field=t_pop&sort=default&detailcode=CW0060,14372.88,building,CW0060,(Kennedy Town) Ivy On Belcher's / Westview Height / La Maison Du Nord / Shun Cheong Building / The Sail At Victoria / 60 Victoria Road / Mourt Davis 33 / Belcher's Hill / The Kennedy On Belcher's (Kennedy Town 2000's private residential buildings),2013Q4,Quarter
Central and Western,Kennedy Town,(Kennedy Town) Ivy On Bel...,https://hkdata.centanet.com/BigData/hong-kong/Central%20and%20Western/CHMA/Kennedy-Town/building-group(Kennedy%20Town)%20Ivy%20On%20Belcher's%20%7C%20Westview%20Height%20%7C%20La%20Maison%20Du%20Nord%20%7C%20Shun%20Cheong%20Building%20%7C%20The%20Sail%20At%20Victoria%20%7C%2060%20Victoria%20Road%20%7C%20Mourt%20Davis%2033%20%7C%20Belcher's%20Hill%20%7C%20The%20Kennedy%20On%20Belcher's%20(Kennedy%20Town%202000's%20private%20residential%20buildings)?field=t_pop&sort=default&detailcode=CW0060,14708.44,building,CW0060,(Kennedy Town) Ivy On Belcher's / Westview Height / La Maison Du Nord / Shun Cheong Building / The Sail At Victoria / 60 Victoria Road / Mourt Davis 33 / Belcher's Hill / The Kennedy On Belcher's (Kennedy Town 2000's private residential buildings),2014,year
Central and Western,Kennedy Town,(Kennedy Town) Ivy On Bel...,https://hkdata.centanet.com/BigData/hong-kong/Central%20and%20Western/CHMA/Kennedy-Town/building-group(Kennedy%20Town)%20Ivy%20On%20Belcher's%20%7C%20Westview%20Height%20%7C%20La%20Maison%20Du%20Nord%20%7C%20Shun%20Cheong%20Building%20%7C%20The%20Sail%20At%20Victoria%20%7C%2060%20Victoria%20Road%20%7C%20Mourt%20Davis%2033%20%7C%20Belcher's%20Hill%20%7C%20The%20Kennedy%20On%20Belcher's%20(Kennedy%20Town%202000's%20private%20residential%20buildings)?field=t_pop&sort=default&detailcode=CW0060,13715.00,building,CW0060,(Kennedy Town) Ivy On Belcher's / Westview Height / La Maison Du Nord / Shun Cheong Building / The Sail At Victoria / 60 Victoria Road / Mourt Davis 33 / Belcher's Hill / The Kennedy On Belcher's (Kennedy Town 2000's private residential buildings),2014_1,HalfYear
Central and Western,Kennedy Town,(Kennedy Town) Ivy On Bel...,https://hkdata.centanet.com/BigData/hong-kong/Central%20and%20Western/CHMA/Kennedy-Town/building-group(Kennedy%20Town)%20Ivy%20On%20Belcher's%20%7C%20Westview%20Height%20%7C%20La%20Maison%20Du%20Nord%20%7C%20Shun%20Cheong%20Building%20%7C%20The%20Sail%20At%20Victoria%20%7C%2060%20Victoria%20Road%20%7C%20Mourt%20Davis%2033%20%7C%20Belcher's%20Hill%20%7C%20The%20Kennedy%20On%20Belcher's%20(Kennedy%20Town%202000's%20private%20residential%20buildings)?field=t_pop&sort=default&detailcode=CW0060,15340.64,building,CW0060,(Kennedy Town) Ivy On Belcher's / Westview Height / La Maison Du Nord / Shun Cheong Building / The Sail At Victoria / 60 Victoria Road / Mourt Davis 33 / Belcher's Hill / The Kennedy On Belcher's (Kennedy Town 2000's private residential buildings),2014_2,HalfYear
Central and Western,Kennedy Town,(Kennedy Town) Ivy On Bel...,https://hkdata.centanet.com/BigData/hong-kong/Central%20and%20Western/CHMA/Kennedy-Town/building-group(Kennedy%20Town)%20Ivy%20On%20Belcher's%20%7C%20Westview%20Height%20%7C%20La%20Maison%20Du%20Nord%20%7C%20Shun%20Cheong%20Building%20%7C%20The%20Sail%20At%20Victoria%20%7C%2060%20Victoria%20Road%20%7C%20Mourt%20Davis%2033%20%7C%20Belcher's%20Hill%20%7C%20The%20Kennedy%20On%20Belcher's%20(Kennedy%20Town%202000's%20private%20residential%20buildings)?field=t_pop&sort=default&detailcode=CW0060,14977.50,building,CW0060,(Kennedy Town) Ivy On Belcher's / Westview Height / La Maison Du Nord / Shun Cheong Building / The Sail At Victoria / 60 Victoria Road / Mourt Davis 33 / Belcher's Hill / The Kennedy On Belcher's (Kennedy Town 2000's private residential buildings),201401,Month
Central and Western,Kennedy Town,(Kennedy Town) Ivy On Bel...,https://hkdata.centanet.com/BigData/hong-kong/Central%20and%20Western/CHMA/Kennedy-Town/building-group(Kennedy%20Town)%20Ivy%20On%20Belcher's%20%7C%20Westview%20Height%20%7C%20La%20Maison%20Du%20Nord%20%7C%20Shun%20Cheong%20Building%20%7C%20The%20Sail%20At%20Victoria%20%7C%2060%20Victoria%20Road%20%7C%20Mourt%20Davis%2033%20%7C%20Belcher's%20Hill%20%7C%20The%20Kennedy%20On%20Belcher's%20(Kennedy%20Town%202000's%20private%20residential%20buildings)?field=t_pop&sort=default&detailcode=CW0060,17170.50,building,CW0060,(Kennedy Town) Ivy On Belcher's / Westview Height / La Maison Du Nord / Shun Cheong Building / The Sail At Victoria / 60 Victoria Road / Mourt Davis 33 / Belcher's Hill / The Kennedy On Belcher's (Kennedy Town 2000's private residential buildings),201402,month
Central and Western,Kennedy Town,(Kennedy Town) Ivy On Bel...,https://hkdata.centanet.com/BigData/hong-kong/Central%20and%20Western/CHMA/Kennedy-Town/building-group(Kennedy%20Town)%20Ivy%20On%20Belcher's%20%7C%20Westview%20Height%20%7C%20La%20Maison%20Du%20Nord%20%7C%20Shun%20Cheong%20Building%20%7C%20The%20Sail%20At%20Victoria%20%7C%2060%20Victoria%20Road%20%7C%20Mourt%20Davis%2033%20%7C%20Belcher's%20Hill%20%7C%20The%20Kennedy%20On%20Belcher's%20(Kennedy%20Town%202000's%20private%20residential%20buildings)?field=t_pop&sort=default&detailcode=CW0060,17170.50,building,CW0060,(Kennedy Town) Ivy On Belcher's / Westview Height / La Maison Du Nord / Shun Cheong Building / The Sail At Victoria / 60 Victoria Road / Mourt Davis 33 / Belcher's Hill / The Kennedy On Belcher's (Kennedy Town 2000's private residential buildings),201403,Month
Central and Western,Kennedy Town,(Kennedy Town) Ivy On Bel...,https://hkdata.centanet.com/BigData/hong-kong/Central%20and%20Western/CHMA/Kennedy-Town/building-group(Kennedy%20Town)%20Ivy%20On%20Belcher's%20%7C%20Westview%20Height%20%7C%20La%20Maison%20Du%20Nord%20%7C%20Shun%20Cheong%20Building%20%7C%20The%20Sail%20At%20Victoria%20%7C%2060%20Victoria%20Road%20%7C%20Mourt%20Davis%2033%20%7C%20Belcher's%20Hill%20%7C%20The%20Kennedy%20On%20Belcher's%20(Kennedy%20Town%202000's%20private%20residential%20buildings)?field=t_pop&sort=default&detailcode=CW0060,9206.00,building,CW0060,(Kennedy Town) Ivy On Belcher's / Westview Height / La Maison Du Nord / Shun Cheong Building / The Sail At Victoria / 60 Victoria Road / Mourt Davis 33 / Belcher's Hill / The Kennedy On Belcher's (Kennedy Town 2000's private residential buildings),201404,Month
Central and Western,Kennedy Town,(Kennedy Town) Ivy On Bel...,https://hkdata.centanet.com/BigData/hong-kong/Central%20and%20Western/CHMA/Kennedy-Town/building-group(Kennedy%20Town)%20Ivy%20On%20Belcher's%20%7C%20Westview%20Height%20%7C%20La%20Maison%20Du%20Nord%20%7C%20Shun%20Cheong%20Building%20%7C%20The%20Sail%20At%20Victoria%20%7C%2060%20Victoria%20Road%20%7C%20Mourt%20Davis%2033%20%7C%20Belcher's%20Hill%20%7C%20The%20Kennedy%20On%20Belcher's%20(Kennedy%20Town%202000's%20private%20residential%20buildings)?field=t_pop&sort=default&detailcode=CW0060,13297.00,building,CW0060,(Kennedy Town) Ivy On Belcher's / Westview Height / La Maison Du Nord / Shun Cheong Building / The Sail At Victoria / 60 Victoria Road / Mourt Davis 33 / Belcher's Hill / The Kennedy On Belcher's (Kennedy Town 2000's private residential buildings),201405,Month
Central and Western,Kennedy Town,(Kennedy Town) Ivy On Bel...,https://hkdata.centanet.com/BigData/hong-kong/Central%20and%20Western/CHMA/Kennedy-Town/building-group(Kennedy%20Town)%20Ivy%20On%20Belcher's%20%7C%20Westview%20Height%20%7C%20La%20Maison%20Du%20Nord%20%7C%20Shun%20Cheong%20Building%20%7C%20The%20Sail%20At%20Victoria%20%7C%2060%20Victoria%20Road%20%7C%20Mourt%20Davis%2033%20%7C%20Belcher's%20Hill%20%7C%20The%20Kennedy%20On%20Belcher's%20(Kennedy%20Town%202000's%20private%20residential%20buildings)?field=t_pop&sort=default&detailcode=CW0060,13297.00,building,CW0060,(Kennedy Town) Ivy On Belcher's / Westview Height / La Maison Du Nord / Shun Cheong Building / The Sail At Victoria / 60 Victoria Road / Mourt Davis 33 / Belcher's Hill / The Kennedy On Belcher's (Kennedy Town 2000's private residential buildings),201406,Month
Central and Western,Kennedy Town,(Kennedy Town) Ivy On Bel...,https://hkdata.centanet.com/BigData/hong-kong/Central%20and%20Western/CHMA/Kennedy-Town/building-group(Kennedy%20Town)%20Ivy%20On%20Belcher's%20%7C%20Westview%20Height%20%7C%20La%20Maison%20Du%20Nord%20%7C%20Shun%20Cheong%20Building%20%7C%20The%20Sail%20At%20Victoria%20%7C%2060%20Victoria%20Road%20%7C%20Mourt%20Davis%2033%20%7C%20Belcher's%20Hill%20%7C%20The%20Kennedy%20On%20Belcher's%20(Kennedy%20Town%202000's%20private%20residential%20buildings)?field=t_pop&sort=default&detailcode=CW0060,11340.00,building,CW0060,(Kennedy Town) Ivy On Belcher's / Westview Height / La Maison Du Nord / Shun Cheong Building / The Sail At Victoria / 60 Victoria Road / Mourt Davis 33 / Belcher's Hill / The Kennedy On Belcher's (Kennedy Town 2000's private residential buildings),201407,Month
Central and Western,Kennedy Town,(Kennedy Town) Ivy On Bel...,https://hkdata.centanet.com/BigData/hong-kong/Central%20and%20Western/CHMA/Kennedy-Town/building-group(Kennedy%20Town)%20Ivy%20On%20Belcher's%20%7C%20Westview%20Height%20%7C%20La%20Maison%20Du%20Nord%20%7C%20Shun%20Cheong%20Building%20%7C%20The%20Sail%20At%20Victoria%20%7C%2060%20Victoria%20Road%20%7C%20Mourt%20Davis%2033%20%7C%20Belcher's%20Hill%20%7C%20The%20Kennedy%20On%20Belcher's%20(Kennedy%20Town%202000's%20private%20residential%20buildings)?field=t_pop&sort=default&detailcode=CW0060,14761.00,building,CW0060,(Kennedy Town) Ivy On Belcher's / Westview Height / La Maison Du Nord / Shun Cheong Building / The Sail At Victoria / 60 Victoria Road / Mourt Davis 33 / Belcher's Hill / The Kennedy On Belcher's (Kennedy Town 2000's private residential buildings),201408,month
Central and Western,Kennedy Town,(Kennedy Town) Ivy On Bel...,https://hkdata.centanet.com/BigData/hong-kong/Central%20and%20Western/CHMA/Kennedy-Town/building-group(Kennedy%20Town)%20Ivy%20On%20Belcher's%20%7C%20Westview%20Height%20%7C%20La%20Maison%20Du%20Nord%20%7C%20Shun%20Cheong%20Building%20%7C%20The%20Sail%20At%20Victoria%20%7C%2060%20Victoria%20Road%20%7C%20Mourt%20Davis%2033%20%7C%20Belcher's%20Hill%20%7C%20The%20Kennedy%20On%20Belcher's%20(Kennedy%20Town%202000's%20private%20residential%20buildings)?field=t_pop&sort=default&detailcode=CW0060,17024.50,building,CW0060,(Kennedy Town) Ivy On Belcher's / Westview Height / La Maison Du Nord / Shun Cheong Building / The Sail At Victoria / 60 Victoria Road / Mourt Davis 33 / Belcher's Hill / The Kennedy On Belcher's (Kennedy Town 2000's private residential buildings),201409,Month
Central and Western,Kennedy Town,(Kennedy Town) Ivy On Bel...,https://hkdata.centanet.com/BigData/hong-kong/Central%20and%20Western/CHMA/Kennedy-Town/building-group(Kennedy%20Town)%20Ivy%20On%20Belcher's%20%7C%20Westview%20Height%20%7C%20La%20Maison%20Du%20Nord%20%7C%20Shun%20Cheong%20Building%20%7C%20The%20Sail%20At%20Victoria%20%7C%2060%20Victoria%20Road%20%7C%20Mourt%20Davis%2033%20%7C%20Belcher's%20Hill%20%7C%20The%20Kennedy%20On%20Belcher's%20(Kennedy%20Town%202000's%20private%20residential%20buildings)?field=t_pop&sort=default&detailcode=CW0060,13946.00,building,CW0060,(Kennedy Town) Ivy On Belcher's / Westview Height / La Maison Du Nord / Shun Cheong Building / The Sail At Victoria / 60 Victoria Road / Mourt Davis 33 / Belcher's Hill / The Kennedy On Belcher's (Kennedy Town 2000's private residential buildings),201410,Month
Central and Western,Kennedy Town,(Kennedy Town) Ivy On Bel...,https://hkdata.centanet.com/BigData/hong-kong/Central%20and%20Western/CHMA/Kennedy-Town/building-group(Kennedy%20Town)%20Ivy%20On%20Belcher's%20%7C%20Westview%20Height%20%7C%20La%20Maison%20Du%20Nord%20%7C%20Shun%20Cheong%20Building%20%7C%20The%20Sail%20At%20Victoria%20%7C%2060%20Victoria%20Road%20%7C%20Mourt%20Davis%2033%20%7C%20Belcher's%20Hill%20%7C%20The%20Kennedy%20On%20Belcher's%20(Kennedy%20Town%202000's%20private%20residential%20buildings)?field=t_pop&sort=default&detailcode=CW0060,17012.50,building,CW0060,(Kennedy Town) Ivy On Belcher's / Westview Height / La Maison Du Nord / Shun Cheong Building / The Sail At Victoria / 60 Victoria Road / Mourt Davis 33 / Belcher's Hill / The Kennedy On Belcher's (Kennedy Town 2000's private residential buildings),201411,Month
Central and Western,Kennedy Town,(Kennedy Town) Ivy On Bel...,https://hkdata.centanet.com/BigData/hong-kong/Central%20and%20Western/CHMA/Kennedy-Town/building-group(Kennedy%20Town)%20Ivy%20On%20Belcher's%20%7C%20Westview%20Height%20%7C%20La%20Maison%20Du%20Nord%20%7C%20Shun%20Cheong%20Building%20%7C%20The%20Sail%20At%20Victoria%20%7C%2060%20Victoria%20Road%20%7C%20Mourt%20Davis%2033%20%7C%20Belcher's%20Hill%20%7C%20The%20Kennedy%20On%20Belcher's%20(Kennedy%20Town%202000's%20private%20residential%20buildings)?field=t_pop&sort=default&detailcode=CW0060,16428.67,building,CW0060,(Kennedy Town) Ivy On Belcher's / Westview Height / La Maison Du Nord / Shun Cheong Building / The Sail At Victoria / 60 Victoria Road / Mourt Davis 33 / Belcher's Hill / The Kennedy On Belcher's (Kennedy Town 2000's private residential buildings),201412,Month
Central and Western,Kennedy Town,(Kennedy Town) Ivy On Bel...,https://hkdata.centanet.com/BigData/hong-kong/Central%20and%20Western/CHMA/Kennedy-Town/building-group(Kennedy%20Town)%20Ivy%20On%20Belcher's%20%7C%20Westview%20Height%20%7C%20La%20Maison%20Du%20Nord%20%7C%20Shun%20Cheong%20Building%20%7C%20The%20Sail%20At%20Victoria%20%7C%2060%20Victoria%20Road%20%7C%20Mourt%20Davis%2033%20%7C%20Belcher's%20Hill%20%7C%20The%20Kennedy%20On%20Belcher's%20(Kennedy%20Town%202000's%20private%20residential%20buildings)?field=t_pop&sort=default&detailcode=CW0060,16074.00,building,CW0060,(Kennedy Town) Ivy On Belcher's / Westview Height / La Maison Du Nord / Shun Cheong Building / The Sail At Victoria / 60 Victoria Road / Mourt Davis 33 / Belcher's Hill / The Kennedy On Belcher's (Kennedy Town 2000's private residential buildings),2014Q1,Quarter
Central and Western,Kennedy Town,(Kennedy Town) Ivy On Bel...,https://hkdata.centanet.com/BigData/hong-kong/Central%20and%20Western/CHMA/Kennedy-Town/building-group(Kennedy%20Town)%20Ivy%20On%20Belcher's%20%7C%20Westview%20Height%20%7C%20La%20Maison%20Du%20Nord%20%7C%20Shun%20Cheong%20Building%20%7C%20The%20Sail%20At%20Victoria%20%7C%2060%20Victoria%20Road%20%7C%20Mourt%20Davis%2033%20%7C%20Belcher's%20Hill%20%7C%20The%20Kennedy%20On%20Belcher's%20(Kennedy%20Town%202000's%20private%20residential%20buildings)?field=t_pop&sort=default&detailcode=CW0060,10569.67,building,CW0060,(Kennedy Town) Ivy On Belcher's / Westview Height / La Maison Du Nord / Shun Cheong Building / The Sail At Victoria / 60 Victoria Road / Mourt Davis 33 / Belcher's Hill / The Kennedy On Belcher's (Kennedy Town 2000's private residential buildings),2014Q2,Quarter
Central and Western,Kennedy Town,(Kennedy Town) Ivy On Bel...,https://hkdata.centanet.com/BigData/hong-kong/Central%20and%20Western/CHMA/Kennedy-Town/building-group(Kennedy%20Town)%20Ivy%20On%20Belcher's%20%7C%20Westview%20Height%20%7C%20La%20Maison%20Du%20Nord%20%7C%20Shun%20Cheong%20Building%20%7C%20The%20Sail%20At%20Victoria%20%7C%2060%20Victoria%20Road%20%7C%20Mourt%20Davis%2033%20%7C%20Belcher's%20Hill%20%7C%20The%20Kennedy%20On%20Belcher's%20(Kennedy%20Town%202000's%20private%20residential%20buildings)?field=t_pop&sort=default&detailcode=CW0060,14298.00,building,CW0060,(Kennedy Town) Ivy On Belcher's / Westview Height / La Maison Du Nord / Shun Cheong Building / The Sail At Victoria / 60 Victoria Road / Mourt Davis 33 / Belcher's Hill / The Kennedy On Belcher's (Kennedy Town 2000's private residential buildings),2014Q3,Quarter
Central and Western,Kennedy Town,(Kennedy Town) Ivy On Bel...,https://hkdata.centanet.com/BigData/hong-kong/Central%20and%20Western/CHMA/Kennedy-Town/building-group(Kennedy%20Town)%20Ivy%20On%20Belcher's%20%7C%20Westview%20Height%20%7C%20La%20Maison%20Du%20Nord%20%7C%20Shun%20Cheong%20Building%20%7C%20The%20Sail%20At%20Victoria%20%7C%2060%20Victoria%20Road%20%7C%20Mourt%20Davis%2033%20%7C%20Belcher's%20Hill%20%7C%20The%20Kennedy%20On%20Belcher's%20(Kennedy%20Town%202000's%20private%20residential%20buildings)?field=t_pop&sort=default&detailcode=CW0060,16209.50,building,CW0060,(Kennedy Town) Ivy On Belcher's / Westview Height / La Maison Du Nord / Shun Cheong Building / The Sail At Victoria / 60 Victoria Road / Mourt Davis 33 / Belcher's Hill / The Kennedy On Belcher's (Kennedy Town 2000's private residential buildings),2014Q4,Quarter
Central and Western,Kennedy Town,(Kennedy Town) Ivy On Bel...,https://hkdata.centanet.com/BigData/hong-kong/Central%20and%20Western/CHMA/Kennedy-Town/building-group(Kennedy%20Town)%20Ivy%20On%20Belcher's%20%7C%20Westview%20Height%20%7C%20La%20Maison%20Du%20Nord%20%7C%20Shun%20Cheong%20Building%20%7C%20The%20Sail%20At%20Victoria%20%7C%2060%20Victoria%20Road%20%7C%20Mourt%20Davis%2033%20%7C%20Belcher's%20Hill%20%7C%20The%20Kennedy%20On%20Belcher's%20(Kennedy%20Town%202000's%20private%20residential%20buildings)?field=t_pop&sort=default&detailcode=CW0060,16031.43,building,CW0060,(Kennedy Town) Ivy On Belcher's / Westview Height / La Maison Du Nord / Shun Cheong Building / The Sail At Victoria / 60 Victoria Road / Mourt Davis 33 / Belcher's Hill / The Kennedy On Belcher's (Kennedy Town 2000's private residential buildings),2015,year
Central and Western,Kennedy Town,(Kennedy Town) Ivy On Bel...,https://hkdata.centanet.com/BigData/hong-kong/Central%20and%20Western/CHMA/Kennedy-Town/building-group(Kennedy%20Town)%20Ivy%20On%20Belcher's%20%7C%20Westview%20Height%20%7C%20La%20Maison%20Du%20Nord%20%7C%20Shun%20Cheong%20Building%20%7C%20The%20Sail%20At%20Victoria%20%7C%2060%20Victoria%20Road%20%7C%20Mourt%20Davis%2033%20%7C%20Belcher's%20Hill%20%7C%20The%20Kennedy%20On%20Belcher's%20(Kennedy%20Town%202000's%20private%20residential%20buildings)?field=t_pop&sort=default&detailcode=CW0060,17076.70,building,CW0060,(Kennedy Town) Ivy On Belcher's / Westview Height / La Maison Du Nord / Shun Cheong Building / The Sail At Victoria / 60 Victoria Road / Mourt Davis 33 / Belcher's Hill / The Kennedy On Belcher's (Kennedy Town 2000's private residential buildings),2015_1,HalfYear
Central and Western,Kennedy Town,(Kennedy Town) Ivy On Bel...,https://hkdata.centanet.com/BigData/hong-kong/Central%20and%20Western/CHMA/Kennedy-Town/building-group(Kennedy%20Town)%20Ivy%20On%20Belcher's%20%7C%20Westview%20Height%20%7C%20La%20Maison%20Du%20Nord%20%7C%20Shun%20Cheong%20Building%20%7C%20The%20Sail%20At%20Victoria%20%7C%2060%20Victoria%20Road%20%7C%20Mourt%20Davis%2033%20%7C%20Belcher's%20Hill%20%7C%20The%20Kennedy%20On%20Belcher's%20(Kennedy%20Town%202000's%20private%20residential%20buildings)?field=t_pop&sort=default&detailcode=CW0060,15081.18,building,CW0060,(Kennedy Town) Ivy On Belcher's / Westview Height / La Maison Du Nord / Shun Cheong Building / The Sail At Victoria / 60 Victoria Road / Mourt Davis 33 / Belcher's Hill / The Kennedy On Belcher's (Kennedy Town 2000's private residential buildings),2015_2,HalfYear
Central and Western,Kennedy Town,(Kennedy Town) Ivy On Bel...,https://hkdata.centanet.com/BigData/hong-kong/Central%20and%20Western/CHMA/Kennedy-Town/building-group(Kennedy%20Town)%20Ivy%20On%20Belcher's%20%7C%20Westview%20Height%20%7C%20La%20Maison%20Du%20Nord%20%7C%20Shun%20Cheong%20Building%20%7C%20The%20Sail%20At%20Victoria%20%7C%2060%20Victoria%20Road%20%7C%20Mourt%20Davis%2033%20%7C%20Belcher's%20Hill%20%7C%20The%20Kennedy%20On%20Belcher's%20(Kennedy%20Town%202000's%20private%20residential%20buildings)?field=t_pop&sort=default&detailcode=CW0060,17114.00,building,CW0060,(Kennedy Town) Ivy On Belcher's / Westview Height / La Maison Du Nord / Shun Cheong Building / The Sail At Victoria / 60 Victoria Road / Mourt Davis 33 / Belcher's Hill / The Kennedy On Belcher's (Kennedy Town 2000's private residential buildings),201501,Month
Central and Western,Kennedy Town,(Kennedy Town) Ivy On Bel...,https://hkdata.centanet.com/BigData/hong-kong/Central%20and%20Western/CHMA/Kennedy-Town/building-group(Kennedy%20Town)%20Ivy%20On%20Belcher's%20%7C%20Westview%20Height%20%7C%20La%20Maison%20Du%20Nord%20%7C%20Shun%20Cheong%20Building%20%7C%20The%20Sail%20At%20Victoria%20%7C%2060%20Victoria%20Road%20%7C%20Mourt%20Davis%2033%20%7C%20Belcher's%20Hill%20%7C%20The%20Kennedy%20On%20Belcher's%20(Kennedy%20Town%202000's%20private%20residential%20buildings)?field=t_pop&sort=default&detailcode=CW0060,21616.00,building,CW0060,(Kennedy Town) Ivy On Belcher's / Westview Height / La Maison Du Nord / Shun Cheong Building / The Sail At Victoria / 60 Victoria Road / Mourt Davis 33 / Belcher's Hill / The Kennedy On Belcher's (Kennedy Town 2000's private residential buildings),201502,Month
Central and Western,Kennedy Town,(Kennedy Town) Ivy On Bel...,https://hkdata.centanet.com/BigData/hong-kong/Central%20and%20Western/CHMA/Kennedy-Town/building-group(Kennedy%20Town)%20Ivy%20On%20Belcher's%20%7C%20Westview%20Height%20%7C%20La%20Maison%20Du%20Nord%20%7C%20Shun%20Cheong%20Building%20%7C%20The%20Sail%20At%20Victoria%20%7C%2060%20Victoria%20Road%20%7C%20Mourt%20Davis%2033%20%7C%20Belcher's%20Hill%20%7C%20The%20Kennedy%20On%20Belcher's%20(Kennedy%20Town%202000's%20private%20residential%20buildings)?field=t_pop&sort=default&detailcode=CW0060,19505.00,building,CW0060,(Kennedy Town) Ivy On Belcher's / Westview Height / La Maison Du Nord / Shun Cheong Building / The Sail At Victoria / 60 Victoria Road / Mourt Davis 33 / Belcher's Hill / The Kennedy On Belcher's (Kennedy Town 2000's private residential buildings),201503,Month
Central and Western,Kennedy Town,(Kennedy Town) Ivy On Bel...,https://hkdata.centanet.com/BigData/hong-kong/Central%20and%20Western/CHMA/Kennedy-Town/building-group(Kennedy%20Town)%20Ivy%20On%20Belcher's%20%7C%20Westview%20Height%20%7C%20La%20Maison%20Du%20Nord%20%7C%20Shun%20Cheong%20Building%20%7C%20The%20Sail%20At%20Victoria%20%7C%2060%20Victoria%20Road%20%7C%20Mourt%20Davis%2033%20%7C%20Belcher's%20Hill%20%7C%20The%20Kennedy%20On%20Belcher's%20(Kennedy%20Town%202000's%20private%20residential%20buildings)?field=t_pop&sort=default&detailcode=CW0060,15286.00,building,CW0060,(Kennedy Town) Ivy On Belcher's / Westview Height / La Maison Du Nord / Shun Cheong Building / The Sail At Victoria / 60 Victoria Road / Mourt Davis 33 / Belcher's Hill / The Kennedy On Belcher's (Kennedy Town 2000's private residential buildings),201504,Month
Central and Western,Kennedy Town,(Kennedy Town) Ivy On Bel...,https://hkdata.centanet.com/BigData/hong-kong/Central%20and%20Western/CHMA/Kennedy-Town/building-group(Kennedy%20Town)%20Ivy%20On%20Belcher's%20%7C%20Westview%20Height%20%7C%20La%20Maison%20Du%20Nord%20%7C%20Shun%20Cheong%20Building%20%7C%20The%20Sail%20At%20Victoria%20%7C%2060%20Victoria%20Road%20%7C%20Mourt%20Davis%2033%20%7C%20Belcher's%20Hill%20%7C%20The%20Kennedy%20On%20Belcher's%20(Kennedy%20Town%202000's%20private%20residential%20buildings)?field=t_pop&sort=default&detailcode=CW0060,17248.50,building,CW0060,(Kennedy Town) Ivy On Belcher's / Westview Height / La Maison Du Nord / Shun Cheong Building / The Sail At Victoria / 60 Victoria Road / Mourt Davis 33 / Belcher's Hill / The Kennedy On Belcher's (Kennedy Town 2000's private residential buildings),201505,Month
Central and Western,Kennedy Town,(Kennedy Town) Ivy On Bel...,https://hkdata.centanet.com/BigData/hong-kong/Central%20and%20Western/CHMA/Kennedy-Town/building-group(Kennedy%20Town)%20Ivy%20On%20Belcher's%20%7C%20Westview%20Height%20%7C%20La%20Maison%20Du%20Nord%20%7C%20Shun%20Cheong%20Building%20%7C%20The%20Sail%20At%20Victoria%20%7C%2060%20Victoria%20Road%20%7C%20Mourt%20Davis%2033%20%7C%20Belcher's%20Hill%20%7C%20The%20Kennedy%20On%20Belcher's%20(Kennedy%20Town%202000's%20private%20residential%20buildings)?field=t_pop&sort=default&detailcode=CW0060,15687.25,building,CW0060,(Kennedy Town) Ivy On Belcher's / Westview Height / La Maison Du Nord / Shun Cheong Building / The Sail At Victoria / 60 Victoria Road / Mourt Davis 33 / Belcher's Hill / The Kennedy On Belcher's (Kennedy Town 2000's private residential buildings),201506,Month
Central and Western,Kennedy Town,(Kennedy Town) Ivy On Bel...,https://hkdata.centanet.com/BigData/hong-kong/Central%20and%20Western/CHMA/Kennedy-Town/building-group(Kennedy%20Town)%20Ivy%20On%20Belcher's%20%7C%20Westview%20Height%20%7C%20La%20Maison%20Du%20Nord%20%7C%20Shun%20Cheong%20Building%20%7C%20The%20Sail%20At%20Victoria%20%7C%2060%20Victoria%20Road%20%7C%20Mourt%20Davis%2033%20%7C%20Belcher's%20Hill%20%7C%20The%20Kennedy%20On%20Belcher's%20(Kennedy%20Town%202000's%20private%20residential%20buildings)?field=t_pop&sort=default&detailcode=CW0060,13929.33,building,CW0060,(Kennedy Town) Ivy On Belcher's / Westview Height / La Maison Du Nord / Shun Cheong Building / The Sail At Victoria / 60 Victoria Road / Mourt Davis 33 / Belcher's Hill / The Kennedy On Belcher's (Kennedy Town 2000's private residential buildings),201507,Month
Central and Western,Kennedy Town,(Kennedy Town) Ivy On Bel...,https://hkdata.centanet.com/BigData/hong-kong/Central%20and%20Western/CHMA/Kennedy-Town/building-group(Kennedy%20Town)%20Ivy%20On%20Belcher's%20%7C%20Westview%20Height%20%7C%20La%20Maison%20Du%20Nord%20%7C%20Shun%20Cheong%20Building%20%7C%20The%20Sail%20At%20Victoria%20%7C%2060%20Victoria%20Road%20%7C%20Mourt%20Davis%2033%20%7C%20Belcher's%20Hill%20%7C%20The%20Kennedy%20On%20Belcher's%20(Kennedy%20Town%202000's%20private%20residential%20buildings)?field=t_pop&sort=default&detailcode=CW0060,18574.33,building,CW0060,(Kennedy Town) Ivy On Belcher's / Westview Height / La Maison Du Nord / Shun Cheong Building / The Sail At Victoria / 60 Victoria Road / Mourt Davis 33 / Belcher's Hill / The Kennedy On Belcher's (Kennedy Town 2000's private residential buildings),201508,Month
Central and Western,Kennedy Town,(Kennedy Town) Ivy On Bel...,https://hkdata.centanet.com/BigData/hong-kong/Central%20and%20Western/CHMA/Kennedy-Town/building-group(Kennedy%20Town)%20Ivy%20On%20Belcher's%20%7C%20Westview%20Height%20%7C%20La%20Maison%20Du%20Nord%20%7C%20Shun%20Cheong%20Building%20%7C%20The%20Sail%20At%20Victoria%20%7C%2060%20Victoria%20Road%20%7C%20Mourt%20Davis%2033%20%7C%20Belcher's%20Hill%20%7C%20The%20Kennedy%20On%20Belcher's%20(Kennedy%20Town%202000's%20private%20residential%20buildings)?field=t_pop&sort=default&detailcode=CW0060,12087.00,building,CW0060,(Kennedy Town) Ivy On Belcher's / Westview Height / La Maison Du Nord / Shun Cheong Building / The Sail At Victoria / 60 Victoria Road / Mourt Davis 33 / Belcher's Hill / The Kennedy On Belcher's (Kennedy Town 2000's private residential buildings),201509,Month
Central and Western,Kennedy Town,(Kennedy Town) Ivy On Bel...,https://hkdata.centanet.com/BigData/hong-kong/Central%20and%20Western/CHMA/Kennedy-Town/building-group(Kennedy%20Town)%20Ivy%20On%20Belcher's%20%7C%20Westview%20Height%20%7C%20La%20Maison%20Du%20Nord%20%7C%20Shun%20Cheong%20Building%20%7C%20The%20Sail%20At%20Victoria%20%7C%2060%20Victoria%20Road%20%7C%20Mourt%20Davis%2033%20%7C%20Belcher's%20Hill%20%7C%20The%20Kennedy%20On%20Belcher's%20(Kennedy%20Town%202000's%20private%20residential%20buildings)?field=t_pop&sort=default&detailcode=CW0060,16387.00,building,CW0060,(Kennedy Town) Ivy On Belcher's / Westview Height / La Maison Du Nord / Shun Cheong Building / The Sail At Victoria / 60 Victoria Road / Mourt Davis 33 / Belcher's Hill / The Kennedy On Belcher's (Kennedy Town 2000's private residential buildings),201510,Month
Central and Western,Kennedy Town,(Kennedy Town) Ivy On Bel...,https://hkdata.centanet.com/BigData/hong-kong/Central%20and%20Western/CHMA/Kennedy-Town/building-group(Kennedy%20Town)%20Ivy%20On%20Belcher's%20%7C%20Westview%20Height%20%7C%20La%20Maison%20Du%20Nord%20%7C%20Shun%20Cheong%20Building%20%7C%20The%20Sail%20At%20Victoria%20%7C%2060%20Victoria%20Road%20%7C%20Mourt%20Davis%2033%20%7C%20Belcher's%20Hill%20%7C%20The%20Kennedy%20On%20Belcher's%20(Kennedy%20Town%202000's%20private%20residential%20buildings)?field=t_pop&sort=default&detailcode=CW0060,15475.00,building,CW0060,(Kennedy Town) Ivy On Belcher's / Westview Height / La Maison Du Nord / Shun Cheong Building / The Sail At Victoria / 60 Victoria Road / Mourt Davis 33 / Belcher's Hill / The Kennedy On Belcher's (Kennedy Town 2000's private residential buildings),201511,Month
Central and Western,Kennedy Town,(Kennedy Town) Ivy On Bel...,https://hkdata.centanet.com/BigData/hong-kong/Central%20and%20Western/CHMA/Kennedy-Town/building-group(Kennedy%20Town)%20Ivy%20On%20Belcher's%20%7C%20Westview%20Height%20%7C%20La%20Maison%20Du%20Nord%20%7C%20Shun%20Cheong%20Building%20%7C%20The%20Sail%20At%20Victoria%20%7C%2060%20Victoria%20Road%20%7C%20Mourt%20Davis%2033%20%7C%20Belcher's%20Hill%20%7C%20The%20Kennedy%20On%20Belcher's%20(Kennedy%20Town%202000's%20private%20residential%20buildings)?field=t_pop&sort=default&detailcode=CW0060,12346.00,building,CW0060,(Kennedy Town) Ivy On Belcher's / Westview Height / La Maison Du Nord / Shun Cheong Building / The Sail At Victoria / 60 Victoria Road / Mourt Davis 33 / Belcher's Hill / The Kennedy On Belcher's (Kennedy Town 2000's private residential buildings),201512,Month
Central and Western,Kennedy Town,(Kennedy Town) Ivy On Bel...,https://hkdata.centanet.com/BigData/hong-kong/Central%20and%20Western/CHMA/Kennedy-Town/building-group(Kennedy%20Town)%20Ivy%20On%20Belcher's%20%7C%20Westview%20Height%20%7C%20La%20Maison%20Du%20Nord%20%7C%20Shun%20Cheong%20Building%20%7C%20The%20Sail%20At%20Victoria%20%7C%2060%20Victoria%20Road%20%7C%20Mourt%20Davis%2033%20%7C%20Belcher's%20Hill%20%7C%20The%20Kennedy%20On%20Belcher's%20(Kennedy%20Town%202000's%20private%20residential%20buildings)?field=t_pop&sort=default&detailcode=CW0060,19411.67,building,CW0060,(Kennedy Town) Ivy On Belcher's / Westview Height / La Maison Du Nord / Shun Cheong Building / The Sail At Victoria / 60 Victoria Road / Mourt Davis 33 / Belcher's Hill / The Kennedy On Belcher's (Kennedy Town 2000's private residential buildings),2015Q1,Quarter
Central and Western,Kennedy Town,(Kennedy Town) Ivy On Bel...,https://hkdata.centanet.com/BigData/hong-kong/Central%20and%20Western/CHMA/Kennedy-Town/building-group(Kennedy%20Town)%20Ivy%20On%20Belcher's%20%7C%20Westview%20Height%20%7C%20La%20Maison%20Du%20Nord%20%7C%20Shun%20Cheong%20Building%20%7C%20The%20Sail%20At%20Victoria%20%7C%2060%20Victoria%20Road%20%7C%20Mourt%20Davis%2033%20%7C%20Belcher's%20Hill%20%7C%20The%20Kennedy%20On%20Belcher's%20(Kennedy%20Town%202000's%20private%20residential%20buildings)?field=t_pop&sort=default&detailcode=CW0060,16076.00,building,CW0060,(Kennedy Town) Ivy On Belcher's / Westview Height / La Maison Du Nord / Shun Cheong Building / The Sail At Victoria / 60 Victoria Road / Mourt Davis 33 / Belcher's Hill / The Kennedy On Belcher's (Kennedy Town 2000's private residential buildings),2015Q2,quarter
Central and Western,Kennedy Town,(Kennedy Town) Ivy On Bel...,https://hkdata.centanet.com/BigData/hong-kong/Central%20and%20Western/CHMA/Kennedy-Town/building-group(Kennedy%20Town)%20Ivy%20On%20Belcher's%20%7C%20Westview%20Height%20%7C%20La%20Maison%20Du%20Nord%20%7C%20Shun%20Cheong%20Building%20%7C%20The%20Sail%20At%20Victoria%20%7C%2060%20Victoria%20Road%20%7C%20Mourt%20Davis%2033%20%7C%20Belcher's%20Hill%20%7C%20The%20Kennedy%20On%20Belcher's%20(Kennedy%20Town%202000's%20private%20residential%20buildings)?field=t_pop&sort=default&detailcode=CW0060,15210.63,building,CW0060,(Kennedy Town) Ivy On Belcher's / Westview Height / La Maison Du Nord / Shun Cheong Building / The Sail At Victoria / 60 Victoria Road / Mourt Davis 33 / Belcher's Hill / The Kennedy On Belcher's (Kennedy Town 2000's private residential buildings),2015Q3,quarter
Central and Western,Kennedy Town,(Kennedy Town) Ivy On Bel...,https://hkdata.centanet.com/BigData/hong-kong/Central%20and%20Western/CHMA/Kennedy-Town/building-group(Kennedy%20Town)%20Ivy%20On%20Belcher's%20%7C%20Westview%20Height%20%7C%20La%20Maison%20Du%20Nord%20%7C%20Shun%20Cheong%20Building%20%7C%20The%20Sail%20At%20Victoria%20%7C%2060%20Victoria%20Road%20%7C%20Mourt%20Davis%2033%20%7C%20Belcher's%20Hill%20%7C%20The%20Kennedy%20On%20Belcher's%20(Kennedy%20Town%202000's%20private%20residential%20buildings)?field=t_pop&sort=default&detailcode=CW0060,14736.00,building,CW0060,(Kennedy Town) Ivy On Belcher's / Westview Height / La Maison Du Nord / Shun Cheong Building / The Sail At Victoria / 60 Victoria Road / Mourt Davis 33 / Belcher's Hill / The Kennedy On Belcher's (Kennedy Town 2000's private residential buildings),2015Q4,quarter
Central and Western,Kennedy Town,(Kennedy Town) Ivy On Bel...,https://hkdata.centanet.com/BigData/hong-kong/Central%20and%20Western/CHMA/Kennedy-Town/building-group(Kennedy%20Town)%20Ivy%20On%20Belcher's%20%7C%20Westview%20Height%20%7C%20La%20Maison%20Du%20Nord%20%7C%20Shun%20Cheong%20Building%20%7C%20The%20Sail%20At%20Victoria%20%7C%2060%20Victoria%20Road%20%7C%20Mourt%20Davis%2033%20%7C%20Belcher's%20Hill%20%7C%20The%20Kennedy%20On%20Belcher's%20(Kennedy%20Town%202000's%20private%20residential%20buildings)?field=t_pop&sort=default&detailcode=CW0060,17047.37,building,CW0060,(Kennedy Town) Ivy On Belcher's / Westview Height / La Maison Du Nord / Shun Cheong Building / The Sail At Victoria / 60 Victoria Road / Mourt Davis 33 / Belcher's Hill / The Kennedy On Belcher's (Kennedy Town 2000's private residential buildings),2016,Year
Central and Western,Kennedy Town,(Kennedy Town) Ivy On Bel...,https://hkdata.centanet.com/BigData/hong-kong/Central%20and%20Western/CHMA/Kennedy-Town/building-group(Kennedy%20Town)%20Ivy%20On%20Belcher's%20%7C%20Westview%20Height%20%7C%20La%20Maison%20Du%20Nord%20%7C%20Shun%20Cheong%20Building%20%7C%20The%20Sail%20At%20Victoria%20%7C%2060%20Victoria%20Road%20%7C%20Mourt%20Davis%2033%20%7C%20Belcher's%20Hill%20%7C%20The%20Kennedy%20On%20Belcher's%20(Kennedy%20Town%202000's%20private%20residential%20buildings)?field=t_pop&sort=default&detailcode=CW0060,14083.60,building,CW0060,(Kennedy Town) Ivy On Belcher's / Westview Height / La Maison Du Nord / Shun Cheong Building / The Sail At Victoria / 60 Victoria Road / Mourt Davis 33 / Belcher's Hill / The Kennedy On Belcher's (Kennedy Town 2000's private residential buildings),2016_1,HalfYear
Central and Western,Kennedy Town,(Kennedy Town) Ivy On Bel...,https://hkdata.centanet.com/BigData/hong-kong/Central%20and%20Western/CHMA/Kennedy-Town/building-group(Kennedy%20Town)%20Ivy%20On%20Belcher's%20%7C%20Westview%20Height%20%7C%20La%20Maison%20Du%20Nord%20%7C%20Shun%20Cheong%20Building%20%7C%20The%20Sail%20At%20Victoria%20%7C%2060%20Victoria%20Road%20%7C%20Mourt%20Davis%2033%20%7C%20Belcher's%20Hill%20%7C%20The%20Kennedy%20On%20Belcher's%20(Kennedy%20Town%202000's%20private%20residential%20buildings)?field=t_pop&sort=default&detailcode=CW0060,17720.96,building,CW0060,(Kennedy Town) Ivy On Belcher's / Westview Height / La Maison Du Nord / Shun Cheong Building / The Sail At Victoria / 60 Victoria Road / Mourt Davis 33 / Belcher's Hill / The Kennedy On Belcher's (Kennedy Town 2000's private residential buildings),2016_2,HalfYear
Central and Western,Kennedy Town,(Kennedy Town) Ivy On Bel...,https://hkdata.centanet.com/BigData/hong-kong/Central%20and%20Western/CHMA/Kennedy-Town/building-group(Kennedy%20Town)%20Ivy%20On%20Belcher's%20%7C%20Westview%20Height%20%7C%20La%20Maison%20Du%20Nord%20%7C%20Shun%20Cheong%20Building%20%7C%20The%20Sail%20At%20Victoria%20%7C%2060%20Victoria%20Road%20%7C%20Mourt%20Davis%2033%20%7C%20Belcher's%20Hill%20%7C%20The%20Kennedy%20On%20Belcher's%20(Kennedy%20Town%202000's%20private%20residential%20buildings)?field=t_pop&sort=default&detailcode=CW0060,12346.00,building,CW0060,(Kennedy Town) Ivy On Belcher's / Westview Height / La Maison Du Nord / Shun Cheong Building / The Sail At Victoria / 60 Victoria Road / Mourt Davis 33 / Belcher's Hill / The Kennedy On Belcher's (Kennedy Town 2000's private residential buildings),201601,Month
Central and Western,Kennedy Town,(Kennedy Town) Ivy On Bel...,https://hkdata.centanet.com/BigData/hong-kong/Central%20and%20Western/CHMA/Kennedy-Town/building-group(Kennedy%20Town)%20Ivy%20On%20Belcher's%20%7C%20Westview%20Height%20%7C%20La%20Maison%20Du%20Nord%20%7C%20Shun%20Cheong%20Building%20%7C%20The%20Sail%20At%20Victoria%20%7C%2060%20Victoria%20Road%20%7C%20Mourt%20Davis%2033%20%7C%20Belcher's%20Hill%20%7C%20The%20Kennedy%20On%20Belcher's%20(Kennedy%20Town%202000's%20private%20residential%20buildings)?field=t_pop&sort=default&detailcode=CW0060,12346.00,building,CW0060,(Kennedy Town) Ivy On Belcher's / Westview Height / La Maison Du Nord / Shun Cheong Building / The Sail At Victoria / 60 Victoria Road / Mourt Davis 33 / Belcher's Hill / The Kennedy On Belcher's (Kennedy Town 2000's private residential buildings),201602,Month
Central and Western,Kennedy Town,(Kennedy Town) Ivy On Bel...,https://hkdata.centanet.com/BigData/hong-kong/Central%20and%20Western/CHMA/Kennedy-Town/building-group(Kennedy%20Town)%20Ivy%20On%20Belcher's%20%7C%20Westview%20Height%20%7C%20La%20Maison%20Du%20Nord%20%7C%20Shun%20Cheong%20Building%20%7C%20The%20Sail%20At%20Victoria%20%7C%2060%20Victoria%20Road%20%7C%20Mourt%20Davis%2033%20%7C%20Belcher's%20Hill%20%7C%20The%20Kennedy%20On%20Belcher's%20(Kennedy%20Town%202000's%20private%20residential%20buildings)?field=t_pop&sort=default&detailcode=CW0060,15627.00,building,CW0060,(Kennedy Town) Ivy On Belcher's / Westview Height / La Maison Du Nord / Shun Cheong Building / The Sail At Victoria / 60 Victoria Road / Mourt Davis 33 / Belcher's Hill / The Kennedy On Belcher's (Kennedy Town 2000's private residential buildings),201603,Month
Central and Western,Kennedy Town,(Kennedy Town) Ivy On Bel...,https://hkdata.centanet.com/BigData/hong-kong/Central%20and%20Western/CHMA/Kennedy-Town/building-group(Kennedy%20Town)%20Ivy%20On%20Belcher's%20%7C%20Westview%20Height%20%7C%20La%20Maison%20Du%20Nord%20%7C%20Shun%20Cheong%20Building%20%7C%20The%20Sail%20At%20Victoria%20%7C%2060%20Victoria%20Road%20%7C%20Mourt%20Davis%2033%20%7C%20Belcher's%20Hill%20%7C%20The%20Kennedy%20On%20Belcher's%20(Kennedy%20Town%202000's%20private%20residential%20buildings)?field=t_pop&sort=default&detailcode=CW0060,11453.00,building,CW0060,(Kennedy Town) Ivy On Belcher's / Westview Height / La Maison Du Nord / Shun Cheong Building / The Sail At Victoria / 60 Victoria Road / Mourt Davis 33 / Belcher's Hill / The Kennedy On Belcher's (Kennedy Town 2000's private residential buildings),201604,Month
Central and Western,Kennedy Town,(Kennedy Town) Ivy On Bel...,https://hkdata.centanet.com/BigData/hong-kong/Central%20and%20Western/CHMA/Kennedy-Town/building-group(Kennedy%20Town)%20Ivy%20On%20Belcher's%20%7C%20Westview%20Height%20%7C%20La%20Maison%20Du%20Nord%20%7C%20Shun%20Cheong%20Building%20%7C%20The%20Sail%20At%20Victoria%20%7C%2060%20Victoria%20Road%20%7C%20Mourt%20Davis%2033%20%7C%20Belcher's%20Hill%20%7C%20The%20Kennedy%20On%20Belcher's%20(Kennedy%20Town%202000's%20private%20residential%20buildings)?field=t_pop&sort=default&detailcode=CW0060,11453.00,building,CW0060,(Kennedy Town) Ivy On Belcher's / Westview Height / La Maison Du Nord / Shun Cheong Building / The Sail At Victoria / 60 Victoria Road / Mourt Davis 33 / Belcher's Hill / The Kennedy On Belcher's (Kennedy Town 2000's private residential buildings),201605,Month
Central and Western,Kennedy Town,(Kennedy Town) Ivy On Bel...,https://hkdata.centanet.com/BigData/hong-kong/Central%20and%20Western/CHMA/Kennedy-Town/building-group(Kennedy%20Town)%20Ivy%20On%20Belcher's%20%7C%20Westview%20Height%20%7C%20La%20Maison%20Du%20Nord%20%7C%20Shun%20Cheong%20Building%20%7C%20The%20Sail%20At%20Victoria%20%7C%2060%20Victoria%20Road%20%7C%20Mourt%20Davis%2033%20%7C%20Belcher's%20Hill%20%7C%20The%20Kennedy%20On%20Belcher's%20(Kennedy%20Town%202000's%20private%20residential%20buildings)?field=t_pop&sort=default&detailcode=CW0060,16258.00,building,CW0060,(Kennedy Town) Ivy On Belcher's / Westview Height / La Maison Du Nord / Shun Cheong Building / The Sail At Victoria / 60 Victoria Road / Mourt Davis 33 / Belcher's Hill / The Kennedy On Belcher's (Kennedy Town 2000's private residential buildings),201606,Month
Central and Western,Kennedy Town,(Kennedy Town) Ivy On Bel...,https://hkdata.centanet.com/BigData/hong-kong/Central%20and%20Western/CHMA/Kennedy-Town/building-group(Kennedy%20Town)%20Ivy%20On%20Belcher's%20%7C%20Westview%20Height%20%7C%20La%20Maison%20Du%20Nord%20%7C%20Shun%20Cheong%20Building%20%7C%20The%20Sail%20At%20Victoria%20%7C%2060%20Victoria%20Road%20%7C%20Mourt%20Davis%2033%20%7C%20Belcher's%20Hill%20%7C%20The%20Kennedy%20On%20Belcher's%20(Kennedy%20Town%202000's%20private%20residential%20buildings)?field=t_pop&sort=default&detailcode=CW0060,16492.67,building,CW0060,(Kennedy Town) Ivy On Belcher's / Westview Height / La Maison Du Nord / Shun Cheong Building / The Sail At Victoria / 60 Victoria Road / Mourt Davis 33 / Belcher's Hill / The Kennedy On Belcher's (Kennedy Town 2000's private residential buildings),201607,Month
Central and Western,Kennedy Town,(Kennedy Town) Ivy On Bel...,https://hkdata.centanet.com/BigData/hong-kong/Central%20and%20Western/CHMA/Kennedy-Town/building-group(Kennedy%20Town)%20Ivy%20On%20Belcher's%20%7C%20Westview%20Height%20%7C%20La%20Maison%20Du%20Nord%20%7C%20Shun%20Cheong%20Building%20%7C%20The%20Sail%20At%20Victoria%20%7C%2060%20Victoria%20Road%20%7C%20Mourt%20Davis%2033%20%7C%20Belcher's%20Hill%20%7C%20The%20Kennedy%20On%20Belcher's%20(Kennedy%20Town%202000's%20private%20residential%20buildings)?field=t_pop&sort=default&detailcode=CW0060,18379.33,building,CW0060,(Kennedy Town) Ivy On Belcher's / Westview Height / La Maison Du Nord / Shun Cheong Building / The Sail At Victoria / 60 Victoria Road / Mourt Davis 33 / Belcher's Hill / The Kennedy On Belcher's (Kennedy Town 2000's private residential buildings),201608,Month
Central and Western,Kennedy Town,(Kennedy Town) Ivy On Bel...,https://hkdata.centanet.com/BigData/hong-kong/Central%20and%20Western/CHMA/Kennedy-Town/building-group(Kennedy%20Town)%20Ivy%20On%20Belcher's%20%7C%20Westview%20Height%20%7C%20La%20Maison%20Du%20Nord%20%7C%20Shun%20Cheong%20Building%20%7C%20The%20Sail%20At%20Victoria%20%7C%2060%20Victoria%20Road%20%7C%20Mourt%20Davis%2033%20%7C%20Belcher's%20Hill%20%7C%20The%20Kennedy%20On%20Belcher's%20(Kennedy%20Town%202000's%20private%20residential%20buildings)?field=t_pop&sort=default&detailcode=CW0060,17975.33,building,CW0060,(Kennedy Town) Ivy On Belcher's / Westview Height / La Maison Du Nord / Shun Cheong Building / The Sail At Victoria / 60 Victoria Road / Mourt Davis 33 / Belcher's Hill / The Kennedy On Belcher's (Kennedy Town 2000's private residential buildings),201609,Month
Central and Western,Kennedy Town,(Kennedy Town) Ivy On Bel...,https://hkdata.centanet.com/BigData/hong-kong/Central%20and%20Western/CHMA/Kennedy-Town/building-group(Kennedy%20Town)%20Ivy%20On%20Belcher's%20%7C%20Westview%20Height%20%7C%20La%20Maison%20Du%20Nord%20%7C%20Shun%20Cheong%20Building%20%7C%20The%20Sail%20At%20Victoria%20%7C%2060%20Victoria%20Road%20%7C%20Mourt%20Davis%2033%20%7C%20Belcher's%20Hill%20%7C%20The%20Kennedy%20On%20Belcher's%20(Kennedy%20Town%202000's%20private%20residential%20buildings)?field=t_pop&sort=default&detailcode=CW0060,16966.86,building,CW0060,(Kennedy Town) Ivy On Belcher's / Westview Height / La Maison Du Nord / Shun Cheong Building / The Sail At Victoria / 60 Victoria Road / Mourt Davis 33 / Belcher's Hill / The Kennedy On Belcher's (Kennedy Town 2000's private residential buildings),201610,Month
Central and Western,Kennedy Town,(Kennedy Town) Ivy On Bel...,https://hkdata.centanet.com/BigData/hong-kong/Central%20and%20Western/CHMA/Kennedy-Town/building-group(Kennedy%20Town)%20Ivy%20On%20Belcher's%20%7C%20Westview%20Height%20%7C%20La%20Maison%20Du%20Nord%20%7C%20Shun%20Cheong%20Building%20%7C%20The%20Sail%20At%20Victoria%20%7C%2060%20Victoria%20Road%20%7C%20Mourt%20Davis%2033%20%7C%20Belcher's%20Hill%20%7C%20The%20Kennedy%20On%20Belcher's%20(Kennedy%20Town%202000's%20private%20residential%20buildings)?field=t_pop&sort=default&detailcode=CW0060,19541.67,building,CW0060,(Kennedy Town) Ivy On Belcher's / Westview Height / La Maison Du Nord / Shun Cheong Building / The Sail At Victoria / 60 Victoria Road / Mourt Davis 33 / Belcher's Hill / The Kennedy On Belcher's (Kennedy Town 2000's private residential buildings),201611,Month
Central and Western,Kennedy Town,(Kennedy Town) Ivy On Bel...,https://hkdata.centanet.com/BigData/hong-kong/Central%20and%20Western/CHMA/Kennedy-Town/building-group(Kennedy%20Town)%20Ivy%20On%20Belcher's%20%7C%20Westview%20Height%20%7C%20La%20Maison%20Du%20Nord%20%7C%20Shun%20Cheong%20Building%20%7C%20The%20Sail%20At%20Victoria%20%7C%2060%20Victoria%20Road%20%7C%20Mourt%20Davis%2033%20%7C%20Belcher's%20Hill%20%7C%20The%20Kennedy%20On%20Belcher's%20(Kennedy%20Town%202000's%20private%20residential%20buildings)?field=t_pop&sort=default&detailcode=CW0060,19541.67,building,CW0060,(Kennedy Town) Ivy On Belcher's / Westview Height / La Maison Du Nord / Shun Cheong Building / The Sail At Victoria / 60 Victoria Road / Mourt Davis 33 / Belcher's Hill / The Kennedy On Belcher's (Kennedy Town 2000's private residential buildings),201612,Month
Central and Western,Kennedy Town,(Kennedy Town) Ivy On Bel...,https://hkdata.centanet.com/BigData/hong-kong/Central%20and%20Western/CHMA/Kennedy-Town/building-group(Kennedy%20Town)%20Ivy%20On%20Belcher's%20%7C%20Westview%20Height%20%7C%20La%20Maison%20Du%20Nord%20%7C%20Shun%20Cheong%20Building%20%7C%20The%20Sail%20At%20Victoria%20%7C%2060%20Victoria%20Road%20%7C%20Mourt%20Davis%2033%20%7C%20Belcher's%20Hill%20%7C%20The%20Kennedy%20On%20Belcher's%20(Kennedy%20Town%202000's%20private%20residential%20buildings)?field=t_pop&sort=default&detailcode=CW0060,15627.00,building,CW0060,(Kennedy Town) Ivy On Belcher's / Westview Height / La Maison Du Nord / Shun Cheong Building / The Sail At Victoria / 60 Victoria Road / Mourt Davis 33 / Belcher's Hill / The Kennedy On Belcher's (Kennedy Town 2000's private residential buildings),2016Q1,Quarter
Central and Western,Kennedy Town,(Kennedy Town) Ivy On Bel...,https://hkdata.centanet.com/BigData/hong-kong/Central%20and%20Western/CHMA/Kennedy-Town/building-group(Kennedy%20Town)%20Ivy%20On%20Belcher's%20%7C%20Westview%20Height%20%7C%20La%20Maison%20Du%20Nord%20%7C%20Shun%20Cheong%20Building%20%7C%20The%20Sail%20At%20Victoria%20%7C%2060%20Victoria%20Road%20%7C%20Mourt%20Davis%2033%20%7C%20Belcher's%20Hill%20%7C%20The%20Kennedy%20On%20Belcher's%20(Kennedy%20Town%202000's%20private%20residential%20buildings)?field=t_pop&sort=default&detailcode=CW0060,13054.67,building,CW0060,(Kennedy Town) Ivy On Belcher's / Westview Height / La Maison Du Nord / Shun Cheong Building / The Sail At Victoria / 60 Victoria Road / Mourt Davis 33 / Belcher's Hill / The Kennedy On Belcher's (Kennedy Town 2000's private residential buildings),2016Q2,Quarter
Central and Western,Kennedy Town,(Kennedy Town) Ivy On Bel...,https://hkdata.centanet.com/BigData/hong-kong/Central%20and%20Western/CHMA/Kennedy-Town/building-group(Kennedy%20Town)%20Ivy%20On%20Belcher's%20%7C%20Westview%20Height%20%7C%20La%20Maison%20Du%20Nord%20%7C%20Shun%20Cheong%20Building%20%7C%20The%20Sail%20At%20Victoria%20%7C%2060%20Victoria%20Road%20%7C%20Mourt%20Davis%2033%20%7C%20Belcher's%20Hill%20%7C%20The%20Kennedy%20On%20Belcher's%20(Kennedy%20Town%202000's%20private%20residential%20buildings)?field=t_pop&sort=default&detailcode=CW0060,17705.67,building,CW0060,(Kennedy Town) Ivy On Belcher's / Westview Height / La Maison Du Nord / Shun Cheong Building / The Sail At Victoria / 60 Victoria Road / Mourt Davis 33 / Belcher's Hill / The Kennedy On Belcher's (Kennedy Town 2000's private residential buildings),2016Q3,Quarter
Central and Western,Kennedy Town,(Kennedy Town) Ivy On Bel...,https://hkdata.centanet.com/BigData/hong-kong/Central%20and%20Western/CHMA/Kennedy-Town/building-group(Kennedy%20Town)%20Ivy%20On%20Belcher's%20%7C%20Westview%20Height%20%7C%20La%20Maison%20Du%20Nord%20%7C%20Shun%20Cheong%20Building%20%7C%20The%20Sail%20At%20Victoria%20%7C%2060%20Victoria%20Road%20%7C%20Mourt%20Davis%2033%20%7C%20Belcher's%20Hill%20%7C%20The%20Kennedy%20On%20Belcher's%20(Kennedy%20Town%202000's%20private%20residential%20buildings)?field=t_pop&sort=default&detailcode=CW0060,17739.30,building,CW0060,(Kennedy Town) Ivy On Belcher's / Westview Height / La Maison Du Nord / Shun Cheong Building / The Sail At Victoria / 60 Victoria Road / Mourt Davis 33 / Belcher's Hill / The Kennedy On Belcher's (Kennedy Town 2000's private residential buildings),2016Q4,Quarter
Central and Western,Kennedy Town,(Kennedy Town) Ivy On Bel...,https://hkdata.centanet.com/BigData/hong-kong/Central%20and%20Western/CHMA/Kennedy-Town/building-group(Kennedy%20Town)%20Ivy%20On%20Belcher's%20%7C%20Westview%20Height%20%7C%20La%20Maison%20Du%20Nord%20%7C%20Shun%20Cheong%20Building%20%7C%20The%20Sail%20At%20Victoria%20%7C%2060%20Victoria%20Road%20%7C%20Mourt%20Davis%2033%20%7C%20Belcher's%20Hill%20%7C%20The%20Kennedy%20On%20Belcher's%20(Kennedy%20Town%202000's%20private%20residential%20buildings)?field=t_pop&sort=default&detailcode=CW0060,18364.13,building,CW0060,(Kennedy Town) Ivy On Belcher's / Westview Height / La Maison Du Nord / Shun Cheong Building / The Sail At Victoria / 60 Victoria Road / Mourt Davis 33 / Belcher's Hill / The Kennedy On Belcher's (Kennedy Town 2000's private residential buildings),2017,Year
Central and Western,Kennedy Town,(Kennedy Town) Ivy On Bel...,https://hkdata.centanet.com/BigData/hong-kong/Central%20and%20Western/CHMA/Kennedy-Town/building-group(Kennedy%20Town)%20Ivy%20On%20Belcher's%20%7C%20Westview%20Height%20%7C%20La%20Maison%20Du%20Nord%20%7C%20Shun%20Cheong%20Building%20%7C%20The%20Sail%20At%20Victoria%20%7C%2060%20Victoria%20Road%20%7C%20Mourt%20Davis%2033%20%7C%20Belcher's%20Hill%20%7C%20The%20Kennedy%20On%20Belcher's%20(Kennedy%20Town%202000's%20private%20residential%20buildings)?field=t_pop&sort=default&detailcode=CW0060,17605.56,building,CW0060,(Kennedy Town) Ivy On Belcher's / Westview Height / La Maison Du Nord / Shun Cheong Building / The Sail At Victoria / 60 Victoria Road / Mourt Davis 33 / Belcher's Hill / The Kennedy On Belcher's (Kennedy Town 2000's private residential buildings),2017_1,HalfYear
Central and Western,Kennedy Town,(Kennedy Town) Ivy On Bel...,https://hkdata.centanet.com/BigData/hong-kong/Central%20and%20Western/CHMA/Kennedy-Town/building-group(Kennedy%20Town)%20Ivy%20On%20Belcher's%20%7C%20Westview%20Height%20%7C%20La%20Maison%20Du%20Nord%20%7C%20Shun%20Cheong%20Building%20%7C%20The%20Sail%20At%20Victoria%20%7C%2060%20Victoria%20Road%20%7C%20Mourt%20Davis%2033%20%7C%20Belcher's%20Hill%20%7C%20The%20Kennedy%20On%20Belcher's%20(Kennedy%20Town%202000's%20private%20residential%20buildings)?field=t_pop&sort=default&detailcode=CW0060,20226.09,building,CW0060,(Kennedy Town) Ivy On Belcher's / Westview Height / La Maison Du Nord / Shun Cheong Building / The Sail At Victoria / 60 Victoria Road / Mourt Davis 33 / Belcher's Hill / The Kennedy On Belcher's (Kennedy Town 2000's private residential buildings),2017_2,HalfYear
Central and Western,Kennedy Town,(Kennedy Town) Ivy On Bel...,https://hkdata.centanet.com/BigData/hong-kong/Central%20and%20Western/CHMA/Kennedy-Town/building-group(Kennedy%20Town)%20Ivy%20On%20Belcher's%20%7C%20Westview%20Height%20%7C%20La%20Maison%20Du%20Nord%20%7C%20Shun%20Cheong%20Building%20%7C%20The%20Sail%20At%20Victoria%20%7C%2060%20Victoria%20Road%20%7C%20Mourt%20Davis%2033%20%7C%20Belcher's%20Hill%20%7C%20The%20Kennedy%20On%20Belcher's%20(Kennedy%20Town%202000's%20private%20residential%20buildings)?field=t_pop&sort=default&detailcode=CW0060,14885.50,building,CW0060,(Kennedy Town) Ivy On Belcher's / Westview Height / La Maison Du Nord / Shun Cheong Building / The Sail At Victoria / 60 Victoria Road / Mourt Davis 33 / Belcher's Hill / The Kennedy On Belcher's (Kennedy Town 2000's private residential buildings),201701,month
Central and Western,Kennedy Town,(Kennedy Town) Ivy On Bel...,https://hkdata.centanet.com/BigData/hong-kong/Central%20and%20Western/CHMA/Kennedy-Town/building-group(Kennedy%20Town)%20Ivy%20On%20Belcher's%20%7C%20Westview%20Height%20%7C%20La%20Maison%20Du%20Nord%20%7C%20Shun%20Cheong%20Building%20%7C%20The%20Sail%20At%20Victoria%20%7C%2060%20Victoria%20Road%20%7C%20Mourt%20Davis%2033%20%7C%20Belcher's%20Hill%20%7C%20The%20Kennedy%20On%20Belcher's%20(Kennedy%20Town%202000's%20private%20residential%20buildings)?field=t_pop&sort=default&detailcode=CW0060,13808.00,building,CW0060,(Kennedy Town) Ivy On Belcher's / Westview Height / La Maison Du Nord / Shun Cheong Building / The Sail At Victoria / 60 Victoria Road / Mourt Davis 33 / Belcher's Hill / The Kennedy On Belcher's (Kennedy Town 2000's private residential buildings),201702,Month
Central and Western,Kennedy Town,(Kennedy Town) Ivy On Bel...,https://hkdata.centanet.com/BigData/hong-kong/Central%20and%20Western/CHMA/Kennedy-Town/building-group(Kennedy%20Town)%20Ivy%20On%20Belcher's%20%7C%20Westview%20Height%20%7C%20La%20Maison%20Du%20Nord%20%7C%20Shun%20Cheong%20Building%20%7C%20The%20Sail%20At%20Victoria%20%7C%2060%20Victoria%20Road%20%7C%20Mourt%20Davis%2033%20%7C%20Belcher's%20Hill%20%7C%20The%20Kennedy%20On%20Belcher's%20(Kennedy%20Town%202000's%20private%20residential%20buildings)?field=t_pop&sort=default&detailcode=CW0060,17329.83,building,CW0060,(Kennedy Town) Ivy On Belcher's / Westview Height / La Maison Du Nord / Shun Cheong Building / The Sail At Victoria / 60 Victoria Road / Mourt Davis 33 / Belcher's Hill / The Kennedy On Belcher's (Kennedy Town 2000's private residential buildings),201703,Month
Central and Western,Kennedy Town,(Kennedy Town) Ivy On Bel...,https://hkdata.centanet.com/BigData/hong-kong/Central%20and%20Western/CHMA/Kennedy-Town/building-group(Kennedy%20Town)%20Ivy%20On%20Belcher's%20%7C%20Westview%20Height%20%7C%20La%20Maison%20Du%20Nord%20%7C%20Shun%20Cheong%20Building%20%7C%20The%20Sail%20At%20Victoria%20%7C%2060%20Victoria%20Road%20%7C%20Mourt%20Davis%2033%20%7C%20Belcher's%20Hill%20%7C%20The%20Kennedy%20On%20Belcher's%20(Kennedy%20Town%202000's%20private%20residential%20buildings)?field=t_pop&sort=default&detailcode=CW0060,20474.00,building,CW0060,(Kennedy Town) Ivy On Belcher's / Westview Height / La Maison Du Nord / Shun Cheong Building / The Sail At Victoria / 60 Victoria Road / Mourt Davis 33 / Belcher's Hill / The Kennedy On Belcher's (Kennedy Town 2000's private residential buildings),201704,Month
Central and Western,Kennedy Town,(Kennedy Town) Ivy On Bel...,https://hkdata.centanet.com/BigData/hong-kong/Central%20and%20Western/CHMA/Kennedy-Town/building-group(Kennedy%20Town)%20Ivy%20On%20Belcher's%20%7C%20Westview%20Height%20%7C%20La%20Maison%20Du%20Nord%20%7C%20Shun%20Cheong%20Building%20%7C%20The%20Sail%20At%20Victoria%20%7C%2060%20Victoria%20Road%20%7C%20Mourt%20Davis%2033%20%7C%20Belcher's%20Hill%20%7C%20The%20Kennedy%20On%20Belcher's%20(Kennedy%20Town%202000's%20private%20residential%20buildings)?field=t_pop&sort=default&detailcode=CW0060,19230.00,building,CW0060,(Kennedy Town) Ivy On Belcher's / Westview Height / La Maison Du Nord / Shun Cheong Building / The Sail At Victoria / 60 Victoria Road / Mourt Davis 33 / Belcher's Hill / The Kennedy On Belcher's (Kennedy Town 2000's private residential buildings),201705,month
Central and Western,Kennedy Town,(Kennedy Town) Ivy On Bel...,https://hkdata.centanet.com/BigData/hong-kong/Central%20and%20Western/CHMA/Kennedy-Town/building-group(Kennedy%20Town)%20Ivy%20On%20Belcher's%20%7C%20Westview%20Height%20%7C%20La%20Maison%20Du%20Nord%20%7C%20Shun%20Cheong%20Building%20%7C%20The%20Sail%20At%20Victoria%20%7C%2060%20Victoria%20Road%20%7C%20Mourt%20Davis%2033%20%7C%20Belcher's%20Hill%20%7C%20The%20Kennedy%20On%20Belcher's%20(Kennedy%20Town%202000's%20private%20residential%20buildings)?field=t_pop&sort=default&detailcode=CW0060,16907.00,building,CW0060,(Kennedy Town) Ivy On Belcher's / Westview Height / La Maison Du Nord / Shun Cheong Building / The Sail At Victoria / 60 Victoria Road / Mourt Davis 33 / Belcher's Hill / The Kennedy On Belcher's (Kennedy Town 2000's private residential buildings),201706,Month
Central and Western,Kennedy Town,(Kennedy Town) Ivy On Bel...,https://hkdata.centanet.com/BigData/hong-kong/Central%20and%20Western/CHMA/Kennedy-Town/building-group(Kennedy%20Town)%20Ivy%20On%20Belcher's%20%7C%20Westview%20Height%20%7C%20La%20Maison%20Du%20Nord%20%7C%20Shun%20Cheong%20Building%20%7C%20The%20Sail%20At%20Victoria%20%7C%2060%20Victoria%20Road%20%7C%20Mourt%20Davis%2033%20%7C%20Belcher's%20Hill%20%7C%20The%20Kennedy%20On%20Belcher's%20(Kennedy%20Town%202000's%20private%20residential%20buildings)?field=t_pop&sort=default&detailcode=CW0060,16907.00,building,CW0060,(Kennedy Town) Ivy On Belcher's / Westview Height / La Maison Du Nord / Shun Cheong Building / The Sail At Victoria / 60 Victoria Road / Mourt Davis 33 / Belcher's Hill / The Kennedy On Belcher's (Kennedy Town 2000's private residential buildings),201707,Month
Central and Western,Kennedy Town,(Kennedy Town) Ivy On Bel...,https://hkdata.centanet.com/BigData/hong-kong/Central%20and%20Western/CHMA/Kennedy-Town/building-group(Kennedy%20Town)%20Ivy%20On%20Belcher's%20%7C%20Westview%20Height%20%7C%20La%20Maison%20Du%20Nord%20%7C%20Shun%20Cheong%20Building%20%7C%20The%20Sail%20At%20Victoria%20%7C%2060%20Victoria%20Road%20%7C%20Mourt%20Davis%2033%20%7C%20Belcher's%20Hill%20%7C%20The%20Kennedy%20On%20Belcher's%20(Kennedy%20Town%202000's%20private%20residential%20buildings)?field=t_pop&sort=default&detailcode=CW0060,23789.00,building,CW0060,(Kennedy Town) Ivy On Belcher's / Westview Height / La Maison Du Nord / Shun Cheong Building / The Sail At Victoria / 60 Victoria Road / Mourt Davis 33 / Belcher's Hill / The Kennedy On Belcher's (Kennedy Town 2000's private residential buildings),201708,Month
Central and Western,Kennedy Town,(Kennedy Town) Ivy On Bel...,https://hkdata.centanet.com/BigData/hong-kong/Central%20and%20Western/CHMA/Kennedy-Town/building-group(Kennedy%20Town)%20Ivy%20On%20Belcher's%20%7C%20Westview%20Height%20%7C%20La%20Maison%20Du%20Nord%20%7C%20Shun%20Cheong%20Building%20%7C%20The%20Sail%20At%20Victoria%20%7C%2060%20Victoria%20Road%20%7C%20Mourt%20Davis%2033%20%7C%20Belcher's%20Hill%20%7C%20The%20Kennedy%20On%20Belcher's%20(Kennedy%20Town%202000's%20private%20residential%20buildings)?field=t_pop&sort=default&detailcode=CW0060,19347.00,building,CW0060,(Kennedy Town) Ivy On Belcher's / Westview Height / La Maison Du Nord / Shun Cheong Building / The Sail At Victoria / 60 Victoria Road / Mourt Davis 33 / Belcher's Hill / The Kennedy On Belcher's (Kennedy Town 2000's private residential buildings),201709,Month
Central and Western,Kennedy Town,(Kennedy Town) Ivy On Bel...,https://hkdata.centanet.com/BigData/hong-kong/Central%20and%20Western/CHMA/Kennedy-Town/building-group(Kennedy%20Town)%20Ivy%20On%20Belcher's%20%7C%20Westview%20Height%20%7C%20La%20Maison%20Du%20Nord%20%7C%20Shun%20Cheong%20Building%20%7C%20The%20Sail%20At%20Victoria%20%7C%2060%20Victoria%20Road%20%7C%20Mourt%20Davis%2033%20%7C%20Belcher's%20Hill%20%7C%20The%20Kennedy%20On%20Belcher's%20(Kennedy%20Town%202000's%20private%20residential%20buildings)?field=t_pop&sort=default&detailcode=CW0060,16899.00,building,CW0060,(Kennedy Town) Ivy On Belcher's / Westview Height / La Maison Du Nord / Shun Cheong Building / The Sail At Victoria / 60 Victoria Road / Mourt Davis 33 / Belcher's Hill / The Kennedy On Belcher's (Kennedy Town 2000's private residential buildings),201710,Month
Central and Western,Kennedy Town,(Kennedy Town) Ivy On Bel...,https://hkdata.centanet.com/BigData/hong-kong/Central%20and%20Western/CHMA/Kennedy-Town/building-group(Kennedy%20Town)%20Ivy%20On%20Belcher's%20%7C%20Westview%20Height%20%7C%20La%20Maison%20Du%20Nord%20%7C%20Shun%20Cheong%20Building%20%7C%20The%20Sail%20At%20Victoria%20%7C%2060%20Victoria%20Road%20%7C%20Mourt%20Davis%2033%20%7C%20Belcher's%20Hill%20%7C%20The%20Kennedy%20On%20Belcher's%20(Kennedy%20Town%202000's%20private%20residential%20buildings)?field=t_pop&sort=default&detailcode=CW0060,19804.50,building,CW0060,(Kennedy Town) Ivy On Belcher's / Westview Height / La Maison Du Nord / Shun Cheong Building / The Sail At Victoria / 60 Victoria Road / Mourt Davis 33 / Belcher's Hill / The Kennedy On Belcher's (Kennedy Town 2000's private residential buildings),201711,Month
Central and Western,Kennedy Town,(Kennedy Town) Ivy On Bel...,https://hkdata.centanet.com/BigData/hong-kong/Central%20and%20Western/CHMA/Kennedy-Town/building-group(Kennedy%20Town)%20Ivy%20On%20Belcher's%20%7C%20Westview%20Height%20%7C%20La%20Maison%20Du%20Nord%20%7C%20Shun%20Cheong%20Building%20%7C%20The%20Sail%20At%20Victoria%20%7C%2060%20Victoria%20Road%20%7C%20Mourt%20Davis%2033%20%7C%20Belcher's%20Hill%20%7C%20The%20Kennedy%20On%20Belcher's%20(Kennedy%20Town%202000's%20private%20residential%20buildings)?field=t_pop&sort=default&detailcode=CW0060,22111.67,building,CW0060,(Kennedy Town) Ivy On Belcher's / Westview Height / La Maison Du Nord / Shun Cheong Building / The Sail At Victoria / 60 Victoria Road / Mourt Davis 33 / Belcher's Hill / The Kennedy On Belcher's (Kennedy Town 2000's private residential buildings),201712,Month
Central and Western,Kennedy Town,(Kennedy Town) Ivy On Bel...,https://hkdata.centanet.com/BigData/hong-kong/Central%20and%20Western/CHMA/Kennedy-Town/building-group(Kennedy%20Town)%20Ivy%20On%20Belcher's%20%7C%20Westview%20Height%20%7C%20La%20Maison%20Du%20Nord%20%7C%20Shun%20Cheong%20Building%20%7C%20The%20Sail%20At%20Victoria%20%7C%2060%20Victoria%20Road%20%7C%20Mourt%20Davis%2033%20%7C%20Belcher's%20Hill%20%7C%20The%20Kennedy%20On%20Belcher's%20(Kennedy%20Town%202000's%20private%20residential%20buildings)?field=t_pop&sort=default&detailcode=CW0060,16420.76,building,CW0060,(Kennedy Town) Ivy On Belcher's / Westview Height / La Maison Du Nord / Shun Cheong Building / The Sail At Victoria / 60 Victoria Road / Mourt Davis 33 / Belcher's Hill / The Kennedy On Belcher's (Kennedy Town 2000's private residential buildings),2017Q1,Quarter
Central and Western,Kennedy Town,(Kennedy Town) Ivy On Bel...,https://hkdata.centanet.com/BigData/hong-kong/Central%20and%20Western/CHMA/Kennedy-Town/building-group(Kennedy%20Town)%20Ivy%20On%20Belcher's%20%7C%20Westview%20Height%20%7C%20La%20Maison%20Du%20Nord%20%7C%20Shun%20Cheong%20Building%20%7C%20The%20Sail%20At%20Victoria%20%7C%2060%20Victoria%20Road%20%7C%20Mourt%20Davis%2033%20%7C%20Belcher's%20Hill%20%7C%20The%20Kennedy%20On%20Belcher's%20(Kennedy%20Town%202000's%20private%20residential%20buildings)?field=t_pop&sort=default&detailcode=CW0060,19619.70,building,CW0060,(Kennedy Town) Ivy On Belcher's / Westview Height / La Maison Du Nord / Shun Cheong Building / The Sail At Victoria / 60 Victoria Road / Mourt Davis 33 / Belcher's Hill / The Kennedy On Belcher's (Kennedy Town 2000's private residential buildings),2017Q2,Quarter
Central and Western,Kennedy Town,(Kennedy Town) Ivy On Bel...,https://hkdata.centanet.com/BigData/hong-kong/Central%20and%20Western/CHMA/Kennedy-Town/building-group(Kennedy%20Town)%20Ivy%20On%20Belcher's%20%7C%20Westview%20Height%20%7C%20La%20Maison%20Du%20Nord%20%7C%20Shun%20Cheong%20Building%20%7C%20The%20Sail%20At%20Victoria%20%7C%2060%20Victoria%20Road%20%7C%20Mourt%20Davis%2033%20%7C%20Belcher's%20Hill%20%7C%20The%20Kennedy%20On%20Belcher's%20(Kennedy%20Town%202000's%20private%20residential%20buildings)?field=t_pop&sort=default&detailcode=CW0060,21568.00,building,CW0060,(Kennedy Town) Ivy On Belcher's / Westview Height / La Maison Du Nord / Shun Cheong Building / The Sail At Victoria / 60 Victoria Road / Mourt Davis 33 / Belcher's Hill / The Kennedy On Belcher's (Kennedy Town 2000's private residential buildings),2017Q3,Quarter
Central and Western,Kennedy Town,(Kennedy Town) Ivy On Bel...,https://hkdata.centanet.com/BigData/hong-kong/Central%20and%20Western/CHMA/Kennedy-Town/building-group(Kennedy%20Town)%20Ivy%20On%20Belcher's%20%7C%20Westview%20Height%20%7C%20La%20Maison%20Du%20Nord%20%7C%20Shun%20Cheong%20Building%20%7C%20The%20Sail%20At%20Victoria%20%7C%2060%20Victoria%20Road%20%7C%20Mourt%20Davis%2033%20%7C%20Belcher's%20Hill%20%7C%20The%20Kennedy%20On%20Belcher's%20(Kennedy%20Town%202000's%20private%20residential%20buildings)?field=t_pop&sort=default&detailcode=CW0060,19927.89,building,CW0060,(Kennedy Town) Ivy On Belcher's / Westview Height / La Maison Du Nord / Shun Cheong Building / The Sail At Victoria / 60 Victoria Road / Mourt Davis 33 / Belcher's Hill / The Kennedy On Belcher's (Kennedy Town 2000's private residential buildings),2017Q4,Quarter
Central and Western,Kennedy Town,(Kennedy Town) Ivy On Bel...,https://hkdata.centanet.com/BigData/hong-kong/Central%20and%20Western/CHMA/Kennedy-Town/building-group(Kennedy%20Town)%20Ivy%20On%20Belcher's%20%7C%20Westview%20Height%20%7C%20La%20Maison%20Du%20Nord%20%7C%20Shun%20Cheong%20Building%20%7C%20The%20Sail%20At%20Victoria%20%7C%2060%20Victoria%20Road%20%7C%20Mourt%20Davis%2033%20%7C%20Belcher's%20Hill%20%7C%20The%20Kennedy%20On%20Belcher's%20(Kennedy%20Town%202000's%20private%20residential%20buildings)?field=t_pop&sort=default&detailcode=CW0060,19695.05,building,CW0060,(Kennedy Town) Ivy On Belcher's / Westview Height / La Maison Du Nord / Shun Cheong Building / The Sail At Victoria / 60 Victoria Road / Mourt Davis 33 / Belcher's Hill / The Kennedy On Belcher's (Kennedy Town 2000's private residential buildings),2018,Year
Central and Western,Kennedy Town,(Kennedy Town) Ivy On Bel...,https://hkdata.centanet.com/BigData/hong-kong/Central%20and%20Western/CHMA/Kennedy-Town/building-group(Kennedy%20Town)%20Ivy%20On%20Belcher's%20%7C%20Westview%20Height%20%7C%20La%20Maison%20Du%20Nord%20%7C%20Shun%20Cheong%20Building%20%7C%20The%20Sail%20At%20Victoria%20%7C%2060%20Victoria%20Road%20%7C%20Mourt%20Davis%2033%20%7C%20Belcher's%20Hill%20%7C%20The%20Kennedy%20On%20Belcher's%20(Kennedy%20Town%202000's%20private%20residential%20buildings)?field=t_pop&sort=default&detailcode=CW0060,22039.85,building,CW0060,(Kennedy Town) Ivy On Belcher's / Westview Height / La Maison Du Nord / Shun Cheong Building / The Sail At Victoria / 60 Victoria Road / Mourt Davis 33 / Belcher's Hill / The Kennedy On Belcher's (Kennedy Town 2000's private residential buildings),2018_1,HalfYear
Central and Western,Kennedy Town,(Kennedy Town) Ivy On Bel...,https://hkdata.centanet.com/BigData/hong-kong/Central%20and%20Western/CHMA/Kennedy-Town/building-group(Kennedy%20Town)%20Ivy%20On%20Belcher's%20%7C%20Westview%20Height%20%7C%20La%20Maison%20Du%20Nord%20%7C%20Shun%20Cheong%20Building%20%7C%20The%20Sail%20At%20Victoria%20%7C%2060%20Victoria%20Road%20%7C%20Mourt%20Davis%2033%20%7C%20Belcher's%20Hill%20%7C%20The%20Kennedy%20On%20Belcher's%20(Kennedy%20Town%202000's%20private%20residential%20buildings)?field=t_pop&sort=default&detailcode=CW0060,15340.43,building,CW0060,(Kennedy Town) Ivy On Belcher's / Westview Height / La Maison Du Nord / Shun Cheong Building / The Sail At Victoria / 60 Victoria Road / Mourt Davis 33 / Belcher's Hill / The Kennedy On Belcher's (Kennedy Town 2000's private residential buildings),2018_2,HalfYear
Central and Western,Kennedy Town,(Kennedy Town) Ivy On Bel...,https://hkdata.centanet.com/BigData/hong-kong/Central%20and%20Western/CHMA/Kennedy-Town/building-group(Kennedy%20Town)%20Ivy%20On%20Belcher's%20%7C%20Westview%20Height%20%7C%20La%20Maison%20Du%20Nord%20%7C%20Shun%20Cheong%20Building%20%7C%20The%20Sail%20At%20Victoria%20%7C%2060%20Victoria%20Road%20%7C%20Mourt%20Davis%2033%20%7C%20Belcher's%20Hill%20%7C%20The%20Kennedy%20On%20Belcher's%20(Kennedy%20Town%202000's%20private%20residential%20buildings)?field=t_pop&sort=default&detailcode=CW0060,18035.75,building,CW0060,(Kennedy Town) Ivy On Belcher's / Westview Height / La Maison Du Nord / Shun Cheong Building / The Sail At Victoria / 60 Victoria Road / Mourt Davis 33 / Belcher's Hill / The Kennedy On Belcher's (Kennedy Town 2000's private residential buildings),201801,Month
Central and Western,Kennedy Town,(Kennedy Town) Ivy On Bel...,https://hkdata.centanet.com/BigData/hong-kong/Central%20and%20Western/CHMA/Kennedy-Town/building-group(Kennedy%20Town)%20Ivy%20On%20Belcher's%20%7C%20Westview%20Height%20%7C%20La%20Maison%20Du%20Nord%20%7C%20Shun%20Cheong%20Building%20%7C%20The%20Sail%20At%20Victoria%20%7C%2060%20Victoria%20Road%20%7C%20Mourt%20Davis%2033%20%7C%20Belcher's%20Hill%20%7C%20The%20Kennedy%20On%20Belcher's%20(Kennedy%20Town%202000's%20private%20residential%20buildings)?field=t_pop&sort=default&detailcode=CW0060,22815.00,building,CW0060,(Kennedy Town) Ivy On Belcher's / Westview Height / La Maison Du Nord / Shun Cheong Building / The Sail At Victoria / 60 Victoria Road / Mourt Davis 33 / Belcher's Hill / The Kennedy On Belcher's (Kennedy Town 2000's private residential buildings),201802,Month
Central and Western,Kennedy Town,(Kennedy Town) Ivy On Bel...,https://hkdata.centanet.com/BigData/hong-kong/Central%20and%20Western/CHMA/Kennedy-Town/building-group(Kennedy%20Town)%20Ivy%20On%20Belcher's%20%7C%20Westview%20Height%20%7C%20La%20Maison%20Du%20Nord%20%7C%20Shun%20Cheong%20Building%20%7C%20The%20Sail%20At%20Victoria%20%7C%2060%20Victoria%20Road%20%7C%20Mourt%20Davis%2033%20%7C%20Belcher's%20Hill%20%7C%20The%20Kennedy%20On%20Belcher's%20(Kennedy%20Town%202000's%20private%20residential%20buildings)?field=t_pop&sort=default&detailcode=CW0060,22815.00,building,CW0060,(Kennedy Town) Ivy On Belcher's / Westview Height / La Maison Du Nord / Shun Cheong Building / The Sail At Victoria / 60 Victoria Road / Mourt Davis 33 / Belcher's Hill / The Kennedy On Belcher's (Kennedy Town 2000's private residential buildings),201803,Month
Central and Western,Kennedy Town,(Kennedy Town) Ivy On Bel...,https://hkdata.centanet.com/BigData/hong-kong/Central%20and%20Western/CHMA/Kennedy-Town/building-group(Kennedy%20Town)%20Ivy%20On%20Belcher's%20%7C%20Westview%20Height%20%7C%20La%20Maison%20Du%20Nord%20%7C%20Shun%20Cheong%20Building%20%7C%20The%20Sail%20At%20Victoria%20%7C%2060%20Victoria%20Road%20%7C%20Mourt%20Davis%2033%20%7C%20Belcher's%20Hill%20%7C%20The%20Kennedy%20On%20Belcher's%20(Kennedy%20Town%202000's%20private%20residential%20buildings)?field=t_pop&sort=default&detailcode=CW0060,24068.50,building,CW0060,(Kennedy Town) Ivy On Belcher's / Westview Height / La Maison Du Nord / Shun Cheong Building / The Sail At Victoria / 60 Victoria Road / Mourt Davis 33 / Belcher's Hill / The Kennedy On Belcher's (Kennedy Town 2000's private residential buildings),201804,Month
Central and Western,Kennedy Town,(Kennedy Town) Ivy On Bel...,https://hkdata.centanet.com/BigData/hong-kong/Central%20and%20Western/CHMA/Kennedy-Town/building-group(Kennedy%20Town)%20Ivy%20On%20Belcher's%20%7C%20Westview%20Height%20%7C%20La%20Maison%20Du%20Nord%20%7C%20Shun%20Cheong%20Building%20%7C%20The%20Sail%20At%20Victoria%20%7C%2060%20Victoria%20Road%20%7C%20Mourt%20Davis%2033%20%7C%20Belcher's%20Hill%20%7C%20The%20Kennedy%20On%20Belcher's%20(Kennedy%20Town%202000's%20private%20residential%20buildings)?field=t_pop&sort=default&detailcode=CW0060,22759.00,building,CW0060,(Kennedy Town) Ivy On Belcher's / Westview Height / La Maison Du Nord / Shun Cheong Building / The Sail At Victoria / 60 Victoria Road / Mourt Davis 33 / Belcher's Hill / The Kennedy On Belcher's (Kennedy Town 2000's private residential buildings),201805,Month
Central and Western,Kennedy Town,(Kennedy Town) Ivy On Bel...,https://hkdata.centanet.com/BigData/hong-kong/Central%20and%20Western/CHMA/Kennedy-Town/building-group(Kennedy%20Town)%20Ivy%20On%20Belcher's%20%7C%20Westview%20Height%20%7C%20La%20Maison%20Du%20Nord%20%7C%20Shun%20Cheong%20Building%20%7C%20The%20Sail%20At%20Victoria%20%7C%2060%20Victoria%20Road%20%7C%20Mourt%20Davis%2033%20%7C%20Belcher's%20Hill%20%7C%20The%20Kennedy%20On%20Belcher's%20(Kennedy%20Town%202000's%20private%20residential%20buildings)?field=t_pop&sort=default&detailcode=CW0060,24476.25,building,CW0060,(Kennedy Town) Ivy On Belcher's / Westview Height / La Maison Du Nord / Shun Cheong Building / The Sail At Victoria / 60 Victoria Road / Mourt Davis 33 / Belcher's Hill / The Kennedy On Belcher's (Kennedy Town 2000's private residential buildings),201806,Month
Central and Western,Kennedy Town,(Kennedy Town) Ivy On Bel...,https://hkdata.centanet.com/BigData/hong-kong/Central%20and%20Western/CHMA/Kennedy-Town/building-group(Kennedy%20Town)%20Ivy%20On%20Belcher's%20%7C%20Westview%20Height%20%7C%20La%20Maison%20Du%20Nord%20%7C%20Shun%20Cheong%20Building%20%7C%20The%20Sail%20At%20Victoria%20%7C%2060%20Victoria%20Road%20%7C%20Mourt%20Davis%2033%20%7C%20Belcher's%20Hill%20%7C%20The%20Kennedy%20On%20Belcher's%20(Kennedy%20Town%202000's%20private%20residential%20buildings)?field=t_pop&sort=default&detailcode=CW0060,18050.00,building,CW0060,(Kennedy Town) Ivy On Belcher's / Westview Height / La Maison Du Nord / Shun Cheong Building / The Sail At Victoria / 60 Victoria Road / Mourt Davis 33 / Belcher's Hill / The Kennedy On Belcher's (Kennedy Town 2000's private residential buildings),201807,month
Central and Western,Kennedy Town,(Kennedy Town) Ivy On Bel...,https://hkdata.centanet.com/BigData/hong-kong/Central%20and%20Western/CHMA/Kennedy-Town/building-group(Kennedy%20Town)%20Ivy%20On%20Belcher's%20%7C%20Westview%20Height%20%7C%20La%20Maison%20Du%20Nord%20%7C%20Shun%20Cheong%20Building%20%7C%20The%20Sail%20At%20Victoria%20%7C%2060%20Victoria%20Road%20%7C%20Mourt%20Davis%2033%20%7C%20Belcher's%20Hill%20%7C%20The%20Kennedy%20On%20Belcher's%20(Kennedy%20Town%202000's%20private%20residential%20buildings)?field=t_pop&sort=default&detailcode=CW0060,12859.25,building,CW0060,(Kennedy Town) Ivy On Belcher's / Westview Height / La Maison Du Nord / Shun Cheong Building / The Sail At Victoria / 60 Victoria Road / Mourt Davis 33 / Belcher's Hill / The Kennedy On Belcher's (Kennedy Town 2000's private residential buildings),201808,Month
Central and Western,Kennedy Town,(Kennedy Town) Ivy On Bel...,https://hkdata.centanet.com/BigData/hong-kong/Central%20and%20Western/CHMA/Kennedy-Town/building-group(Kennedy%20Town)%20Ivy%20On%20Belcher's%20%7C%20Westview%20Height%20%7C%20La%20Maison%20Du%20Nord%20%7C%20Shun%20Cheong%20Building%20%7C%20The%20Sail%20At%20Victoria%20%7C%2060%20Victoria%20Road%20%7C%20Mourt%20Davis%2033%20%7C%20Belcher's%20Hill%20%7C%20The%20Kennedy%20On%20Belcher's%20(Kennedy%20Town%202000's%20private%20residential%20buildings)?field=t_pop&sort=default&detailcode=CW0060,12859.25,building,CW0060,(Kennedy Town) Ivy On Belcher's / Westview Height / La Maison Du Nord / Shun Cheong Building / The Sail At Victoria / 60 Victoria Road / Mourt Davis 33 / Belcher's Hill / The Kennedy On Belcher's (Kennedy Town 2000's private residential buildings),201809,Month
Central and Western,Kennedy Town,(Kennedy Town) Ivy On Bel...,https://hkdata.centanet.com/BigData/hong-kong/Central%20and%20Western/CHMA/Kennedy-Town/building-group(Kennedy%20Town)%20Ivy%20On%20Belcher's%20%7C%20Westview%20Height%20%7C%20La%20Maison%20Du%20Nord%20%7C%20Shun%20Cheong%20Building%20%7C%20The%20Sail%20At%20Victoria%20%7C%2060%20Victoria%20Road%20%7C%20Mourt%20Davis%2033%20%7C%20Belcher's%20Hill%20%7C%20The%20Kennedy%20On%20Belcher's%20(Kennedy%20Town%202000's%20private%20residential%20buildings)?field=t_pop&sort=default&detailcode=CW0060,19748.00,building,CW0060,(Kennedy Town) Ivy On Belcher's / Westview Height / La Maison Du Nord / Shun Cheong Building / The Sail At Victoria / 60 Victoria Road / Mourt Davis 33 / Belcher's Hill / The Kennedy On Belcher's (Kennedy Town 2000's private residential buildings),201810,Month
Central and Western,Kennedy Town,(Kennedy Town) Ivy On Bel...,https://hkdata.centanet.com/BigData/hong-kong/Central%20and%20Western/CHMA/Kennedy-Town/building-group(Kennedy%20Town)%20Ivy%20On%20Belcher's%20%7C%20Westview%20Height%20%7C%20La%20Maison%20Du%20Nord%20%7C%20Shun%20Cheong%20Building%20%7C%20The%20Sail%20At%20Victoria%20%7C%2060%20Victoria%20Road%20%7C%20Mourt%20Davis%2033%20%7C%20Belcher's%20Hill%20%7C%20The%20Kennedy%20On%20Belcher's%20(Kennedy%20Town%202000's%20private%20residential%20buildings)?field=t_pop&sort=default&detailcode=CW0060,19748.00,building,CW0060,(Kennedy Town) Ivy On Belcher's / Westview Height / La Maison Du Nord / Shun Cheong Building / The Sail At Victoria / 60 Victoria Road / Mourt Davis 33 / Belcher's Hill / The Kennedy On Belcher's (Kennedy Town 2000's private residential buildings),201811,Month
Central and Western,Kennedy Town,(Kennedy Town) Ivy On Bel...,https://hkdata.centanet.com/BigData/hong-kong/Central%20and%20Western/CHMA/Kennedy-Town/building-group(Kennedy%20Town)%20Ivy%20On%20Belcher's%20%7C%20Westview%20Height%20%7C%20La%20Maison%20Du%20Nord%20%7C%20Shun%20Cheong%20Building%20%7C%20The%20Sail%20At%20Victoria%20%7C%2060%20Victoria%20Road%20%7C%20Mourt%20Davis%2033%20%7C%20Belcher's%20Hill%20%7C%20The%20Kennedy%20On%20Belcher's%20(Kennedy%20Town%202000's%20private%20residential%20buildings)?field=t_pop&sort=default&detailcode=CW0060,18148.00,building,CW0060,(Kennedy Town) Ivy On Belcher's / Westview Height / La Maison Du Nord / Shun Cheong Building / The Sail At Victoria / 60 Victoria Road / Mourt Davis 33 / Belcher's Hill / The Kennedy On Belcher's (Kennedy Town 2000's private residential buildings),201812,month
Central and Western,Kennedy Town,(Kennedy Town) Ivy On Bel...,https://hkdata.centanet.com/BigData/hong-kong/Central%20and%20Western/CHMA/Kennedy-Town/building-group(Kennedy%20Town)%20Ivy%20On%20Belcher's%20%7C%20Westview%20Height%20%7C%20La%20Maison%20Du%20Nord%20%7C%20Shun%20Cheong%20Building%20%7C%20The%20Sail%20At%20Victoria%20%7C%2060%20Victoria%20Road%20%7C%20Mourt%20Davis%2033%20%7C%20Belcher's%20Hill%20%7C%20The%20Kennedy%20On%20Belcher's%20(Kennedy%20Town%202000's%20private%20residential%20buildings)?field=t_pop&sort=default&detailcode=CW0060,18991.60,building,CW0060,(Kennedy Town) Ivy On Belcher's / Westview Height / La Maison Du Nord / Shun Cheong Building / The Sail At Victoria / 60 Victoria Road / Mourt Davis 33 / Belcher's Hill / The Kennedy On Belcher's (Kennedy Town 2000's private residential buildings),2018Q1,Quarter
Central and Western,Kennedy Town,(Kennedy Town) Ivy On Bel...,https://hkdata.centanet.com/BigData/hong-kong/Central%20and%20Western/CHMA/Kennedy-Town/building-group(Kennedy%20Town)%20Ivy%20On%20Belcher's%20%7C%20Westview%20Height%20%7C%20La%20Maison%20Du%20Nord%20%7C%20Shun%20Cheong%20Building%20%7C%20The%20Sail%20At%20Victoria%20%7C%2060%20Victoria%20Road%20%7C%20Mourt%20Davis%2033%20%7C%20Belcher's%20Hill%20%7C%20The%20Kennedy%20On%20Belcher's%20(Kennedy%20Town%202000's%20private%20residential%20buildings)?field=t_pop&sort=default&detailcode=CW0060,23945.00,building,CW0060,(Kennedy Town) Ivy On Belcher's / Westview Height / La Maison Du Nord / Shun Cheong Building / The Sail At Victoria / 60 Victoria Road / Mourt Davis 33 / Belcher's Hill / The Kennedy On Belcher's (Kennedy Town 2000's private residential buildings),2018Q2,Quarter
Central and Western,Kennedy Town,(Kennedy Town) Ivy On Bel...,https://hkdata.centanet.com/BigData/hong-kong/Central%20and%20Western/CHMA/Kennedy-Town/building-group(Kennedy%20Town)%20Ivy%20On%20Belcher's%20%7C%20Westview%20Height%20%7C%20La%20Maison%20Du%20Nord%20%7C%20Shun%20Cheong%20Building%20%7C%20The%20Sail%20At%20Victoria%20%7C%2060%20Victoria%20Road%20%7C%20Mourt%20Davis%2033%20%7C%20Belcher's%20Hill%20%7C%20The%20Kennedy%20On%20Belcher's%20(Kennedy%20Town%202000's%20private%20residential%20buildings)?field=t_pop&sort=default&detailcode=CW0060,13897.40,building,CW0060,(Kennedy Town) Ivy On Belcher's / Westview Height / La Maison Du Nord / Shun Cheong Building / The Sail At Victoria / 60 Victoria Road / Mourt Davis 33 / Belcher's Hill / The Kennedy On Belcher's (Kennedy Town 2000's private residential buildings),2018Q3,Quarter
Central and Western,Kennedy Town,(Kennedy Town) Ivy On Bel...,https://hkdata.centanet.com/BigData/hong-kong/Central%20and%20Western/CHMA/Kennedy-Town/building-group(Kennedy%20Town)%20Ivy%20On%20Belcher's%20%7C%20Westview%20Height%20%7C%20La%20Maison%20Du%20Nord%20%7C%20Shun%20Cheong%20Building%20%7C%20The%20Sail%20At%20Victoria%20%7C%2060%20Victoria%20Road%20%7C%20Mourt%20Davis%2033%20%7C%20Belcher's%20Hill%20%7C%20The%20Kennedy%20On%20Belcher's%20(Kennedy%20Town%202000's%20private%20residential%20buildings)?field=t_pop&sort=default&detailcode=CW0060,18948.00,building,CW0060,(Kennedy Town) Ivy On Belcher's / Westview Height / La Maison Du Nord / Shun Cheong Building / The Sail At Victoria / 60 Victoria Road / Mourt Davis 33 / Belcher's Hill / The Kennedy On Belcher's (Kennedy Town 2000's private residential buildings),2018Q4,Quarter
Central and Western,Kennedy Town,(Kennedy Town) Ivy On Bel...,https://hkdata.centanet.com/BigData/hong-kong/Central%20and%20Western/CHMA/Kennedy-Town/building-group(Kennedy%20Town)%20Ivy%20On%20Belcher's%20%7C%20Westview%20Height%20%7C%20La%20Maison%20Du%20Nord%20%7C%20Shun%20Cheong%20Building%20%7C%20The%20Sail%20At%20Victoria%20%7C%2060%20Victoria%20Road%20%7C%20Mourt%20Davis%2033%20%7C%20Belcher's%20Hill%20%7C%20The%20Kennedy%20On%20Belcher's%20(Kennedy%20Town%202000's%20private%20residential%20buildings)?field=t_pop&sort=default&detailcode=CW0060,22078.03,building,CW0060,(Kennedy Town) Ivy On Belcher's / Westview Height / La Maison Du Nord / Shun Cheong Building / The Sail At Victoria / 60 Victoria Road / Mourt Davis 33 / Belcher's Hill / The Kennedy On Belcher's (Kennedy Town 2000's private residential buildings),2019,year
Central and Western,Kennedy Town,(Kennedy Town) Ivy On Bel...,https://hkdata.centanet.com/BigData/hong-kong/Central%20and%20Western/CHMA/Kennedy-Town/building-group(Kennedy%20Town)%20Ivy%20On%20Belcher's%20%7C%20Westview%20Height%20%7C%20La%20Maison%20Du%20Nord%20%7C%20Shun%20Cheong%20Building%20%7C%20The%20Sail%20At%20Victoria%20%7C%2060%20Victoria%20Road%20%7C%20Mourt%20Davis%2033%20%7C%20Belcher's%20Hill%20%7C%20The%20Kennedy%20On%20Belcher's%20(Kennedy%20Town%202000's%20private%20residential%20buildings)?field=t_pop&sort=default&detailcode=CW0060,21760.40,building,CW0060,(Kennedy Town) Ivy On Belcher's / Westview Height / La Maison Du Nord / Shun Cheong Building / The Sail At Victoria / 60 Victoria Road / Mourt Davis 33 / Belcher's Hill / The Kennedy On Belcher's (Kennedy Town 2000's private residential buildings),2019_1,HalfYear
Central and Western,Kennedy Town,(Kennedy Town) Ivy On Bel...,https://hkdata.centanet.com/BigData/hong-kong/Central%20and%20Western/CHMA/Kennedy-Town/building-group(Kennedy%20Town)%20Ivy%20On%20Belcher's%20%7C%20Westview%20Height%20%7C%20La%20Maison%20Du%20Nord%20%7C%20Shun%20Cheong%20Building%20%7C%20The%20Sail%20At%20Victoria%20%7C%2060%20Victoria%20Road%20%7C%20Mourt%20Davis%2033%20%7C%20Belcher's%20Hill%20%7C%20The%20Kennedy%20On%20Belcher's%20(Kennedy%20Town%202000's%20private%20residential%20buildings)?field=t_pop&sort=default&detailcode=CW0060,22566.69,building,CW0060,(Kennedy Town) Ivy On Belcher's / Westview Height / La Maison Du Nord / Shun Cheong Building / The Sail At Victoria / 60 Victoria Road / Mourt Davis 33 / Belcher's Hill / The Kennedy On Belcher's (Kennedy Town 2000's private residential buildings),2019_2,HalfYear
Central and Western,Kennedy Town,(Kennedy Town) Ivy On Bel...,https://hkdata.centanet.com/BigData/hong-kong/Central%20and%20Western/CHMA/Kennedy-Town/building-group(Kennedy%20Town)%20Ivy%20On%20Belcher's%20%7C%20Westview%20Height%20%7C%20La%20Maison%20Du%20Nord%20%7C%20Shun%20Cheong%20Building%20%7C%20The%20Sail%20At%20Victoria%20%7C%2060%20Victoria%20Road%20%7C%20Mourt%20Davis%2033%20%7C%20Belcher's%20Hill%20%7C%20The%20Kennedy%20On%20Belcher's%20(Kennedy%20Town%202000's%20private%20residential%20buildings)?field=t_pop&sort=default&detailcode=CW0060,19117.50,building,CW0060,(Kennedy Town) Ivy On Belcher's / Westview Height / La Maison Du Nord / Shun Cheong Building / The Sail At Victoria / 60 Victoria Road / Mourt Davis 33 / Belcher's Hill / The Kennedy On Belcher's (Kennedy Town 2000's private residential buildings),201901,Month
Central and Western,Kennedy Town,(Kennedy Town) Ivy On Bel...,https://hkdata.centanet.com/BigData/hong-kong/Central%20and%20Western/CHMA/Kennedy-Town/building-group(Kennedy%20Town)%20Ivy%20On%20Belcher's%20%7C%20Westview%20Height%20%7C%20La%20Maison%20Du%20Nord%20%7C%20Shun%20Cheong%20Building%20%7C%20The%20Sail%20At%20Victoria%20%7C%2060%20Victoria%20Road%20%7C%20Mourt%20Davis%2033%20%7C%20Belcher's%20Hill%20%7C%20The%20Kennedy%20On%20Belcher's%20(Kennedy%20Town%202000's%20private%20residential%20buildings)?field=t_pop&sort=default&detailcode=CW0060,22082.00,building,CW0060,(Kennedy Town) Ivy On Belcher's / Westview Height / La Maison Du Nord / Shun Cheong Building / The Sail At Victoria / 60 Victoria Road / Mourt Davis 33 / Belcher's Hill / The Kennedy On Belcher's (Kennedy Town 2000's private residential buildings),201902,Month
Central and Western,Kennedy Town,(Kennedy Town) Ivy On Bel...,https://hkdata.centanet.com/BigData/hong-kong/Central%20and%20Western/CHMA/Kennedy-Town/building-group(Kennedy%20Town)%20Ivy%20On%20Belcher's%20%7C%20Westview%20Height%20%7C%20La%20Maison%20Du%20Nord%20%7C%20Shun%20Cheong%20Building%20%7C%20The%20Sail%20At%20Victoria%20%7C%2060%20Victoria%20Road%20%7C%20Mourt%20Davis%2033%20%7C%20Belcher's%20Hill%20%7C%20The%20Kennedy%20On%20Belcher's%20(Kennedy%20Town%202000's%20private%20residential%20buildings)?field=t_pop&sort=default&detailcode=CW0060,21229.80,building,CW0060,(Kennedy Town) Ivy On Belcher's / Westview Height / La Maison Du Nord / Shun Cheong Building / The Sail At Victoria / 60 Victoria Road / Mourt Davis 33 / Belcher's Hill / The Kennedy On Belcher's (Kennedy Town 2000's private residential buildings),201903,Month
Central and Western,Kennedy Town,(Kennedy Town) Ivy On Bel...,https://hkdata.centanet.com/BigData/hong-kong/Central%20and%20Western/CHMA/Kennedy-Town/building-group(Kennedy%20Town)%20Ivy%20On%20Belcher's%20%7C%20Westview%20Height%20%7C%20La%20Maison%20Du%20Nord%20%7C%20Shun%20Cheong%20Building%20%7C%20The%20Sail%20At%20Victoria%20%7C%2060%20Victoria%20Road%20%7C%20Mourt%20Davis%2033%20%7C%20Belcher's%20Hill%20%7C%20The%20Kennedy%20On%20Belcher's%20(Kennedy%20Town%202000's%20private%20residential%20buildings)?field=t_pop&sort=default&detailcode=CW0060,21438.25,building,CW0060,(Kennedy Town) Ivy On Belcher's / Westview Height / La Maison Du Nord / Shun Cheong Building / The Sail At Victoria / 60 Victoria Road / Mourt Davis 33 / Belcher's Hill / The Kennedy On Belcher's (Kennedy Town 2000's private residential buildings),201904,Month
Central and Western,Kennedy Town,(Kennedy Town) Ivy On Bel...,https://hkdata.centanet.com/BigData/hong-kong/Central%20and%20Western/CHMA/Kennedy-Town/building-group(Kennedy%20Town)%20Ivy%20On%20Belcher's%20%7C%20Westview%20Height%20%7C%20La%20Maison%20Du%20Nord%20%7C%20Shun%20Cheong%20Building%20%7C%20The%20Sail%20At%20Victoria%20%7C%2060%20Victoria%20Road%20%7C%20Mourt%20Davis%2033%20%7C%20Belcher's%20Hill%20%7C%20The%20Kennedy%20On%20Belcher's%20(Kennedy%20Town%202000's%20private%20residential%20buildings)?field=t_pop&sort=default&detailcode=CW0060,22603.00,building,CW0060,(Kennedy Town) Ivy On Belcher's / Westview Height / La Maison Du Nord / Shun Cheong Building / The Sail At Victoria / 60 Victoria Road / Mourt Davis 33 / Belcher's Hill / The Kennedy On Belcher's (Kennedy Town 2000's private residential buildings),201905,Month
Central and Western,Kennedy Town,(Kennedy Town) Ivy On Bel...,https://hkdata.centanet.com/BigData/hong-kong/Central%20and%20Western/CHMA/Kennedy-Town/building-group(Kennedy%20Town)%20Ivy%20On%20Belcher's%20%7C%20Westview%20Height%20%7C%20La%20Maison%20Du%20Nord%20%7C%20Shun%20Cheong%20Building%20%7C%20The%20Sail%20At%20Victoria%20%7C%2060%20Victoria%20Road%20%7C%20Mourt%20Davis%2033%20%7C%20Belcher's%20Hill%20%7C%20The%20Kennedy%20On%20Belcher's%20(Kennedy%20Town%202000's%20private%20residential%20buildings)?field=t_pop&sort=default&detailcode=CW0060,23946.00,building,CW0060,(Kennedy Town) Ivy On Belcher's / Westview Height / La Maison Du Nord / Shun Cheong Building / The Sail At Victoria / 60 Victoria Road / Mourt Davis 33 / Belcher's Hill / The Kennedy On Belcher's (Kennedy Town 2000's private residential buildings),201906,Month
Central and Western,Kennedy Town,(Kennedy Town) Ivy On Bel...,https://hkdata.centanet.com/BigData/hong-kong/Central%20and%20Western/CHMA/Kennedy-Town/building-group(Kennedy%20Town)%20Ivy%20On%20Belcher's%20%7C%20Westview%20Height%20%7C%20La%20Maison%20Du%20Nord%20%7C%20Shun%20Cheong%20Building%20%7C%20The%20Sail%20At%20Victoria%20%7C%2060%20Victoria%20Road%20%7C%20Mourt%20Davis%2033%20%7C%20Belcher's%20Hill%20%7C%20The%20Kennedy%20On%20Belcher's%20(Kennedy%20Town%202000's%20private%20residential%20buildings)?field=t_pop&sort=default&detailcode=CW0060,23867.50,building,CW0060,(Kennedy Town) Ivy On Belcher's / Westview Height / La Maison Du Nord / Shun Cheong Building / The Sail At Victoria / 60 Victoria Road / Mourt Davis 33 / Belcher's Hill / The Kennedy On Belcher's (Kennedy Town 2000's private residential buildings),201907,Month
Central and Western,Kennedy Town,(Kennedy Town) Ivy On Bel...,https://hkdata.centanet.com/BigData/hong-kong/Central%20and%20Western/CHMA/Kennedy-Town/building-group(Kennedy%20Town)%20Ivy%20On%20Belcher's%20%7C%20Westview%20Height%20%7C%20La%20Maison%20Du%20Nord%20%7C%20Shun%20Cheong%20Building%20%7C%20The%20Sail%20At%20Victoria%20%7C%2060%20Victoria%20Road%20%7C%20Mourt%20Davis%2033%20%7C%20Belcher's%20Hill%20%7C%20The%20Kennedy%20On%20Belcher's%20(Kennedy%20Town%202000's%20private%20residential%20buildings)?field=t_pop&sort=default&detailcode=CW0060,20819.33,building,CW0060,(Kennedy Town) Ivy On Belcher's / Westview Height / La Maison Du Nord / Shun Cheong Building / The Sail At Victoria / 60 Victoria Road / Mourt Davis 33 / Belcher's Hill / The Kennedy On Belcher's (Kennedy Town 2000's private residential buildings),201908,month
Central and Western,Kennedy Town,(Kennedy Town) Ivy On Bel...,https://hkdata.centanet.com/BigData/hong-kong/Central%20and%20Western/CHMA/Kennedy-Town/building-group(Kennedy%20Town)%20Ivy%20On%20Belcher's%20%7C%20Westview%20Height%20%7C%20La%20Maison%20Du%20Nord%20%7C%20Shun%20Cheong%20Building%20%7C%20The%20Sail%20At%20Victoria%20%7C%2060%20Victoria%20Road%20%7C%20Mourt%20Davis%2033%20%7C%20Belcher's%20Hill%20%7C%20The%20Kennedy%20On%20Belcher's%20(Kennedy%20Town%202000's%20private%20residential%20buildings)?field=t_pop&sort=default&detailcode=CW0060,25041.50,building,CW0060,(Kennedy Town) Ivy On Belcher's / Westview Height / La Maison Du Nord / Shun Cheong Building / The Sail At Victoria / 60 Victoria Road / Mourt Davis 33 / Belcher's Hill / The Kennedy On Belcher's (Kennedy Town 2000's private residential buildings),201909,Month
Central and Western,Kennedy Town,(Kennedy Town) Ivy On Bel...,https://hkdata.centanet.com/BigData/hong-kong/Central%20and%20Western/CHMA/Kennedy-Town/building-group(Kennedy%20Town)%20Ivy%20On%20Belcher's%20%7C%20Westview%20Height%20%7C%20La%20Maison%20Du%20Nord%20%7C%20Shun%20Cheong%20Building%20%7C%20The%20Sail%20At%20Victoria%20%7C%2060%20Victoria%20Road%20%7C%20Mourt%20Davis%2033%20%7C%20Belcher's%20Hill%20%7C%20The%20Kennedy%20On%20Belcher's%20(Kennedy%20Town%202000's%20private%20residential%20buildings)?field=t_pop&sort=default&detailcode=CW0060,25041.50,building,CW0060,(Kennedy Town) Ivy On Belcher's / Westview Height / La Maison Du Nord / Shun Cheong Building / The Sail At Victoria / 60 Victoria Road / Mourt Davis 33 / Belcher's Hill / The Kennedy On Belcher's (Kennedy Town 2000's private residential buildings),201910,Month
Central and Western,Kennedy Town,(Kennedy Town) Ivy On Bel...,https://hkdata.centanet.com/BigData/hong-kong/Central%20and%20Western/CHMA/Kennedy-Town/building-group(Kennedy%20Town)%20Ivy%20On%20Belcher's%20%7C%20Westview%20Height%20%7C%20La%20Maison%20Du%20Nord%20%7C%20Shun%20Cheong%20Building%20%7C%20The%20Sail%20At%20Victoria%20%7C%2060%20Victoria%20Road%20%7C%20Mourt%20Davis%2033%20%7C%20Belcher's%20Hill%20%7C%20The%20Kennedy%20On%20Belcher's%20(Kennedy%20Town%202000's%20private%20residential%20buildings)?field=t_pop&sort=default&detailcode=CW0060,21758.00,building,CW0060,(Kennedy Town) Ivy On Belcher's / Westview Height / La Maison Du Nord / Shun Cheong Building / The Sail At Victoria / 60 Victoria Road / Mourt Davis 33 / Belcher's Hill / The Kennedy On Belcher's (Kennedy Town 2000's private residential buildings),201911,Month
Central and Western,Kennedy Town,(Kennedy Town) Ivy On Bel...,https://hkdata.centanet.com/BigData/hong-kong/Central%20and%20Western/CHMA/Kennedy-Town/building-group(Kennedy%20Town)%20Ivy%20On%20Belcher's%20%7C%20Westview%20Height%20%7C%20La%20Maison%20Du%20Nord%20%7C%20Shun%20Cheong%20Building%20%7C%20The%20Sail%20At%20Victoria%20%7C%2060%20Victoria%20Road%20%7C%20Mourt%20Davis%2033%20%7C%20Belcher's%20Hill%20%7C%20The%20Kennedy%20On%20Belcher's%20(Kennedy%20Town%202000's%20private%20residential%20buildings)?field=t_pop&sort=default&detailcode=CW0060,20920.00,building,CW0060,(Kennedy Town) Ivy On Belcher's / Westview Height / La Maison Du Nord / Shun Cheong Building / The Sail At Victoria / 60 Victoria Road / Mourt Davis 33 / Belcher's Hill / The Kennedy On Belcher's (Kennedy Town 2000's private residential buildings),201912,Month
Central and Western,Kennedy Town,(Kennedy Town) Ivy On Bel...,https://hkdata.centanet.com/BigData/hong-kong/Central%20and%20Western/CHMA/Kennedy-Town/building-group(Kennedy%20Town)%20Ivy%20On%20Belcher's%20%7C%20Westview%20Height%20%7C%20La%20Maison%20Du%20Nord%20%7C%20Shun%20Cheong%20Building%20%7C%20The%20Sail%20At%20Victoria%20%7C%2060%20Victoria%20Road%20%7C%20Mourt%20Davis%2033%20%7C%20Belcher's%20Hill%20%7C%20The%20Kennedy%20On%20Belcher's%20(Kennedy%20Town%202000's%20private%20residential%20buildings)?field=t_pop&sort=default&detailcode=CW0060,20949.78,building,CW0060,(Kennedy Town) Ivy On Belcher's / Westview Height / La Maison Du Nord / Shun Cheong Building / The Sail At Victoria / 60 Victoria Road / Mourt Davis 33 / Belcher's Hill / The Kennedy On Belcher's (Kennedy Town 2000's private residential buildings),2019Q1,Quarter
Central and Western,Kennedy Town,(Kennedy Town) Ivy On Bel...,https://hkdata.centanet.com/BigData/hong-kong/Central%20and%20Western/CHMA/Kennedy-Town/building-group(Kennedy%20Town)%20Ivy%20On%20Belcher's%20%7C%20Westview%20Height%20%7C%20La%20Maison%20Du%20Nord%20%7C%20Shun%20Cheong%20Building%20%7C%20The%20Sail%20At%20Victoria%20%7C%2060%20Victoria%20Road%20%7C%20Mourt%20Davis%2033%20%7C%20Belcher's%20Hill%20%7C%20The%20Kennedy%20On%20Belcher's%20(Kennedy%20Town%202000's%20private%20residential%20buildings)?field=t_pop&sort=default&detailcode=CW0060,22423.64,building,CW0060,(Kennedy Town) Ivy On Belcher's / Westview Height / La Maison Du Nord / Shun Cheong Building / The Sail At Victoria / 60 Victoria Road / Mourt Davis 33 / Belcher's Hill / The Kennedy On Belcher's (Kennedy Town 2000's private residential buildings),2019Q2,Quarter
Central and Western,Kennedy Town,(Kennedy Town) Ivy On Bel...,https://hkdata.centanet.com/BigData/hong-kong/Central%20and%20Western/CHMA/Kennedy-Town/building-group(Kennedy%20Town)%20Ivy%20On%20Belcher's%20%7C%20Westview%20Height%20%7C%20La%20Maison%20Du%20Nord%20%7C%20Shun%20Cheong%20Building%20%7C%20The%20Sail%20At%20Victoria%20%7C%2060%20Victoria%20Road%20%7C%20Mourt%20Davis%2033%20%7C%20Belcher's%20Hill%20%7C%20The%20Kennedy%20On%20Belcher's%20(Kennedy%20Town%202000's%20private%20residential%20buildings)?field=t_pop&sort=default&detailcode=CW0060,23112.33,building,CW0060,(Kennedy Town) Ivy On Belcher's / Westview Height / La Maison Du Nord / Shun Cheong Building / The Sail At Victoria / 60 Victoria Road / Mourt Davis 33 / Belcher's Hill / The Kennedy On Belcher's (Kennedy Town 2000's private residential buildings),2019Q3,quarter
Central and Western,Kennedy Town,(Kennedy Town) Ivy On Bel...,https://hkdata.centanet.com/BigData/hong-kong/Central%20and%20Western/CHMA/Kennedy-Town/building-group(Kennedy%20Town)%20Ivy%20On%20Belcher's%20%7C%20Westview%20Height%20%7C%20La%20Maison%20Du%20Nord%20%7C%20Shun%20Cheong%20Building%20%7C%20The%20Sail%20At%20Victoria%20%7C%2060%20Victoria%20Road%20%7C%20Mourt%20Davis%2033%20%7C%20Belcher's%20Hill%20%7C%20The%20Kennedy%20On%20Belcher's%20(Kennedy%20Town%202000's%20private%20residential%20buildings)?field=t_pop&sort=default&detailcode=CW0060,21339.00,building,CW0060,(Kennedy Town) Ivy On Belcher's / Westview Height / La Maison Du Nord / Shun Cheong Building / The Sail At Victoria / 60 Victoria Road / Mourt Davis 33 / Belcher's Hill / The Kennedy On Belcher's (Kennedy Town 2000's private residential buildings),2019Q4,Quarter
Central and Western,Kennedy Town,(Kennedy Town) Ivy On Bel...,https://hkdata.centanet.com/BigData/hong-kong/Central%20and%20Western/CHMA/Kennedy-Town/building-group(Kennedy%20Town)%20Ivy%20On%20Belcher's%20%7C%20Westview%20Height%20%7C%20La%20Maison%20Du%20Nord%20%7C%20Shun%20Cheong%20Building%20%7C%20The%20Sail%20At%20Victoria%20%7C%2060%20Victoria%20Road%20%7C%20Mourt%20Davis%2033%20%7C%20Belcher's%20Hill%20%7C%20The%20Kennedy%20On%20Belcher's%20(Kennedy%20Town%202000's%20private%20residential%20buildings)?field=t_pop&sort=default&detailcode=CW0060,21487.85,building,CW0060,(Kennedy Town) Ivy On Belcher's / Westview Height / La Maison Du Nord / Shun Cheong Building / The Sail At Victoria / 60 Victoria Road / Mourt Davis 33 / Belcher's Hill / The Kennedy On Belcher's (Kennedy Town 2000's private residential buildings),2020,Year
Central and Western,Kennedy Town,(Kennedy Town) Ivy On Bel...,https://hkdata.centanet.com/BigData/hong-kong/Central%20and%20Western/CHMA/Kennedy-Town/building-group(Kennedy%20Town)%20Ivy%20On%20Belcher's%20%7C%20Westview%20Height%20%7C%20La%20Maison%20Du%20Nord%20%7C%20Shun%20Cheong%20Building%20%7C%20The%20Sail%20At%20Victoria%20%7C%2060%20Victoria%20Road%20%7C%20Mourt%20Davis%2033%20%7C%20Belcher's%20Hill%20%7C%20The%20Kennedy%20On%20Belcher's%20(Kennedy%20Town%202000's%20private%20residential%20buildings)?field=t_pop&sort=default&detailcode=CW0060,23283.36,building,CW0060,(Kennedy Town) Ivy On Belcher's / Westview Height / La Maison Du Nord / Shun Cheong Building / The Sail At Victoria / 60 Victoria Road / Mourt Davis 33 / Belcher's Hill / The Kennedy On Belcher's (Kennedy Town 2000's private residential buildings),2020_1,HalfYear
Central and Western,Kennedy Town,(Kennedy Town) Ivy On Bel...,https://hkdata.centanet.com/BigData/hong-kong/Central%20and%20Western/CHMA/Kennedy-Town/building-group(Kennedy%20Town)%20Ivy%20On%20Belcher's%20%7C%20Westview%20Height%20%7C%20La%20Maison%20Du%20Nord%20%7C%20Shun%20Cheong%20Building%20%7C%20The%20Sail%20At%20Victoria%20%7C%2060%20Victoria%20Road%20%7C%20Mourt%20Davis%2033%20%7C%20Belcher's%20Hill%20%7C%20The%20Kennedy%20On%20Belcher's%20(Kennedy%20Town%202000's%20private%20residential%20buildings)?field=t_pop&sort=default&detailcode=CW0060,20171.13,building,CW0060,(Kennedy Town) Ivy On Belcher's / Westview Height / La Maison Du Nord / Shun Cheong Building / The Sail At Victoria / 60 Victoria Road / Mourt Davis 33 / Belcher's Hill / The Kennedy On Belcher's (Kennedy Town 2000's private residential buildings),2020_2,HalfYear
Central and Western,Kennedy Town,(Kennedy Town) Ivy On Bel...,https://hkdata.centanet.com/BigData/hong-kong/Central%20and%20Western/CHMA/Kennedy-Town/building-group(Kennedy%20Town)%20Ivy%20On%20Belcher's%20%7C%20Westview%20Height%20%7C%20La%20Maison%20Du%20Nord%20%7C%20Shun%20Cheong%20Building%20%7C%20The%20Sail%20At%20Victoria%20%7C%2060%20Victoria%20Road%20%7C%20Mourt%20Davis%2033%20%7C%20Belcher's%20Hill%20%7C%20The%20Kennedy%20On%20Belcher's%20(Kennedy%20Town%202000's%20private%20residential%20buildings)?field=t_pop&sort=default&detailcode=CW0060,20920.00,building,CW0060,(Kennedy Town) Ivy On Belcher's / Westview Height / La Maison Du Nord / Shun Cheong Building / The Sail At Victoria / 60 Victoria Road / Mourt Davis 33 / Belcher's Hill / The Kennedy On Belcher's (Kennedy Town 2000's private residential buildings),202001,Month
Central and Western,Kennedy Town,(Kennedy Town) Ivy On Bel...,https://hkdata.centanet.com/BigData/hong-kong/Central%20and%20Western/CHMA/Kennedy-Town/building-group(Kennedy%20Town)%20Ivy%20On%20Belcher's%20%7C%20Westview%20Height%20%7C%20La%20Maison%20Du%20Nord%20%7C%20Shun%20Cheong%20Building%20%7C%20The%20Sail%20At%20Victoria%20%7C%2060%20Victoria%20Road%20%7C%20Mourt%20Davis%2033%20%7C%20Belcher's%20Hill%20%7C%20The%20Kennedy%20On%20Belcher's%20(Kennedy%20Town%202000's%20private%20residential%20buildings)?field=t_pop&sort=default&detailcode=CW0060,23864.50,building,CW0060,(Kennedy Town) Ivy On Belcher's / Westview Height / La Maison Du Nord / Shun Cheong Building / The Sail At Victoria / 60 Victoria Road / Mourt Davis 33 / Belcher's Hill / The Kennedy On Belcher's (Kennedy Town 2000's private residential buildings),202002,Month
Central and Western,Kennedy Town,(Kennedy Town) Ivy On Bel...,https://hkdata.centanet.com/BigData/hong-kong/Central%20and%20Western/CHMA/Kennedy-Town/building-group(Kennedy%20Town)%20Ivy%20On%20Belcher's%20%7C%20Westview%20Height%20%7C%20La%20Maison%20Du%20Nord%20%7C%20Shun%20Cheong%20Building%20%7C%20The%20Sail%20At%20Victoria%20%7C%2060%20Victoria%20Road%20%7C%20Mourt%20Davis%2033%20%7C%20Belcher's%20Hill%20%7C%20The%20Kennedy%20On%20Belcher's%20(Kennedy%20Town%202000's%20private%20residential%20buildings)?field=t_pop&sort=default&detailcode=CW0060,23699.33,building,CW0060,(Kennedy Town) Ivy On Belcher's / Westview Height / La Maison Du Nord / Shun Cheong Building / The Sail At Victoria / 60 Victoria Road / Mourt Davis 33 / Belcher's Hill / The Kennedy On Belcher's (Kennedy Town 2000's private residential buildings),202003,Month
Central and Western,Kennedy Town,(Kennedy Town) Ivy On Bel...,https://hkdata.centanet.com/BigData/hong-kong/Central%20and%20Western/CHMA/Kennedy-Town/building-group(Kennedy%20Town)%20Ivy%20On%20Belcher's%20%7C%20Westview%20Height%20%7C%20La%20Maison%20Du%20Nord%20%7C%20Shun%20Cheong%20Building%20%7C%20The%20Sail%20At%20Victoria%20%7C%2060%20Victoria%20Road%20%7C%20Mourt%20Davis%2033%20%7C%20Belcher's%20Hill%20%7C%20The%20Kennedy%20On%20Belcher's%20(Kennedy%20Town%202000's%20private%20residential%20buildings)?field=t_pop&sort=default&detailcode=CW0060,21889.50,building,CW0060,(Kennedy Town) Ivy On Belcher's / Westview Height / La Maison Du Nord / Shun Cheong Building / The Sail At Victoria / 60 Victoria Road / Mourt Davis 33 / Belcher's Hill / The Kennedy On Belcher's (Kennedy Town 2000's private residential buildings),202004,Month
Central and Western,Kennedy Town,(Kennedy Town) Ivy On Bel...,https://hkdata.centanet.com/BigData/hong-kong/Central%20and%20Western/CHMA/Kennedy-Town/building-group(Kennedy%20Town)%20Ivy%20On%20Belcher's%20%7C%20Westview%20Height%20%7C%20La%20Maison%20Du%20Nord%20%7C%20Shun%20Cheong%20Building%20%7C%20The%20Sail%20At%20Victoria%20%7C%2060%20Victoria%20Road%20%7C%20Mourt%20Davis%2033%20%7C%20Belcher's%20Hill%20%7C%20The%20Kennedy%20On%20Belcher's%20(Kennedy%20Town%202000's%20private%20residential%20buildings)?field=t_pop&sort=default&detailcode=CW0060,21889.50,building,CW0060,(Kennedy Town) Ivy On Belcher's / Westview Height / La Maison Du Nord / Shun Cheong Building / The Sail At Victoria / 60 Victoria Road / Mourt Davis 33 / Belcher's Hill / The Kennedy On Belcher's (Kennedy Town 2000's private residential buildings),202005,month
Central and Western,Kennedy Town,(Kennedy Town) Ivy On Bel...,https://hkdata.centanet.com/BigData/hong-kong/Central%20and%20Western/CHMA/Kennedy-Town/building-group(Kennedy%20Town)%20Ivy%20On%20Belcher's%20%7C%20Westview%20Height%20%7C%20La%20Maison%20Du%20Nord%20%7C%20Shun%20Cheong%20Building%20%7C%20The%20Sail%20At%20Victoria%20%7C%2060%20Victoria%20Road%20%7C%20Mourt%20Davis%2033%20%7C%20Belcher's%20Hill%20%7C%20The%20Kennedy%20On%20Belcher's%20(Kennedy%20Town%202000's%20private%20residential%20buildings)?field=t_pop&sort=default&detailcode=CW0060,24866.00,building,CW0060,(Kennedy Town) Ivy On Belcher's / Westview Height / La Maison Du Nord / Shun Cheong Building / The Sail At Victoria / 60 Victoria Road / Mourt Davis 33 / Belcher's Hill / The Kennedy On Belcher's (Kennedy Town 2000's private residential buildings),202006,Month
Central and Western,Kennedy Town,(Kennedy Town) Ivy On Bel...,https://hkdata.centanet.com/BigData/hong-kong/Central%20and%20Western/CHMA/Kennedy-Town/building-group(Kennedy%20Town)%20Ivy%20On%20Belcher's%20%7C%20Westview%20Height%20%7C%20La%20Maison%20Du%20Nord%20%7C%20Shun%20Cheong%20Building%20%7C%20The%20Sail%20At%20Victoria%20%7C%2060%20Victoria%20Road%20%7C%20Mourt%20Davis%2033%20%7C%20Belcher's%20Hill%20%7C%20The%20Kennedy%20On%20Belcher's%20(Kennedy%20Town%202000's%20private%20residential%20buildings)?field=t_pop&sort=default&detailcode=CW0060,18282.40,building,CW0060,(Kennedy Town) Ivy On Belcher's / Westview Height / La Maison Du Nord / Shun Cheong Building / The Sail At Victoria / 60 Victoria Road / Mourt Davis 33 / Belcher's Hill / The Kennedy On Belcher's (Kennedy Town 2000's private residential buildings),202007,Month
Central and Western,Kennedy Town,(Kennedy Town) Ivy On Bel...,https://hkdata.centanet.com/BigData/hong-kong/Central%20and%20Western/CHMA/Kennedy-Town/building-group(Kennedy%20Town)%20Ivy%20On%20Belcher's%20%7C%20Westview%20Height%20%7C%20La%20Maison%20Du%20Nord%20%7C%20Shun%20Cheong%20Building%20%7C%20The%20Sail%20At%20Victoria%20%7C%2060%20Victoria%20Road%20%7C%20Mourt%20Davis%2033%20%7C%20Belcher's%20Hill%20%7C%20The%20Kennedy%20On%20Belcher's%20(Kennedy%20Town%202000's%20private%20residential%20buildings)?field=t_pop&sort=default&detailcode=CW0060,21678.75,building,CW0060,(Kennedy Town) Ivy On Belcher's / Westview Height / La Maison Du Nord / Shun Cheong Building / The Sail At Victoria / 60 Victoria Road / Mourt Davis 33 / Belcher's Hill / The Kennedy On Belcher's (Kennedy Town 2000's private residential buildings),202008,Month
Central and Western,Kennedy Town,(Kennedy Town) Ivy On Bel...,https://hkdata.centanet.com/BigData/hong-kong/Central%20and%20Western/CHMA/Kennedy-Town/building-group(Kennedy%20Town)%20Ivy%20On%20Belcher's%20%7C%20Westview%20Height%20%7C%20La%20Maison%20Du%20Nord%20%7C%20Shun%20Cheong%20Building%20%7C%20The%20Sail%20At%20Victoria%20%7C%2060%20Victoria%20Road%20%7C%20Mourt%20Davis%2033%20%7C%20Belcher's%20Hill%20%7C%20The%20Kennedy%20On%20Belcher's%20(Kennedy%20Town%202000's%20private%20residential%20buildings)?field=t_pop&sort=default&detailcode=CW0060,21932.00,building,CW0060,(Kennedy Town) Ivy On Belcher's / Westview Height / La Maison Du Nord / Shun Cheong Building / The Sail At Victoria / 60 Victoria Road / Mourt Davis 33 / Belcher's Hill / The Kennedy On Belcher's (Kennedy Town 2000's private residential buildings),202009,Month
Central and Western,Kennedy Town,(Kennedy Town) Ivy On Bel...,https://hkdata.centanet.com/BigData/hong-kong/Central%20and%20Western/CHMA/Kennedy-Town/building-group(Kennedy%20Town)%20Ivy%20On%20Belcher's%20%7C%20Westview%20Height%20%7C%20La%20Maison%20Du%20Nord%20%7C%20Shun%20Cheong%20Building%20%7C%20The%20Sail%20At%20Victoria%20%7C%2060%20Victoria%20Road%20%7C%20Mourt%20Davis%2033%20%7C%20Belcher's%20Hill%20%7C%20The%20Kennedy%20On%20Belcher's%20(Kennedy%20Town%202000's%20private%20residential%20buildings)?field=t_pop&sort=default&detailcode=CW0060,19967.00,building,CW0060,(Kennedy Town) Ivy On Belcher's / Westview Height / La Maison Du Nord / Shun Cheong Building / The Sail At Victoria / 60 Victoria Road / Mourt Davis 33 / Belcher's Hill / The Kennedy On Belcher's (Kennedy Town 2000's private residential buildings),202010,Month
Central and Western,Kennedy Town,(Kennedy Town) Ivy On Bel...,https://hkdata.centanet.com/BigData/hong-kong/Central%20and%20Western/CHMA/Kennedy-Town/building-group(Kennedy%20Town)%20Ivy%20On%20Belcher's%20%7C%20Westview%20Height%20%7C%20La%20Maison%20Du%20Nord%20%7C%20Shun%20Cheong%20Building%20%7C%20The%20Sail%20At%20Victoria%20%7C%2060%20Victoria%20Road%20%7C%20Mourt%20Davis%2033%20%7C%20Belcher's%20Hill%20%7C%20The%20Kennedy%20On%20Belcher's%20(Kennedy%20Town%202000's%20private%20residential%20buildings)?field=t_pop&sort=default&detailcode=CW0060,19185.50,building,CW0060,(Kennedy Town) Ivy On Belcher's / Westview Height / La Maison Du Nord / Shun Cheong Building / The Sail At Victoria / 60 Victoria Road / Mourt Davis 33 / Belcher's Hill / The Kennedy On Belcher's (Kennedy Town 2000's private residential buildings),202011,Month
Central and Western,Kennedy Town,(Kennedy Town) Ivy On Bel...,https://hkdata.centanet.com/BigData/hong-kong/Central%20and%20Western/CHMA/Kennedy-Town/building-group(Kennedy%20Town)%20Ivy%20On%20Belcher's%20%7C%20Westview%20Height%20%7C%20La%20Maison%20Du%20Nord%20%7C%20Shun%20Cheong%20Building%20%7C%20The%20Sail%20At%20Victoria%20%7C%2060%20Victoria%20Road%20%7C%20Mourt%20Davis%2033%20%7C%20Belcher's%20Hill%20%7C%20The%20Kennedy%20On%20Belcher's%20(Kennedy%20Town%202000's%20private%20residential%20buildings)?field=t_pop&sort=default&detailcode=CW0060,24203.00,building,CW0060,(Kennedy Town) Ivy On Belcher's / Westview Height / La Maison Du Nord / Shun Cheong Building / The Sail At Victoria / 60 Victoria Road / Mourt Davis 33 / Belcher's Hill / The Kennedy On Belcher's (Kennedy Town 2000's private residential buildings),202012,Month
Central and Western,Kennedy Town,(Kennedy Town) Ivy On Bel...,https://hkdata.centanet.com/BigData/hong-kong/Central%20and%20Western/CHMA/Kennedy-Town/building-group(Kennedy%20Town)%20Ivy%20On%20Belcher's%20%7C%20Westview%20Height%20%7C%20La%20Maison%20Du%20Nord%20%7C%20Shun%20Cheong%20Building%20%7C%20The%20Sail%20At%20Victoria%20%7C%2060%20Victoria%20Road%20%7C%20Mourt%20Davis%2033%20%7C%20Belcher's%20Hill%20%7C%20The%20Kennedy%20On%20Belcher's%20(Kennedy%20Town%202000's%20private%20residential%20buildings)?field=t_pop&sort=default&detailcode=CW0060,23765.40,building,CW0060,(Kennedy Town) Ivy On Belcher's / Westview Height / La Maison Du Nord / Shun Cheong Building / The Sail At Victoria / 60 Victoria Road / Mourt Davis 33 / Belcher's Hill / The Kennedy On Belcher's (Kennedy Town 2000's private residential buildings),2020Q1,Quarter
Central and Western,Kennedy Town,(Kennedy Town) Ivy On Bel...,https://hkdata.centanet.com/BigData/hong-kong/Central%20and%20Western/CHMA/Kennedy-Town/building-group(Kennedy%20Town)%20Ivy%20On%20Belcher's%20%7C%20Westview%20Height%20%7C%20La%20Maison%20Du%20Nord%20%7C%20Shun%20Cheong%20Building%20%7C%20The%20Sail%20At%20Victoria%20%7C%2060%20Victoria%20Road%20%7C%20Mourt%20Davis%2033%20%7C%20Belcher's%20Hill%20%7C%20The%20Kennedy%20On%20Belcher's%20(Kennedy%20Town%202000's%20private%20residential%20buildings)?field=t_pop&sort=default&detailcode=CW0060,22881.67,building,CW0060,(Kennedy Town) Ivy On Belcher's / Westview Height / La Maison Du Nord / Shun Cheong Building / The Sail At Victoria / 60 Victoria Road / Mourt Davis 33 / Belcher's Hill / The Kennedy On Belcher's (Kennedy Town 2000's private residential buildings),2020Q2,quarter
Central and Western,Kennedy Town,(Kennedy Town) Ivy On Bel...,https://hkdata.centanet.com/BigData/hong-kong/Central%20and%20Western/CHMA/Kennedy-Town/building-group(Kennedy%20Town)%20Ivy%20On%20Belcher's%20%7C%20Westview%20Height%20%7C%20La%20Maison%20Du%20Nord%20%7C%20Shun%20Cheong%20Building%20%7C%20The%20Sail%20At%20Victoria%20%7C%2060%20Victoria%20Road%20%7C%20Mourt%20Davis%2033%20%7C%20Belcher's%20Hill%20%7C%20The%20Kennedy%20On%20Belcher's%20(Kennedy%20Town%202000's%20private%20residential%20buildings)?field=t_pop&sort=default&detailcode=CW0060,20005.90,building,CW0060,(Kennedy Town) Ivy On Belcher's / Westview Height / La Maison Du Nord / Shun Cheong Building / The Sail At Victoria / 60 Victoria Road / Mourt Davis 33 / Belcher's Hill / The Kennedy On Belcher's (Kennedy Town 2000's private residential buildings),2020Q3,Quarter
Central and Western,Kennedy Town,(Kennedy Town) Ivy On Bel...,https://hkdata.centanet.com/BigData/hong-kong/Central%20and%20Western/CHMA/Kennedy-Town/building-group(Kennedy%20Town)%20Ivy%20On%20Belcher's%20%7C%20Westview%20Height%20%7C%20La%20Maison%20Du%20Nord%20%7C%20Shun%20Cheong%20Building%20%7C%20The%20Sail%20At%20Victoria%20%7C%2060%20Victoria%20Road%20%7C%20Mourt%20Davis%2033%20%7C%20Belcher's%20Hill%20%7C%20The%20Kennedy%20On%20Belcher's%20(Kennedy%20Town%202000's%20private%20residential%20buildings)?field=t_pop&sort=default&detailcode=CW0060,20501.60,building,CW0060,(Kennedy Town) Ivy On Belcher's / Westview Height / La Maison Du Nord / Shun Cheong Building / The Sail At Victoria / 60 Victoria Road / Mourt Davis 33 / Belcher's Hill / The Kennedy On Belcher's (Kennedy Town 2000's private residential buildings),2020Q4,Quarter
Central and Western,Kennedy Town,(Kennedy Town) Ivy On Bel...,https://hkdata.centanet.com/BigData/hong-kong/Central%20and%20Western/CHMA/Kennedy-Town/building-group(Kennedy%20Town)%20Ivy%20On%20Belcher's%20%7C%20Westview%20Height%20%7C%20La%20Maison%20Du%20Nord%20%7C%20Shun%20Cheong%20Building%20%7C%20The%20Sail%20At%20Victoria%20%7C%2060%20Victoria%20Road%20%7C%20Mourt%20Davis%2033%20%7C%20Belcher's%20Hill%20%7C%20The%20Kennedy%20On%20Belcher's%20(Kennedy%20Town%202000's%20private%20residential%20buildings)?field=t_pop&sort=default&detailcode=CW0060,22589.60,building,CW0060,(Kennedy Town) Ivy On Belcher's / Westview Height / La Maison Du Nord / Shun Cheong Building / The Sail At Victoria / 60 Victoria Road / Mourt Davis 33 / Belcher's Hill / The Kennedy On Belcher's (Kennedy Town 2000's private residential buildings),2021,Year
Central and Western,Kennedy Town,(Kennedy Town) Ivy On Bel...,https://hkdata.centanet.com/BigData/hong-kong/Central%20and%20Western/CHMA/Kennedy-Town/building-group(Kennedy%20Town)%20Ivy%20On%20Belcher's%20%7C%20Westview%20Height%20%7C%20La%20Maison%20Du%20Nord%20%7C%20Shun%20Cheong%20Building%20%7C%20The%20Sail%20At%20Victoria%20%7C%2060%20Victoria%20Road%20%7C%20Mourt%20Davis%2033%20%7C%20Belcher's%20Hill%20%7C%20The%20Kennedy%20On%20Belcher's%20(Kennedy%20Town%202000's%20private%20residential%20buildings)?field=t_pop&sort=default&detailcode=CW0060,21866.53,building,CW0060,(Kennedy Town) Ivy On Belcher's / Westview Height / La Maison Du Nord / Shun Cheong Building / The Sail At Victoria / 60 Victoria Road / Mourt Davis 33 / Belcher's Hill / The Kennedy On Belcher's (Kennedy Town 2000's private residential buildings),2021_1,HalfYear
Central and Western,Kennedy Town,(Kennedy Town) Ivy On Bel...,https://hkdata.centanet.com/BigData/hong-kong/Central%20and%20Western/CHMA/Kennedy-Town/building-group(Kennedy%20Town)%20Ivy%20On%20Belcher's%20%7C%20Westview%20Height%20%7C%20La%20Maison%20Du%20Nord%20%7C%20Shun%20Cheong%20Building%20%7C%20The%20Sail%20At%20Victoria%20%7C%2060%20Victoria%20Road%20%7C%20Mourt%20Davis%2033%20%7C%20Belcher's%20Hill%20%7C%20The%20Kennedy%20On%20Belcher's%20(Kennedy%20Town%202000's%20private%20residential%20buildings)?field=t_pop&sort=default&detailcode=CW0060,23074.00,building,CW0060,(Kennedy Town) Ivy On Belcher's / Westview Height / La Maison Du Nord / Shun Cheong Building / The Sail At Victoria / 60 Victoria Road / Mourt Davis 33 / Belcher's Hill / The Kennedy On Belcher's (Kennedy Town 2000's private residential buildings),2021_2,HalfYear
Central and Western,Kennedy Town,(Kennedy Town) Ivy On Bel...,https://hkdata.centanet.com/BigData/hong-kong/Central%20and%20Western/CHMA/Kennedy-Town/building-group(Kennedy%20Town)%20Ivy%20On%20Belcher's%20%7C%20Westview%20Height%20%7C%20La%20Maison%20Du%20Nord%20%7C%20Shun%20Cheong%20Building%20%7C%20The%20Sail%20At%20Victoria%20%7C%2060%20Victoria%20Road%20%7C%20Mourt%20Davis%2033%20%7C%20Belcher's%20Hill%20%7C%20The%20Kennedy%20On%20Belcher's%20(Kennedy%20Town%202000's%20private%20residential%20buildings)?field=t_pop&sort=default&detailcode=CW0060,20600.17,building,CW0060,(Kennedy Town) Ivy On Belcher's / Westview Height / La Maison Du Nord / Shun Cheong Building / The Sail At Victoria / 60 Victoria Road / Mourt Davis 33 / Belcher's Hill / The Kennedy On Belcher's (Kennedy Town 2000's private residential buildings),202101,month
Central and Western,Kennedy Town,(Kennedy Town) Ivy On Bel...,https://hkdata.centanet.com/BigData/hong-kong/Central%20and%20Western/CHMA/Kennedy-Town/building-group(Kennedy%20Town)%20Ivy%20On%20Belcher's%20%7C%20Westview%20Height%20%7C%20La%20Maison%20Du%20Nord%20%7C%20Shun%20Cheong%20Building%20%7C%20The%20Sail%20At%20Victoria%20%7C%2060%20Victoria%20Road%20%7C%20Mourt%20Davis%2033%20%7C%20Belcher's%20Hill%20%7C%20The%20Kennedy%20On%20Belcher's%20(Kennedy%20Town%202000's%20private%20residential%20buildings)?field=t_pop&sort=default&detailcode=CW0060,22368.00,building,CW0060,(Kennedy Town) Ivy On Belcher's / Westview Height / La Maison Du Nord / Shun Cheong Building / The Sail At Victoria / 60 Victoria Road / Mourt Davis 33 / Belcher's Hill / The Kennedy On Belcher's (Kennedy Town 2000's private residential buildings),202102,Month
Central and Western,Kennedy Town,(Kennedy Town) Ivy On Bel...,https://hkdata.centanet.com/BigData/hong-kong/Central%20and%20Western/CHMA/Kennedy-Town/building-group(Kennedy%20Town)%20Ivy%20On%20Belcher's%20%7C%20Westview%20Height%20%7C%20La%20Maison%20Du%20Nord%20%7C%20Shun%20Cheong%20Building%20%7C%20The%20Sail%20At%20Victoria%20%7C%2060%20Victoria%20Road%20%7C%20Mourt%20Davis%2033%20%7C%20Belcher's%20Hill%20%7C%20The%20Kennedy%20On%20Belcher's%20(Kennedy%20Town%202000's%20private%20residential%20buildings)?field=t_pop&sort=default&detailcode=CW0060,20677.00,building,CW0060,(Kennedy Town) Ivy On Belcher's / Westview Height / La Maison Du Nord / Shun Cheong Building / The Sail At Victoria / 60 Victoria Road / Mourt Davis 33 / Belcher's Hill / The Kennedy On Belcher's (Kennedy Town 2000's private residential buildings),202103,Month
Central and Western,Kennedy Town,(Kennedy Town) Ivy On Bel...,https://hkdata.centanet.com/BigData/hong-kong/Central%20and%20Western/CHMA/Kennedy-Town/building-group(Kennedy%20Town)%20Ivy%20On%20Belcher's%20%7C%20Westview%20Height%20%7C%20La%20Maison%20Du%20Nord%20%7C%20Shun%20Cheong%20Building%20%7C%20The%20Sail%20At%20Victoria%20%7C%2060%20Victoria%20Road%20%7C%20Mourt%20Davis%2033%20%7C%20Belcher's%20Hill%20%7C%20The%20Kennedy%20On%20Belcher's%20(Kennedy%20Town%202000's%20private%20residential%20buildings)?field=t_pop&sort=default&detailcode=CW0060,22258.50,building,CW0060,(Kennedy Town) Ivy On Belcher's / Westview Height / La Maison Du Nord / Shun Cheong Building / The Sail At Victoria / 60 Victoria Road / Mourt Davis 33 / Belcher's Hill / The Kennedy On Belcher's (Kennedy Town 2000's private residential buildings),202104,month
Central and Western,Kennedy Town,(Kennedy Town) Ivy On Bel...,https://hkdata.centanet.com/BigData/hong-kong/Central%20and%20Western/CHMA/Kennedy-Town/building-group(Kennedy%20Town)%20Ivy%20On%20Belcher's%20%7C%20Westview%20Height%20%7C%20La%20Maison%20Du%20Nord%20%7C%20Shun%20Cheong%20Building%20%7C%20The%20Sail%20At%20Victoria%20%7C%2060%20Victoria%20Road%20%7C%20Mourt%20Davis%2033%20%7C%20Belcher's%20Hill%20%7C%20The%20Kennedy%20On%20Belcher's%20(Kennedy%20Town%202000's%20private%20residential%20buildings)?field=t_pop&sort=default&detailcode=CW0060,21359.00,building,CW0060,(Kennedy Town) Ivy On Belcher's / Westview Height / La Maison Du Nord / Shun Cheong Building / The Sail At Victoria / 60 Victoria Road / Mourt Davis 33 / Belcher's Hill / The Kennedy On Belcher's (Kennedy Town 2000's private residential buildings),202105,Month
Central and Western,Kennedy Town,(Kennedy Town) Ivy On Bel...,https://hkdata.centanet.com/BigData/hong-kong/Central%20and%20Western/CHMA/Kennedy-Town/building-group(Kennedy%20Town)%20Ivy%20On%20Belcher's%20%7C%20Westview%20Height%20%7C%20La%20Maison%20Du%20Nord%20%7C%20Shun%20Cheong%20Building%20%7C%20The%20Sail%20At%20Victoria%20%7C%2060%20Victoria%20Road%20%7C%20Mourt%20Davis%2033%20%7C%20Belcher's%20Hill%20%7C%20The%20Kennedy%20On%20Belcher's%20(Kennedy%20Town%202000's%20private%20residential%20buildings)?field=t_pop&sort=default&detailcode=CW0060,23609.50,building,CW0060,(Kennedy Town) Ivy On Belcher's / Westview Height / La Maison Du Nord / Shun Cheong Building / The Sail At Victoria / 60 Victoria Road / Mourt Davis 33 / Belcher's Hill / The Kennedy On Belcher's (Kennedy Town 2000's private residential buildings),202106,Month
Central and Western,Kennedy Town,(Kennedy Town) Ivy On Bel...,https://hkdata.centanet.com/BigData/hong-kong/Central%20and%20Western/CHMA/Kennedy-Town/building-group(Kennedy%20Town)%20Ivy%20On%20Belcher's%20%7C%20Westview%20Height%20%7C%20La%20Maison%20Du%20Nord%20%7C%20Shun%20Cheong%20Building%20%7C%20The%20Sail%20At%20Victoria%20%7C%2060%20Victoria%20Road%20%7C%20Mourt%20Davis%2033%20%7C%20Belcher's%20Hill%20%7C%20The%20Kennedy%20On%20Belcher's%20(Kennedy%20Town%202000's%20private%20residential%20buildings)?field=t_pop&sort=default&detailcode=CW0060,23790.71,building,CW0060,(Kennedy Town) Ivy On Belcher's / Westview Height / La Maison Du Nord / Shun Cheong Building / The Sail At Victoria / 60 Victoria Road / Mourt Davis 33 / Belcher's Hill / The Kennedy On Belcher's (Kennedy Town 2000's private residential buildings),202107,Month
Central and Western,Kennedy Town,(Kennedy Town) Ivy On Bel...,https://hkdata.centanet.com/BigData/hong-kong/Central%20and%20Western/CHMA/Kennedy-Town/building-group(Kennedy%20Town)%20Ivy%20On%20Belcher's%20%7C%20Westview%20Height%20%7C%20La%20Maison%20Du%20Nord%20%7C%20Shun%20Cheong%20Building%20%7C%20The%20Sail%20At%20Victoria%20%7C%2060%20Victoria%20Road%20%7C%20Mourt%20Davis%2033%20%7C%20Belcher's%20Hill%20%7C%20The%20Kennedy%20On%20Belcher's%20(Kennedy%20Town%202000's%20private%20residential%20buildings)?field=t_pop&sort=default&detailcode=CW0060,23775.75,building,CW0060,(Kennedy Town) Ivy On Belcher's / Westview Height / La Maison Du Nord / Shun Cheong Building / The Sail At Victoria / 60 Victoria Road / Mourt Davis 33 / Belcher's Hill / The Kennedy On Belcher's (Kennedy Town 2000's private residential buildings),202108,month
Central and Western,Kennedy Town,(Kennedy Town) Ivy On Bel...,https://hkdata.centanet.com/BigData/hong-kong/Central%20and%20Western/CHMA/Kennedy-Town/building-group(Kennedy%20Town)%20Ivy%20On%20Belcher's%20%7C%20Westview%20Height%20%7C%20La%20Maison%20Du%20Nord%20%7C%20Shun%20Cheong%20Building%20%7C%20The%20Sail%20At%20Victoria%20%7C%2060%20Victoria%20Road%20%7C%20Mourt%20Davis%2033%20%7C%20Belcher's%20Hill%20%7C%20The%20Kennedy%20On%20Belcher's%20(Kennedy%20Town%202000's%20private%20residential%20buildings)?field=t_pop&sort=default&detailcode=CW0060,15103.00,building,CW0060,(Kennedy Town) Ivy On Belcher's / Westview Height / La Maison Du Nord / Shun Cheong Building / The Sail At Victoria / 60 Victoria Road / Mourt Davis 33 / Belcher's Hill / The Kennedy On Belcher's (Kennedy Town 2000's private residential buildings),202109,Month
Central and Western,Kennedy Town,(Kennedy Town) Ivy On Bel...,https://hkdata.centanet.com/BigData/hong-kong/Central%20and%20Western/CHMA/Kennedy-Town/building-group(Kennedy%20Town)%20Ivy%20On%20Belcher's%20%7C%20Westview%20Height%20%7C%20La%20Maison%20Du%20Nord%20%7C%20Shun%20Cheong%20Building%20%7C%20The%20Sail%20At%20Victoria%20%7C%2060%20Victoria%20Road%20%7C%20Mourt%20Davis%2033%20%7C%20Belcher's%20Hill%20%7C%20The%20Kennedy%20On%20Belcher's%20(Kennedy%20Town%202000's%20private%20residential%20buildings)?field=t_pop&sort=default&detailcode=CW0060,21176.00,building,CW0060,(Kennedy Town) Ivy On Belcher's / Westview Height / La Maison Du Nord / Shun Cheong Building / The Sail At Victoria / 60 Victoria Road / Mourt Davis 33 / Belcher's Hill / The Kennedy On Belcher's (Kennedy Town 2000's private residential buildings),202110,Month
Central and Western,Kennedy Town,(Kennedy Town) Ivy On Bel...,https://hkdata.centanet.com/BigData/hong-kong/Central%20and%20Western/CHMA/Kennedy-Town/building-group(Kennedy%20Town)%20Ivy%20On%20Belcher's%20%7C%20Westview%20Height%20%7C%20La%20Maison%20Du%20Nord%20%7C%20Shun%20Cheong%20Building%20%7C%20The%20Sail%20At%20Victoria%20%7C%2060%20Victoria%20Road%20%7C%20Mourt%20Davis%2033%20%7C%20Belcher's%20Hill%20%7C%20The%20Kennedy%20On%20Belcher's%20(Kennedy%20Town%202000's%20private%20residential%20buildings)?field=t_pop&sort=default&detailcode=CW0060,21176.00,building,CW0060,(Kennedy Town) Ivy On Belcher's / Westview Height / La Maison Du Nord / Shun Cheong Building / The Sail At Victoria / 60 Victoria Road / Mourt Davis 33 / Belcher's Hill / The Kennedy On Belcher's (Kennedy Town 2000's private residential buildings),202111,Month
Central and Western,Kennedy Town,(Kennedy Town) Ivy On Bel...,https://hkdata.centanet.com/BigData/hong-kong/Central%20and%20Western/CHMA/Kennedy-Town/building-group(Kennedy%20Town)%20Ivy%20On%20Belcher's%20%7C%20Westview%20Height%20%7C%20La%20Maison%20Du%20Nord%20%7C%20Shun%20Cheong%20Building%20%7C%20The%20Sail%20At%20Victoria%20%7C%2060%20Victoria%20Road%20%7C%20Mourt%20Davis%2033%20%7C%20Belcher's%20Hill%20%7C%20The%20Kennedy%20On%20Belcher's%20(Kennedy%20Town%202000's%20private%20residential%20buildings)?field=t_pop&sort=default&detailcode=CW0060,22268.40,building,CW0060,(Kennedy Town) Ivy On Belcher's / Westview Height / La Maison Du Nord / Shun Cheong Building / The Sail At Victoria / 60 Victoria Road / Mourt Davis 33 / Belcher's Hill / The Kennedy On Belcher's (Kennedy Town 2000's private residential buildings),202112,Month
Central and Western,Kennedy Town,(Kennedy Town) Ivy On Bel...,https://hkdata.centanet.com/BigData/hong-kong/Central%20and%20Western/CHMA/Kennedy-Town/building-group(Kennedy%20Town)%20Ivy%20On%20Belcher's%20%7C%20Westview%20Height%20%7C%20La%20Maison%20Du%20Nord%20%7C%20Shun%20Cheong%20Building%20%7C%20The%20Sail%20At%20Victoria%20%7C%2060%20Victoria%20Road%20%7C%20Mourt%20Davis%2033%20%7C%20Belcher's%20Hill%20%7C%20The%20Kennedy%20On%20Belcher's%20(Kennedy%20Town%202000's%20private%20residential%20buildings)?field=t_pop&sort=default&detailcode=CW0060,21250.00,building,CW0060,(Kennedy Town) Ivy On Belcher's / Westview Height / La Maison Du Nord / Shun Cheong Building / The Sail At Victoria / 60 Victoria Road / Mourt Davis 33 / Belcher's Hill / The Kennedy On Belcher's (Kennedy Town 2000's private residential buildings),2021Q1,Quarter
Central and Western,Kennedy Town,(Kennedy Town) Ivy On Bel...,https://hkdata.centanet.com/BigData/hong-kong/Central%20and%20Western/CHMA/Kennedy-Town/building-group(Kennedy%20Town)%20Ivy%20On%20Belcher's%20%7C%20Westview%20Height%20%7C%20La%20Maison%20Du%20Nord%20%7C%20Shun%20Cheong%20Building%20%7C%20The%20Sail%20At%20Victoria%20%7C%2060%20Victoria%20Road%20%7C%20Mourt%20Davis%2033%20%7C%20Belcher's%20Hill%20%7C%20The%20Kennedy%20On%20Belcher's%20(Kennedy%20Town%202000's%20private%20residential%20buildings)?field=t_pop&sort=default&detailcode=CW0060,22709.13,building,CW0060,(Kennedy Town) Ivy On Belcher's / Westview Height / La Maison Du Nord / Shun Cheong Building / The Sail At Victoria / 60 Victoria Road / Mourt Davis 33 / Belcher's Hill / The Kennedy On Belcher's (Kennedy Town 2000's private residential buildings),2021Q2,Quarter
Central and Western,Kennedy Town,(Kennedy Town) Ivy On Bel...,https://hkdata.centanet.com/BigData/hong-kong/Central%20and%20Western/CHMA/Kennedy-Town/building-group(Kennedy%20Town)%20Ivy%20On%20Belcher's%20%7C%20Westview%20Height%20%7C%20La%20Maison%20Du%20Nord%20%7C%20Shun%20Cheong%20Building%20%7C%20The%20Sail%20At%20Victoria%20%7C%2060%20Victoria%20Road%20%7C%20Mourt%20Davis%2033%20%7C%20Belcher's%20Hill%20%7C%20The%20Kennedy%20On%20Belcher's%20(Kennedy%20Town%202000's%20private%20residential%20buildings)?field=t_pop&sort=default&detailcode=CW0060,23061.75,building,CW0060,(Kennedy Town) Ivy On Belcher's / Westview Height / La Maison Du Nord / Shun Cheong Building / The Sail At Victoria / 60 Victoria Road / Mourt Davis 33 / Belcher's Hill / The Kennedy On Belcher's (Kennedy Town 2000's private residential buildings),2021Q3,Quarter
Central and Western,Kennedy Town,(Kennedy Town) Ivy On Bel...,https://hkdata.centanet.com/BigData/hong-kong/Central%20and%20Western/CHMA/Kennedy-Town/building-group(Kennedy%20Town)%20Ivy%20On%20Belcher's%20%7C%20Westview%20Height%20%7C%20La%20Maison%20Du%20Nord%20%7C%20Shun%20Cheong%20Building%20%7C%20The%20Sail%20At%20Victoria%20%7C%2060%20Victoria%20Road%20%7C%20Mourt%20Davis%2033%20%7C%20Belcher's%20Hill%20%7C%20The%20Kennedy%20On%20Belcher's%20(Kennedy%20Town%202000's%20private%20residential%20buildings)?field=t_pop&sort=default&detailcode=CW0060,21956.29,building,CW0060,(Kennedy Town) Ivy On Belcher's / Westview Height / La Maison Du Nord / Shun Cheong Building / The Sail At Victoria / 60 Victoria Road / Mourt Davis 33 / Belcher's Hill / The Kennedy On Belcher's (Kennedy Town 2000's private residential buildings),2021Q4,Quarter
Central and Western,Kennedy Town,(Kennedy Town) Ivy On Bel...,https://hkdata.centanet.com/BigData/hong-kong/Central%20and%20Western/CHMA/Kennedy-Town/building-group(Kennedy%20Town)%20Ivy%20On%20Belcher's%20%7C%20Westview%20Height%20%7C%20La%20Maison%20Du%20Nord%20%7C%20Shun%20Cheong%20Building%20%7C%20The%20Sail%20At%20Victoria%20%7C%2060%20Victoria%20Road%20%7C%20Mourt%20Davis%2033%20%7C%20Belcher's%20Hill%20%7C%20The%20Kennedy%20On%20Belcher's%20(Kennedy%20Town%202000's%20private%20residential%20buildings)?field=t_pop&sort=default&detailcode=CW0060,21685.79,building,CW0060,(Kennedy Town) Ivy On Belcher's / Westview Height / La Maison Du Nord / Shun Cheong Building / The Sail At Victoria / 60 Victoria Road / Mourt Davis 33 / Belcher's Hill / The Kennedy On Belcher's (Kennedy Town 2000's private residential buildings),2022,Year
Central and Western,Kennedy Town,(Kennedy Town) Ivy On Bel...,https://hkdata.centanet.com/BigData/hong-kong/Central%20and%20Western/CHMA/Kennedy-Town/building-group(Kennedy%20Town)%20Ivy%20On%20Belcher's%20%7C%20Westview%20Height%20%7C%20La%20Maison%20Du%20Nord%20%7C%20Shun%20Cheong%20Building%20%7C%20The%20Sail%20At%20Victoria%20%7C%2060%20Victoria%20Road%20%7C%20Mourt%20Davis%2033%20%7C%20Belcher's%20Hill%20%7C%20The%20Kennedy%20On%20Belcher's%20(Kennedy%20Town%202000's%20private%20residential%20buildings)?field=t_pop&sort=default&detailcode=CW0060,22685.50,building,CW0060,(Kennedy Town) Ivy On Belcher's / Westview Height / La Maison Du Nord / Shun Cheong Building / The Sail At Victoria / 60 Victoria Road / Mourt Davis 33 / Belcher's Hill / The Kennedy On Belcher's (Kennedy Town 2000's private residential buildings),2022_1,HalfYear
Central and Western,Kennedy Town,(Kennedy Town) Ivy On Bel...,https://hkdata.centanet.com/BigData/hong-kong/Central%20and%20Western/CHMA/Kennedy-Town/building-group(Kennedy%20Town)%20Ivy%20On%20Belcher's%20%7C%20Westview%20Height%20%7C%20La%20Maison%20Du%20Nord%20%7C%20Shun%20Cheong%20Building%20%7C%20The%20Sail%20At%20Victoria%20%7C%2060%20Victoria%20Road%20%7C%20Mourt%20Davis%2033%20%7C%20Belcher's%20Hill%20%7C%20The%20Kennedy%20On%20Belcher's%20(Kennedy%20Town%202000's%20private%20residential%20buildings)?field=t_pop&sort=default&detailcode=CW0060,18886.60,building,CW0060,(Kennedy Town) Ivy On Belcher's / Westview Height / La Maison Du Nord / Shun Cheong Building / The Sail At Victoria / 60 Victoria Road / Mourt Davis 33 / Belcher's Hill / The Kennedy On Belcher's (Kennedy Town 2000's private residential buildings),2022_2,HalfYear
Central and Western,Kennedy Town,(Kennedy Town) Ivy On Bel...,https://hkdata.centanet.com/BigData/hong-kong/Central%20and%20Western/CHMA/Kennedy-Town/building-group(Kennedy%20Town)%20Ivy%20On%20Belcher's%20%7C%20Westview%20Height%20%7C%20La%20Maison%20Du%20Nord%20%7C%20Shun%20Cheong%20Building%20%7C%20The%20Sail%20At%20Victoria%20%7C%2060%20Victoria%20Road%20%7C%20Mourt%20Davis%2033%20%7C%20Belcher's%20Hill%20%7C%20The%20Kennedy%20On%20Belcher's%20(Kennedy%20Town%202000's%20private%20residential%20buildings)?field=t_pop&sort=default&detailcode=CW0060,21632.67,building,CW0060,(Kennedy Town) Ivy On Belcher's / Westview Height / La Maison Du Nord / Shun Cheong Building / The Sail At Victoria / 60 Victoria Road / Mourt Davis 33 / Belcher's Hill / The Kennedy On Belcher's (Kennedy Town 2000's private residential buildings),202201,Month
Central and Western,Kennedy Town,(Kennedy Town) Ivy On Bel...,https://hkdata.centanet.com/BigData/hong-kong/Central%20and%20Western/CHMA/Kennedy-Town/building-group(Kennedy%20Town)%20Ivy%20On%20Belcher's%20%7C%20Westview%20Height%20%7C%20La%20Maison%20Du%20Nord%20%7C%20Shun%20Cheong%20Building%20%7C%20The%20Sail%20At%20Victoria%20%7C%2060%20Victoria%20Road%20%7C%20Mourt%20Davis%2033%20%7C%20Belcher's%20Hill%20%7C%20The%20Kennedy%20On%20Belcher's%20(Kennedy%20Town%202000's%20private%20residential%20buildings)?field=t_pop&sort=default&detailcode=CW0060,20603.33,building,CW0060,(Kennedy Town) Ivy On Belcher's / Westview Height / La Maison Du Nord / Shun Cheong Building / The Sail At Victoria / 60 Victoria Road / Mourt Davis 33 / Belcher's Hill / The Kennedy On Belcher's (Kennedy Town 2000's private residential buildings),202202,Month
Central and Western,Kennedy Town,(Kennedy Town) Ivy On Bel...,https://hkdata.centanet.com/BigData/hong-kong/Central%20and%20Western/CHMA/Kennedy-Town/building-group(Kennedy%20Town)%20Ivy%20On%20Belcher's%20%7C%20Westview%20Height%20%7C%20La%20Maison%20Du%20Nord%20%7C%20Shun%20Cheong%20Building%20%7C%20The%20Sail%20At%20Victoria%20%7C%2060%20Victoria%20Road%20%7C%20Mourt%20Davis%2033%20%7C%20Belcher's%20Hill%20%7C%20The%20Kennedy%20On%20Belcher's%20(Kennedy%20Town%202000's%20private%20residential%20buildings)?field=t_pop&sort=default&detailcode=CW0060,24450.00,building,CW0060,(Kennedy Town) Ivy On Belcher's / Westview Height / La Maison Du Nord / Shun Cheong Building / The Sail At Victoria / 60 Victoria Road / Mourt Davis 33 / Belcher's Hill / The Kennedy On Belcher's (Kennedy Town 2000's private residential buildings),202203,Month
Central and Western,Kennedy Town,(Kennedy Town) Ivy On Bel...,https://hkdata.centanet.com/BigData/hong-kong/Central%20and%20Western/CHMA/Kennedy-Town/building-group(Kennedy%20Town)%20Ivy%20On%20Belcher's%20%7C%20Westview%20Height%20%7C%20La%20Maison%20Du%20Nord%20%7C%20Shun%20Cheong%20Building%20%7C%20The%20Sail%20At%20Victoria%20%7C%2060%20Victoria%20Road%20%7C%20Mourt%20Davis%2033%20%7C%20Belcher's%20Hill%20%7C%20The%20Kennedy%20On%20Belcher's%20(Kennedy%20Town%202000's%20private%20residential%20buildings)?field=t_pop&sort=default&detailcode=CW0060,25974.25,building,CW0060,(Kennedy Town) Ivy On Belcher's / Westview Height / La Maison Du Nord / Shun Cheong Building / The Sail At Victoria / 60 Victoria Road / Mourt Davis 33 / Belcher's Hill / The Kennedy On Belcher's (Kennedy Town 2000's private residential buildings),202204,Month
Central and Western,Kennedy Town,(Kennedy Town) Ivy On Bel...,https://hkdata.centanet.com/BigData/hong-kong/Central%20and%20Western/CHMA/Kennedy-Town/building-group(Kennedy%20Town)%20Ivy%20On%20Belcher's%20%7C%20Westview%20Height%20%7C%20La%20Maison%20Du%20Nord%20%7C%20Shun%20Cheong%20Building%20%7C%20The%20Sail%20At%20Victoria%20%7C%2060%20Victoria%20Road%20%7C%20Mourt%20Davis%2033%20%7C%20Belcher's%20Hill%20%7C%20The%20Kennedy%20On%20Belcher's%20(Kennedy%20Town%202000's%20private%20residential%20buildings)?field=t_pop&sort=default&detailcode=CW0060,18142.00,building,CW0060,(Kennedy Town) Ivy On Belcher's / Westview Height / La Maison Du Nord / Shun Cheong Building / The Sail At Victoria / 60 Victoria Road / Mourt Davis 33 / Belcher's Hill / The Kennedy On Belcher's (Kennedy Town 2000's private residential buildings),202205,Month
Central and Western,Kennedy Town,(Kennedy Town) Ivy On Bel...,https://hkdata.centanet.com/BigData/hong-kong/Central%20and%20Western/CHMA/Kennedy-Town/building-group(Kennedy%20Town)%20Ivy%20On%20Belcher's%20%7C%20Westview%20Height%20%7C%20La%20Maison%20Du%20Nord%20%7C%20Shun%20Cheong%20Building%20%7C%20The%20Sail%20At%20Victoria%20%7C%2060%20Victoria%20Road%20%7C%20Mourt%20Davis%2033%20%7C%20Belcher's%20Hill%20%7C%20The%20Kennedy%20On%20Belcher's%20(Kennedy%20Town%202000's%20private%20residential%20buildings)?field=t_pop&sort=default&detailcode=CW0060,22200.00,building,CW0060,(Kennedy Town) Ivy On Belcher's / Westview Height / La Maison Du Nord / Shun Cheong Building / The Sail At Victoria / 60 Victoria Road / Mourt Davis 33 / Belcher's Hill / The Kennedy On Belcher's (Kennedy Town 2000's private residential buildings),202206,Month
Central and Western,Kennedy Town,(Kennedy Town) Ivy On Bel...,https://hkdata.centanet.com/BigData/hong-kong/Central%20and%20Western/CHMA/Kennedy-Town/building-group(Kennedy%20Town)%20Ivy%20On%20Belcher's%20%7C%20Westview%20Height%20%7C%20La%20Maison%20Du%20Nord%20%7C%20Shun%20Cheong%20Building%20%7C%20The%20Sail%20At%20Victoria%20%7C%2060%20Victoria%20Road%20%7C%20Mourt%20Davis%2033%20%7C%20Belcher's%20Hill%20%7C%20The%20Kennedy%20On%20Belcher's%20(Kennedy%20Town%202000's%20private%20residential%20buildings)?field=t_pop&sort=default&detailcode=CW0060,22200.00,building,CW0060,(Kennedy Town) Ivy On Belcher's / Westview Height / La Maison Du Nord / Shun Cheong Building / The Sail At Victoria / 60 Victoria Road / Mourt Davis 33 / Belcher's Hill / The Kennedy On Belcher's (Kennedy Town 2000's private residential buildings),202207,Month
Central and Western,Kennedy Town,(Kennedy Town) Ivy On Bel...,https://hkdata.centanet.com/BigData/hong-kong/Central%20and%20Western/CHMA/Kennedy-Town/building-group(Kennedy%20Town)%20Ivy%20On%20Belcher's%20%7C%20Westview%20Height%20%7C%20La%20Maison%20Du%20Nord%20%7C%20Shun%20Cheong%20Building%20%7C%20The%20Sail%20At%20Victoria%20%7C%2060%20Victoria%20Road%20%7C%20Mourt%20Davis%2033%20%7C%20Belcher's%20Hill%20%7C%20The%20Kennedy%20On%20Belcher's%20(Kennedy%20Town%202000's%20private%20residential%20buildings)?field=t_pop&sort=default&detailcode=CW0060,22200.00,building,CW0060,(Kennedy Town) Ivy On Belcher's / Westview Height / La Maison Du Nord / Shun Cheong Building / The Sail At Victoria / 60 Victoria Road / Mourt Davis 33 / Belcher's Hill / The Kennedy On Belcher's (Kennedy Town 2000's private residential buildings),202208,Month
Central and Western,Kennedy Town,(Kennedy Town) Ivy On Bel...,https://hkdata.centanet.com/BigData/hong-kong/Central%20and%20Western/CHMA/Kennedy-Town/building-group(Kennedy%20Town)%20Ivy%20On%20Belcher's%20%7C%20Westview%20Height%20%7C%20La%20Maison%20Du%20Nord%20%7C%20Shun%20Cheong%20Building%20%7C%20The%20Sail%20At%20Victoria%20%7C%2060%20Victoria%20Road%20%7C%20Mourt%20Davis%2033%20%7C%20Belcher's%20Hill%20%7C%20The%20Kennedy%20On%20Belcher's%20(Kennedy%20Town%202000's%20private%20residential%20buildings)?field=t_pop&sort=default&detailcode=CW0060,22663.00,building,CW0060,(Kennedy Town) Ivy On Belcher's / Westview Height / La Maison Du Nord / Shun Cheong Building / The Sail At Victoria / 60 Victoria Road / Mourt Davis 33 / Belcher's Hill / The Kennedy On Belcher's (Kennedy Town 2000's private residential buildings),202209,Month
Central and Western,Kennedy Town,(Kennedy Town) Ivy On Bel...,https://hkdata.centanet.com/BigData/hong-kong/Central%20and%20Western/CHMA/Kennedy-Town/building-group(Kennedy%20Town)%20Ivy%20On%20Belcher's%20%7C%20Westview%20Height%20%7C%20La%20Maison%20Du%20Nord%20%7C%20Shun%20Cheong%20Building%20%7C%20The%20Sail%20At%20Victoria%20%7C%2060%20Victoria%20Road%20%7C%20Mourt%20Davis%2033%20%7C%20Belcher's%20Hill%20%7C%20The%20Kennedy%20On%20Belcher's%20(Kennedy%20Town%202000's%20private%20residential%20buildings)?field=t_pop&sort=default&detailcode=CW0060,17297.33,building,CW0060,(Kennedy Town) Ivy On Belcher's / Westview Height / La Maison Du Nord / Shun Cheong Building / The Sail At Victoria / 60 Victoria Road / Mourt Davis 33 / Belcher's Hill / The Kennedy On Belcher's (Kennedy Town 2000's private residential buildings),202210,Month
Central and Western,Kennedy Town,(Kennedy Town) Ivy On Bel...,https://hkdata.centanet.com/BigData/hong-kong/Central%20and%20Western/CHMA/Kennedy-Town/building-group(Kennedy%20Town)%20Ivy%20On%20Belcher's%20%7C%20Westview%20Height%20%7C%20La%20Maison%20Du%20Nord%20%7C%20Shun%20Cheong%20Building%20%7C%20The%20Sail%20At%20Victoria%20%7C%2060%20Victoria%20Road%20%7C%20Mourt%20Davis%2033%20%7C%20Belcher's%20Hill%20%7C%20The%20Kennedy%20On%20Belcher's%20(Kennedy%20Town%202000's%20private%20residential%20buildings)?field=t_pop&sort=default&detailcode=CW0060,17297.33,building,CW0060,(Kennedy Town) Ivy On Belcher's / Westview Height / La Maison Du Nord / Shun Cheong Building / The Sail At Victoria / 60 Victoria Road / Mourt Davis 33 / Belcher's Hill / The Kennedy On Belcher's (Kennedy Town 2000's private residential buildings),202211,month
Central and Western,Kennedy Town,(Kennedy Town) Ivy On Bel...,https://hkdata.centanet.com/BigData/hong-kong/Central%20and%20Western/CHMA/Kennedy-Town/building-group(Kennedy%20Town)%20Ivy%20On%20Belcher's%20%7C%20Westview%20Height%20%7C%20La%20Maison%20Du%20Nord%20%7C%20Shun%20Cheong%20Building%20%7C%20The%20Sail%20At%20Victoria%20%7C%2060%20Victoria%20Road%20%7C%20Mourt%20Davis%2033%20%7C%20Belcher's%20Hill%20%7C%20The%20Kennedy%20On%20Belcher's%20(Kennedy%20Town%202000's%20private%20residential%20buildings)?field=t_pop&sort=default&detailcode=CW0060,19878.00,building,CW0060,(Kennedy Town) Ivy On Belcher's / Westview Height / La Maison Du Nord / Shun Cheong Building / The Sail At Victoria / 60 Victoria Road / Mourt Davis 33 / Belcher's Hill / The Kennedy On Belcher's (Kennedy Town 2000's private residential buildings),202212,Month
Central and Western,Kennedy Town,(Kennedy Town) Ivy On Bel...,https://hkdata.centanet.com/BigData/hong-kong/Central%20and%20Western/CHMA/Kennedy-Town/building-group(Kennedy%20Town)%20Ivy%20On%20Belcher's%20%7C%20Westview%20Height%20%7C%20La%20Maison%20Du%20Nord%20%7C%20Shun%20Cheong%20Building%20%7C%20The%20Sail%20At%20Victoria%20%7C%2060%20Victoria%20Road%20%7C%20Mourt%20Davis%2033%20%7C%20Belcher's%20Hill%20%7C%20The%20Kennedy%20On%20Belcher's%20(Kennedy%20Town%202000's%20private%20residential%20buildings)?field=t_pop&sort=default&detailcode=CW0060,21594.00,building,CW0060,(Kennedy Town) Ivy On Belcher's / Westview Height / La Maison Du Nord / Shun Cheong Building / The Sail At Victoria / 60 Victoria Road / Mourt Davis 33 / Belcher's Hill / The Kennedy On Belcher's (Kennedy Town 2000's private residential buildings),2022Q1,Quarter
Central and Western,Kennedy Town,(Kennedy Town) Ivy On Bel...,https://hkdata.centanet.com/BigData/hong-kong/Central%20and%20Western/CHMA/Kennedy-Town/building-group(Kennedy%20Town)%20Ivy%20On%20Belcher's%20%7C%20Westview%20Height%20%7C%20La%20Maison%20Du%20Nord%20%7C%20Shun%20Cheong%20Building%20%7C%20The%20Sail%20At%20Victoria%20%7C%2060%20Victoria%20Road%20%7C%20Mourt%20Davis%2033%20%7C%20Belcher's%20Hill%20%7C%20The%20Kennedy%20On%20Belcher's%20(Kennedy%20Town%202000's%20private%20residential%20buildings)?field=t_pop&sort=default&detailcode=CW0060,23777.00,building,CW0060,(Kennedy Town) Ivy On Belcher's / Westview Height / La Maison Du Nord / Shun Cheong Building / The Sail At Victoria / 60 Victoria Road / Mourt Davis 33 / Belcher's Hill / The Kennedy On Belcher's (Kennedy Town 2000's private residential buildings),2022Q2,Quarter
Central and Western,Kennedy Town,(Kennedy Town) Ivy On Bel...,https://hkdata.centanet.com/BigData/hong-kong/Central%20and%20Western/CHMA/Kennedy-Town/building-group(Kennedy%20Town)%20Ivy%20On%20Belcher's%20%7C%20Westview%20Height%20%7C%20La%20Maison%20Du%20Nord%20%7C%20Shun%20Cheong%20Building%20%7C%20The%20Sail%20At%20Victoria%20%7C%2060%20Victoria%20Road%20%7C%20Mourt%20Davis%2033%20%7C%20Belcher's%20Hill%20%7C%20The%20Kennedy%20On%20Belcher's%20(Kennedy%20Town%202000's%20private%20residential%20buildings)?field=t_pop&sort=default&detailcode=CW0060,22663.00,building,CW0060,(Kennedy Town) Ivy On Belcher's / Westview Height / La Maison Du Nord / Shun Cheong Building / The Sail At Victoria / 60 Victoria Road / Mourt Davis 33 / Belcher's Hill / The Kennedy On Belcher's (Kennedy Town 2000's private residential buildings),2022Q3,Quarter
Central and Western,Kennedy Town,(Kennedy Town) Ivy On Bel...,https://hkdata.centanet.com/BigData/hong-kong/Central%20and%20Western/CHMA/Kennedy-Town/building-group(Kennedy%20Town)%20Ivy%20On%20Belcher's%20%7C%20Westview%20Height%20%7C%20La%20Maison%20Du%20Nord%20%7C%20Shun%20Cheong%20Building%20%7C%20The%20Sail%20At%20Victoria%20%7C%2060%20Victoria%20Road%20%7C%20Mourt%20Davis%2033%20%7C%20Belcher's%20Hill%20%7C%20The%20Kennedy%20On%20Belcher's%20(Kennedy%20Town%202000's%20private%20residential%20buildings)?field=t_pop&sort=default&detailcode=CW0060,17942.50,building,CW0060,(Kennedy Town) Ivy On Belcher's / Westview Height / La Maison Du Nord / Shun Cheong Building / The Sail At Victoria / 60 Victoria Road / Mourt Davis 33 / Belcher's Hill / The Kennedy On Belcher's (Kennedy Town 2000's private residential buildings),2022Q4,Quarter
Central and Western,Kennedy Town,(Kennedy Town) Ivy On Bel...,https://hkdata.centanet.com/BigData/hong-kong/Central%20and%20Western/CHMA/Kennedy-Town/building-group(Kennedy%20Town)%20Ivy%20On%20Belcher's%20%7C%20Westview%20Height%20%7C%20La%20Maison%20Du%20Nord%20%7C%20Shun%20Cheong%20Building%20%7C%20The%20Sail%20At%20Victoria%20%7C%2060%20Victoria%20Road%20%7C%20Mourt%20Davis%2033%20%7C%20Belcher's%20Hill%20%7C%20The%20Kennedy%20On%20Belcher's%20(Kennedy%20Town%202000's%20private%20residential%20buildings)?field=t_pop&sort=default&detailcode=CW0060,19792.17,building,CW0060,(Kennedy Town) Ivy On Belcher's / Westview Height / La Maison Du Nord / Shun Cheong Building / The Sail At Victoria / 60 Victoria Road / Mourt Davis 33 / Belcher's Hill / The Kennedy On Belcher's (Kennedy Town 2000's private residential buildings),2023,Year
Central and Western,Kennedy Town,(Kennedy Town) Ivy On Bel...,https://hkdata.centanet.com/BigData/hong-kong/Central%20and%20Western/CHMA/Kennedy-Town/building-group(Kennedy%20Town)%20Ivy%20On%20Belcher's%20%7C%20Westview%20Height%20%7C%20La%20Maison%20Du%20Nord%20%7C%20Shun%20Cheong%20Building%20%7C%20The%20Sail%20At%20Victoria%20%7C%2060%20Victoria%20Road%20%7C%20Mourt%20Davis%2033%20%7C%20Belcher's%20Hill%20%7C%20The%20Kennedy%20On%20Belcher's%20(Kennedy%20Town%202000's%20private%20residential%20buildings)?field=t_pop&sort=default&detailcode=CW0060,19335.63,building,CW0060,(Kennedy Town) Ivy On Belcher's / Westview Height / La Maison Du Nord / Shun Cheong Building / The Sail At Victoria / 60 Victoria Road / Mourt Davis 33 / Belcher's Hill / The Kennedy On Belcher's (Kennedy Town 2000's private residential buildings),2023_1,HalfYear
Central and Western,Kennedy Town,(Kennedy Town) Ivy On Bel...,https://hkdata.centanet.com/BigData/hong-kong/Central%20and%20Western/CHMA/Kennedy-Town/building-group(Kennedy%20Town)%20Ivy%20On%20Belcher's%20%7C%20Westview%20Height%20%7C%20La%20Maison%20Du%20Nord%20%7C%20Shun%20Cheong%20Building%20%7C%20The%20Sail%20At%20Victoria%20%7C%2060%20Victoria%20Road%20%7C%20Mourt%20Davis%2033%20%7C%20Belcher's%20Hill%20%7C%20The%20Kennedy%20On%20Belcher's%20(Kennedy%20Town%202000's%20private%20residential%20buildings)?field=t_pop&sort=default&detailcode=CW0060,20835.71,building,CW0060,(Kennedy Town) Ivy On Belcher's / Westview Height / La Maison Du Nord / Shun Cheong Building / The Sail At Victoria / 60 Victoria Road / Mourt Davis 33 / Belcher's Hill / The Kennedy On Belcher's (Kennedy Town 2000's private residential buildings),2023_2,HalfYear
Central and Western,Kennedy Town,(Kennedy Town) Ivy On Bel...,https://hkdata.centanet.com/BigData/hong-kong/Central%20and%20Western/CHMA/Kennedy-Town/building-group(Kennedy%20Town)%20Ivy%20On%20Belcher's%20%7C%20Westview%20Height%20%7C%20La%20Maison%20Du%20Nord%20%7C%20Shun%20Cheong%20Building%20%7C%20The%20Sail%20At%20Victoria%20%7C%2060%20Victoria%20Road%20%7C%20Mourt%20Davis%2033%20%7C%20Belcher's%20Hill%20%7C%20The%20Kennedy%20On%20Belcher's%20(Kennedy%20Town%202000's%20private%20residential%20buildings)?field=t_pop&sort=default&detailcode=CW0060,18386.50,building,CW0060,(Kennedy Town) Ivy On Belcher's / Westview Height / La Maison Du Nord / Shun Cheong Building / The Sail At Victoria / 60 Victoria Road / Mourt Davis 33 / Belcher's Hill / The Kennedy On Belcher's (Kennedy Town 2000's private residential buildings),202301,Month
Central and Western,Kennedy Town,(Kennedy Town) Ivy On Bel...,https://hkdata.centanet.com/BigData/hong-kong/Central%20and%20Western/CHMA/Kennedy-Town/building-group(Kennedy%20Town)%20Ivy%20On%20Belcher's%20%7C%20Westview%20Height%20%7C%20La%20Maison%20Du%20Nord%20%7C%20Shun%20Cheong%20Building%20%7C%20The%20Sail%20At%20Victoria%20%7C%2060%20Victoria%20Road%20%7C%20Mourt%20Davis%2033%20%7C%20Belcher's%20Hill%20%7C%20The%20Kennedy%20On%20Belcher's%20(Kennedy%20Town%202000's%20private%20residential%20buildings)?field=t_pop&sort=default&detailcode=CW0060,18899.00,building,CW0060,(Kennedy Town) Ivy On Belcher's / Westview Height / La Maison Du Nord / Shun Cheong Building / The Sail At Victoria / 60 Victoria Road / Mourt Davis 33 / Belcher's Hill / The Kennedy On Belcher's (Kennedy Town 2000's private residential buildings),202302,Month
Central and Western,Kennedy Town,(Kennedy Town) Ivy On Bel...,https://hkdata.centanet.com/BigData/hong-kong/Central%20and%20Western/CHMA/Kennedy-Town/building-group(Kennedy%20Town)%20Ivy%20On%20Belcher's%20%7C%20Westview%20Height%20%7C%20La%20Maison%20Du%20Nord%20%7C%20Shun%20Cheong%20Building%20%7C%20The%20Sail%20At%20Victoria%20%7C%2060%20Victoria%20Road%20%7C%20Mourt%20Davis%2033%20%7C%20Belcher's%20Hill%20%7C%20The%20Kennedy%20On%20Belcher's%20(Kennedy%20Town%202000's%20private%20residential%20buildings)?field=t_pop&sort=default&detailcode=CW0060,19581.80,building,CW0060,(Kennedy Town) Ivy On Belcher's / Westview Height / La Maison Du Nord / Shun Cheong Building / The Sail At Victoria / 60 Victoria Road / Mourt Davis 33 / Belcher's Hill / The Kennedy On Belcher's (Kennedy Town 2000's private residential buildings),202303,Month
Central and Western,Kennedy Town,(Kennedy Town) Ivy On Bel...,https://hkdata.centanet.com/BigData/hong-kong/Central%20and%20Western/CHMA/Kennedy-Town/building-group(Kennedy%20Town)%20Ivy%20On%20Belcher's%20%7C%20Westview%20Height%20%7C%20La%20Maison%20Du%20Nord%20%7C%20Shun%20Cheong%20Building%20%7C%20The%20Sail%20At%20Victoria%20%7C%2060%20Victoria%20Road%20%7C%20Mourt%20Davis%2033%20%7C%20Belcher's%20Hill%20%7C%20The%20Kennedy%20On%20Belcher's%20(Kennedy%20Town%202000's%20private%20residential%20buildings)?field=t_pop&sort=default&detailcode=CW0060,20193.40,building,CW0060,(Kennedy Town) Ivy On Belcher's / Westview Height / La Maison Du Nord / Shun Cheong Building / The Sail At Victoria / 60 Victoria Road / Mourt Davis 33 / Belcher's Hill / The Kennedy On Belcher's (Kennedy Town 2000's private residential buildings),202304,Month
Central and Western,Kennedy Town,(Kennedy Town) Ivy On Bel...,https://hkdata.centanet.com/BigData/hong-kong/Central%20and%20Western/CHMA/Kennedy-Town/building-group(Kennedy%20Town)%20Ivy%20On%20Belcher's%20%7C%20Westview%20Height%20%7C%20La%20Maison%20Du%20Nord%20%7C%20Shun%20Cheong%20Building%20%7C%20The%20Sail%20At%20Victoria%20%7C%2060%20Victoria%20Road%20%7C%20Mourt%20Davis%2033%20%7C%20Belcher's%20Hill%20%7C%20The%20Kennedy%20On%20Belcher's%20(Kennedy%20Town%202000's%20private%20residential%20buildings)?field=t_pop&sort=default&detailcode=CW0060,17793.00,building,CW0060,(Kennedy Town) Ivy On Belcher's / Westview Height / La Maison Du Nord / Shun Cheong Building / The Sail At Victoria / 60 Victoria Road / Mourt Davis 33 / Belcher's Hill / The Kennedy On Belcher's (Kennedy Town 2000's private residential buildings),202305,Month
Central and Western,Kennedy Town,(Kennedy Town) Ivy On Bel...,https://hkdata.centanet.com/BigData/hong-kong/Central%20and%20Western/CHMA/Kennedy-Town/building-group(Kennedy%20Town)%20Ivy%20On%20Belcher's%20%7C%20Westview%20Height%20%7C%20La%20Maison%20Du%20Nord%20%7C%20Shun%20Cheong%20Building%20%7C%20The%20Sail%20At%20Victoria%20%7C%2060%20Victoria%20Road%20%7C%20Mourt%20Davis%2033%20%7C%20Belcher's%20Hill%20%7C%20The%20Kennedy%20On%20Belcher's%20(Kennedy%20Town%202000's%20private%20residential%20buildings)?field=t_pop&sort=default&detailcode=CW0060,19317.00,building,CW0060,(Kennedy Town) Ivy On Belcher's / Westview Height / La Maison Du Nord / Shun Cheong Building / The Sail At Victoria / 60 Victoria Road / Mourt Davis 33 / Belcher's Hill / The Kennedy On Belcher's (Kennedy Town 2000's private residential buildings),202306,Month
Central and Western,Kennedy Town,(Kennedy Town) Ivy On Bel...,https://hkdata.centanet.com/BigData/hong-kong/Central%20and%20Western/CHMA/Kennedy-Town/building-group(Kennedy%20Town)%20Ivy%20On%20Belcher's%20%7C%20Westview%20Height%20%7C%20La%20Maison%20Du%20Nord%20%7C%20Shun%20Cheong%20Building%20%7C%20The%20Sail%20At%20Victoria%20%7C%2060%20Victoria%20Road%20%7C%20Mourt%20Davis%2033%20%7C%20Belcher's%20Hill%20%7C%20The%20Kennedy%20On%20Belcher's%20(Kennedy%20Town%202000's%20private%20residential%20buildings)?field=t_pop&sort=default&detailcode=CW0060,18925.00,building,CW0060,(Kennedy Town) Ivy On Belcher's / Westview Height / La Maison Du Nord / Shun Cheong Building / The Sail At Victoria / 60 Victoria Road / Mourt Davis 33 / Belcher's Hill / The Kennedy On Belcher's (Kennedy Town 2000's private residential buildings),202307,Month
Central and Western,Kennedy Town,(Kennedy Town) Ivy On Bel...,https://hkdata.centanet.com/BigData/hong-kong/Central%20and%20Western/CHMA/Kennedy-Town/building-group(Kennedy%20Town)%20Ivy%20On%20Belcher's%20%7C%20Westview%20Height%20%7C%20La%20Maison%20Du%20Nord%20%7C%20Shun%20Cheong%20Building%20%7C%20The%20Sail%20At%20Victoria%20%7C%2060%20Victoria%20Road%20%7C%20Mourt%20Davis%2033%20%7C%20Belcher's%20Hill%20%7C%20The%20Kennedy%20On%20Belcher's%20(Kennedy%20Town%202000's%20private%20residential%20buildings)?field=t_pop&sort=default&detailcode=CW0060,20834.00,building,CW0060,(Kennedy Town) Ivy On Belcher's / Westview Height / La Maison Du Nord / Shun Cheong Building / The Sail At Victoria / 60 Victoria Road / Mourt Davis 33 / Belcher's Hill / The Kennedy On Belcher's (Kennedy Town 2000's private residential buildings),202308,Month
Central and Western,Kennedy Town,(Kennedy Town) Ivy On Bel...,https://hkdata.centanet.com/BigData/hong-kong/Central%20and%20Western/CHMA/Kennedy-Town/building-group(Kennedy%20Town)%20Ivy%20On%20Belcher's%20%7C%20Westview%20Height%20%7C%20La%20Maison%20Du%20Nord%20%7C%20Shun%20Cheong%20Building%20%7C%20The%20Sail%20At%20Victoria%20%7C%2060%20Victoria%20Road%20%7C%20Mourt%20Davis%2033%20%7C%20Belcher's%20Hill%20%7C%20The%20Kennedy%20On%20Belcher's%20(Kennedy%20Town%202000's%20private%20residential%20buildings)?field=t_pop&sort=default&detailcode=CW0060,20834.00,building,CW0060,(Kennedy Town) Ivy On Belcher's / Westview Height / La Maison Du Nord / Shun Cheong Building / The Sail At Victoria / 60 Victoria Road / Mourt Davis 33 / Belcher's Hill / The Kennedy On Belcher's (Kennedy Town 2000's private residential buildings),202309,Month
Central and Western,Kennedy Town,(Kennedy Town) Ivy On Bel...,https://hkdata.centanet.com/BigData/hong-kong/Central%20and%20Western/CHMA/Kennedy-Town/building-group(Kennedy%20Town)%20Ivy%20On%20Belcher's%20%7C%20Westview%20Height%20%7C%20La%20Maison%20Du%20Nord%20%7C%20Shun%20Cheong%20Building%20%7C%20The%20Sail%20At%20Victoria%20%7C%2060%20Victoria%20Road%20%7C%20Mourt%20Davis%2033%20%7C%20Belcher's%20Hill%20%7C%20The%20Kennedy%20On%20Belcher's%20(Kennedy%20Town%202000's%20private%20residential%20buildings)?field=t_pop&sort=default&detailcode=CW0060,20834.00,building,CW0060,(Kennedy Town) Ivy On Belcher's / Westview Height / La Maison Du Nord / Shun Cheong Building / The Sail At Victoria / 60 Victoria Road / Mourt Davis 33 / Belcher's Hill / The Kennedy On Belcher's (Kennedy Town 2000's private residential buildings),202310,Month
Central and Western,Kennedy Town,(Kennedy Town) Ivy On Bel...,https://hkdata.centanet.com/BigData/hong-kong/Central%20and%20Western/CHMA/Kennedy-Town/building-group(Kennedy%20Town)%20Ivy%20On%20Belcher's%20%7C%20Westview%20Height%20%7C%20La%20Maison%20Du%20Nord%20%7C%20Shun%20Cheong%20Building%20%7C%20The%20Sail%20At%20Victoria%20%7C%2060%20Victoria%20Road%20%7C%20Mourt%20Davis%2033%20%7C%20Belcher's%20Hill%20%7C%20The%20Kennedy%20On%20Belcher's%20(Kennedy%20Town%202000's%20private%20residential%20buildings)?field=t_pop&sort=default&detailcode=CW0060,24327.50,building,CW0060,(Kennedy Town) Ivy On Belcher's / Westview Height / La Maison Du Nord / Shun Cheong Building / The Sail At Victoria / 60 Victoria Road / Mourt Davis 33 / Belcher's Hill / The Kennedy On Belcher's (Kennedy Town 2000's private residential buildings),202311,Month
Central and Western,Kennedy Town,(Kennedy Town) Ivy On Bel...,https://hkdata.centanet.com/BigData/hong-kong/Central%20and%20Western/CHMA/Kennedy-Town/building-group(Kennedy%20Town)%20Ivy%20On%20Belcher's%20%7C%20Westview%20Height%20%7C%20La%20Maison%20Du%20Nord%20%7C%20Shun%20Cheong%20Building%20%7C%20The%20Sail%20At%20Victoria%20%7C%2060%20Victoria%20Road%20%7C%20Mourt%20Davis%2033%20%7C%20Belcher's%20Hill%20%7C%20The%20Kennedy%20On%20Belcher's%20(Kennedy%20Town%202000's%20private%20residential%20buildings)?field=t_pop&sort=default&detailcode=CW0060,17677.00,building,CW0060,(Kennedy Town) Ivy On Belcher's / Westview Height / La Maison Du Nord / Shun Cheong Building / The Sail At Victoria / 60 Victoria Road / Mourt Davis 33 / Belcher's Hill / The Kennedy On Belcher's (Kennedy Town 2000's private residential buildings),202312,Month
Central and Western,Kennedy Town,(Kennedy Town) Ivy On Bel...,https://hkdata.centanet.com/BigData/hong-kong/Central%20and%20Western/CHMA/Kennedy-Town/building-group(Kennedy%20Town)%20Ivy%20On%20Belcher's%20%7C%20Westview%20Height%20%7C%20La%20Maison%20Du%20Nord%20%7C%20Shun%20Cheong%20Building%20%7C%20The%20Sail%20At%20Victoria%20%7C%2060%20Victoria%20Road%20%7C%20Mourt%20Davis%2033%20%7C%20Belcher's%20Hill%20%7C%20The%20Kennedy%20On%20Belcher's%20(Kennedy%20Town%202000's%20private%20residential%20buildings)?field=t_pop&sort=default&detailcode=CW0060,19197.63,building,CW0060,(Kennedy Town) Ivy On Belcher's / Westview Height / La Maison Du Nord / Shun Cheong Building / The Sail At Victoria / 60 Victoria Road / Mourt Davis 33 / Belcher's Hill / The Kennedy On Belcher's (Kennedy Town 2000's private residential buildings),2023Q1,Quarter
Central and Western,Kennedy Town,(Kennedy Town) Ivy On Bel...,https://hkdata.centanet.com/BigData/hong-kong/Central%20and%20Western/CHMA/Kennedy-Town/building-group(Kennedy%20Town)%20Ivy%20On%20Belcher's%20%7C%20Westview%20Height%20%7C%20La%20Maison%20Du%20Nord%20%7C%20Shun%20Cheong%20Building%20%7C%20The%20Sail%20At%20Victoria%20%7C%2060%20Victoria%20Road%20%7C%20Mourt%20Davis%2033%20%7C%20Belcher's%20Hill%20%7C%20The%20Kennedy%20On%20Belcher's%20(Kennedy%20Town%202000's%20private%20residential%20buildings)?field=t_pop&sort=default&detailcode=CW0060,19465.22,building,CW0060,(Kennedy Town) Ivy On Belcher's / Westview Height / La Maison Du Nord / Shun Cheong Building / The Sail At Victoria / 60 Victoria Road / Mourt Davis 33 / Belcher's Hill / The Kennedy On Belcher's (Kennedy Town 2000's private residential buildings),2023Q2,Quarter
Central and Western,Kennedy Town,(Kennedy Town) Ivy On Bel...,https://hkdata.centanet.com/BigData/hong-kong/Central%20and%20Western/CHMA/Kennedy-Town/building-group(Kennedy%20Town)%20Ivy%20On%20Belcher's%20%7C%20Westview%20Height%20%7C%20La%20Maison%20Du%20Nord%20%7C%20Shun%20Cheong%20Building%20%7C%20The%20Sail%20At%20Victoria%20%7C%2060%20Victoria%20Road%20%7C%20Mourt%20Davis%2033%20%7C%20Belcher's%20Hill%20%7C%20The%20Kennedy%20On%20Belcher's%20(Kennedy%20Town%202000's%20private%20residential%20buildings)?field=t_pop&sort=default&detailcode=CW0060,19879.50,building,CW0060,(Kennedy Town) Ivy On Belcher's / Westview Height / La Maison Du Nord / Shun Cheong Building / The Sail At Victoria / 60 Victoria Road / Mourt Davis 33 / Belcher's Hill / The Kennedy On Belcher's (Kennedy Town 2000's private residential buildings),2023Q3,Quarter
Central and Western,Kennedy Town,(Kennedy Town) Ivy On Bel...,https://hkdata.centanet.com/BigData/hong-kong/Central%20and%20Western/CHMA/Kennedy-Town/building-group(Kennedy%20Town)%20Ivy%20On%20Belcher's%20%7C%20Westview%20Height%20%7C%20La%20Maison%20Du%20Nord%20%7C%20Shun%20Cheong%20Building%20%7C%20The%20Sail%20At%20Victoria%20%7C%2060%20Victoria%20Road%20%7C%20Mourt%20Davis%2033%20%7C%20Belcher's%20Hill%20%7C%20The%20Kennedy%20On%20Belcher's%20(Kennedy%20Town%202000's%20private%20residential%20buildings)?field=t_pop&sort=default&detailcode=CW0060,22110.67,building,CW0060,(Kennedy Town) Ivy On Belcher's / Westview Height / La Maison Du Nord / Shun Cheong Building / The Sail At Victoria / 60 Victoria Road / Mourt Davis 33 / Belcher's Hill / The Kennedy On Belcher's (Kennedy Town 2000's private residential buildings),2023Q4,Quarter
Central and Western,Kennedy Town,(Kennedy Town) Ivy On Bel...,https://hkdata.centanet.com/BigData/hong-kong/Central%20and%20Western/CHMA/Kennedy-Town/building-group(Kennedy%20Town)%20Ivy%20On%20Belcher's%20%7C%20Westview%20Height%20%7C%20La%20Maison%20Du%20Nord%20%7C%20Shun%20Cheong%20Building%20%7C%20The%20Sail%20At%20Victoria%20%7C%2060%20Victoria%20Road%20%7C%20Mourt%20Davis%2033%20%7C%20Belcher's%20Hill%20%7C%20The%20Kennedy%20On%20Belcher's%20(Kennedy%20Town%202000's%20private%20residential%20buildings)?field=t_pop&sort=default&detailcode=CW0060,18595.64,building,CW0060,(Kennedy Town) Ivy On Belcher's / Westview Height / La Maison Du Nord / Shun Cheong Building / The Sail At Victoria / 60 Victoria Road / Mourt Davis 33 / Belcher's Hill / The Kennedy On Belcher's (Kennedy Town 2000's private residential buildings),2024,year
Central and Western,Kennedy Town,(Kennedy Town) Ivy On Bel...,https://hkdata.centanet.com/BigData/hong-kong/Central%20and%20Western/CHMA/Kennedy-Town/building-group(Kennedy%20Town)%20Ivy%20On%20Belcher's%20%7C%20Westview%20Height%20%7C%20La%20Maison%20Du%20Nord%20%7C%20Shun%20Cheong%20Building%20%7C%20The%20Sail%20At%20Victoria%20%7C%2060%20Victoria%20Road%20%7C%20Mourt%20Davis%2033%20%7C%20Belcher's%20Hill%20%7C%20The%20Kennedy%20On%20Belcher's%20(Kennedy%20Town%202000's%20private%20residential%20buildings)?field=t_pop&sort=default&detailcode=CW0060,20906.14,building,CW0060,(Kennedy Town) Ivy On Belcher's / Westview Height / La Maison Du Nord / Shun Cheong Building / The Sail At Victoria / 60 Victoria Road / Mourt Davis 33 / Belcher's Hill / The Kennedy On Belcher's (Kennedy Town 2000's private residential buildings),2024_1,HalfYear
Central and Western,Kennedy Town,(Kennedy Town) Ivy On Bel...,https://hkdata.centanet.com/BigData/hong-kong/Central%20and%20Western/CHMA/Kennedy-Town/building-group(Kennedy%20Town)%20Ivy%20On%20Belcher's%20%7C%20Westview%20Height%20%7C%20La%20Maison%20Du%20Nord%20%7C%20Shun%20Cheong%20Building%20%7C%20The%20Sail%20At%20Victoria%20%7C%2060%20Victoria%20Road%20%7C%20Mourt%20Davis%2033%20%7C%20Belcher's%20Hill%20%7C%20The%20Kennedy%20On%20Belcher's%20(Kennedy%20Town%202000's%20private%20residential%20buildings)?field=t_pop&sort=default&detailcode=CW0060,14552.25,building,CW0060,(Kennedy Town) Ivy On Belcher's / Westview Height / La Maison Du Nord / Shun Cheong Building / The Sail At Victoria / 60 Victoria Road / Mourt Davis 33 / Belcher's Hill / The Kennedy On Belcher's (Kennedy Town 2000's private residential buildings),2024_2,HalfYear
Central and Western,Kennedy Town,(Kennedy Town) Ivy On Bel...,https://hkdata.centanet.com/BigData/hong-kong/Central%20and%20Western/CHMA/Kennedy-Town/building-group(Kennedy%20Town)%20Ivy%20On%20Belcher's%20%7C%20Westview%20Height%20%7C%20La%20Maison%20Du%20Nord%20%7C%20Shun%20Cheong%20Building%20%7C%20The%20Sail%20At%20Victoria%20%7C%2060%20Victoria%20Road%20%7C%20Mourt%20Davis%2033%20%7C%20Belcher's%20Hill%20%7C%20The%20Kennedy%20On%20Belcher's%20(Kennedy%20Town%202000's%20private%20residential%20buildings)?field=t_pop&sort=default&detailcode=CW0060,17677.00,building,CW0060,(Kennedy Town) Ivy On Belcher's / Westview Height / La Maison Du Nord / Shun Cheong Building / The Sail At Victoria / 60 Victoria Road / Mourt Davis 33 / Belcher's Hill / The Kennedy On Belcher's (Kennedy Town 2000's private residential buildings),202401,Month
Central and Western,Kennedy Town,(Kennedy Town) Ivy On Bel...,https://hkdata.centanet.com/BigData/hong-kong/Central%20and%20Western/CHMA/Kennedy-Town/building-group(Kennedy%20Town)%20Ivy%20On%20Belcher's%20%7C%20Westview%20Height%20%7C%20La%20Maison%20Du%20Nord%20%7C%20Shun%20Cheong%20Building%20%7C%20The%20Sail%20At%20Victoria%20%7C%2060%20Victoria%20Road%20%7C%20Mourt%20Davis%2033%20%7C%20Belcher's%20Hill%20%7C%20The%20Kennedy%20On%20Belcher's%20(Kennedy%20Town%202000's%20private%20residential%20buildings)?field=t_pop&sort=default&detailcode=CW0060,19878.00,building,CW0060,(Kennedy Town) Ivy On Belcher's / Westview Height / La Maison Du Nord / Shun Cheong Building / The Sail At Victoria / 60 Victoria Road / Mourt Davis 33 / Belcher's Hill / The Kennedy On Belcher's (Kennedy Town 2000's private residential buildings),202402,Month
Central and Western,Kennedy Town,(Kennedy Town) Ivy On Bel...,https://hkdata.centanet.com/BigData/hong-kong/Central%20and%20Western/CHMA/Kennedy-Town/building-group(Kennedy%20Town)%20Ivy%20On%20Belcher's%20%7C%20Westview%20Height%20%7C%20La%20Maison%20Du%20Nord%20%7C%20Shun%20Cheong%20Building%20%7C%20The%20Sail%20At%20Victoria%20%7C%2060%20Victoria%20Road%20%7C%20Mourt%20Davis%2033%20%7C%20Belcher's%20Hill%20%7C%20The%20Kennedy%20On%20Belcher's%20(Kennedy%20Town%202000's%20private%20residential%20buildings)?field=t_pop&sort=default&detailcode=CW0060,20699.00,building,CW0060,(Kennedy Town) Ivy On Belcher's / Westview Height / La Maison Du Nord / Shun Cheong Building / The Sail At Victoria / 60 Victoria Road / Mourt Davis 33 / Belcher's Hill / The Kennedy On Belcher's (Kennedy Town 2000's private residential buildings),202403,Month
Central and Western,Kennedy Town,(Kennedy Town) Ivy On Bel...,https://hkdata.centanet.com/BigData/hong-kong/Central%20and%20Western/CHMA/Kennedy-Town/building-group(Kennedy%20Town)%20Ivy%20On%20Belcher's%20%7C%20Westview%20Height%20%7C%20La%20Maison%20Du%20Nord%20%7C%20Shun%20Cheong%20Building%20%7C%20The%20Sail%20At%20Victoria%20%7C%2060%20Victoria%20Road%20%7C%20Mourt%20Davis%2033%20%7C%20Belcher's%20Hill%20%7C%20The%20Kennedy%20On%20Belcher's%20(Kennedy%20Town%202000's%20private%20residential%20buildings)?field=t_pop&sort=default&detailcode=CW0060,23274.50,building,CW0060,(Kennedy Town) Ivy On Belcher's / Westview Height / La Maison Du Nord / Shun Cheong Building / The Sail At Victoria / 60 Victoria Road / Mourt Davis 33 / Belcher's Hill / The Kennedy On Belcher's (Kennedy Town 2000's private residential buildings),202404,Month
Central and Western,Kennedy Town,(Kennedy Town) Ivy On Bel...,https://hkdata.centanet.com/BigData/hong-kong/Central%20and%20Western/CHMA/Kennedy-Town/building-group(Kennedy%20Town)%20Ivy%20On%20Belcher's%20%7C%20Westview%20Height%20%7C%20La%20Maison%20Du%20Nord%20%7C%20Shun%20Cheong%20Building%20%7C%20The%20Sail%20At%20Victoria%20%7C%2060%20Victoria%20Road%20%7C%20Mourt%20Davis%2033%20%7C%20Belcher's%20Hill%20%7C%20The%20Kennedy%20On%20Belcher's%20(Kennedy%20Town%202000's%20private%20residential%20buildings)?field=t_pop&sort=default&detailcode=CW0060,19739.00,building,CW0060,(Kennedy Town) Ivy On Belcher's / Westview Height / La Maison Du Nord / Shun Cheong Building / The Sail At Victoria / 60 Victoria Road / Mourt Davis 33 / Belcher's Hill / The Kennedy On Belcher's (Kennedy Town 2000's private residential buildings),202405,Month
Central and Western,Kennedy Town,(Kennedy Town) Ivy On Bel...,https://hkdata.centanet.com/BigData/hong-kong/Central%20and%20Western/CHMA/Kennedy-Town/building-group(Kennedy%20Town)%20Ivy%20On%20Belcher's%20%7C%20Westview%20Height%20%7C%20La%20Maison%20Du%20Nord%20%7C%20Shun%20Cheong%20Building%20%7C%20The%20Sail%20At%20Victoria%20%7C%2060%20Victoria%20Road%20%7C%20Mourt%20Davis%2033%20%7C%20Belcher's%20Hill%20%7C%20The%20Kennedy%20On%20Belcher's%20(Kennedy%20Town%202000's%20private%20residential%20buildings)?field=t_pop&sort=default&detailcode=CW0060,19739.00,building,CW0060,(Kennedy Town) Ivy On Belcher's / Westview Height / La Maison Du Nord / Shun Cheong Building / The Sail At Victoria / 60 Victoria Road / Mourt Davis 33 / Belcher's Hill / The Kennedy On Belcher's (Kennedy Town 2000's private residential buildings),202406,month
Central and Western,Kennedy Town,(Kennedy Town) Ivy On Bel...,https://hkdata.centanet.com/BigData/hong-kong/Central%20and%20Western/CHMA/Kennedy-Town/building-group(Kennedy%20Town)%20Ivy%20On%20Belcher's%20%7C%20Westview%20Height%20%7C%20La%20Maison%20Du%20Nord%20%7C%20Shun%20Cheong%20Building%20%7C%20The%20Sail%20At%20Victoria%20%7C%2060%20Victoria%20Road%20%7C%20Mourt%20Davis%2033%20%7C%20Belcher's%20Hill%20%7C%20The%20Kennedy%20On%20Belcher's%20(Kennedy%20Town%202000's%20private%20residential%20buildings)?field=t_pop&sort=default&detailcode=CW0060,19739.00,building,CW0060,(Kennedy Town) Ivy On Belcher's / Westview Height / La Maison Du Nord / Shun Cheong Building / The Sail At Victoria / 60 Victoria Road / Mourt Davis 33 / Belcher's Hill / The Kennedy On Belcher's (Kennedy Town 2000's private residential buildings),202407,Month
Central and Western,Kennedy Town,(Kennedy Town) Ivy On Bel...,https://hkdata.centanet.com/BigData/hong-kong/Central%20and%20Western/CHMA/Kennedy-Town/building-group(Kennedy%20Town)%20Ivy%20On%20Belcher's%20%7C%20Westview%20Height%20%7C%20La%20Maison%20Du%20Nord%20%7C%20Shun%20Cheong%20Building%20%7C%20The%20Sail%20At%20Victoria%20%7C%2060%20Victoria%20Road%20%7C%20Mourt%20Davis%2033%20%7C%20Belcher's%20Hill%20%7C%20The%20Kennedy%20On%20Belcher's%20(Kennedy%20Town%202000's%20private%20residential%20buildings)?field=t_pop&sort=default&detailcode=CW0060,13916.00,building,CW0060,(Kennedy Town) Ivy On Belcher's / Westview Height / La Maison Du Nord / Shun Cheong Building / The Sail At Victoria / 60 Victoria Road / Mourt Davis 33 / Belcher's Hill / The Kennedy On Belcher's (Kennedy Town 2000's private residential buildings),202408,Month
Central and Western,Kennedy Town,(Kennedy Town) Ivy On Bel...,https://hkdata.centanet.com/BigData/hong-kong/Central%20and%20Western/CHMA/Kennedy-Town/building-group(Kennedy%20Town)%20Ivy%20On%20Belcher's%20%7C%20Westview%20Height%20%7C%20La%20Maison%20Du%20Nord%20%7C%20Shun%20Cheong%20Building%20%7C%20The%20Sail%20At%20Victoria%20%7C%2060%20Victoria%20Road%20%7C%20Mourt%20Davis%2033%20%7C%20Belcher's%20Hill%20%7C%20The%20Kennedy%20On%20Belcher's%20(Kennedy%20Town%202000's%20private%20residential%20buildings)?field=t_pop&sort=default&detailcode=CW0060,14879.00,building,CW0060,(Kennedy Town) Ivy On Belcher's / Westview Height / La Maison Du Nord / Shun Cheong Building / The Sail At Victoria / 60 Victoria Road / Mourt Davis 33 / Belcher's Hill / The Kennedy On Belcher's (Kennedy Town 2000's private residential buildings),202409,Month
Central and Western,Kennedy Town,(Kennedy Town) Ivy On Bel...,https://hkdata.centanet.com/BigData/hong-kong/Central%20and%20Western/CHMA/Kennedy-Town/building-group(Kennedy%20Town)%20Ivy%20On%20Belcher's%20%7C%20Westview%20Height%20%7C%20La%20Maison%20Du%20Nord%20%7C%20Shun%20Cheong%20Building%20%7C%20The%20Sail%20At%20Victoria%20%7C%2060%20Victoria%20Road%20%7C%20Mourt%20Davis%2033%20%7C%20Belcher's%20Hill%20%7C%20The%20Kennedy%20On%20Belcher's%20(Kennedy%20Town%202000's%20private%20residential%20buildings)?field=t_pop&sort=default&detailcode=CW0060,14535.00,building,CW0060,(Kennedy Town) Ivy On Belcher's / Westview Height / La Maison Du Nord / Shun Cheong Building / The Sail At Victoria / 60 Victoria Road / Mourt Davis 33 / Belcher's Hill / The Kennedy On Belcher's (Kennedy Town 2000's private residential buildings),202410,Month
Central and Western,Kennedy Town,(Kennedy Town) Ivy On Bel...,https://hkdata.centanet.com/BigData/hong-kong/Central%20and%20Western/CHMA/Kennedy-Town/building-group(Kennedy%20Town)%20Ivy%20On%20Belcher's%20%7C%20Westview%20Height%20%7C%20La%20Maison%20Du%20Nord%20%7C%20Shun%20Cheong%20Building%20%7C%20The%20Sail%20At%20Victoria%20%7C%2060%20Victoria%20Road%20%7C%20Mourt%20Davis%2033%20%7C%20Belcher's%20Hill%20%7C%20The%20Kennedy%20On%20Belcher's%20(Kennedy%20Town%202000's%20private%20residential%20buildings)?field=t_pop&sort=default&detailcode=CW0060,20288.50,building,CW0060,(Kennedy Town) Ivy On Belcher's / Westview Height / La Maison Du Nord / Shun Cheong Building / The Sail At Victoria / 60 Victoria Road / Mourt Davis 33 / Belcher's Hill / The Kennedy On Belcher's (Kennedy Town 2000's private residential buildings),2024Q1,Quarter
Central and Western,Kennedy Town,(Kennedy Town) Ivy On Bel...,https://hkdata.centanet.com/BigData/hong-kong/Central%20and%20Western/CHMA/Kennedy-Town/building-group(Kennedy%20Town)%20Ivy%20On%20Belcher's%20%7C%20Westview%20Height%20%7C%20La%20Maison%20Du%20Nord%20%7C%20Shun%20Cheong%20Building%20%7C%20The%20Sail%20At%20Victoria%20%7C%2060%20Victoria%20Road%20%7C%20Mourt%20Davis%2033%20%7C%20Belcher's%20Hill%20%7C%20The%20Kennedy%20On%20Belcher's%20(Kennedy%20Town%202000's%20private%20residential%20buildings)?field=t_pop&sort=default&detailcode=CW0060,21153.20,building,CW0060,(Kennedy Town) Ivy On Belcher's / Westview Height / La Maison Du Nord / Shun Cheong Building / The Sail At Victoria / 60 Victoria Road / Mourt Davis 33 / Belcher's Hill / The Kennedy On Belcher's (Kennedy Town 2000's private residential buildings),2024Q2,Quarter
Central and Western,Kennedy Town,(Kennedy Town) Ivy On Bel...,https://hkdata.centanet.com/BigData/hong-kong/Central%20and%20Western/CHMA/Kennedy-Town/building-group(Kennedy%20Town)%20Ivy%20On%20Belcher's%20%7C%20Westview%20Height%20%7C%20La%20Maison%20Du%20Nord%20%7C%20Shun%20Cheong%20Building%20%7C%20The%20Sail%20At%20Victoria%20%7C%2060%20Victoria%20Road%20%7C%20Mourt%20Davis%2033%20%7C%20Belcher's%20Hill%20%7C%20The%20Kennedy%20On%20Belcher's%20(Kennedy%20Town%202000's%20private%20residential%20buildings)?field=t_pop&sort=default&detailcode=CW0060,14558.00,building,CW0060,(Kennedy Town) Ivy On Belcher's / Westview Height / La Maison Du Nord / Shun Cheong Building / The Sail At Victoria / 60 Victoria Road / Mourt Davis 33 / Belcher's Hill / The Kennedy On Belcher's (Kennedy Town 2000's private residential buildings),2024Q3,Quarter
Central and Western,Kennedy Town,(Kennedy Town) Ivy On Bel...,https://hkdata.centanet.com/BigData/hong-kong/Central%20and%20Western/CHMA/Kennedy-Town/building-group(Kennedy%20Town)%20Ivy%20On%20Belcher's%20%7C%20Westview%20Height%20%7C%20La%20Maison%20Du%20Nord%20%7C%20Shun%20Cheong%20Building%20%7C%20The%20Sail%20At%20Victoria%20%7C%2060%20Victoria%20Road%20%7C%20Mourt%20Davis%2033%20%7C%20Belcher's%20Hill%20%7C%20The%20Kennedy%20On%20Belcher's%20(Kennedy%20Town%202000's%20private%20residential%20buildings)?field=t_pop&sort=default&detailcode=CW0060,14535.00,building,CW0060,(Kennedy Town) Ivy On Belcher's / Westview Height / La Maison Du Nord / Shun Cheong Building / The Sail At Victoria / 60 Victoria Road / Mourt Davis 33 / Belcher's Hill / The Kennedy On Belcher's (Kennedy Town 2000's private residential buildings),2024Q4,Quarter
